chem,feat,assay,n_gt_cutoff,cutoff,fit_method,top_over_cutoff,rmse,a,b,tp,p,q,ga,la,er,bmr,bmdl,bmdu,caikwt,mll,hitcall,ac50,ac50_loss,top,ac5,ac10,ac20,acc,ac1sd,bmd,conc,resp,errfun,exp
NPPB,Ring_AGP_Intensity,Mahalanobis distance (cutoff = 1),19,0.8589065274341403,pow,3.690915327320537,1.55792616904993,0.7963053089025116,NA,NA,0.30000018717640337,NA,NA,NA,0.19996313348114655,1.1586649055086553,1.4163806719537306,11.44444193793579,6.309139369131427e-5,-44.13937421989235,0.999898706219801,9.921270876932942,NA,3.1701512668423257,0.004605068064322346,0.04641611061168764,0.4678444040834081,1.2869279664752358,1.2869279664752358,3.490817414913572,100|100|100|75|75|75|33.3333333333333|33.3333333333333|33.3333333333333|11.1111111111111|11.1111111111111|11.1111111111111|3.7037037037037|3.7037037037037|3.7037037037037|1.23456790123457|1.23456790123457|1.23456790123457|0.411522633744856|0.411522633744856|0.411522633744856|0.137174211248285|0.137174211248285|0.137174211248285,4.44274546462148|8.12971965771979|5.15082958775283|1.84165487428277|1.25099557282579|0.698574539918496|3.07505835114037|1.54560774324364|1.19856978112828|2.60595191084088|1.54694850812209|1.17494707773095|-0.120795055678574|-0.237917194887789|1.76979530089245|-0.103052455828485|2.77985726074526|1.01988852638118|1.98012209721266|1.43079565040789|0.761866372303681|2.31423371233366|1.33321773995306|0.932052625734477,dt4,Definitive_rep1
NPPB,Cytoplasm_Mito_Texture,Mahalanobis distance (cutoff = 1),22,0.8589065274341403,hill,5.613302676379946,2.5594474277696264,NA,NA,4.821302309206265,0.30000000037772645,NA,3.598263204774091,NA,-0.20035406507396625,1.1586649055086553,0.029075682933362792,0.20523325375671422,1.6147198466786851e-9,-41.76844486518287,0.9999999983415555,3.598263204774091,NA,4.821302309206265,1.965988304926103e-4,0.0023729280332853613,0.035418184227610464,0.022015054555484692,0.022015054555484692,0.07761982972270844,100|100|100|75|75|75|33.3333333333333|33.3333333333333|33.3333333333333|11.1111111111111|11.1111111111111|11.1111111111111|3.7037037037037|3.7037037037037|3.7037037037037|1.23456790123457|1.23456790123457|1.23456790123457|0.411522633744856|0.411522633744856|0.411522633744856|0.137174211248285|0.137174211248285|0.137174211248285,3.7349062787517|3.06764848518177|3.65789804679677|2.87746172931594|3.7630850752383|6.5141216075779|2.67893095687938|1.90687028381578|4.13143212460033|4.54725151832506|1.74031000829468|3.43646247268842|0.707743874229029|2.43547780871296|2.16751872051542|1.98751108899787|1.82732839766627|2.15892582145575|2.53869697271417|1.79348486594934|2.1295909925394|12.9241698212483|0.374131885606264|1.26209149281179,dt4,Definitive_rep1
NPPB,Cytoplasm_AGP_Intensity,Mahalanobis distance (cutoff = 1),21,0.8589065274341403,pow,4.150212076104593,1.4356183909894646,0.89539769552116,NA,NA,0.30000011035483565,NA,NA,NA,0.19160772264263912,1.1586649055086553,1.1048253160685741,6.028540735193995,8.015774726749286e-6,-43.592127275975294,0.9999900471051905,9.921265007003717,NA,3.5646442424022298,0.004605056288839559,0.04641601938451109,0.46784376137261396,0.870495356255002,0.870495356255002,2.361236374420965,100|100|100|75|75|75|33.3333333333333|33.3333333333333|33.3333333333333|11.1111111111111|11.1111111111111|11.1111111111111|3.7037037037037|3.7037037037037|3.7037037037037|1.23456790123457|1.23456790123457|1.23456790123457|0.411522633744856|0.411522633744856|0.411522633744856|0.137174211248285|0.137174211248285|0.137174211248285,4.19855543178883|6.88978040161983|5.12166088861025|1.89488124007957|1.58211805407367|0.884007152067332|3.10553114292667|2.4752708466266|1.56462466254892|2.18388744322218|1.87548274052922|2.0224845232528|-0.132039251724448|-0.529475011199007|1.69831293056044|0.0392327272330442|3.75675903921339|1.34817794986058|2.49817564487942|1.64266737754042|1.18918129261129|2.07553054890209|1.79828403410628|1.19087868016619,dt4,Definitive_rep1
NPPB,Membrane_AGP_Intensity,Mahalanobis distance (cutoff = 1),22,0.8589065274341403,pow,5.429937349980085,2.0834014504546587,1.171494801966996,NA,NA,0.3000001780534145,NA,NA,NA,0.5565397628392419,1.1586649055086553,0.42881730863108164,2.537019205487494,1.3017307383892492e-5,-52.41913768543915,0.9999855008757346,9.921270179846143,NA,4.663808633456333,0.004605066665916951,0.04641609977794563,0.46784432775789436,0.3553737876461967,0.3553737876461967,0.9639584162287806,100|100|100|75|75|75|33.3333333333333|33.3333333333333|33.3333333333333|11.1111111111111|11.1111111111111|11.1111111111111|3.7037037037037|3.7037037037037|3.7037037037037|1.23456790123457|1.23456790123457|1.23456790123457|0.411522633744856|0.411522633744856|0.411522633744856|0.137174211248285|0.137174211248285|0.137174211248285,3.81645923371681|8.92006262591222|4.45117369122008|6.1623167945675|2.69623259405197|1.53861501515553|5.291903972648|1.81711642627069|1.69087797639898|6.39423615150324|3.19887542833907|1.27077967556946|1.70923254583788|-0.129182306977963|1.38663855205706|0.544394509942596|3.16380714499079|1.55350512869238|3.39075958606825|2.37725011491406|1.43777513727641|5.2489785096128|1.59616091811083|3.18068995193662,dt4,Definitive_rep1
NPPB,Nucleus_RNA_Texture,Mahalanobis distance (cutoff = 1),17,0.8589065274341403,pow,3.859990423444458,1.1271038508186126,0.8327834093912021,NA,NA,0.30000003291645994,NA,NA,NA,-0.02446000147151467,1.1586649055086553,1.5747250623695197,6.698880879331154,4.5860706703917157e-7,-38.13831320985454,0.999999207811574,9.921259089944712,NA,3.3153709705297163,0.004605044418834618,0.04641592742499664,0.46784311350199115,1.108441533600126,1.108441533600126,3.0066709987728837,100|100|100|75|75|75|33.3333333333333|33.3333333333333|33.3333333333333|11.1111111111111|11.1111111111111|11.1111111111111|3.7037037037037|3.7037037037037|3.7037037037037|1.23456790123457|1.23456790123457|1.23456790123457|0.411522633744856|0.411522633744856|0.411522633744856|0.137174211248285|0.137174211248285|0.137174211248285,2.2364882602991|4.48610509279013|4.21629576086688|2.26610478117187|2.27132074839671|0.748879623342844|3.44141543554485|2.43061618879924|1.35661500309628|3.04711316999107|2.13788371054805|3.55721633104411|0.955752870365594|-0.179629672094988|1.40916500272475|0.102055522402272|3.09406173161549|0.622144933665936|2.22085894400689|1.30012005998043|0.81104227539901|2.02932274489857|0.60189259007774|0.238100881414486,dt4,Definitive_rep1
NPPB,Nucleus_RNA_Radial,Mahalanobis distance (cutoff = 1),22,0.8589065274341403,exp4,3.6314743246771166,1.8789486220071951,NA,NA,3.119097001674662,NA,NA,0.12976805090369953,NA,0.3758829595555483,1.1586649055086553,0.021496661190783264,0.24348118351137907,4.01390247593029e-7,-48.576887788352096,0.9999995743491262,0.12976805090369953,NA,3.119097001674662,0.009602911219699407,0.019725145167697036,0.04177598140467424,0.06030114493570858,0.06030114493570858,0.08693898142347141,100|100|100|75|75|75|33.3333333333333|33.3333333333333|33.3333333333333|11.1111111111111|11.1111111111111|11.1111111111111|3.7037037037037|3.7037037037037|3.7037037037037|1.23456790123457|1.23456790123457|1.23456790123457|0.411522633744856|0.411522633744856|0.411522633744856|0.137174211248285|0.137174211248285|0.137174211248285,0.10995238061816|1.21702795653169|1.53929178699056|2.29154488150435|2.90315425213478|5.49570012465597|0.889275907285622|4.20757199037891|4.31400515095752|4.5903512299256|2.89288203519434|9.06316775025182|1.21452862211874|3.96261346997306|5.15793194773212|1.49152612885996|4.46586077546026|3.35281771391248|1.57298875475304|4.31217284337578|2.54231018291665|2.29090670958428|0.785358386186707|1.78776707632163,dt4,Definitive_rep1
NPPB,Nucleus_RNA_Axial,Mahalanobis distance (cutoff = 1),19,0.8589065274341403,exp4,3.9631143593016542,2.206342684978859,NA,NA,3.4039447921721617,NA,NA,0.1937598718574705,NA,0.5447801544536617,1.1586649055086553,0.04196710158681702,0.3060461007867047,2.9085221270933397e-6,-52.706802303545444,0.9999969167043721,0.1937598718574705,NA,3.4039447921721617,0.014338343177924527,0.029452099907851994,0.06237674641269496,0.08128619783121281,0.08128619783121281,0.1163164425185582,100|100|100|75|75|75|33.3333333333333|33.3333333333333|33.3333333333333|11.1111111111111|11.1111111111111|11.1111111111111|3.7037037037037|3.7037037037037|3.7037037037037|1.23456790123457|1.23456790123457|1.23456790123457|0.411522633744856|0.411522633744856|0.411522633744856|0.137174211248285|0.137174211248285|0.137174211248285,0.319255912695727|0.340579232562739|1.13766765450654|2.94995437525382|2.59086173422077|5.81386578682827|1.51901200618427|5.18854414959822|5.62599786610919|3.53130804542751|2.64208430298583|10.0920781536349|0.571418772830977|5.43746658904663|5.6977167053484|2.6936727033992|3.60630647630143|4.18203904369822|2.13764033596595|5.51686297931332|2.96932767896261|1.14738014573396|0.149587531114456|0.696193785283812,dt4,Definitive_rep1
NPPB,Nucleus_DNA_Axial,Mahalanobis distance (cutoff = 1),18,0.8589065274341403,exp4,3.185688568512442,2.025101444573628,NA,NA,2.736208705867659,NA,NA,0.13739711638253604,NA,0.4660359336610188,1.1586649055086553,0.027316792137244642,0.32418843357257543,3.0230816363505493e-5,-51.13553137307076,0.9999604506303061,0.13739711638253604,NA,2.736208705867659,0.010167466501005955,0.02088478672057503,0.04423199192004702,0.07467772149833132,0.07467772149833132,0.1091617636766365,100|100|100|75|75|75|33.3333333333333|33.3333333333333|33.3333333333333|11.1111111111111|11.1111111111111|11.1111111111111|3.7037037037037|3.7037037037037|3.7037037037037|1.23456790123457|1.23456790123457|1.23456790123457|0.411522633744856|0.411522633744856|0.411522633744856|0.137174211248285|0.137174211248285|0.137174211248285,-0.296990073059512|-0.309995464160548|-0.374766426052066|2.42914711768935|2.61744866963727|5.34049585803442|0.571423063596189|3.36306393704537|6.22330427838969|2.29208237321947|2.51694463326369|7.83656118243537|0.767700552065761|4.62399174778619|4.43346300611047|2.81112638039056|2.57829774403129|2.82197996339933|2.43560717729838|5.31030267244764|2.4386546246985|1.20072888151336|0.399754783533479|1.15614623031464,dt4,Definitive_rep1
NPPB,Nucleus_DNA_Symmetry,Mahalanobis distance (cutoff = 1),23,0.8589065274341403,exp4,5.884423053376814,2.4392446966871417,NA,NA,5.05416937072928,NA,NA,0.13821153419000304,NA,0.7149621302030014,1.1586649055086553,0.016580067697068986,0.12135100305009601,3.4592667720516666e-8,-56.3063629256591,0.9999999648445862,0.13821153419000304,NA,5.05416937072928,0.010227733892296679,0.021008580746666748,0.044494175893247216,0.037139209667273715,0.037139209667273715,0.05192107607387936,100|100|100|75|75|75|33.3333333333333|33.3333333333333|33.3333333333333|11.1111111111111|11.1111111111111|11.1111111111111|3.7037037037037|3.7037037037037|3.7037037037037|1.23456790123457|1.23456790123457|1.23456790123457|0.411522633744856|0.411522633744856|0.411522633744856|0.137174211248285|0.137174211248285|0.137174211248285,0.419666503620473|1.22438128151014|2.59329441901658|2.67219813080823|7.18018396153552|8.76448028408682|0.975620286061416|5.57750968066949|6.24416145015302|4.16288957790214|5.3815902065564|8.70957635744865|4.20382544763808|10.1266236786595|7.65847978918508|5.70792754772303|4.405686959566|4.50997408125893|4.15100892793105|5.93667109897528|3.98840791897527|4.60439635719944|1.51367598637097|1.1958223459987,dt4,Definitive_rep1
Metoclopramide,Ring_Mito_Intensity,Mahalanobis distance (cutoff = 1),10,0.8589065274341403,poly1,2.975059818326258,3.60805815141102,0.025552982974674506,NA,NA,NA,NA,NA,NA,0.09977266679707725,1.1586649055086553,33.249906330926784,74.32354008971674,0.006831752134946444,-49.00938099336649,0.9897009431122974,50,NA,2.5552982974674507,5.000000000000001,10.000000000000002,20.000000000000004,33.61276952618019,33.61276952618019,45.34362609081707,100|100|100|75|75|75|31.6227766016838|31.6227766016838|31.6227766016838|10|10|10|3.16227766016838|3.16227766016838|3.16227766016838|1|1|1|0.316227766016838|0.316227766016838|0.316227766016838|0.1|0.1|0.1,3.8948100818498|2.93821463773993|0.454546995997394|1.66840685841967|2.72393069887424|1.52522484815323|1.49855571182935|0.509473410392165|-0.731326030929386|0.682678107978189|-0.451821016165203|-0.626592462945706|1.49424663035801|-0.395593157146101|-0.679539973393661|0.747328810264669|0.542475922201586|-0.57306344969746|2.41326172956441|0.790352012386046|-0.653564700492547|16.5065688340606|4.19880549487278|0.206880691054804,dt4,Definitive_rep1
Metoclopramide,Cytoplasm_Mito_Intensity,Mahalanobis distance (cutoff = 1),16,0.8589065274341403,poly1,4.151237012474849,4.130220031464489,0.035655245669408475,NA,NA,NA,NA,NA,NA,0.39549840780280854,1.1586649055086553,23.373030650261576,50.83443842305643,0.0025978815845111016,-56.75018470244094,0.9970433356635354,50,NA,3.5655245669408475,5,10,20,24.089205145235216,24.089205145235216,32.49633774092231,100|100|100|75|75|75|31.6227766016838|31.6227766016838|31.6227766016838|10|10|10|3.16227766016838|3.16227766016838|3.16227766016838|1|1|1|0.316227766016838|0.316227766016838|0.316227766016838|0.1|0.1|0.1,8.01894511442256|2.96174694401484|1.68257949486194|3.68586417332857|3.20193318369665|2.28639624664082|1.91608684141952|0.929281648524653|-0.524213799759839|1.27756608448263|-0.188500638049026|-0.522578469865352|2.09416279335171|0.234472715166561|-0.445390929517206|0.874561775701238|0.782208262275484|-0.194613797524676|3.16279865130775|1.29159233145315|-0.258648591302813|17.2781913284071|7.89804352356701|0.983393135350779,dt4,Definitive_rep1
Ca-074-Me,Ring_AGP_Texture,Mahalanobis distance (cutoff = 1),7,0.8589065274341403,exp5,5.104527291909697,0.6503887588615821,NA,NA,4.384311810486954,4.935931935035507,NA,6.242291046343313,NA,-0.6818267522043719,1.1586649055086553,4.802770020059734,5.679126378985369,1.9973328605940016e-10,-23.335306437214282,0.9999980686743781,6.242291046343313,NA,4.384311810486954,3.6834568763397666,4.261775799572162,4.961556466231902,4.938341480535751,4.938341480535751,5.292483607995979,10|10|10|7.5|7.5|7.5|3.16227766016838|3.16227766016838|3.16227766016838|1|1|1|0.316227766016838|0.316227766016838|0.316227766016838|0.1|0.1|0.1|0.0316227766016838|0.0316227766016838|0.0316227766016838|0.01|0.01|0.01,2.98070198399802|4.68513915315792|4.59019381189521|3.1678725775344|3.59325854967786|4.0267512992714|0.403486222895424|-0.162427797528669|0.0776181268485485|1.86747286938627|-0.0821641038893107|-0.115555216983436|0.19859465990121|-0.683495272987248|-0.387158949483853|-0.773524371307228|-0.577717434680518|-0.74545917328822|-0.764859170322721|-0.670310367294939|-0.483742723276945|-0.247066136584939|-0.45748966823776|-0.579706833496805,dt4,Definitive_rep1
Ca-074-Me,Ring_ER_Texture,Mahalanobis distance (cutoff = 1),10,0.8589065274341403,exp5,12.169836830406016,1.3241620123712246,NA,NA,10.452752291444137,2.1542966525394425,NA,4.852253267613279,NA,-0.5564956808901591,1.1586649055086553,1.9439961201114024,2.306747052437397,2.6936001620890054e-16,-32.38188443493376,0.9999999999552942,4.852253267613279,NA,10.452752291444137,1.4489562498255506,2.0238049990097178,2.867152099962892,1.8392238655416389,1.8392238655416389,2.1287768082850533,10|10|10|7.5|7.5|7.5|3.16227766016838|3.16227766016838|3.16227766016838|1|1|1|0.316227766016838|0.316227766016838|0.316227766016838|0.1|0.1|0.1|0.0316227766016838|0.0316227766016838|0.0316227766016838|0.01|0.01|0.01,9.18571046201414|10.208255265362|13.5606582736182|8.91426463684931|8.27397605645788|13.5416417338429|3.28591256008071|0.993725922586701|2.27744222599669|0.916895557311799|0.356873231167841|0.810712601554621|-0.254519012557185|-0.302636048623941|-0.352963437536195|-0.344730509582103|-0.289298996700163|-0.393765772064693|-0.420313261481173|-0.13349545243179|-0.252652508330076|-0.338127804355185|-0.364965147367568|-0.441366872427103,dt4,Definitive_rep1
Ca-074-Me,Ring_Mito_Intensity,Mahalanobis distance (cutoff = 1),4,0.8589065274341403,pow,1.6377770629229493,0.47072670627921576,0.022074038081000294,NA,NA,1.8043189003481217,NA,NA,NA,-0.9306833646280068,1.1586649055086553,7.478198774101544,11.104106878533678,4.267811395308982e-4,-16.64690488880979,0.9549098059157667,6.810224428657835,NA,1.406697409826436,1.9007967110473387,2.791092615169438,4.09838566174758,7.607719311896377,7.607719311896377,8.980705426899494,10|10|10|7.5|7.5|7.5|3.16227766016838|3.16227766016838|3.16227766016838|1|1|1|0.316227766016838|0.316227766016838|0.316227766016838|0.1|0.1|0.1|0.0316227766016838|0.0316227766016838|0.0316227766016838|0.01|0.01|0.01,1.1761071255372|2.61017779504587|0.726435254482977|1.22623204897831|1.25921500841254|0.687877289902679|0.0159145908148263|0.311792366055478|-0.149376283428694|-0.383809242429898|-0.312040521774225|-0.44583344601245|-0.460004049022909|-0.316300315284731|-0.644219129225201|-0.00378987476852899|-0.128897490047138|-0.385297819737603|-0.003223456898513|-0.104147774859599|-0.195741303370458|0.41387817092659|0.756862062192193|0.814326140613587,dt4,Definitive_rep1
Ca-074-Me,Ring_ER_Intensity,Mahalanobis distance (cutoff = 1),9,0.8589065274341403,poly1,5.010641843716602,0.5097468181119155,0.43036729862028245,NA,NA,NA,NA,NA,NA,-0.7687126819432812,1.1586649055086553,2.474338394016991,2.932185915584131,8.208515725105434e-14,-19.665390345262885,0.9999997513318419,5.000000000000001,NA,4.303672986202825,0.5000000000000001,1.0000000000000002,2.0000000000000004,1.9957523031785054,1.9957523031785054,2.692269856987804,10|10|10|7.5|7.5|7.5|3.16227766016838|3.16227766016838|3.16227766016838|1|1|1|0.316227766016838|0.316227766016838|0.316227766016838|0.1|0.1|0.1|0.0316227766016838|0.0316227766016838|0.0316227766016838|0.01|0.01|0.01,4.09582231709578|4.28910290437322|3.81883911543726|3.26792436724845|4.23068993072588|3.29739164548583|1.98606666177655|1.39831576426118|1.54454036451806|0.641814686901858|0.306916777706064|0.554840861303521|-0.664646867101893|-0.538349792290245|-0.434936433885968|-0.611118556632966|-0.506240969129149|-0.582837346735016|-0.551924396383644|-0.466512511056909|-0.590212804107787|-0.627044185125271|-0.46964449167305|-0.597691631163377,dt4,Definitive_rep1
Ca-074-Me,Cytoplasm_ER_Texture,Mahalanobis distance (cutoff = 1),10,0.8589065274341403,exp5,4.237154805061517,1.3045727788884975,NA,NA,3.6393199198162693,7.999989875730403,NA,0.9689565990245111,NA,-0.16482502704766255,1.1586649055086553,0.8225614835469981,1.0049761049751738,1.1574027296856849e-7,-37.73283859063965,0.9999998158745338,0.9689565990245111,NA,3.6393199198162693,0.6997751845289492,0.7656596291247074,0.8409576137389664,0.8609142502366807,0.8609142502366807,0.8997871726354666,10|10|10|7.5|7.5|7.5|3.16227766016838|3.16227766016838|3.16227766016838|1|1|1|0.316227766016838|0.316227766016838|0.316227766016838|0.1|0.1|0.1|0.0316227766016838|0.0316227766016838|0.0316227766016838|0.01|0.01|0.01,2.72326661967024|5.5175364181023|7.35002905271118|3.16246419884268|2.88747349525305|5.10291539910942|4.06076107522462|-0.0653131658156429|3.32978164737334|2.69540395330502|0.835792034656497|2.4862233273945|-0.364557942499948|-0.691953076760361|-0.404585103282674|-0.774536272926074|-0.695792205780306|-0.544647640859879|-0.654631521321047|-0.540612114982558|0.103079635540232|-0.534195259757432|-0.114322880348144|-0.674100902074811,dt4,Definitive_rep1
Ca-074-Me,Cytoplasm_Mito_Intensity,Mahalanobis distance (cutoff = 1),8,0.8589065274341403,exp5,5.431113686227261,0.7261674378669818,NA,NA,4.664818996337489,7.999999528417421,NA,7.172889143878534,NA,-0.7849100610986984,1.1586649055086553,6.171219976094271,6.6527687237117,2.7334111857414535e-9,-22.760347058961937,0.9999987307762026,7.172889143878534,NA,4.664818996337489,5.180223552242334,5.667945507177681,6.2253528953659405,6.1540311014585365,6.1540311014585365,6.420180940028537,10|10|10|7.5|7.5|7.5|3.16227766016838|3.16227766016838|3.16227766016838|1|1|1|0.316227766016838|0.316227766016838|0.316227766016838|0.1|0.1|0.1|0.0316227766016838|0.0316227766016838|0.0316227766016838|0.01|0.01|0.01,5.11308484784905|4.58668794430636|2.05414525477768|3.58403377347017|2.64574480969476|2.75530108596339|-0.31831935240964|0.560966620451834|-0.378748481218114|-0.354570696053306|-0.546326750845357|-0.355461801817355|-0.406676933492027|-0.0683871534595508|-0.483195741613864|0.219732543200322|0.540252604388149|-0.255247896867256|-0.0298438266615947|0.0258848857881864|0.0502013929749329|0.379300845181004|1.42588370636742|0.997228273350601,dt4,Definitive_rep1
Ca-074-Me,Cytoplasm_ER_Intensity,Mahalanobis distance (cutoff = 1),12,0.8589065274341403,exp4,10.533448767256917,0.7532143068316121,NA,NA,9.047247902590065,NA,NA,3.899948504840739,NA,-0.6022661760619676,1.1586649055086553,0.6821821951584217,0.873945309581392,1.9432680763803728e-17,-25.793806719297976,0.9999999999919775,3.899948504840739,NA,9.047247902590065,0.28859845695900316,0.5928042370121896,1.255502992322196,0.5612328260962741,0.5612328260962741,0.7710698427632506,10|10|10|7.5|7.5|7.5|3.16227766016838|3.16227766016838|3.16227766016838|1|1|1|0.316227766016838|0.316227766016838|0.316227766016838|0.1|0.1|0.1|0.0316227766016838|0.0316227766016838|0.0316227766016838|0.01|0.01|0.01,10.0066732616865|7.53937325862846|6.51433366096866|6.7307867085087|6.64116195837309|7.28988586378764|3.2280781257715|2.59602806520681|4.16932832141948|1.87679689805402|1.90693740328764|2.25354523677679|-0.194693115533349|-0.274069265295757|-0.126492049922711|-0.537908781903739|0.29701617981479|0.0658324041639943|-0.309980226953005|0.0192131803771869|-0.102394616531033|-0.717638350978781|-0.282764519502263|0.356152029871336,dt4,Definitive_rep1
Ca-074-Me,Cytoplasm_Mito_Profile,Mahalanobis distance (cutoff = 1),17,0.8589065274341403,poly1,6.802381951246108,2.292420020419207,0.5842610260025467,NA,NA,NA,NA,NA,NA,0.5849231631218146,1.1586649055086553,1.6244567927141027,2.566052901950403,3.1860644439027136e-5,-53.97846166475805,0.9999675958958228,5,NA,5.842610260025467,0.5,1,2,1.4700732878088576,1.4700732878088576,1.983128865254149,10|10|10|7.5|7.5|7.5|3.16227766016838|3.16227766016838|3.16227766016838|1|1|1|0.316227766016838|0.316227766016838|0.316227766016838|0.1|0.1|0.1|0.0316227766016838|0.0316227766016838|0.0316227766016838|0.01|0.01|0.01,6.97456440885218|4.95020267235185|6.95823511874807|3.70208489095773|4.4274030711774|4.31838048200739|0.0676963189425341|1.89591057275637|0.506655962990831|0.455393551925833|1.55071980073287|-0.0331343199881866|-0.197103143743537|2.95567031714455|-0.0907824568953632|3.86570950953317|3.39690240694973|-0.113289526192396|4.28017767651959|3.27875039217893|2.30598232656721|2.04040866935584|3.09906925152844|5.89921775707933,dt4,Definitive_rep1
Ca-074-Me,Cytoplasm_AGP_Profile,Mahalanobis distance (cutoff = 1),6,0.8589065274341403,hill,7.76832684743735,0.50293443399885,NA,NA,6.6722666365058165,4.136342284949253,NA,6.999278171769589,NA,-0.7687667496623561,1.1586649055086553,4.503927791278495,5.114334418426128,2.7050331247840253e-13,-19.494431807532624,0.9999996442383161,6.999278171769589,NA,6.6722666365058165,3.4348077646196575,4.114869551364189,5.00610019660863,4.408354519329339,4.408354519329339,4.800280656075542,10|10|10|7.5|7.5|7.5|3.16227766016838|3.16227766016838|3.16227766016838|1|1|1|0.316227766016838|0.316227766016838|0.316227766016838|0.1|0.1|0.1|0.0316227766016838|0.0316227766016838|0.0316227766016838|0.01|0.01|0.01,5.56022220349889|5.38920040586534|5.36189958438864|3.89311994566799|4.26006969178157|2.85252257982985|0.575831709525946|0.0830899173577022|0.145759340862112|-0.545575348654726|-0.495602901321386|-0.447646877681909|-0.0922929215377916|-0.52611599036792|-0.56418032448819|-0.709195808203921|-0.592717691068886|-0.611673192772633|-0.626051005473121|-0.646518626154984|-0.364663120877073|-0.553478046596698|-0.704247931499782|-0.669289250903453,dt4,Definitive_rep1
Ca-074-Me,Cytoplasm_ER_Profile,Mahalanobis distance (cutoff = 1),20,0.8589065274341403,exp2,11.405381863239334,1.8243732602052798,5.084019295327271,9.311613601317742,NA,NA,NA,NA,NA,0.09805069713243951,1.1586649055086553,1.802810240071503,2.0412212923426267,6.74458730930263e-11,-44.15109074377642,0.9999999940790459,6.282462972873459,NA,9.796156930215222,0.8564800628855288,1.6407743350009927,3.0352848916710964,1.453537540491817,1.453537540491817,1.9117497118305393,10|10|10|7.5|7.5|7.5|3.16227766016838|3.16227766016838|3.16227766016838|1|1|1|0.316227766016838|0.316227766016838|0.316227766016838|0.1|0.1|0.1|0.0316227766016838|0.0316227766016838|0.0316227766016838|0.01|0.01|0.01,10.508767189705|9.13330265428369|9.63854344756428|7.14077401677017|4.92992774574097|13.2106888934173|1.03857134033359|1.97985488979709|1.7308035267453|1.2012416297036|1.53929648846025|0.867260538863923|-0.0664715768828708|0.983988857719404|-0.0457353888999338|0.837223987243735|1.897350281727|1.08813001587165|1.55825950411914|2.81230064645764|1.65598281076406|2.53290076294029|0.176230593715108|0.898132180012839,dt4,Definitive_rep1
Ca-074-Me,Cytoplasm_DNA_Profile,Mahalanobis distance (cutoff = 1),15,0.8589065274341403,poly1,17.69857886753401,1.1230188872991953,1.5201424915632895,NA,NA,NA,NA,NA,NA,-0.1653529927963046,1.1586649055086553,0.7206338884300282,0.8059978137574836,1.5911063578084359e-18,-36.328244792470066,0.9999999999945554,5,NA,15.201424915632895,0.5,1,2,0.5650171166196762,0.5650171166196762,0.7622080903199432,10|10|10|7.5|7.5|7.5|3.16227766016838|3.16227766016838|3.16227766016838|1|1|1|0.316227766016838|0.316227766016838|0.316227766016838|0.1|0.1|0.1|0.0316227766016838|0.0316227766016838|0.0316227766016838|0.01|0.01|0.01,17.1275619652951|14.2960100169392|15.0651404101971|12.1556912948043|12.3484939078604|10.6488523575637|2.44195710964942|1.88028405929744|2.77682479357327|2.31502871453497|2.92259599339774|1.91090770721692|0.446123063005543|0.918559469210733|1.26819021687865|-0.331861580424936|-0.250329292497232|-0.135473553659949|-0.136546315977472|0.908035636779634|-0.407999672067264|-0.117545802529188|-0.501401983882794|0.323858271079826,dt4,Definitive_rep1
Ca-074-Me,Membrane_AGP_Intensity,Mahalanobis distance (cutoff = 1),6,0.8589065274341403,exp5,3.286018724456449,0.7230507161267523,NA,NA,2.8223829317064517,7.999999983565857,NA,5.56122816477353,NA,-0.45949319257329635,1.1586649055086553,3.521672317262101,6.56772317752704,2.466843811792791e-6,-27.332561270268922,0.9999262977408415,5.56122816477353,NA,2.8223829317064517,4.016290378134784,4.394427124266141,4.826591829593765,5.129034970877998,5.129034970877998,5.375896439909866,10|10|10|7.5|7.5|7.5|3.16227766016838|3.16227766016838|3.16227766016838|1|1|1|0.316227766016838|0.316227766016838|0.316227766016838|0.1|0.1|0.1|0.0316227766016838|0.0316227766016838|0.0316227766016838|0.01|0.01|0.01,2.8977999913684|2.79067408824419|1.78202096628184|4.77429405671604|3.68923914742549|1.96425294659094|-0.220196949376321|0.527203567786037|-0.601196109811066|-0.539333409737424|-0.773965896679835|-0.595539921946427|0.272672249599103|-0.729176909724027|-0.617111888547457|-0.698975444384857|-0.549812162661049|-0.754623746878486|-0.732334594793226|-0.44035865938506|-0.633095592971778|0.0124064663474975|0.510721087067803|-0.685005033178889,dt4,Definitive_rep1
Ca-074-Me,Nucleus_DNA_Texture,Mahalanobis distance (cutoff = 1),9,0.8589065274341403,exp2,7.2944876185927185,0.6896927284112097,1.8041570031256335,6.675609122425488,NA,NA,NA,NA,NA,-0.5938585580020214,1.1586649055086553,3.1353662295044717,3.496309622174215,6.627060653115543e-13,-25.13367023855631,0.9999998657836489,6.719825683232223,NA,6.265283029896803,1.0688014914476576,1.9898641530457908,3.5207861278315873,2.5993734793053735,2.5993734793053735,3.3114273156027583,10|10|10|7.5|7.5|7.5|3.16227766016838|3.16227766016838|3.16227766016838|1|1|1|0.316227766016838|0.316227766016838|0.316227766016838|0.1|0.1|0.1|0.0316227766016838|0.0316227766016838|0.0316227766016838|0.01|0.01|0.01,5.6081612680887|6.25697671481274|8.26149774889108|4.21345458448284|3.97003743653869|2.76045832616741|0.0513359474668148|2.20602637755629|1.07940958586497|-0.111810658902592|0.766788196499284|-0.156843255781017|-0.600147508944426|0.895682766147987|0.23009513467334|0.0686839881192451|0.428721225146228|-0.0431825822460248|0.289742424375834|0.444806606880848|0.414183071300184|-0.660076761032838|-0.373955292557618|0.721964476176234,dt4,Definitive_rep1
Ca-074-Me,Nucleus_RNA_Intensity,Mahalanobis distance (cutoff = 1),6,0.8589065274341403,exp5,6.783269511967221,0.9761322774883675,NA,NA,5.826194461173642,7.999999993753232,NA,6.931887796930949,NA,-0.6675380861875206,1.1586649055086553,5.757154932872205,6.217169440747321,2.210581593293235e-12,-26.55610485574089,0.9999996009983786,6.931887796930949,NA,5.826194461173642,5.006173716987905,5.477508719978547,6.016187795043722,5.768860470657291,5.768860470657291,6.011424603587992,10|10|10|7.5|7.5|7.5|3.16227766016838|3.16227766016838|3.16227766016838|1|1|1|0.316227766016838|0.316227766016838|0.316227766016838|0.1|0.1|0.1|0.0316227766016838|0.0316227766016838|0.0316227766016838|0.01|0.01|0.01,7.30615569873975|5.53507852099446|5.60463816004977|4.24787688321136|3.97270872080853|8.25222576781198|-0.214654787060616|0.00896925070079091|-0.363704951997628|-0.781843583240619|-0.524528649175365|-0.533919705454417|-0.722034861835091|0.424883724173233|-0.35734481692997|-0.294260481065467|-0.0265655414013791|-0.774726101875509|0.0324712705639962|-0.117997419172731|-0.573685146679457|-0.793452330683989|-0.554808071730698|-0.474259791603694,dt4,Definitive_rep1
Ca-074-Me,Nucleus_DNA_Intensity,Mahalanobis distance (cutoff = 1),10,0.8589065274341403,poly1,3.470045742140075,0.6811219675144782,0.2980444938419156,NA,NA,NA,NA,NA,NA,-0.670677235260211,1.1586649055086553,3.383821959968008,4.546618509843297,6.628858581187251e-9,-24.191176059249912,0.9999607325842204,5,NA,2.980444938419156,0.5,1,2,2.8818063919332424,2.8818063919332424,3.887556822717944,10|10|10|7.5|7.5|7.5|3.16227766016838|3.16227766016838|3.16227766016838|1|1|1|0.316227766016838|0.316227766016838|0.316227766016838|0.1|0.1|0.1|0.0316227766016838|0.0316227766016838|0.0316227766016838|0.01|0.01|0.01,3.11244168101264|2.57153598442724|3.87357417465175|2.46523324361963|2.00059524178638|1.74551407982898|-0.391515130369351|1.60910066639366|0.859485375959131|-0.226501439219705|1.74479070975035|0.558128847368454|0.822567583310415|1.93103909827786|0.0719536039693747|-0.483472724978699|-0.0287970997675441|-0.201884077689761|0.120554562356861|0.257762477737491|-0.251031121309308|-0.633899275708182|-0.42686448608841|0.427015574009568,dt4,Definitive_rep1
Ca-074-Me,Nucleus_RNA_Texture,Mahalanobis distance (cutoff = 1),6,0.8589065274341403,poly1,2.338179706457565,2.4535763025447035,0.2008277812190445,NA,NA,NA,NA,NA,NA,-0.38651833533366403,1.1586649055086553,4.132576176177935,9.119662023021487,0.0012743897529498471,-36.8128321053974,0.992086108671488,5,NA,2.0082778121904448,0.5,1,2,4.276831234306791,4.276831234306791,5.769445335079862,10|10|10|7.5|7.5|7.5|3.16227766016838|3.16227766016838|3.16227766016838|1|1|1|0.316227766016838|0.316227766016838|0.316227766016838|0.1|0.1|0.1|0.0316227766016838|0.0316227766016838|0.0316227766016838|0.01|0.01|0.01,1.41020003454373|2.08322834662012|3.52746084005888|2.70006503601136|0.207807438204411|13.0490989577617|-0.289899436205445|0.496560639458405|0.256119282313754|-0.058639374456029|-0.0934244338099676|0.694042592468631|-0.257386431222986|0.220293790501467|0.781445853247865|-0.178610016390509|-0.353920074265782|-0.771145501073204|-0.215161648899526|1.2072557049979|-0.544842470291883|-0.766262374737427|-0.353856133622296|-0.288385171723013,dt4,Definitive_rep1
Ca-074-Me,Nucleus_RNA_Profile,Mahalanobis distance (cutoff = 1),11,0.8589065274341403,poly1,2.415349734152729,0.9071271535361938,0.20745596527000942,NA,NA,NA,NA,NA,NA,-0.3810637425987374,1.1586649055086553,4.391958113186026,7.694075400957825,2.7074222760118153e-4,-31.323091490496395,0.9986148078393233,5,NA,2.0745596527000942,0.5,1,2,4.140187178113923,4.140187178113923,5.585112503275682,10|10|10|7.5|7.5|7.5|3.16227766016838|3.16227766016838|3.16227766016838|1|1|1|0.316227766016838|0.316227766016838|0.316227766016838|0.1|0.1|0.1|0.0316227766016838|0.0316227766016838|0.0316227766016838|0.01|0.01|0.01,3.09414941119061|1.74366134185532|2.06355903926834|1.49425364125013|1.99448041820025|-0.0624524245661557|0.747017599080599|0.751430691285174|0.473729915546492|-0.217887187698099|-0.411420451781104|0.24329722768214|0.052162374859469|-0.0829489058131864|-0.164415909500461|0.379723092755563|2.36398514558177|0.0954114935901981|1.80243176319753|1.39697615630749|1.12003873758203|0.902623164862079|0.820575039582608|1.26274927778753,dt4,Definitive_rep1
Ca-074-Me,Nucleus_RNA_Radial,Mahalanobis distance (cutoff = 1),14,0.8589065274341403,pow,14.61619856505014,1.7284771248452362,0.5098274379866135,NA,NA,1.391357132954082,NA,NA,NA,-0.054861275616871964,1.1586649055086553,1.72809431539277,1.8863977781823116,6.974156580740437e-14,-42.10646170145171,0.9999999990207092,6.076351645690818,NA,12.55394835379508,1.1612351330697948,1.9110729608503008,3.1450993495506165,1.45481246272504,1.45481246272504,1.8040540977364155,10|10|10|7.5|7.5|7.5|3.16227766016838|3.16227766016838|3.16227766016838|1|1|1|0.316227766016838|0.316227766016838|0.316227766016838|0.1|0.1|0.1|0.0316227766016838|0.0316227766016838|0.0316227766016838|0.01|0.01|0.01,11.9467252781039|12.8643400548329|12.4126823959573|8.87633403624427|8.37120703130437|14.8780502039041|0.395233586150943|3.01362519505966|1.43741826473606|0.264894706484205|1.25313038233009|0.845363734345739|0.717869026353842|2.91707102330597|0.103031208940475|0.923730183777433|2.54529138499046|0.351111606301078|0.921005711355875|2.27596729844986|0.673326611150196|0.0400560532298621|-0.569112363283707|0.349322355858962,dt4,Definitive_rep1
Ca-074-Me,Nucleus_RNA_Axial,Mahalanobis distance (cutoff = 1),15,0.8589065274341403,poly2,5.905499443842699,1.0649891680558696,-20.43497197535231,-13.831358039931635,NA,NA,NA,NA,NA,-0.1843293335623618,1.1586649055086553,0.7581184529457977,0.9800976028833196,5.625800712934152e-10,-33.36521185762505,0.9999999781441345,2.00813139844937,NA,5.07227202007518,0.17384269428859125,0.35228829738601364,0.7245903235168709,0.608082428747809,0.608082428747809,0.8346000814289168,10|10|10|7.5|7.5|7.5|3.16227766016838|3.16227766016838|3.16227766016838|1|1|1|0.316227766016838|0.316227766016838|0.316227766016838|0.1|0.1|0.1|0.0316227766016838|0.0316227766016838|0.0316227766016838|0.01|0.01|0.01,4.40119269686643|3.41883715066891|4.31418048098469|4.44441260048955|5.09431067740632|5.89454698683471|1.73407867520923|5.08808444449463|3.53058846654582|0.641355964698009|2.58343342391707|0.240420301370689|-0.295911143743114|2.58200162510956|1.1060502889797|0.928499153965592|3.04149262661631|1.18550041318768|-0.205507284662017|0.542944909772641|0.338292986655486|-0.286281144844695|-0.68459157596013|-0.113569321628079,dt4,Definitive_rep1
Ca-074-Me,Nucleus_RNA_Compactness,Mahalanobis distance (cutoff = 1),21,0.8589065274341403,pow,16.252374222960032,4.812364766884236,3.307687728123767,NA,NA,0.6253382150018434,NA,NA,NA,0.6689830901755667,1.1586649055086553,0.15560361063731548,0.2306934218859963,1.5917164421692692e-10,-60.15261143555512,0.9999999994812699,3.3007490494965106,NA,13.959270306402736,0.08307643831301509,0.25168965306734653,0.7625228373715314,0.11576598719903218,0.11576598719903218,0.18684762917048864,10|10|10|7.5|7.5|7.5|3.16227766016838|3.16227766016838|3.16227766016838|1|1|1|0.316227766016838|0.316227766016838|0.316227766016838|0.1|0.1|0.1|0.0316227766016838|0.0316227766016838|0.0316227766016838|0.01|0.01|0.01,10.7099048781979|14.2024990789053|16.5506151315315|12.7337171477141|10.5793225151621|33.1537160163876|4.62326579255025|10.3312742884513|5.40424201966653|2.94347841312891|3.66129461079798|-0.0251194317835842|1.31537849875151|1.40726394382626|0.8716571643345|1.90668418208133|4.54482679877704|2.02308720511244|1.71168636988629|4.32200962215011|1.94784539915965|0.109904526646058|-0.0374486578490042|2.69116888468051,dt4,Definitive_rep1
Ca-074-Me,Cell_DNA_Radial,Mahalanobis distance (cutoff = 1),7,0.8589065274341403,exp5,11.225316090312111,0.4135840185059648,NA,NA,9.641497262480556,3.734115743808413,NA,6.078586778333346,NA,-1.0222240880372246,1.1586649055086553,3.7598127687260554,3.9709575879039156,1.2712817967629936e-21,-14.13013805811336,0.9999999998499927,6.078586778333346,NA,9.641497262480556,3.0267924194177085,3.6703025672094514,4.487246707825125,3.5527871109563387,3.5527871109563387,3.8669515621072237,10|10|10|7.5|7.5|7.5|3.16227766016838|3.16227766016838|3.16227766016838|1|1|1|0.316227766016838|0.316227766016838|0.316227766016838|0.1|0.1|0.1|0.0316227766016838|0.0316227766016838|0.0316227766016838|0.01|0.01|0.01,10.1053474518345|8.76807303294279|9.53631465331547|7.68147982223069|7.49646575453888|7.41943860616132|1.3733046000573|-0.0933061559478212|0.557664548992621|0.602368304944352|-0.270019553272496|0.168865711665437|-0.378573345140779|-0.215407290886413|-0.279704836362642|-0.417728560487312|-0.285460356799215|-0.684409272599177|-0.356642086148018|-0.387289522137718|-0.43337946132923|-0.392202928967996|-0.0564004082766296|-0.00502146259933944,dt4,Definitive_rep1
Ca-074-Me,Cell_Mito_Radial,Mahalanobis distance (cutoff = 1),10,0.8589065274341403,pow,3.1722534565046603,0.7016253038058213,0.007453539653659616,NA,NA,2.562951216225102,NA,NA,NA,-0.5865738179158301,1.1586649055086553,6.587105708262136,7.805542212548155,6.948432899171808e-6,-25.67881157090775,0.9995407735721996,7.630369368142407,NA,2.7246692004673663,3.1072082615914485,4.0721596972282494,5.336779257672562,6.37351024279894,6.37351024279894,7.1631843201197976,10|10|10|7.5|7.5|7.5|3.16227766016838|3.16227766016838|3.16227766016838|1|1|1|0.316227766016838|0.316227766016838|0.316227766016838|0.1|0.1|0.1|0.0316227766016838|0.0316227766016838|0.0316227766016838|0.01|0.01|0.01,2.36936248339227|2.45069682504547|4.31852602103605|1.68347819391868|1.14060406216114|1.28082878107685|-0.151388128843345|0.404028932089732|-0.136336505556307|-0.125355629338355|-0.479438739488324|-0.106147529198319|-0.433311658054031|0.362848304479166|-0.710846095739863|0.817376134348424|1.20843495919409|-0.563657204639786|0.468059923156865|0.896925469967276|0.265978793644908|-0.273453954655177|1.53273041525989|1.26952084176768,dt4,Definitive_rep1
Ca-074-Me,Cell_Mito_Axial,Mahalanobis distance (cutoff = 1),7,0.8589065274341403,exp5,4.484228041227273,0.5415990762624344,NA,NA,3.851532735113314,7.999999759532545,NA,7.005442477339183,NA,-0.9433158048719384,1.1586649055086553,6.1624731837623665,6.82772977619316,1.7680200243313367e-10,-18.030226267087656,0.9999968097874979,7.005442477339183,NA,3.851532735113314,5.059294480686439,5.5356308579274005,6.0800259021628795,6.174137743923127,6.174137743923127,6.449814246592884,10|10|10|7.5|7.5|7.5|3.16227766016838|3.16227766016838|3.16227766016838|1|1|1|0.316227766016838|0.316227766016838|0.316227766016838|0.1|0.1|0.1|0.0316227766016838|0.0316227766016838|0.0316227766016838|0.01|0.01|0.01,3.74219177895574|3.74402627462435|4.0827988165321|3.10463275903324|1.33196555356019|2.70025865043926|-0.292725490391078|0.290917068660034|-0.292932009670454|-0.247931470284434|-0.381513966469766|0.199672503289219|-0.762096613382282|0.791098838103605|-0.125334027465774|-0.105861492330036|0.312557594790549|-0.636199426731825|-0.320477678595531|1.50837008839998|0.253002133555074|-0.170781694688689|-0.350969715718331|-0.34045339445154,dt4,Definitive_rep1
Ca-074-Me,Cell_AGP_Radial,Mahalanobis distance (cutoff = 1),7,0.8589065274341403,pow,11.05248443068774,0.7229140758337733,0.0996851007546716,NA,NA,1.9787755629055686,NA,NA,NA,-0.7620727287594647,1.1586649055086553,3.312917771812006,3.5865443430522954,3.118921934394618e-17,-23.513457982211246,0.9999999977230909,7.044830874122408,NA,9.493051021881907,2.2004299555253257,3.1234673973623797,4.433701040057229,2.969435831484678,2.969435831484678,3.4544362043032897,10|10|10|7.5|7.5|7.5|3.16227766016838|3.16227766016838|3.16227766016838|1|1|1|0.316227766016838|0.316227766016838|0.316227766016838|0.1|0.1|0.1|0.0316227766016838|0.0316227766016838|0.0316227766016838|0.01|0.01|0.01,11.7959713369672|8.26962118682476|9.4316715590306|7.05588861900894|5.9249937703471|4.90272062331074|0.999791003962659|0.38107415458556|0.826081878700331|0.553440911477523|-0.39671413206707|-0.0371620913786244|0.189551698246732|-0.610161265187496|-0.633853815109323|-0.256728147150446|0.105993007356243|-0.570596542432846|-0.0242800774098952|-0.20670638889763|-0.209575889801706|-0.298528314156841|-0.038216655570397|-0.348591288253061,dt4,Definitive_rep1
Ca-074-Me,Cell_AGP_Compactness,Mahalanobis distance (cutoff = 1),8,0.8589065274341403,exp5,10.317515445479179,0.37308817191601384,NA,NA,8.86178136302463,2.4358953829787944,NA,6.867874312335872,NA,-1.0861954463934447,1.1586649055086553,3.4401886698577164,3.6888071731902605,2.0503786392894335e-19,-12.102591700055264,0.9999999990220826,6.867874312335872,NA,8.86178136302463,2.358376899024099,3.1692094804350726,4.312650207832048,3.1266477126433356,3.1266477126433356,3.5627624401828983,10|10|10|7.5|7.5|7.5|3.16227766016838|3.16227766016838|3.16227766016838|1|1|1|0.316227766016838|0.316227766016838|0.316227766016838|0.1|0.1|0.1|0.0316227766016838|0.0316227766016838|0.0316227766016838|0.01|0.01|0.01,6.99985747534028|7.5784509874336|7.38481780259518|5.05890076581466|5.43969053335187|4.6481848125442|0.906060665915701|0.575628487715468|1.32470584663601|0.788302847722329|-0.258326635462029|0.0950280555804535|0.602688688548656|-0.434010954269807|-0.325999518658434|-0.0826865976087681|-0.328936147934844|-0.264011309714622|0.513647104411486|-0.0437102227711564|-0.563518181870881|0.112184331067294|0.463045506236722|-0.509444018972401,dt4,Definitive_rep1
Ca-074-Me,Cell_AGP_Symmetry,Mahalanobis distance (cutoff = 1),15,0.8589065274341403,exp5,21.513573825767597,1.2177851045976607,NA,NA,18.47814898738806,2.105724636443425,NA,5.606622311487383,NA,-0.08736565171043334,1.1586649055086553,1.7064722627300277,1.9391264552338587,2.2940010037026038e-17,-38.253263008403486,0.9999999999972989,5.606622311487383,NA,18.47814898738806,1.6281923106296965,2.291745415680464,3.272939746421834,1.5713820114484014,1.5713820114484014,1.8187662274099299,10|10|10|7.5|7.5|7.5|3.16227766016838|3.16227766016838|3.16227766016838|1|1|1|0.316227766016838|0.316227766016838|0.316227766016838|0.1|0.1|0.1|0.0316227766016838|0.0316227766016838|0.0316227766016838|0.01|0.01|0.01,17.4990491568781|16.7675844917095|13.3853571669668|13.4269637861847|14.9039884261955|11.8131151296175|3.5956910513121|3.57527483631227|2.96218374914329|0.909142832323924|-0.483045116575944|1.68006837703238|-0.0995092789931591|0.524994827305829|0.185173892551289|0.59868906453624|1.773399028001|0.151763678915022|2.47747674980748|1.11467932586697|0.449224346110766|0.43363554187841|0.678912935564095|2.00859227873442,dt4,Definitive_rep1
Ca-074-Me,Cell_ER_Radial,Mahalanobis distance (cutoff = 1),18,0.8589065274341403,pow,5.455854372379144,1.4971343832311144,1.7719503438406148,NA,NA,0.42235712558854976,NA,NA,NA,0.15016750505211227,1.1586649055086553,0.2554738485781591,0.5507535632360511,1.0328765677524658e-7,-43.7632310191888,0.9999997718834369,1.9375902761540456,NA,4.686068933166542,0.008309930304404599,0.042887964533446746,0.22134692283125906,0.18003466343790958,0.18003466343790958,0.3657470377776882,10|10|10|7.5|7.5|7.5|3.16227766016838|3.16227766016838|3.16227766016838|1|1|1|0.316227766016838|0.316227766016838|0.316227766016838|0.1|0.1|0.1|0.0316227766016838|0.0316227766016838|0.0316227766016838|0.01|0.01|0.01,7.38795545049654|4.47420782891764|4.30551563690077|3.98337766568353|4.96883357671556|3.44370557200006|2.35706624822307|3.28863994243435|2.92595805473801|1.96770007843618|1.19838781230619|0.736048176643231|-0.476260627091389|0.880943712873547|-0.150847936040312|0.460076177760063|3.62686594494145|0.810145603194734|2.95270619329652|3.4335354727513|2.1203957886341|-0.572544660010538|1.54279454175506|3.34122019622788,dt4,Definitive_rep1
Ca-074-Me,Cell_ER_Axial,Mahalanobis distance (cutoff = 1),7,0.8589065274341403,pow,10.727252765363616,1.1038578582116327,0.07738194019090652,NA,NA,2.07579480269946,NA,NA,NA,-0.6129994081867753,1.1586649055086553,3.562194346460553,3.8203310426714046,2.0457068252099222e-15,-27.973299682770055,0.9999999916680271,7.161118346661658,NA,9.213707421606742,2.3617703488440855,3.298046805699122,4.605491273910579,3.1883734276079587,3.1883734276079587,3.682998582801267,10|10|10|7.5|7.5|7.5|3.16227766016838|3.16227766016838|3.16227766016838|1|1|1|0.316227766016838|0.316227766016838|0.316227766016838|0.1|0.1|0.1|0.0316227766016838|0.0316227766016838|0.0316227766016838|0.01|0.01|0.01,7.97177042317339|9.94122800805813|9.07235653377307|4.71683076315542|9.80363150194918|5.76370550810207|0.80147214250489|0.619867420710082|0.598730176869721|-0.413130772171173|-0.641539129680031|0.485459710528238|-0.700163443971434|0.0584793873407095|-0.413601757674231|0.202593624476348|0.503669801703025|-0.521775743850036|0.942068123843146|0.448548882066494|-0.29301681066167|-0.794558755608715|0.175345676224994|-0.170035816630041,dt4,Definitive_rep1
Ca-074-Me,Cell_ER_Compactness,Mahalanobis distance (cutoff = 1),21,0.8589065274341403,poly1,14.859990176504613,2.3183792208484393,1.2763342560207014,NA,NA,NA,NA,NA,NA,0.669586406274649,1.1586649055086553,0.775583141283848,1.0504557581311682,1.4701140444689198e-10,-55.07812391063368,0.9999999948070636,5,NA,12.763342560207015,0.5000000000000001,1.0000000000000002,2.0000000000000004,0.6729479549596993,0.6729479549596993,0.9078067912406345,10|10|10|7.5|7.5|7.5|3.16227766016838|3.16227766016838|3.16227766016838|1|1|1|0.316227766016838|0.316227766016838|0.316227766016838|0.1|0.1|0.1|0.0316227766016838|0.0316227766016838|0.0316227766016838|0.01|0.01|0.01,11.4283972229699|11.1774947073661|17.2628886330443|8.36365520550076|8.95896861922008|14.7229419560012|8.28678590883648|2.4721134572348|4.40183021797541|1.93424405231524|0.860892397152655|2.49050417794299|0.314834003391203|0.330646699801806|0.0657473799440059|1.44787842109541|1.85768864540283|3.19810344660728|2.19555825004323|2.11362539549308|3.02782162371567|2.50904291569134|2.99960934989051|2.47238222025485,dt4,Definitive_rep1
Ca-074-Me,Nucleus_DNA_Profile,Mahalanobis distance (cutoff = 1),7,0.8589065274341403,exp5,5.062234361156978,0.5837597143784135,NA,NA,4.347986136199124,7.9999999905791785,NA,6.484382640736616,NA,-0.7464743924665929,1.1586649055086553,4.217528238666531,6.327548217190741,3.7765046020170675e-11,-21.28287446900774,0.9999987554626806,6.484382640736616,NA,4.347986136199124,4.682987794050682,5.123894600648238,5.627797916272116,5.618064767940105,5.618064767940105,5.863662514254335,10|10|10|7.5|7.5|7.5|3.16227766016838|3.16227766016838|3.16227766016838|1|1|1|0.316227766016838|0.316227766016838|0.316227766016838|0.1|0.1|0.1|0.0316227766016838|0.0316227766016838|0.0316227766016838|0.01|0.01|0.01,4.82686807770227|4.12616691067575|4.16536030237523|4.54371284037876|3.84189381742589|2.18926408086915|-0.198878150417791|-0.209862331013954|-0.55515503034687|0.972003938006004|-0.409350935801197|-0.105143815561132|-0.59123552453184|-0.744441112134785|-0.379220089277431|-0.701880449071594|0.586808857058095|-0.767655706968615|-0.317319012026498|0.143401812562916|0.240801296273965|-0.365109740373424|0.210326993019716|0.458715790489992,dt4,Definitive_rep1
Ca-074-Me,Nucleus_DNA_Radial,Mahalanobis distance (cutoff = 1),15,0.8589065274341403,pow,14.41884736582682,1.2827192730099233,0.6050563879443707,NA,NA,1.3110805973806294,NA,NA,NA,-0.07698576356904391,1.1586649055086553,1.5317225785598771,1.7428823616706004,6.072702064865651e-15,-38.63233615507233,0.9999999996103112,5.893801529539774,NA,12.384442120585216,1.0178080737426356,1.7269127042052137,2.9300489599962187,1.3063193240976387,1.3063193240976387,1.6413957920415911,10|10|10|7.5|7.5|7.5|3.16227766016838|3.16227766016838|3.16227766016838|1|1|1|0.316227766016838|0.316227766016838|0.316227766016838|0.1|0.1|0.1|0.0316227766016838|0.0316227766016838|0.0316227766016838|0.01|0.01|0.01,16.5017627733121|11.3177141298727|11.7859941221622|10.0855308031161|9.44959175632316|8.18924497621274|0.88682126767741|2.74165526053543|2.17008913838457|-0.0620063288133876|1.87232961329398|0.500393261077919|-0.175058231011359|2.42187726670144|0.922363829476708|1.36686295492628|1.37107695615812|1.30417277936061|0.1100642900608|0.259811472965042|0.135042291643932|-0.326922199598982|-0.500739495895331|-0.26804576976495,dt4,Definitive_rep1
Ca-074-Me,Nucleus_DNA_Axial,Mahalanobis distance (cutoff = 1),9,0.8589065274341403,exp5,14.696214957158343,0.8117891138322092,NA,NA,12.622674955278546,3.620220266623131,NA,5.980709961686997,NA,-0.5443434977560352,1.1586649055086553,3.3127808702735853,3.635044170284734,1.8500143092211338e-18,-27.281622924975284,0.9999999998902527,5.980709961686997,NA,12.622674955278546,2.9134378720000305,3.554339235137997,4.373033505362371,3.1806085009417164,3.1806085009417164,3.466966596201641,10|10|10|7.5|7.5|7.5|3.16227766016838|3.16227766016838|3.16227766016838|1|1|1|0.316227766016838|0.316227766016838|0.316227766016838|0.1|0.1|0.1|0.0316227766016838|0.0316227766016838|0.0316227766016838|0.01|0.01|0.01,13.0554541738436|9.74585120598378|12.4296859013604|10.5820447399485|8.9472006666821|10.1215625495072|0.208170467140906|1.20235608580454|0.993986860790971|-0.614835405434289|0.713959144217714|0.219974600301226|-0.638242706898364|0.856087693283701|0.738562661603687|-0.0846237454762256|1.47130412555548|0.414516425769586|-0.198073348421104|-0.0103531885779112|0.40712231989427|-0.628822643699327|-0.644522333332532|-0.17461722844074,dt4,Definitive_rep1
Ca-074-Me,Nucleus_DNA_Compactness,Mahalanobis distance (cutoff = 1),7,0.8589065274341403,exp5,17.007606764812657,0.5546970592395555,NA,NA,14.607944466330633,4.408986250042151,NA,6.200539455309494,NA,-0.905661838136,1.1586649055086553,3.6692814728705216,3.9763074638623284,5.4781632222575075e-24,-18.906627058761117,0.9999999999914944,6.200539455309494,NA,14.607944466330633,3.4352729726957856,4.044509195164058,4.7949547074624626,3.567628088934333,3.567628088934333,3.8277205140960495,10|10|10|7.5|7.5|7.5|3.16227766016838|3.16227766016838|3.16227766016838|1|1|1|0.316227766016838|0.316227766016838|0.316227766016838|0.1|0.1|0.1|0.0316227766016838|0.0316227766016838|0.0316227766016838|0.01|0.01|0.01,14.7922499968039|14.5642541846616|14.3193510807892|13.1830750467231|11.7028299192515|10.4211303440229|1.59410316617478|0.433504506479334|0.127287601389427|-0.356425021783145|0.514408839181566|0.0940758247513851|0.156477341817353|0.0945575327832536|-0.548620509369024|-0.527760848431053|-0.146544818861108|-0.637200877919755|-0.154412832681082|-0.477812466554507|-0.204286760908003|0.487373140861829|-0.353389918904177|-0.0187566907639775,dt4,Definitive_rep1
Ca-074-Me,Nucleus_DNA_Symmetry,Mahalanobis distance (cutoff = 1),21,0.8589065274341403,poly1,15.82347376783084,2.6056319859276504,1.35908849058728,NA,NA,NA,NA,NA,NA,0.7789889036829535,1.1586649055086553,0.7460793578875266,0.9946595324252109,1.4128354945969334e-9,-57.80917466129223,0.9999999962829655,5,NA,13.5908849058728,0.5,1,2,0.6319724825739607,0.6319724825739607,0.852530878992273,10|10|10|7.5|7.5|7.5|3.16227766016838|3.16227766016838|3.16227766016838|1|1|1|0.316227766016838|0.316227766016838|0.316227766016838|0.1|0.1|0.1|0.0316227766016838|0.0316227766016838|0.0316227766016838|0.01|0.01|0.01,12.5755988800183|8.82454348865665|13.7143617913094|12.0644017068929|14.1797203331711|11.3694461113695|1.80909499731642|2.82330911070539|4.59012602765026|1.30641891950322|2.64199557834543|1.67243117596314|-0.280604666097632|6.59751838047547|1.42020039198731|2.55307201156534|2.65248360963623|3.3548764012679|0.240324426586405|3.13417107455802|3.46019963093285|3.0279203578809|0.558838990821336|3.94833103779526,dt4,Definitive_rep1
Ca-074-Me,Nuclei_Shape_Morph,Mahalanobis distance (cutoff = 1),6,0.8589065274341403,exp5,6.766193613168892,0.5221490662818561,NA,NA,5.8115278602339515,7.999740352488555,NA,4.1898838132476675,NA,-0.7262658451073575,1.1586649055086553,3.27833780466187,5.348505646288504,2.6777968922499406e-15,-20.46625893671731,0.9999999564146593,4.1898838132476675,NA,5.8115278602339515,3.025880578629416,3.310779168885896,3.6363848763253515,3.4880786613755617,3.4880786613755617,3.6347878661704813,10|10|10|7.5|7.5|7.5|3.16227766016838|3.16227766016838|3.16227766016838|1|1|1|0.316227766016838|0.316227766016838|0.316227766016838|0.1|0.1|0.1|0.0316227766016838|0.0316227766016838|0.0316227766016838|0.01|0.01|0.01,5.17678357501551|5.59153491303422|6.29778946084576|5.92923636663743|6.43901690152414|5.48542690672239|-0.0803915187624564|0.661613952249209|0.566493932162117|-0.776237079709003|-0.0295786701870749|-0.0879477218695837|-0.795765134321228|-0.216169357504397|-0.371811065704309|-0.612771038352759|-0.425402513326305|-0.223052598184179|-0.784556882276652|-0.708848020697393|-0.625571997611176|-0.599759534533308|-0.738054176144927|-0.751072904198333,dt4,Definitive_rep1
Tetrandrine,Ring_Mito_Texture,Mahalanobis distance (cutoff = 1),8,0.8589065274341403,poly1,10.481426703165939,0.8753393894274519,0.8102309230954561,NA,NA,NA,NA,NA,NA,-0.7095799884899872,1.1586649055086553,1.3600992210487846,1.5027477493378925,1.749776175701163e-15,-25.225714253229047,0.9999999755132252,5.555555555555551,NA,9.002565812171726,0.5555555555555551,1.1111111111111103,2.2222222222222205,1.0600762115480868,1.0600762115480868,1.430042809378369,11.1111111111111|11.1111111111111|11.1111111111111|3.7037037037037|3.7037037037037|3.7037037037037|1.23456790123457|1.23456790123457|1.23456790123457|0.411522633744856|0.411522633744856|0.411522633744856|0.137174211248285|0.137174211248285|0.137174211248285|0.0316227766016838|0.0316227766016838|0.0316227766016838|0.01|0.01|0.01|0.00316227766016838|0.00316227766016838|0.00316227766016838,9.1600855941288|8.87175013973376|8.71164799600504|6.46170277346516|3.62194976007231|3.13629641986437|1.13797135064816|1.83057504741381|-0.449350793791799|0.0749025684111455|-0.0546385774389304|-0.404130158350338|-0.0522633756746533|-0.626178668320957|-0.367063155916927|-0.443993434139528|-0.0288295239085054|-0.496282297090775|-0.209163183132718|-0.269287646228303|0.113177292285799|0.636878753235647|-0.234764577616517|-0.646390072144861,dt4,Definitive_rep1
Tetrandrine,Ring_AGP_Texture,Mahalanobis distance (cutoff = 1),15,0.8589065274341403,exp5,28.85953889293464,4.678268794229419,NA,NA,24.787646333881007,4.1296466580618745,NA,1.9273685560471527,NA,0.6069435780433589,1.1586649055086553,0.8861870030021769,1.2327463495753215,1.0499768997548581e-13,-61.64645845362793,0.9999999999503382,1.9273685560471527,NA,24.787646333881007,1.0260024477206728,1.2213753016927802,1.4647646810999742,0.9370155119885375,0.9370155119885375,1.0089918106973457,11.1111111111111|11.1111111111111|11.1111111111111|3.7037037037037|3.7037037037037|3.7037037037037|1.23456790123457|1.23456790123457|1.23456790123457|0.411522633744856|0.411522633744856|0.411522633744856|0.137174211248285|0.137174211248285|0.137174211248285|0.0316227766016838|0.0316227766016838|0.0316227766016838|0.01|0.01|0.01|0.00316227766016838|0.00316227766016838|0.00316227766016838,24.9144910811116|21.1590285006068|21.3475220784659|32.6590172397328|43.7720354416608|32.2633085962013|3.20870842995096|2.01335660532041|2.5122409520285|0.117147175563994|0.336459065998314|0.675016298212121|0.089837758940544|0.342401282353842|1.28629689080012|1.98003407756184|2.54490532259372|1.10857023549024|0.112702309580591|2.42384023853974|-0.0441756294830979|0.43456305365712|-0.375539530124624|1.03813689536993,dt4,Definitive_rep1
Tetrandrine,Ring_ER_Texture,Mahalanobis distance (cutoff = 1),7,0.8589065274341403,pow,10.716847219639828,1.3776505413877778,0.02297408536571407,NA,NA,2.4888893799100007,NA,NA,NA,-0.42053990143998726,1.1586649055086553,4.5521254048477795,5.106866248885157,3.17121568823669e-6,-34.51591109438406,0.999952928980623,8.410231737074925,NA,9.204770030463067,3.334435550352695,4.40526314268879,5.819978543078944,4.284413223115464,4.284413223115464,4.83201512219481,11.1111111111111|11.1111111111111|11.1111111111111|3.7037037037037|3.7037037037037|3.7037037037037|1.23456790123457|1.23456790123457|1.23456790123457|0.411522633744856|0.411522633744856|0.411522633744856|0.137174211248285|0.137174211248285|0.137174211248285|0.0316227766016838|0.0316227766016838|0.0316227766016838|0.01|0.01|0.01|0.00316227766016838|0.00316227766016838|0.00316227766016838,12.9003159988977|9.11000839737652|4.26030659167629|0.241384774866398|1.15824295978733|0.643551593797268|-0.583897832844747|-0.565294145829186|-0.443569974750217|-0.14162082925557|-0.752895194240638|0.900228174540096|-0.406848801961845|-0.6438426557949|0.20478667428027|-0.496535777901077|-0.240716908475444|-0.505887532631244|0.870424433823419|-0.0529158216997316|-0.467371902157348|1.49343704280275|-0.39762410266834|-0.2456306648486,dt4,Definitive_rep1
Tetrandrine,Ring_Mito_Intensity,Mahalanobis distance (cutoff = 1),8,0.8589065274341403,exp5,11.797684814980547,0.8051035108497779,NA,NA,10.13310849619743,1.751897716719801,NA,3.0727284308691014,NA,-0.7670872477195944,1.1586649055086553,1.0291269694444005,1.2564058236971918,6.115879587369704e-18,-23.148873900875532,0.9999999997404713,3.0727284308691014,NA,10.13310849619743,0.6951407680748087,1.0483775344140278,1.6089710558138082,0.9494848745256698,0.9494848745256698,1.1368451388107645,11.1111111111111|11.1111111111111|11.1111111111111|3.7037037037037|3.7037037037037|3.7037037037037|1.23456790123457|1.23456790123457|1.23456790123457|0.411522633744856|0.411522633744856|0.411522633744856|0.137174211248285|0.137174211248285|0.137174211248285|0.0316227766016838|0.0316227766016838|0.0316227766016838|0.01|0.01|0.01|0.00316227766016838|0.00316227766016838|0.00316227766016838,10.2369648174271|10.4879902388504|9.46772076494218|9.52972505244952|5.58330126436672|6.47895010029196|1.36588783331795|1.76062780715434|0.355505551674753|0.605294332453407|-0.203527462240279|0.45939267498381|0.311301214789657|-0.386489402260204|0.125249691709828|-0.112006267670591|-0.522199654811258|-0.53637853339341|-0.190543645637615|-0.211771984704462|-0.267471097753848|0.62797854396999|-0.53287414234114|-0.763365331311444,dt4,Definitive_rep1
Tetrandrine,Ring_AGP_Intensity,Mahalanobis distance (cutoff = 1),10,0.8589065274341403,hill,54.810610756211965,2.0259850251197555,NA,NA,47.077191351162355,3.4359057800878032,NA,2.854039168523006,NA,-0.24383059299082932,1.1586649055086553,0.9454544006641303,1.013455444507612,5.171454322079202e-25,-42.77177248832225,0.9999999999999956,2.854039168523006,NA,47.077191351162355,1.2113963962670586,1.5056821643647025,1.9064873992275946,0.8947487199692526,0.8947487199692526,0.9780538090532575,11.1111111111111|11.1111111111111|11.1111111111111|3.7037037037037|3.7037037037037|3.7037037037037|1.23456790123457|1.23456790123457|1.23456790123457|0.411522633744856|0.411522633744856|0.411522633744856|0.137174211248285|0.137174211248285|0.137174211248285|0.0316227766016838|0.0316227766016838|0.0316227766016838|0.01|0.01|0.01|0.00316227766016838|0.00316227766016838|0.00316227766016838,41.5381103984502|46.7393708856235|53.471662837207|34.6810624966783|33.1572991278547|29.1427331086722|3.02202265288283|2.66766943927442|1.73224510653337|-0.0482554469516545|0.490078973028886|-0.455615954237661|0.475182577525756|-0.017833021954744|-0.0197509992634916|1.66209803242962|0.302869858170415|0.320280948443862|-0.435240494288972|0.385887013058874|-0.139017653233485|-0.393101307818147|0.55333518465022|-0.678344171994493,dt4,Definitive_rep1
Tetrandrine,Ring_ER_Intensity,Mahalanobis distance (cutoff = 1),14,0.8589065274341403,poly1,8.47343811705087,1.2641831938320196,0.6550102177689825,NA,NA,NA,NA,NA,NA,-0.1286365387666395,1.1586649055086553,1.5219316443266884,2.04629130792659,4.582476662161689e-9,-37.040921782704814,0.9999964436696339,5.55555555555555,NA,7.277891308544243,0.555555555555555,1.11111111111111,2.22222222222222,1.3112872198538292,1.3112872198538292,1.7689264595828156,11.1111111111111|11.1111111111111|11.1111111111111|3.7037037037037|3.7037037037037|3.7037037037037|1.23456790123457|1.23456790123457|1.23456790123457|0.411522633744856|0.411522633744856|0.411522633744856|0.137174211248285|0.137174211248285|0.137174211248285|0.0316227766016838|0.0316227766016838|0.0316227766016838|0.01|0.01|0.01|0.00316227766016838|0.00316227766016838|0.00316227766016838,11.9367287882662|7.34812050194996|6.53209062588461|1.83681520558683|4.12533225658306|1.31251272184403|1.37812817863172|1.37403489342727|1.41439017647775|-0.420708251200501|0.561687832718696|-0.68640174672757|0.00269186227823337|-0.530792864446099|-0.492104218199156|1.17781749957537|0.992535494494197|0.820456845673638|0.662143788297765|0.693881208425618|1.06341530090572|1.08396407554032|1.34257918877804|-0.696234405355801,dt4,Definitive_rep1
Tetrandrine,Cytoplasm_Mito_Texture,Mahalanobis distance (cutoff = 1),13,0.8589065274341403,exp5,28.94582738120081,0.8950137460364077,NA,NA,24.861760079695244,1.2475697209418923,NA,5.0493205615753105,NA,-0.5121830918745144,1.1586649055086553,0.5614466122041974,0.6219599210757008,2.2657258046295936e-21,-28.953783763201145,0.9999999999997691,5.0493205615753105,NA,24.861760079695244,0.6264102497802402,1.1154237213656018,2.0355085648037057,0.46278116819028875,0.46278116819028875,0.5912349796243869,11.1111111111111|11.1111111111111|11.1111111111111|3.7037037037037|3.7037037037037|3.7037037037037|1.23456790123457|1.23456790123457|1.23456790123457|0.411522633744856|0.411522633744856|0.411522633744856|0.137174211248285|0.137174211248285|0.137174211248285|0.0316227766016838|0.0316227766016838|0.0316227766016838|0.01|0.01|0.01|0.00316227766016838|0.00316227766016838|0.00316227766016838,21.2498497503849|20.4720880351491|21.1075559661457|12.2817989521353|8.68140835810917|9.64381130028499|2.96755458681307|2.28307232642896|1.00773859934604|1.47254232411674|0.464718703342078|1.33907637195601|1.22757109910081|0.687139186787884|1.76811822402735|-0.293401762757985|0.0112108116411689|0.50970046840207|0.483210756935534|-0.1191541084983|0.409818697252106|0.597164843861354|-0.368075980142286|-0.403435335453775,dt4,Definitive_rep1
Tetrandrine,Cytoplasm_AGP_Texture,Mahalanobis distance (cutoff = 1),13,0.8589065274341403,exp5,59.274640208084364,2.825618519669231,NA,NA,50.91137538603381,4.825206651994749,NA,2.1036350629604605,NA,-0.015130973984770778,1.1586649055086553,0.974964886408049,1.1337269155773793,2.2851857982139582e-26,-47.177071417358334,0.9999999999999981,2.1036350629604605,NA,50.91137538603381,1.2263799023505477,1.4236833271453693,1.6632436922401244,0.9756743921124449,0.9756743921124449,1.0387682297769139,11.1111111111111|11.1111111111111|11.1111111111111|3.7037037037037|3.7037037037037|3.7037037037037|1.23456790123457|1.23456790123457|1.23456790123457|0.411522633744856|0.411522633744856|0.411522633744856|0.137174211248285|0.137174211248285|0.137174211248285|0.0316227766016838|0.0316227766016838|0.0316227766016838|0.01|0.01|0.01|0.00316227766016838|0.00316227766016838|0.00316227766016838,50.0619338802322|50.1080622588011|56.8655348037409|50.4444940763278|62.5944608389632|53.6300503574472|2.26005415568834|2.5756573516083|3.04044852272698|0.797725279864566|-0.722957559517154|0.919430508395951|0.983977870002539|0.521983031814079|2.10825260799961|-0.429714225792006|-0.571810177282234|-0.636647609762559|-0.636544587382222|-0.451284220427158|-0.407207276556517|0.994808993444837|0.0634924919840582|-0.071719260082843,dt4,Definitive_rep1
Tetrandrine,Cytoplasm_ER_Texture,Mahalanobis distance (cutoff = 1),13,0.8589065274341403,exp2,13.66187543729163,1.514208171677595,1.4245904107823928,4.997775589629438,NA,NA,NA,NA,NA,-0.1066377578855171,1.1586649055086553,2.7905412769797637,3.182130590063004,9.068786819949657e-8,-40.215580739586336,0.9999990242074842,8.160648518425429,NA,11.734273990081931,1.7237277101158526,3.0029855911415306,4.865704027734306,2.358068827723797,2.358068827723797,2.974506170155163,11.1111111111111|11.1111111111111|11.1111111111111|3.7037037037037|3.7037037037037|3.7037037037037|1.23456790123457|1.23456790123457|1.23456790123457|0.411522633744856|0.411522633744856|0.411522633744856|0.137174211248285|0.137174211248285|0.137174211248285|0.0316227766016838|0.0316227766016838|0.0316227766016838|0.01|0.01|0.01|0.00316227766016838|0.00316227766016838|0.00316227766016838,15.5790793116106|11.6488927032679|6.81967555504339|1.74599701321835|1.2294879527832|0.778349979320707|2.23160562133708|1.59887769419281|0.674321769111387|0.408819310520095|1.18464648480204|0.146094744348275|0.137154131770384|0.385195847159901|0.254231248233576|0.4651454852278|0.905403178978582|0.379128853344679|0.68130687631547|1.20079802704163|0.865524532727646|2.10377170431426|0.874581753541504|-0.297713139065827,dt4,Definitive_rep1
Tetrandrine,Cytoplasm_Mito_Intensity,Mahalanobis distance (cutoff = 1),9,0.8589065274341403,exp5,44.277319193382944,1.0407466922392306,NA,NA,38.030078472481556,1.7296527398394628,NA,5.6773953587571935,NA,-0.5696498078418847,1.1586649055086553,0.9076181587120896,0.9710948564085787,4.700231826178991e-24,-30.260720275648936,0.999999999999778,5.6773953587571935,NA,38.030078472481556,1.2600755964171308,1.9104537077279495,2.9482178655779614,0.7894007347492511,0.7894007347492511,0.9407538362860248,11.1111111111111|11.1111111111111|11.1111111111111|3.7037037037037|3.7037037037037|3.7037037037037|1.23456790123457|1.23456790123457|1.23456790123457|0.411522633744856|0.411522633744856|0.411522633744856|0.137174211248285|0.137174211248285|0.137174211248285|0.0316227766016838|0.0316227766016838|0.0316227766016838|0.01|0.01|0.01|0.00316227766016838|0.00316227766016838|0.00316227766016838,37.431917154048|33.398589826203|33.9522741025609|13.1783644447589|10.8603154813661|9.8912189764004|2.23202172065821|1.79183927986589|0.430779193897942|0.570509380154173|0.393468420855448|0.423471140628952|0.498093897951568|0.117368192422887|0.804458009850613|0.0948934428453336|0.394263545282495|-0.12821598159556|0.398363551137056|0.76932790711258|0.320971355831503|1.50144175610655|-0.168419070624335|-0.00644024025273338,dt4,Definitive_rep1
Tetrandrine,Cytoplasm_AGP_Intensity,Mahalanobis distance (cutoff = 1),10,0.8589065274341403,hill,65.31225503990603,1.7129718660028823,NA,NA,56.097122175218615,3.0724976089312688,NA,3.004384204819056,NA,-0.6815096496988697,1.1586649055086553,0.8454168636032726,0.8659376342186463,2.9704926324282696e-32,-30.27090270574665,1,3.004384204819056,NA,56.097122175218615,1.1522904118139787,1.4695350903659703,1.9133928227852388,0.774842651904116,0.774842651904116,0.8556524594130229,11.1111111111111|11.1111111111111|11.1111111111111|3.7037037037037|3.7037037037037|3.7037037037037|1.23456790123457|1.23456790123457|1.23456790123457|0.411522633744856|0.411522633744856|0.411522633744856|0.137174211248285|0.137174211248285|0.137174211248285|0.0316227766016838|0.0316227766016838|0.0316227766016838|0.01|0.01|0.01|0.00316227766016838|0.00316227766016838|0.00316227766016838,54.6707168345061|55.3652302935447|63.0065522665043|36.5038275562662|36.755837030376|37.0354753345995|3.62615101478983|3.75957950924719|1.66469276340251|-0.448108231790563|0.330608271813157|-0.619591806859164|0.233629809274006|-0.403120232738155|0.295140489338748|1.3446895006425|0.296801326764787|0.472932290009946|-0.634437602291817|0.383690981907245|0.0540995363642306|-0.206890475082428|0.453013628499799|-0.455194788270182,dt4,Definitive_rep1
Tetrandrine,Cytoplasm_ER_Intensity,Mahalanobis distance (cutoff = 1),18,0.8589065274341403,poly1,14.057344203064861,1.7719697210950691,1.0866550224960805,NA,NA,NA,NA,NA,NA,0.12864294315006652,1.1586649055086553,0.9569117042319416,1.1798099923499588,5.74816929760166e-11,-44.258475547105945,0.9999999875655916,5.55555555555555,NA,12.073944694400883,0.5555555555555551,1.1111111111111103,2.2222222222222205,0.7904132495161208,0.7904132495161208,1.066267473597247,11.1111111111111|11.1111111111111|11.1111111111111|3.7037037037037|3.7037037037037|3.7037037037037|1.23456790123457|1.23456790123457|1.23456790123457|0.411522633744856|0.411522633744856|0.411522633744856|0.137174211248285|0.137174211248285|0.137174211248285|0.0316227766016838|0.0316227766016838|0.0316227766016838|0.01|0.01|0.01|0.00316227766016838|0.00316227766016838|0.00316227766016838,18.6856253714825|11.8918560943472|11.4301204886615|4.34923450242728|4.12722817296624|2.87825713656347|3.29814643598073|2.94099159439478|1.17818749700109|0.0366746958167045|1.46685428002999|-0.257002825153226|0.0699983539499022|0.912345829004135|0.508737210685922|1.18081610265344|1.96511523233558|1.35537480312779|0.533877941573496|2.3839823942501|1.36387779719327|2.2547047630531|0.978378515708058|0.6260357023211,dt4,Definitive_rep1
Tetrandrine,Cytoplasm_Mito_Profile,Mahalanobis distance (cutoff = 1),17,0.8589065274341403,poly1,35.092817532425876,2.153459251911416,2.7127305040190266,NA,NA,NA,NA,NA,NA,0.5095703826011612,1.1586649055086553,0.40069791675700295,0.4783745060026044,1.6659750588703827e-14,-52.12379494983953,0.99999999985524,5.55555555555555,NA,30.141450044655823,0.5555555555555551,1.1111111111111103,2.2222222222222205,0.31662066178768344,0.31662066178768344,0.427121272751585,11.1111111111111|11.1111111111111|11.1111111111111|3.7037037037037|3.7037037037037|3.7037037037037|1.23456790123457|1.23456790123457|1.23456790123457|0.411522633744856|0.411522633744856|0.411522633744856|0.137174211248285|0.137174211248285|0.137174211248285|0.0316227766016838|0.0316227766016838|0.0316227766016838|0.01|0.01|0.01|0.00316227766016838|0.00316227766016838|0.00316227766016838,32.3013794853546|30.8148800832871|24.0076602490843|11.3215883046262|7.94776712718215|7.25036487903032|4.03239959451362|3.75379062374725|-0.00640495794384188|1.42346902459987|0.716286875008895|-0.011863700697201|2.88930697999928|-0.3545008843464|-0.303546527737763|2.00498283821526|1.44437228109658|0.320286264589609|1.0178165544526|1.45946226723432|0.880312013567167|4.0476050904446|2.85162370584504|-0.462548614848859,dt4,Definitive_rep1
Tetrandrine,Cytoplasm_AGP_Profile,Mahalanobis distance (cutoff = 1),18,0.8589065274341403,exp5,84.59199729470127,1.5751141996824294,NA,NA,72.65661864511006,3.4227159928110815,NA,3.1420302318731235,NA,0.11966531338237815,1.1586649055086553,1.0311118264403878,1.0662889096680732,1.6904081600059786e-29,-43.714365619781844,0.9999999999999994,3.1420302318731235,NA,72.65661864511006,1.4683842612988514,1.8120732612475996,2.2562874026219477,0.958009930417914,0.958009930417914,1.0462123632128821,11.1111111111111|11.1111111111111|11.1111111111111|3.7037037037037|3.7037037037037|3.7037037037037|1.23456790123457|1.23456790123457|1.23456790123457|0.411522633744856|0.411522633744856|0.411522633744856|0.137174211248285|0.137174211248285|0.137174211248285|0.0316227766016838|0.0316227766016838|0.0316227766016838|0.01|0.01|0.01|0.00316227766016838|0.00316227766016838|0.00316227766016838,69.5828124543859|72.6401967078228|75.5835321429827|46.522553960939|51.2410464054882|52.07206316476|2.09609179740834|2.22086817767636|1.63073057490546|1.34443637430076|1.14406164264955|0.898453958879502|2.40400611650239|1.74187099568262|1.40117346267394|1.20309486020002|0.506175801973971|1.01373841918897|0.155679167707774|1.01442102240652|-0.197106179033814|0.853291616845921|0.0395777143373526|-0.436117063693391,dt4,Definitive_rep1
Tetrandrine,Cytoplasm_ER_Profile,Mahalanobis distance (cutoff = 1),20,0.8589065274341403,poly1,23.022659787911017,2.9247868221785045,1.7796881493659065,NA,NA,NA,NA,NA,NA,0.5765817112825843,1.1586649055086553,0.584007565761839,0.7273321779267656,6.184812065552201e-11,-56.09424613279272,0.999999998702679,5.555555555555549,NA,19.774312770732273,0.555555555555555,1.11111111111111,2.22222222222222,0.48261630990809495,0.48261630990809495,0.6510494020660201,11.1111111111111|11.1111111111111|11.1111111111111|3.7037037037037|3.7037037037037|3.7037037037037|1.23456790123457|1.23456790123457|1.23456790123457|0.411522633744856|0.411522633744856|0.411522633744856|0.137174211248285|0.137174211248285|0.137174211248285|0.0316227766016838|0.0316227766016838|0.0316227766016838|0.01|0.01|0.01|0.00316227766016838|0.00316227766016838|0.00316227766016838,17.7825710354109|20.3784317142933|30.2063413839422|6.74792008746405|5.85639970886148|5.64282358154152|5.15374333969158|1.62153806379293|2.37564059538993|1.66154742722972|1.70155145545545|2.27187259833722|0.730843239875842|1.93820716973858|5.32270858852087|0.39591864374786|0.668191198006804|1.12096697952367|3.86825556316267|4.64668430308002|1.05622543740437|2.02057159869572|0.701552683255788|2.24314479247605,dt4,Definitive_rep1
Tetrandrine,Cytoplasm_DNA_Profile,Mahalanobis distance (cutoff = 1),9,0.8589065274341403,pow,36.185652283642256,0.9555510230008257,0.42527960091533573,NA,NA,1.7822561865492625,NA,NA,NA,-0.4593478756375864,1.1586649055086553,1.7212100471236422,1.7916535860053324,2.7923597266855745e-20,-30.72592226466007,0.9999999996543906,7.531016595320858,NA,31.08009294588244,2.06903120417372,3.0526072158988184,4.503755572057163,1.4834866886751759,1.4834866886751759,1.7548161063873668,11.1111111111111|11.1111111111111|11.1111111111111|3.7037037037037|3.7037037037037|3.7037037037037|1.23456790123457|1.23456790123457|1.23456790123457|0.411522633744856|0.411522633744856|0.411522633744856|0.137174211248285|0.137174211248285|0.137174211248285|0.0316227766016838|0.0316227766016838|0.0316227766016838|0.01|0.01|0.01|0.00316227766016838|0.00316227766016838|0.00316227766016838,30.8902822103884|28.0812251948801|32.3851434286917|3.52879894045178|5.96133016389286|4.49092616598146|0.897129756215824|-0.0542930757081116|0.178396152076822|0.421435865725047|-0.191203117747761|1.41706705588455|0.434651288838806|0.0288771426699355|1.98049278619581|-0.238284910190413|-0.342342785838615|-0.38141751234866|0.494873526179938|0.657009606519972|-0.110856417014266|0.427534558240229|-0.159612047459665|-0.0490323671716727,dt4,Definitive_rep1
Tetrandrine,Membrane_AGP_Texture,Mahalanobis distance (cutoff = 1),11,0.8589065274341403,exp5,72.97359739180422,1.8431974082758869,NA,NA,62.677499130171604,2.2090929053337476,NA,3.3620000861473764,NA,-0.4950076397933808,1.1586649055086553,0.6449074706940866,0.6634522767573077,6.596603785591592e-30,-36.78872111985196,1,3.3620000861473764,NA,62.677499130171604,1.034497183369471,1.4329900874242947,2.012670694132987,0.5709514037328783,0.5709514037328783,0.6545287794127777,11.1111111111111|11.1111111111111|11.1111111111111|3.7037037037037|3.7037037037037|3.7037037037037|1.23456790123457|1.23456790123457|1.23456790123457|0.411522633744856|0.411522633744856|0.411522633744856|0.137174211248285|0.137174211248285|0.137174211248285|0.0316227766016838|0.0316227766016838|0.0316227766016838|0.01|0.01|0.01|0.00316227766016838|0.00316227766016838|0.00316227766016838,62.6916084831919|62.8964879516654|56.588069708676|35.7467699118456|42.2541600356533|36.2234039541398|3.80268502416663|4.65824156808251|5.03596746241476|0.466575459452709|-0.0971898517217814|1.24705659835582|0.35286102104955|0.492302473791408|1.60192033439496|-0.682449306926724|-0.0287384649299991|0.605873097033731|-0.420704273184309|0.219894720376885|-0.0849124885714841|0.850391060437784|-0.0134500061274213|-0.51767719869645,dt4,Definitive_rep1
Tetrandrine,Membrane_AGP_Intensity,Mahalanobis distance (cutoff = 1),22,0.8589065274341403,exp5,60.575006693564035,2.8357474721087383,NA,NA,52.02826864846889,2.4521813376695407,NA,2.8512122936709687,NA,0.8901564460858771,1.1586649055086553,0.6636302539132938,0.7475934169851827,5.547029521722892e-19,-60.11061687424218,0.9999999999998832,2.8512122936709687,NA,52.02826864846889,0.9860602095032293,1.322479120712136,1.7959470804639333,0.6231511214472615,0.6231511214472615,0.7049054381826264,11.1111111111111|11.1111111111111|11.1111111111111|3.7037037037037|3.7037037037037|3.7037037037037|1.23456790123457|1.23456790123457|1.23456790123457|0.411522633744856|0.411522633744856|0.411522633744856|0.137174211248285|0.137174211248285|0.137174211248285|0.0316227766016838|0.0316227766016838|0.0316227766016838|0.01|0.01|0.01|0.00316227766016838|0.00316227766016838|0.00316227766016838,45.5513843547361|52.4168133027309|54.4496069922688|38.1455344816958|40.8517561631101|35.2282592724228|6.01316269894503|4.83736074367034|1.60865777631127|0.511338817489534|2.48647217394525|-0.287545996396462|1.39298374461091|1.61298580609427|1.90813294144959|3.89088934442763|2.17453020139957|2.00972852435331|1.10889902590164|4.61696908598341|4.58058448148837|5.09551672613675|2.26989191520831|2.63322811247746,dt4,Definitive_rep1
Tetrandrine,Nucleus_RNA_Profile,Mahalanobis distance (cutoff = 1),19,0.8589065274341403,pow,5.200960411954426,2.465596359789196,2.1692125828277495,NA,NA,0.3000000853098177,NA,NA,NA,0.6261779406640349,1.1586649055086553,0.04582795400194671,0.5035234591215212,0.003026692521204159,-55.402078172335884,0.9968584561686101,1.1023625659240208,NA,4.467138846754212,5.116724944283828e-4,0.005157332182563415,0.051982616871009406,0.04558406058093656,0.04558406058093656,0.12364770257617719,11.1111111111111|11.1111111111111|11.1111111111111|3.7037037037037|3.7037037037037|3.7037037037037|1.23456790123457|1.23456790123457|1.23456790123457|0.411522633744856|0.411522633744856|0.411522633744856|0.137174211248285|0.137174211248285|0.137174211248285|0.0316227766016838|0.0316227766016838|0.0316227766016838|0.01|0.01|0.01|0.00316227766016838|0.00316227766016838|0.00316227766016838,9.77801481337819|5.55762255942354|4.58441628908876|0.203852798541851|0.503974031475952|0.163319396693791|2.3262993068833|1.95866095179742|1.67652248000545|0.941250372007221|1.26256349678885|2.46289837136517|0.979969471852541|1.54891330165371|5.45552797382265|2.32395011130087|2.43809420126801|0.238917957965336|0.476191160876686|6.61984443456365|2.26756787203497|4.43936388851161|3.10574643513618|1.5869906628009,dt4,Definitive_rep1
Tetrandrine,Nucleus_RNA_Radial,Mahalanobis distance (cutoff = 1),6,0.8589065274341403,pow,2.5646462135264465,0.9151523281105975,8.972890773149143e-6,NA,NA,5.154197827453304,NA,NA,NA,-0.7785036814061758,1.1586649055086553,9.435371490642426,10.306228235020876,3.009608025262665e-4,-24.88073081599111,0.9986138958538721,9.712983941026545,NA,2.2027913733571167,6.213496509560988,7.1078929529185,8.131032527725376,9.255488975173506,9.255488975173506,9.808979927627007,11.1111111111111|11.1111111111111|11.1111111111111|3.7037037037037|3.7037037037037|3.7037037037037|1.23456790123457|1.23456790123457|1.23456790123457|0.411522633744856|0.411522633744856|0.411522633744856|0.137174211248285|0.137174211248285|0.137174211248285|0.0316227766016838|0.0316227766016838|0.0316227766016838|0.01|0.01|0.01|0.00316227766016838|0.00316227766016838|0.00316227766016838,2.62585868956942|1.72307782747504|2.23129452771321|-0.223050432117544|-0.101464775424402|0.364754262481621|-0.591310536191639|-0.0185439488973949|-0.161201560677639|-0.363301261144909|0.149769922865697|-0.051508253904895|0.657771394539233|0.108187564792857|0.703502431511948|-0.0916153708573457|0.117460446041995|-0.201211669752251|3.70614630501472|1.35496081360421|0.46452913146799|1.24102329392681|0.131372819911989|0.786028118800661,dt4,Definitive_rep1
Tetrandrine,Nucleus_RNA_Compactness,Mahalanobis distance (cutoff = 1),20,0.8589065274341403,poly1,7.895921622747912,2.6229308371011846,0.6103672759697902,NA,NA,NA,NA,NA,NA,0.6346894671071992,1.1586649055086553,1.5422643172421064,2.5117264431526967,3.1079475206281104e-4,-55.94739540476738,0.9996829150339983,5.55555555555555,NA,6.781858621886552,0.555555555555555,1.11111111111111,2.22222222222222,1.4071962263531497,1.4071962263531497,1.898307709350399,11.1111111111111|11.1111111111111|11.1111111111111|3.7037037037037|3.7037037037037|3.7037037037037|1.23456790123457|1.23456790123457|1.23456790123457|0.411522633744856|0.411522633744856|0.411522633744856|0.137174211248285|0.137174211248285|0.137174211248285|0.0316227766016838|0.0316227766016838|0.0316227766016838|0.01|0.01|0.01|0.00316227766016838|0.00316227766016838|0.00316227766016838,7.09693883285659|7.03319515607147|7.15695880856479|0.856624871886928|1.05673290730739|1.02904722927873|0.279952575779024|2.67060315504709|0.615808245733032|-0.311707100502505|1.01951667973454|0.96447691060833|2.15930816873625|1.69478705675336|3.59357799477995|2.44061053123487|1.22666301979265|1.03211085190558|7.85283754355593|5.29876407484923|3.39125101618904|2.26476758652464|4.41737933170348|1.14708480275077,dt4,Definitive_rep1
Tetrandrine,Cell_Mito_Radial,Mahalanobis distance (cutoff = 1),17,0.8589065274341403,exp3,11.28510905600338,1.530295272606169,0.7230675583768458,0.4220512793370701,NA,0.3000007743902242,NA,NA,NA,0.14710640092619548,1.1586649055086553,0.32235821266542974,0.4182289217794845,4.9742755903480676e-9,-43.81656247531561,0.9999999556748703,4.555830140973793,NA,9.692853831007433,0.04560710724847084,0.24588371769816766,1.0203010173229021,0.18668183200099536,0.18668183200099536,0.36383081081264196,11.1111111111111|11.1111111111111|11.1111111111111|3.7037037037037|3.7037037037037|3.7037037037037|1.23456790123457|1.23456790123457|1.23456790123457|0.411522633744856|0.411522633744856|0.411522633744856|0.137174211248285|0.137174211248285|0.137174211248285|0.0316227766016838|0.0316227766016838|0.0316227766016838|0.01|0.01|0.01|0.00316227766016838|0.00316227766016838|0.00316227766016838,9.32760182360563|9.44685430798352|10.6718516966379|5.91347319268105|2.95222612481916|3.11184556482175|2.77028247511206|3.02918224112613|-0.0518776073284207|0.604783223608603|1.14559855622335|-0.0437162887886183|0.742008684152589|0.731205016896939|1.20696884252862|1.47016872332844|3.26055091577984|1.23622083031387|1.24453598521683|4.43107186976227|2.36999970250106|3.13975411022132|0.275451266203833|0.397483623142268,dt4,Definitive_rep1
Tetrandrine,Cell_Mito_Axial,Mahalanobis distance (cutoff = 1),10,0.8589065274341403,pow,5.8816545940534635,0.9700757516940719,2.338679005837137e-6,NA,NA,6.057307607118714,NA,NA,NA,-0.32982459220449983,1.1586649055086553,8.484782986776414,8.99708329101181,4.199615792068926e-6,-32.40261681931034,0.9998817568866942,9.909699699156679,NA,5.051791522945519,6.775957052013874,7.59744633789963,8.518529620861344,8.293176938482786,8.293176938482786,8.713338469374813,11.1111111111111|11.1111111111111|11.1111111111111|3.7037037037037|3.7037037037037|3.7037037037037|1.23456790123457|1.23456790123457|1.23456790123457|0.411522633744856|0.411522633744856|0.411522633744856|0.137174211248285|0.137174211248285|0.137174211248285|0.0316227766016838|0.0316227766016838|0.0316227766016838|0.01|0.01|0.01|0.00316227766016838|0.00316227766016838|0.00316227766016838,5.06796072388968|4.025623826598|6.02446083698177|-0.372155807686931|-0.00993918192444232|0.247530763431926|1.96724783634349|0.457537958470607|-0.708695779013954|1.46050469201418|-0.0513109485887355|-0.707404808986313|-0.474775857211882|0.05750070156457|0.24131047371803|-0.350334761496938|0.947403185793109|-0.0305927646782621|0.377480785369294|2.88948855829078|1.27627856880207|0.919307984754669|-0.357052936639656|0.874601659091999,dt4,Definitive_rep1
Tetrandrine,Cell_Mito_Compactness,Mahalanobis distance (cutoff = 1),13,0.8589065274341403,pow,3.2911481546264802,0.7687128171034369,1.3726697163534585,NA,NA,0.30000003502265005,NA,NA,NA,-0.5850931004958824,1.1586649055086553,0.31646937890329246,1.1001301968451944,3.245249219216895e-8,-26.62515167458072,0.9999829140052621,1.1023621389864977,NA,2.826788632761509,5.116716379642147e-4,0.005157325547348316,0.05198257012477174,0.20953966663211898,0.20953966663211898,0.5683807537375059,11.1111111111111|11.1111111111111|11.1111111111111|3.7037037037037|3.7037037037037|3.7037037037037|1.23456790123457|1.23456790123457|1.23456790123457|0.411522633744856|0.411522633744856|0.411522633744856|0.137174211248285|0.137174211248285|0.137174211248285|0.0316227766016838|0.0316227766016838|0.0316227766016838|0.01|0.01|0.01|0.00316227766016838|0.00316227766016838|0.00316227766016838,1.65566065229493|2.83755660975977|4.19961884118622|4.33014325891073|1.99923204211275|1.6971974322025|1.95667086024761|1.13105713131332|0.0893398048733769|0.224878596642587|0.692244100737163|1.79139017329198|0.806016536966256|1.43052388150877|0.78838545028188|0.877090109980834|0.708248149880644|0.581991312077075|0.131848527483409|-0.028729831965524|0.312233601852683|0.902549099041134|0.392725845327435|1.03577110418739,dt4,Definitive_rep1
Tetrandrine,Cell_AGP_Radial,Mahalanobis distance (cutoff = 1),21,0.8589065274341403,pow,25.57205085161159,3.526314122749935,5.864164886103264,NA,NA,0.5484113618220363,NA,NA,NA,0.946515961472737,1.1586649055086553,0.04237475986777639,0.06393516309705685,1.7964194926125413e-10,-63.55090343417004,0.9999999996366347,3.1393860775920683,NA,21.96400139632696,0.04714069707487724,0.16684329678111406,0.5905022073936609,0.030114050358977983,0.030114050358977983,0.05198036162569518,11.1111111111111|11.1111111111111|11.1111111111111|3.7037037037037|3.7037037037037|3.7037037037037|1.23456790123457|1.23456790123457|1.23456790123457|0.411522633744856|0.411522633744856|0.411522633744856|0.137174211248285|0.137174211248285|0.137174211248285|0.0316227766016838|0.0316227766016838|0.0316227766016838|0.01|0.01|0.01|0.00316227766016838|0.00316227766016838|0.00316227766016838,21.4955103814987|19.9542412420626|30.6042787524758|12.8067512008522|13.7999589916234|12.2949275975112|5.05474478130556|4.75628743473|0.639429919608473|3.17024398228169|3.75793407704352|0.0129183216522719|1.63730856974777|4.22466162829181|3.13461350524296|2.2418304327449|6.91593442076862|2.47361885577862|0.809810382214542|8.58017048571386|3.95695473252852|5.78913385708942|1.31247556012651|2.34388390624929,dt4,Definitive_rep1
Tetrandrine,Cell_AGP_Axial,Mahalanobis distance (cutoff = 1),10,0.8589065274341403,exp4,7.608837887006297,0.8781409808546525,NA,NA,6.535280527337901,NA,NA,4.711412008696975,NA,-0.32751273957007676,1.1586649055086553,1.0126944099443032,1.7849732594650145,1.0297441114097754e-8,-31.38631124334428,0.9999965887084857,4.711412008696975,NA,6.535280527337901,0.34864722806476917,0.7161491998160967,1.516735892189258,0.9577335602677568,0.9577335602677568,1.3265019575057548,11.1111111111111|11.1111111111111|11.1111111111111|3.7037037037037|3.7037037037037|3.7037037037037|1.23456790123457|1.23456790123457|1.23456790123457|0.411522633744856|0.411522633744856|0.411522633744856|0.137174211248285|0.137174211248285|0.137174211248285|0.0316227766016838|0.0316227766016838|0.0316227766016838|0.01|0.01|0.01|0.00316227766016838|0.00316227766016838|0.00316227766016838,5.44606710914607|4.06417935123498|6.40419889426484|1.64063305889368|2.88564841950815|3.32738221317349|2.80721201995667|1.30436166914807|-0.0609569409486185|0.533562754517548|0.0708691407274823|-0.762997728498383|-0.526505873903784|-0.120204873520728|-0.374941479288907|-0.420596538938313|0.961999974220431|-0.419542276658662|0.704705160230996|2.25854606250084|0.254100525521176|0.590801424000725|-0.593465892313431|0.260597027967427,dt4,Definitive_rep1
Tetrandrine,Cell_AGP_Compactness,Mahalanobis distance (cutoff = 1),23,0.8589065274341403,exp5,33.46868083884641,2.5308775621948993,NA,NA,28.746468437095118,2.7834760931908704,NA,1.8814884783536414,NA,0.7156771916085893,1.1586649055086553,0.6047901554829108,0.7811957969822338,1.8098212046437552e-16,-56.442238978705696,0.9999999999998396,1.8814884783536414,NA,28.746468437095118,0.7383453990408995,0.9562499008600365,1.2521533982921778,0.6113660396437465,0.6113660396437465,0.6820997026557585,11.1111111111111|11.1111111111111|11.1111111111111|3.7037037037037|3.7037037037037|3.7037037037037|1.23456790123457|1.23456790123457|1.23456790123457|0.411522633744856|0.411522633744856|0.411522633744856|0.137174211248285|0.137174211248285|0.137174211248285|0.0316227766016838|0.0316227766016838|0.0316227766016838|0.01|0.01|0.01|0.00316227766016838|0.00316227766016838|0.00316227766016838,29.0171402288592|25.452131779429|29.8012021076427|26.7058554228069|29.2879404499412|30.168367358162|6.06473492488141|5.98853822166254|3.99056195382939|1.83207810146703|3.07201396687323|0.353263158203386|1.17114569096393|1.96926509582936|3.6976099672418|2.20907739960522|3.57794342476853|0.943078133415828|1.69519189430074|2.73322141442547|2.54057338458374|7.3321688901769|0.876420811791764|3.6511595845781,dt4,Definitive_rep1
Tetrandrine,Cell_ER_Axial,Mahalanobis distance (cutoff = 1),12,0.8589065274341403,exp2,7.1818977880700805,1.6965017365520592,0.2383881052395496,3.3759637575511157,NA,NA,NA,NA,NA,0.16027864479921147,1.1586649055086553,5.65289890012754,6.523651313546237,2.3282078360923296e-4,-44.84789601841755,0.9997569649667237,8.89440252545351,NA,6.168578889538206,2.8027732036326194,4.312756903094665,6.1461034921981215,5.15409387762304,5.15409387762304,5.969447529512106,11.1111111111111|11.1111111111111|11.1111111111111|3.7037037037037|3.7037037037037|3.7037037037037|1.23456790123457|1.23456790123457|1.23456790123457|0.411522633744856|0.411522633744856|0.411522633744856|0.137174211248285|0.137174211248285|0.137174211248285|0.0316227766016838|0.0316227766016838|0.0316227766016838|0.01|0.01|0.01|0.00316227766016838|0.00316227766016838|0.00316227766016838,7.04591749029662|3.9440956376189|6.59539542612595|-0.136068890674901|0.207182346586526|0.573112111253549|2.67189164512095|2.23021079057021|-0.0506146000463966|2.05470639214463|0.331694879544399|-0.402612991923727|-0.228419691092514|0.510832794877152|0.68896855478869|-0.0973266553081296|1.75986265540834|1.15169267497793|0.193167744967006|5.61586338743565|1.61245451065644|2.53609841882902|1.11041312006711|0.447459204553369,dt4,Definitive_rep1
Tetrandrine,Cell_ER_Compactness,Mahalanobis distance (cutoff = 1),24,0.8589065274341403,pow,17.65167477953704,3.199157460465515,5.995675766369541,NA,NA,0.3852649252687055,NA,NA,NA,0.8720145720193107,1.1586649055086553,0.009827240735258782,0.02109432644357503,2.1043251122426776e-9,-60.95199670570832,0.9999999976792839,1.8382266767778295,NA,15.161138688288952,0.004664257906050047,0.028192979951658124,0.1704116999027001,0.006450292095710197,0.006450292095710197,0.014029446734775101,11.1111111111111|11.1111111111111|11.1111111111111|3.7037037037037|3.7037037037037|3.7037037037037|1.23456790123457|1.23456790123457|1.23456790123457|0.411522633744856|0.411522633744856|0.411522633744856|0.137174211248285|0.137174211248285|0.137174211248285|0.0316227766016838|0.0316227766016838|0.0316227766016838|0.01|0.01|0.01|0.00316227766016838|0.00316227766016838|0.00316227766016838,25.3802595280501|13.4307359828424|16.5862102014807|12.6896724934808|9.87550283576791|5.25074204732657|2.86712223908278|6.53318467111849|6.33298347839768|2.03276961505843|2.74877890719923|2.08814772723787|1.8784129297432|5.07168035402349|2.73426201729014|2.81203391469613|3.50781389354345|1.46158197026594|5.7643580707779|3.21121201117935|2.0025978561498|5.18547906336284|4.24955828383428|3.55088490145807,dt4,Definitive_rep1
Fluphenazine,NA_Position_Position,Mahalanobis distance (cutoff = 1),22,0.8589065274341403,exp2,11.955001203939167,3.1039793539274227,2.292974907193266,6.533015871413172,NA,NA,NA,NA,NA,0.4056856158479184,1.1586649055086553,2.506959124342436,2.890313895238788,2.522686964203287e-6,-54.04856996691283,0.9999974663719416,7.678148745620994,NA,10.268228569546357,1.3199801357753826,2.4175673883014195,4.178181244986941,2.078475698853515,2.078475698853515,2.6719993465704834,11.1111111111111|11.1111111111111|11.1111111111111|3.7037037037037|3.7037037037037|3.7037037037037|1.23456790123457|1.23456790123457|1.23456790123457|0.411522633744856|0.411522633744856|0.411522633744856|0.137174211248285|0.137174211248285|0.137174211248285|0.0316227766016838|0.0316227766016838|0.0316227766016838|0.01|0.01|0.01|0.00316227766016838|0.00316227766016838|0.00316227766016838,11.3431554279507|10.4420148457407|8.99267615309296|1.21473750263454|1.16958568914162|1.67108826398243|1.22769468733584|0.942700283763396|1.48093331700196|0.806744857910975|1.50137557788367|0.71339638218592|1.84925210568555|1.38248100844019|0.942358837493576|1.25558996073212|2.0785444095611|1.47021124995597|2.07115758435787|1.27472207673352|1.7410579225226|10.1188459701888|1.98032787167681|9.71996857273135,dt4,Definitive_rep1
Fluphenazine,Ring_Mito_Texture,Mahalanobis distance (cutoff = 1),14,0.8589065274341403,poly1,4.823688017011783,1.906447253648825,0.3728787411705542,NA,NA,NA,NA,NA,NA,0.4453853121889296,1.1586649055086553,2.1303152986311544,5.697686202039043,0.014042256372418283,-50.036461029266924,0.9833570920993657,5.55555555555555,NA,4.143097124117265,0.5555555555555551,1.1111111111111103,2.2222222222222205,2.303447294253972,2.303447294253972,3.1073503999486087,11.1111111111111|11.1111111111111|11.1111111111111|3.7037037037037|3.7037037037037|3.7037037037037|1.23456790123457|1.23456790123457|1.23456790123457|0.411522633744856|0.411522633744856|0.411522633744856|0.137174211248285|0.137174211248285|0.137174211248285|0.0316227766016838|0.0316227766016838|0.0316227766016838|0.01|0.01|0.01|0.00316227766016838|0.00316227766016838|0.00316227766016838,7.22034720456912|4.57862720012548|2.18994718961771|-0.154548127851699|1.65323970153175|-0.188323132753442|-0.57611571838925|-0.0485707484234301|1.633826905948|1.7680324314962|1.27332348298744|2.47760918737838|3.10170302888547|1.42138597265563|4.71458187974348|0.0580051980858146|1.51949399296749|3.4518657274532|0.00548476829450284|0.0172031079780581|2.9284954213844|-0.740032506834808|0.653863473495202|0.56397944150649,dt4,Definitive_rep1
Fluphenazine,Ring_AGP_Texture,Mahalanobis distance (cutoff = 1),11,0.8589065274341403,poly1,9.175334730703666,1.9278355969296401,0.70926794024351,NA,NA,NA,NA,NA,NA,0.24527346785977278,1.1586649055086553,1.3544355514769522,2.011384131348233,2.2158624165175586e-6,-47.35751685252926,0.9999868622021205,5.55555555555555,NA,7.880754891594548,0.555555555555555,1.11111111111111,2.22222222222222,1.2109761046569445,1.2109761046569445,1.6336067651822184,11.1111111111111|11.1111111111111|11.1111111111111|3.7037037037037|3.7037037037037|3.7037037037037|1.23456790123457|1.23456790123457|1.23456790123457|0.411522633744856|0.411522633744856|0.411522633744856|0.137174211248285|0.137174211248285|0.137174211248285|0.0316227766016838|0.0316227766016838|0.0316227766016838|0.01|0.01|0.01|0.00316227766016838|0.00316227766016838|0.00316227766016838,7.94128596271087|6.70941323819753|10.5234541235878|0.540013511761533|4.60287737044327|-0.232453670011694|0.731176301681684|0.453623509257147|2.08747916337175|-0.350633077759308|-0.332954365380228|1.98235691610856|-0.000462047019360812|1.289550909476|-0.472162804330571|0.211700152442661|6.47192046513453|3.59437872303192|0.418891480698333|1.09581325108815|-0.388464718429216|-0.391168798612662|1.12541630155696|0.0064148289362721,dt4,Definitive_rep1
Fluphenazine,Ring_AGP_Intensity,Mahalanobis distance (cutoff = 1),13,0.8589065274341403,exp4,1.4603444215467543,1.2373608607642665,NA,NA,1.2542993559685411,NA,NA,0.006498775632340786,NA,-0.20576204218663394,1.1586649055086553,0.006318868142654893,0.07305682853518305,2.2126600251592567e-4,-36.5101841807485,0.9587052119048107,0.006498775632340786,NA,1.2542993559685411,4.809131754658672e-4,9.8783399972111e-4,0.0020921384584198822,0.010823860930999721,0.010823860930999721,0.024131302311101496,11.1111111111111|11.1111111111111|11.1111111111111|3.7037037037037|3.7037037037037|3.7037037037037|1.23456790123457|1.23456790123457|1.23456790123457|0.411522633744856|0.411522633744856|0.411522633744856|0.137174211248285|0.137174211248285|0.137174211248285|0.0316227766016838|0.0316227766016838|0.0316227766016838|0.01|0.01|0.01|0.00316227766016838|0.00316227766016838|0.00316227766016838,4.62401762593082|0.958667532742965|1.08772877108508|0.566802214291239|4.96464378943088|-0.126380812199243|2.03975440765999|1.01938343217715|2.29576035070508|0.451443819913883|0.665300611881313|2.19593993177531|-0.29749048022754|1.46102437732615|0.61444373852426|1.79771690877997|1.44300079830267|1.97017907260944|0.461153649758778|1.66178293726296|0.16117284759904|0.0123537173352524|0.755275346503225|0.0251032053242067,dt4,Definitive_rep1
Fluphenazine,Cytoplasm_Mito_Texture,Mahalanobis distance (cutoff = 1),23,0.8589065274341403,poly1,16.468273166556493,2.9570137013162565,1.2730236586491497,NA,NA,NA,NA,NA,NA,0.988143901227327,1.1586649055086553,0.747775314998122,1.131204243316501,2.488316217286661e-6,-61.82089358057099,0.9999973704585953,5.55555555555555,NA,14.14470731832387,0.555555555555555,1.11111111111111,2.22222222222222,0.674698008633678,0.674698008633678,0.9101676136468316,11.1111111111111|11.1111111111111|11.1111111111111|3.7037037037037|3.7037037037037|3.7037037037037|1.23456790123457|1.23456790123457|1.23456790123457|0.411522633744856|0.411522633744856|0.411522633744856|0.137174211248285|0.137174211248285|0.137174211248285|0.0316227766016838|0.0316227766016838|0.0316227766016838|0.01|0.01|0.01|0.00316227766016838|0.00316227766016838|0.00316227766016838,19.9447183432014|12.5933620676847|13.8642182701481|2.68484380665999|4.31643521555715|1.64257683441482|1.7494907750066|1.78099653031448|2.66566140659695|4.04689507778027|3.3742958983114|2.96031138606556|4.51367898323677|2.97244619484022|5.33484058397721|2.54848864279409|3.35564283014348|3.80215863269362|3.33870864104681|1.98122724317463|3.67981699203485|0.701270599285459|2.28117284283464|3.6769734821986,dt4,Definitive_rep1
Fluphenazine,Cytoplasm_AGP_Texture,Mahalanobis distance (cutoff = 1),5,0.8589065274341403,exp2,9.011081610320453,1.7744682927966726,2.2535062143931833e-5,0.8716784016799741,NA,NA,NA,NA,NA,-0.6959025550603495,1.1586649055086553,9.400125381111042,9.509841727304766,3.0183557283967504e-9,-33.22212931159456,0.9999477066647963,10.506912222624054,NA,7.739676814345981,8.499844211631014,9.104020259183756,9.708208995922769,9.19478560655651,9.19478560655651,9.455728454467065,11.1111111111111|11.1111111111111|11.1111111111111|3.7037037037037|3.7037037037037|3.7037037037037|1.23456790123457|1.23456790123457|1.23456790123457|0.411522633744856|0.411522633744856|0.411522633744856|0.137174211248285|0.137174211248285|0.137174211248285|0.0316227766016838|0.0316227766016838|0.0316227766016838|0.01|0.01|0.01|0.00316227766016838|0.00316227766016838|0.00316227766016838,7.67331329546163|12.7967122661575|7.61393284759457|-0.352529190593243|6.76903666139761|-0.674667114623857|-0.325384643720279|-0.610148253440264|1.13126541062097|0.0983404183084932|-0.675518787187916|0.485793813130007|0.406964050261148|-0.225106122879386|-0.540458701882465|-0.222036780263122|0.186757931946388|-0.0925742025566518|0.241166636560407|-0.354088272332149|0.0695841536900714|-0.0993601563033|-0.357407920663622|0.45542284007256,dt4,Definitive_rep1
Fluphenazine,Cytoplasm_ER_Texture,Mahalanobis distance (cutoff = 1),19,0.8589065274341403,pow,4.537209079064161,2.003434381560028,1.8923744595688385,NA,NA,0.30000035436362527,NA,NA,NA,0.3975226401181327,1.1586649055086553,0.08109045742649514,0.6389409604746795,8.641936203664112e-4,-50.03862485506492,0.9990930701583165,1.1023648501883843,NA,3.8970384943416523,5.11677076828537e-4,0.0051573676833752795,0.051982866980059834,0.07185617605150049,0.07185617605150049,0.19491118211107736,11.1111111111111|11.1111111111111|11.1111111111111|3.7037037037037|3.7037037037037|3.7037037037037|1.23456790123457|1.23456790123457|1.23456790123457|0.411522633744856|0.411522633744856|0.411522633744856|0.137174211248285|0.137174211248285|0.137174211248285|0.0316227766016838|0.0316227766016838|0.0316227766016838|0.01|0.01|0.01|0.00316227766016838|0.00316227766016838|0.00316227766016838,6.95075500056221|4.64531954178221|3.66880383620078|0.452148856310069|2.5869018491352|0.0808096534752456|0.895877218636575|1.74199506655446|2.57920912592688|0.168951090854103|0.384820321230879|1.65522846478309|-0.250840631357614|2.57317773328822|1.65194007144397|1.0691654823047|5.09675718321949|2.73542555530086|2.11893418580837|1.31842827736891|1.05120900049503|1.76753719622451|5.97350546030727|2.06608916627512,dt4,Definitive_rep1
Fluphenazine,Cytoplasm_Mito_Intensity,Mahalanobis distance (cutoff = 1),23,0.8589065274341403,exp2,15.170935089386896,2.1663913522165927,3.8767118016160507,7.544475810381096,NA,NA,NA,NA,NA,0.5145264981240194,1.1586649055086553,1.7942059248293554,2.177814174776165,3.764751007286053e-7,-51.75354827621111,0.9999994934369756,7.4391639952867665,NA,13.030415175554047,1.171991913997526,2.1861636068922348,3.879100869519318,1.5098381047111658,1.5098381047111658,1.9728881239816245,11.1111111111111|11.1111111111111|11.1111111111111|3.7037037037037|3.7037037037037|3.7037037037037|1.23456790123457|1.23456790123457|1.23456790123457|0.411522633744856|0.411522633744856|0.411522633744856|0.137174211248285|0.137174211248285|0.137174211248285|0.0316227766016838|0.0316227766016838|0.0316227766016838|0.01|0.01|0.01|0.00316227766016838|0.00316227766016838|0.00316227766016838,20.2404325573672|10.8839110415484|13.3409380548001|2.1851288522942|2.36685027557102|1.39189034905729|1.20085491505932|1.13997835460308|1.53971499630428|1.88199428759457|1.81200433862171|1.68704605257399|2.13482484232931|1.62450306372662|2.57473129103219|1.89416019672143|1.71487081857692|2.24394770741577|2.14837090589889|1.37015001492316|2.3177075008405|0.453539962091701|1.81835367582925|2.54078431044581,dt4,Definitive_rep1
Fluphenazine,Cytoplasm_AGP_Intensity,Mahalanobis distance (cutoff = 1),16,0.8589065274341403,exp4,2.8949808635177066,1.362697460798868,NA,NA,2.4865179604722822,NA,NA,0.008087601619324265,NA,0.1087401615260954,1.1586649055086553,0.0030784995366129877,0.01671360448132371,1.190491207428669e-6,-41.8138539012261,0.9999965545713546,0.008087601619324265,NA,2.4865179604722822,5.984872223156275e-4,0.0012293404646884836,0.002603626181517007,0.0049445213070623915,0.0049445213070623915,0.007319533014374975,11.1111111111111|11.1111111111111|11.1111111111111|3.7037037037037|3.7037037037037|3.7037037037037|1.23456790123457|1.23456790123457|1.23456790123457|0.411522633744856|0.411522633744856|0.411522633744856|0.137174211248285|0.137174211248285|0.137174211248285|0.0316227766016838|0.0316227766016838|0.0316227766016838|0.01|0.01|0.01|0.00316227766016838|0.00316227766016838|0.00316227766016838,6.10841073136712|3.24201984279439|3.72409029654493|0.504957463533502|1.79240832301086|0.112777319468006|3.5204824855726|2.05723144759017|3.49673614213813|1.35090585813789|1.77159294269192|3.72108937746262|-0.0209871990164224|2.76748255215065|1.36827877508083|2.48367832789961|3.16902906643454|3.77569259211092|0.471263318817187|2.49977548354221|0.563832546148667|0.0435344108880708|0.855964717164848|0.387549736932849,dt4,Definitive_rep1
Fluphenazine,Cytoplasm_ER_Intensity,Mahalanobis distance (cutoff = 1),19,0.8589065274341403,poly1,6.091681674586426,8.860277652027536,0.47089666380178985,NA,NA,NA,NA,NA,NA,0.5659061468892742,1.1586649055086553,1.8339590677809217,3.66272314504133,0.00280606279036367,-62.77565574364098,0.9970471490178436,5.555555555555551,NA,5.232185153353216,0.555555555555555,1.11111111111111,2.22222222222222,1.8239809144107078,1.8239809144107078,2.460550253540045,11.1111111111111|11.1111111111111|11.1111111111111|3.7037037037037|3.7037037037037|3.7037037037037|1.23456790123457|1.23456790123457|1.23456790123457|0.411522633744856|0.411522633744856|0.411522633744856|0.137174211248285|0.137174211248285|0.137174211248285|0.0316227766016838|0.0316227766016838|0.0316227766016838|0.01|0.01|0.01|0.00316227766016838|0.00316227766016838|0.00316227766016838,7.31385906409256|4.78982009441139|4.3198780154762|1.00860013681541|43.8485307173109|-0.15181054192494|1.74795835614759|1.2253331877129|1.46805770600259|0.208854961996751|1.29652839691731|1.10156430820551|-0.294064409880129|0.95728627355531|0.324959363073426|1.59624302247933|4.2845109096692|2.03654271241951|2.02420882182324|1.74835196113952|0.731057703205936|2.68046779408667|7.4253011343561|1.21657485646523,dt4,Definitive_rep1
Fluphenazine,Cytoplasm_ER_Profile,Mahalanobis distance (cutoff = 1),20,0.8589065274341403,pow,10.349754943191622,38.33419116208292,4.316662474792188,NA,NA,0.30000060341243745,NA,NA,NA,0.8123801575062369,1.1586649055086553,0.006698195027256798,0.02814662974101563,2.0118927717282813e-5,-74.0082799365516,0.9999793911412596,1.1023669646110874,NA,8.889472078051044,5.116813185421017e-4,0.005157400544751357,0.05198309849338974,0.004599007017723771,0.004599007017723771,0.01247487969780709,11.1111111111111|11.1111111111111|11.1111111111111|3.7037037037037|3.7037037037037|3.7037037037037|1.23456790123457|1.23456790123457|1.23456790123457|0.411522633744856|0.411522633744856|0.411522633744856|0.137174211248285|0.137174211248285|0.137174211248285|0.0316227766016838|0.0316227766016838|0.0316227766016838|0.01|0.01|0.01|0.00316227766016838|0.00316227766016838|0.00316227766016838,12.2903066811597|9.52629922460524|8.75926251991415|2.44754398979612|193.823298739578|0.710620323778117|3.20270812040802|3.46835476755845|6.27646548216561|0.606949158464943|2.49828736890606|4.3572115369666|0.853572149649448|5.39027871811085|3.20516415014094|1.67137555484375|4.45759871664679|3.28038699224018|1.03604686869167|3.62922019573366|1.64728197786488|1.12708871677162|6.47811710972226|0.417146699059046,dt4,Definitive_rep1
Fluphenazine,Cytoplasm_DNA_Profile,Mahalanobis distance (cutoff = 1),22,0.8589065274341403,pow,8.674208433390685,12.063739134437636,3.6178328363077603,NA,NA,0.30000001294080547,NA,NA,NA,0.5969441900254215,1.1586649055086553,0.011751855579126391,0.048349728505339924,9.738726625261881e-6,-65.78491843566519,0.9999901920970017,1.1023619515118772,NA,7.450334243763527,5.116712618783992e-4,0.005157322633728494,0.05198254959781058,0.00828561558227936,0.00828561558227936,0.02247490821872644,11.1111111111111|11.1111111111111|11.1111111111111|3.7037037037037|3.7037037037037|3.7037037037037|1.23456790123457|1.23456790123457|1.23456790123457|0.411522633744856|0.411522633744856|0.411522633744856|0.137174211248285|0.137174211248285|0.137174211248285|0.0316227766016838|0.0316227766016838|0.0316227766016838|0.01|0.01|0.01|0.00316227766016838|0.00316227766016838|0.00316227766016838,16.5700810079596|6.79486613241481|7.52207962034133|1.94922407847322|63.2155706683646|1.06981972897065|3.42938226424008|5.25153148679062|4.15328430833377|1.15975534617466|3.20469748234919|3.66598416726203|0.579187600436514|2.58902493800544|2.80785039893357|1.80777387721378|3.83211674354754|3.71199631047011|0.616778291666847|3.19821766965707|1.67561430552332|1.5524717611148|2.43702691311419|1.18510381818988,dt4,Definitive_rep1
Fluphenazine,Membrane_AGP_Texture,Mahalanobis distance (cutoff = 1),9,0.8589065274341403,exp2,8.71151213102346,1.5987340260766802,0.8907650356662029,4.9587600581243345,NA,NA,NA,NA,NA,-0.17357335993252507,1.1586649055086553,3.956905350830857,4.363648696474369,1.6337380899009166e-7,-39.84439338184129,0.9999922467774514,8.175274886238316,NA,7.482374633157747,1.7388131616016604,3.0236655298491613,4.888407481112982,3.3476722391776197,3.3476722391776197,4.131818743880528,11.1111111111111|11.1111111111111|11.1111111111111|3.7037037037037|3.7037037037037|3.7037037037037|1.23456790123457|1.23456790123457|1.23456790123457|0.411522633744856|0.411522633744856|0.411522633744856|0.137174211248285|0.137174211248285|0.137174211248285|0.0316227766016838|0.0316227766016838|0.0316227766016838|0.01|0.01|0.01|0.00316227766016838|0.00316227766016838|0.00316227766016838,7.78593750405216|7.99911388893796|6.41770019621047|-0.298455271398286|6.62017466153372|1.22940774558416|0.613749369645826|-0.0547623543430398|-0.0755633266644745|1.27553670412926|0.335712559189761|0.237581490318826|3.92476691914904|2.07381245298093|0.734545450766979|0.232952364321957|0.690891735686657|-0.44955568051224|-0.0967048595984382|-0.271133948076657|0.535457894157621|-0.468035857351852|1.77177043959742|-0.448104651859542,dt4,Definitive_rep1
Fluphenazine,Membrane_AGP_Intensity,Mahalanobis distance (cutoff = 1),15,0.8589065274341403,pow,4.453076819095936,1.4630905334699105,1.8572860174671644,NA,NA,0.3000000516794206,NA,NA,NA,0.2456201601954081,1.1586649055086553,0.08692491018805998,0.6960401456811309,3.313790889294327e-4,-44.499417474360456,0.9996325208609526,1.102362280402302,NA,3.824776747087158,5.116719216533034e-4,0.005157327745149974,0.05198258560866644,0.07648164833562762,0.07648164833562762,0.20745806852850937,11.1111111111111|11.1111111111111|11.1111111111111|3.7037037037037|3.7037037037037|3.7037037037037|1.23456790123457|1.23456790123457|1.23456790123457|0.411522633744856|0.411522633744856|0.411522633744856|0.137174211248285|0.137174211248285|0.137174211248285|0.0316227766016838|0.0316227766016838|0.0316227766016838|0.01|0.01|0.01|0.00316227766016838|0.00316227766016838|0.00316227766016838,5.86171238562169|4.40031963656046|2.92972367757859|0.319404694020774|0.368038838094373|0.0709942843184405|3.72577221497205|2.04631197536571|3.02062133019704|0.432000977784405|1.30767765541997|2.89074858568603|-0.595587932803363|2.23721222118918|0.618744168039917|1.56098724821661|3.04860782217295|3.21294368660846|0.224650942251972|1.57794694487957|-0.0193843607868769|0.949940392731819|1.20235392836724|0.553020018519012,dt4,Definitive_rep1
Fluphenazine,Nucleus_RNA_Compactness,Mahalanobis distance (cutoff = 1),15,0.8589065274341403,poly1,8.747834304708956,36.799137865019716,0.6762214786704142,NA,NA,NA,NA,NA,NA,0.4922379825913261,1.1586649055086553,1.3393276122637459,2.250844179778955,6.15111558148396e-5,-67.2399207014382,0.9999240039658468,5.55555555555555,NA,7.513571985226816,0.555555555555555,1.11111111111111,2.22222222222222,1.2701556435665446,1.2701556435665446,1.7134399631712687,11.1111111111111|11.1111111111111|11.1111111111111|3.7037037037037|3.7037037037037|3.7037037037037|1.23456790123457|1.23456790123457|1.23456790123457|0.411522633744856|0.411522633744856|0.411522633744856|0.137174211248285|0.137174211248285|0.137174211248285|0.0316227766016838|0.0316227766016838|0.0316227766016838|0.01|0.01|0.01|0.00316227766016838|0.00316227766016838|0.00316227766016838,11.8355704172566|7.45232649986102|6.41517416740649|1.00050924655865|182.59755342972|0.250417453462318|1.98887515444005|0.475166874837013|2.47696959719919|0.816397173837053|1.06853375638987|2.36100996194459|0.609554803857333|2.8633297747558|1.63247608990247|1.56296905650639|1.68851615925674|3.09471968428531|0.14947717779507|0.769750077277226|0.73268423369143|0.13632554247704|1.89307685009577|0.678273795437692,dt4,Definitive_rep1
Fluphenazine,Cell_DNA_Radial,Mahalanobis distance (cutoff = 1),16,0.8589065274341403,poly1,4.6802313368964885,20.754791954976856,0.36178931206459897,NA,NA,NA,NA,NA,NA,0.6154705449455098,1.1586649055086553,2.274966834125051,5.528816185008201,0.028129382279588493,-68.1121304911232,0.9694401127177047,5.55555555555555,NA,4.019881245162207,0.555555555555555,1.11111111111111,2.22222222222222,2.3740516891797485,2.3740516891797485,3.2025957287034807,11.1111111111111|11.1111111111111|11.1111111111111|3.7037037037037|3.7037037037037|3.7037037037037|1.23456790123457|1.23456790123457|1.23456790123457|0.411522633744856|0.411522633744856|0.411522633744856|0.137174211248285|0.137174211248285|0.137174211248285|0.0316227766016838|0.0316227766016838|0.0316227766016838|0.01|0.01|0.01|0.00316227766016838|0.00316227766016838|0.00316227766016838,5.06321573902613|4.15643541085822|3.47698468528017|-0.210233505605035|102.420741530302|-0.496764669382592|0.450197348294893|2.54526693488443|0.58877678941828|0.413392210380946|1.1277679333128|1.38349031160243|0.457641521156758|0.833327694120392|0.472317812799901|1.1991283204708|4.93553388968823|2.72201920294|1.40477583798984|1.55395177094982|2.14270296636654|1.33310087349975|7.38980873085232|2.74355607453634,dt4,Definitive_rep1
Fluphenazine,Cell_AGP_Compactness,Mahalanobis distance (cutoff = 1),13,0.8589065274341403,exp2,11.87997917010122,9.483435579747706,0.2689794665454972,3.034248465863495,NA,NA,NA,NA,NA,0.4407053315155586,1.1586649055086553,4.831182984163312,5.32013816755967,1.0766223880270794e-5,-61.12972644784483,0.9999862626346021,9.084877094039634,NA,10.20379165498156,3.2272053868761907,4.755471862158975,6.524405645236363,4.34948992877901,4.34948992877901,5.064603776468268,11.1111111111111|11.1111111111111|11.1111111111111|3.7037037037037|3.7037037037037|3.7037037037037|1.23456790123457|1.23456790123457|1.23456790123457|0.411522633744856|0.411522633744856|0.411522633744856|0.137174211248285|0.137174211248285|0.137174211248285|0.0316227766016838|0.0316227766016838|0.0316227766016838|0.01|0.01|0.01|0.00316227766016838|0.00316227766016838|0.00316227766016838,9.5033914355085|13.0741031039135|9.25021191269252|0.685986598516312|46.1070503613058|-0.0701627691550619|0.406669714739447|0.0595468892871476|0.610161180881917|1.08422665933111|0.209484550321798|1.51366721796871|1.20829706857034|0.276121094897275|0.408125005669349|0.586283325878297|0.814429760248104|0.639120697104951|1.98893304507892|1.15253516512736|2.22073910259397|2.76260135692907|6.75709133517802|3.33843700590243,dt4,Definitive_rep1
Fluphenazine,Cell_ER_Compactness,Mahalanobis distance (cutoff = 1),18,0.8589065274341403,pow,4.642706920495282,20.914811538822413,1.9363763207544684,NA,NA,0.30000015472828356,NA,NA,NA,0.3545862678857966,1.1586649055086553,0.07412391935586585,0.5771741296078364,5.322163677292402e-4,-62.984676691499104,0.9994429535449045,1.1023631552861,NA,3.987651278977054,5.116736767284821e-4,0.005157341342096465,0.05198268140147377,0.06655608084319421,0.06655608084319421,0.1805346975155751,11.1111111111111|11.1111111111111|11.1111111111111|3.7037037037037|3.7037037037037|3.7037037037037|1.23456790123457|1.23456790123457|1.23456790123457|0.411522633744856|0.411522633744856|0.411522633744856|0.137174211248285|0.137174211248285|0.137174211248285|0.0316227766016838|0.0316227766016838|0.0316227766016838|0.01|0.01|0.01|0.00316227766016838|0.00316227766016838|0.00316227766016838,10.6056481602324|4.97492398832917|3.61301200975075|1.61115488186444|104.960534335204|1.42219045439124|1.9144518077307|0.721952445918228|1.41534030346427|0.106292811395706|2.85594911942657|0.686153515454689|2.88967149905342|2.55627374900425|-0.216695427472501|1.58308461058543|2.25819941791415|1.61065276530953|0.943605936452145|1.48340962268116|0.341583040061096|1.27435853127829|2.94564500073311|0.465457948277865,dt4,Definitive_rep1
Berberine Chloride,NA_Position_Position,Mahalanobis distance (cutoff = 1),17,0.8589065274341403,exp2,11.235437693548448,2.1193647600332017,0.0038630145487884085,12.781700142670932,NA,NA,NA,NA,NA,0.5250298821237958,1.1586649055086553,71.15877459532001,76.26697032653408,7.571303613933082e-4,-52.096440532208355,0.9992309302496667,91.14551408473895,NA,9.650190773568344,61.80625679504418,70.61499582119652,79.44908894766797,69.13237852807495,69.13237852807495,72.94393956381268,100|100|100|75|75|75|33.3333333333333|33.3333333333333|33.3333333333333|11.1111111111111|11.1111111111111|11.1111111111111|3.7037037037037|3.7037037037037|3.7037037037037|1.23456790123457|1.23456790123457|1.23456790123457|0.411522633744856|0.411522633744856|0.411522633744856|0.137174211248285|0.137174211248285|0.137174211248285,4.05330793555673|11.6088183307806|9.71314982241853|-0.358947770643603|3.04335019188181|0.986998163135605|2.8695824719473|0.590933856815414|2.18130107840256|2.65854507569734|0.954112326344133|0.198934887670573|1.48108733469616|2.20083664155707|0.460439382858743|1.11972567996706|2.16626559441077|0.871568439707455|0.679403429567033|1.95467557115317|0.841313184020006|4.76445632896339|2.04598383316505|0.335639287035057,dt4,Definitive_rep1
Berberine Chloride,Ring_Mito_Texture,Mahalanobis distance (cutoff = 1),16,0.8589065274341403,exp5,60.03660761308958,3.4729868301830438,NA,NA,51.565834163884844,2.458403244172394,NA,37.685008682388926,NA,0.7942260085767178,1.1586649055086553,8.822469986827484,10.094997389557944,9.078936643255837e-21,-61.30899786198398,0.9999999999999982,37.685008682388926,NA,51.565834163884844,13.068012778544805,17.513473566101837,23.765154261708645,8.298399879028171,8.298399879028171,9.384282174335139,100|100|100|75|75|75|33.3333333333333|33.3333333333333|33.3333333333333|11.1111111111111|11.1111111111111|11.1111111111111|3.7037037037037|3.7037037037037|3.7037037037037|1.23456790123457|1.23456790123457|1.23456790123457|0.411522633744856|0.411522633744856|0.411522633744856|0.137174211248285|0.137174211248285|0.137174211248285,55.5092906850145|41.5370493685691|49.3551553765518|52.8752915691115|59.6821867016473|46.207764098835|22.5332814846034|16.0051419124079|20.6715189956685|6.13389362955826|1.92917940644485|1.56738130643637|1.82307707938772|-0.0201722993260365|1.42395474233693|-0.24398000075521|1.88781833878219|-0.0378120263585291|-0.492142104822047|-0.435001810600466|-0.520279641886541|-0.689245421170476|0.575287009065831|2.04636864734644,dt4,Definitive_rep1
Berberine Chloride,Ring_AGP_Texture,Mahalanobis distance (cutoff = 1),20,0.8589065274341403,poly2,7.03441199203152,1.5546550960674823,-26.700912400523627,-114.67704660926502,NA,NA,NA,NA,NA,0.25434636616808376,1.1586649055086553,4.910206515231072,5.654105439346761,4.526384179016788e-8,-43.25352514809431,0.9999999030554558,14.914273082519605,NA,6.041902376616866,1.3124817706177978,2.6564567271301747,5.4487309017243035,3.815867691291947,3.815867691291947,5.213321734786882,100|100|100|75|75|75|33.3333333333333|33.3333333333333|33.3333333333333|11.1111111111111|11.1111111111111|11.1111111111111|3.7037037037037|3.7037037037037|3.7037037037037|1.23456790123457|1.23456790123457|1.23456790123457|0.411522633744856|0.411522633744856|0.411522633744856|0.137174211248285|0.137174211248285|0.137174211248285,2.23692341615845|2.37887258359726|3.73901679555447|6.58301482004135|5.74714551542709|7.20174291668103|4.0108148160317|4.33633680339207|8.07581471061529|2.75844598436883|1.34317593319202|0.97288142093663|1.56597982011115|2.60722419065136|0.1936184703644|2.75451241567535|4.05106208061222|2.05199092969074|1.61719697571728|1.78443585144652|3.0682153310151|0.0037662919796182|0.046046713820047|0.26001293628965,dt4,Definitive_rep1
Berberine Chloride,Ring_Mito_Intensity,Mahalanobis distance (cutoff = 1),10,0.8589065274341403,hill,56.566300753350525,1.971110466046486,NA,NA,48.585164949855496,4.34880157391687,NA,40.98806513576514,NA,0.07712482045624437,1.1586649055086553,16.853950585340026,18.17355955136697,5.926876481174281e-27,-46.49469352543824,1,40.98806513576514,NA,48.585164949855496,20.8262013328048,24.73038466023976,29.799891372390746,16.271994689923257,16.271994689923257,17.456856641920282,100|100|100|75|75|75|33.3333333333333|33.3333333333333|33.3333333333333|11.1111111111111|11.1111111111111|11.1111111111111|3.7037037037037|3.7037037037037|3.7037037037037|1.23456790123457|1.23456790123457|1.23456790123457|0.411522633744856|0.411522633744856|0.411522633744856|0.137174211248285|0.137174211248285|0.137174211248285,53.227628164893|45.3405720849443|47.8908447979963|45.5647438262887|50.5351396067401|41.5373729940394|14.0085910802349|11.4436030985251|16.04426414182|1.56614905126779|0.212117995748521|-0.178355247703131|0.439329948531477|-0.35440325520929|-0.133665858442008|-0.0483156181375481|0.225619049649123|-0.60740801926417|-0.191898384124001|-0.505630780592911|-0.635153993977767|-0.501601991426976|-0.3854871863587|0.29051298628703,dt4,Definitive_rep1
Berberine Chloride,Cytoplasm_Mito_Texture,Mahalanobis distance (cutoff = 1),16,0.8589065274341403,pow,75.83332627529643,5.987010612971114,0.11280316386118133,NA,NA,1.3807423641834125,NA,NA,NA,0.8834826648642966,1.1586649055086553,5.027749831312565,5.657195309005472,3.0515515548387884e-18,-69.11849915127989,0.9999999999999899,60.53124478418292,NA,65.133738934895,11.42172052942741,18.86913208236543,31.172549234104007,4.3502572167805615,4.3502572167805615,5.403508518957469,100|100|100|75|75|75|33.3333333333333|33.3333333333333|33.3333333333333|11.1111111111111|11.1111111111111|11.1111111111111|3.7037037037037|3.7037037037037|3.7037037037037|1.23456790123457|1.23456790123457|1.23456790123457|0.411522633744856|0.411522633744856|0.411522633744856|0.137174211248285|0.137174211248285|0.137174211248285,73.7908048687677|45.6774552266409|63.4664603870737|48.778801434334|61.5959400969887|38.0209709976488|14.9143487428456|12.4582964936311|13.8546490252168|6.71070604009517|2.15288801804462|1.84248985143285|2.70349754014408|0.504579984053761|0.91810143153017|0.539735297029723|1.81896008426808|0.0106539329314617|0.391875516880724|0.65146490570134|-0.237787728410513|-0.401165741591906|0.381369376722742|1.0827335458386,dt4,Definitive_rep1
Berberine Chloride,Cytoplasm_Mito_Intensity,Mahalanobis distance (cutoff = 1),14,0.8589065274341403,exp5,60.03972793613632,3.2355535784229987,NA,NA,51.568514229717394,3.1684468140711717,NA,58.708427135741516,NA,0.46798314228183036,1.1586649055086553,18.877082191674084,20.881790586497008,3.9810224605781405e-20,-57.13952782323079,0.9999999999999577,58.708427135741516,NA,51.568514229717394,25.81174852347006,32.39538987038947,41.052840819942446,18.146406703403347,18.146406703403347,19.96314527881339,100|100|100|75|75|75|33.3333333333333|33.3333333333333|33.3333333333333|11.1111111111111|11.1111111111111|11.1111111111111|3.7037037037037|3.7037037037037|3.7037037037037|1.23456790123457|1.23456790123457|1.23456790123457|0.411522633744856|0.411522633744856|0.411522633744856|0.137174211248285|0.137174211248285|0.137174211248285,54.733023285772|42.9700166760875|49.9847590987492|39.8845380774954|47.4074043767517|30.0215098063979|4.19077596733489|5.13724689370078|8.77549910431837|1.39262844718878|0.102454958115194|-0.107635817483725|0.843791339121203|0.373058557024745|-0.0985816727040695|0.981509153211953|0.834584089813943|-0.32394884340089|0.694187615493575|0.953726816335754|0.964143557883584|0.211159840554427|0.607664593290012|1.75487195179989,dt4,Definitive_rep1
Berberine Chloride,Cytoplasm_Mito_Profile,Mahalanobis distance (cutoff = 1),19,0.8589065274341403,exp5,59.0717284704054,2.698561895502193,NA,NA,50.73709317004834,2.3089232454482884,NA,55.66335758957506,NA,0.709646387514117,1.1586649055086553,12.042017905871463,13.531152637922135,6.671418798040611e-20,-57.53034801585223,0.9999999999999909,55.66335758957506,NA,50.73709317004834,18.023225588184307,24.61658431786196,34.07050972236652,11.192395523059483,11.192395523059483,12.758409487530917,100|100|100|75|75|75|33.3333333333333|33.3333333333333|33.3333333333333|11.1111111111111|11.1111111111111|11.1111111111111|3.7037037037037|3.7037037037037|3.7037037037037|1.23456790123457|1.23456790123457|1.23456790123457|0.411522633744856|0.411522633744856|0.411522633744856|0.137174211248285|0.137174211248285|0.137174211248285,49.9784229091206|41.3055538582371|47.0653895916359|38.5094472098648|43.6549255314505|33.2199264269548|10.753141123776|8.6051584321902|8.55554024812738|4.92944454361382|1.73740852991207|2.19986135517228|1.58149696954721|0.11173052085057|1.44778537548746|0.79242878229161|1.32668328075044|-0.153701536281735|1.5080660525302|0.335748720760384|1.81602417090392|0.599152410061838|3.12266361102903|5.60277063527163,dt4,Definitive_rep1
Berberine Chloride,Cytoplasm_AGP_Profile,Mahalanobis distance (cutoff = 1),19,0.8589065274341403,hill,5.806283095603077,1.5928833859837597,NA,NA,4.987054450943989,0.7720326938893673,NA,1.6936102703318225,NA,-0.16366306788999502,1.1586649055086553,0.22100353316970814,0.5995777821262736,4.962904331951176e-12,-40.249275178268284,0.9999999999945504,1.6936102703318225,NA,4.987054450943989,0.03736517690098686,0.09835589543599281,0.28117457629193293,0.2216553146817687,0.2216553146817687,0.3601527051357961,100|100|100|75|75|75|33.3333333333333|33.3333333333333|33.3333333333333|11.1111111111111|11.1111111111111|11.1111111111111|3.7037037037037|3.7037037037037|3.7037037037037|1.23456790123457|1.23456790123457|1.23456790123457|0.411522633744856|0.411522633744856|0.411522633744856|0.137174211248285|0.137174211248285|0.137174211248285,4.42380762374471|3.75660245382013|4.5743525821471|9.81693389847036|7.54222568406331|6.11504391095558|4.40313292662645|4.33735740996974|8.80568056177085|3.06940993685256|2.73617673640435|3.64373320433531|3.05951087728342|3.69789765028499|3.31061699270762|2.6588246420872|2.98890940819493|2.38541093681365|1.8528061784474|0.800438713353605|0.699113583678009|0.018529142178931|0.85007314642125|-0.0592503835465366,dt4,Definitive_rep1
Berberine Chloride,Cytoplasm_ER_Profile,Mahalanobis distance (cutoff = 1),11,0.8589065274341403,poly2,2.9851729868290424,1.134424598281111,-11.654795991950412,-102.00622434737875,NA,NA,NA,NA,NA,-0.29537400270270237,1.1586649055086553,10.815096490169404,12.238616436071913,3.4128221223079944e-4,-32.52826006970958,0.9992669749231454,12.835465300525737,NA,2.5639845639075336,1.134658888619474,2.2957429705753865,4.705183732181629,8.172101963237056,8.172101963237056,11.419345903288827,100|100|100|75|75|75|33.3333333333333|33.3333333333333|33.3333333333333|11.1111111111111|11.1111111111111|11.1111111111111|3.7037037037037|3.7037037037037|3.7037037037037|1.23456790123457|1.23456790123457|1.23456790123457|0.411522633744856|0.411522633744856|0.411522633744856|0.137174211248285|0.137174211248285|0.137174211248285,-0.154067927562374|0.00445811859747069|0.523442624082041|2.02947534870198|2.63901435528836|5.69060245143227|1.16778928723858|1.04381486258949|3.50422502609347|1.5849323879093|0.0870252127003771|1.77836707314722|0.639385770307864|0.172093575548386|1.16128390131062|0.562040852943374|-0.124023937952716|0.154720380563975|0.702092770588283|0.975820197507035|0.787887097677951|0.421322135194403|0.360937584396742|2.98064162466916,dt4,Definitive_rep1
Berberine Chloride,Cytoplasm_DNA_Profile,Mahalanobis distance (cutoff = 1),9,0.8589065274341403,poly1,1.5758594054303265,0.8070720077216076,0.013535159296425906,NA,NA,NA,NA,NA,NA,-0.7475632878835969,1.1586649055086553,66.03059621454807,118.67519084285148,1.5426016122378622e-4,-24.733026802805437,0.9629559226235823,50.00000000000001,NA,1.3535159296425907,5.000000000000001,10.000000000000002,20.000000000000004,63.45743767204448,63.45743767204448,85.60408341958801,100|100|100|75|75|75|33.3333333333333|33.3333333333333|33.3333333333333|11.1111111111111|11.1111111111111|11.1111111111111|3.7037037037037|3.7037037037037|3.7037037037037|1.23456790123457|1.23456790123457|1.23456790123457|0.411522633744856|0.411522633744856|0.411522633744856|0.137174211248285|0.137174211248285|0.137174211248285,0.967704764616086|1.22921085422321|1.57182157332463|1.06518540289227|0.648368669261035|2.79576962202527|-0.269776484994698|1.00578542524928|1.29761889726861|2.99091187519542|0.050973893900338|0.0734539206728281|1.08477784161852|-0.373701060926154|0.189523997911051|-0.0706310176445881|-0.272792500075628|-0.497633943276475|-0.0512060908913108|-0.324611259372903|-0.282860459418578|0.801348205986768|0.155181837293041|0.0372220200384101,dt4,Definitive_rep1
Berberine Chloride,Membrane_AGP_Texture,Mahalanobis distance (cutoff = 1),9,0.8589065274341403,poly2,2.1784575871503686,0.9002579329329249,-8.485115507652687,-101.53725593173857,NA,NA,NA,NA,NA,-0.5138554980515738,1.1586649055086553,15.545731291177582,17.885971185526987,0.0013401602839138568,-27.119797587349694,0.9966479559461993,12.811790080843993,NA,1.871091441341879,1.132145604543867,2.2907239592448447,4.6951999599769545,11.60433599141116,11.60433599141116,16.568902224372508,100|100|100|75|75|75|33.3333333333333|33.3333333333333|33.3333333333333|11.1111111111111|11.1111111111111|11.1111111111111|3.7037037037037|3.7037037037037|3.7037037037037|1.23456790123457|1.23456790123457|1.23456790123457|0.411522633744856|0.411522633744856|0.411522633744856|0.137174211248285|0.137174211248285|0.137174211248285,0.607119952275577|-0.0853932028824721|0.112629038428417|2.86780214992925|1.19918352396521|-0.350434930089055|2.07800328624174|1.00383035064326|1.92551885835505|3.729598770834|1.56087817790703|1.39060737745983|1.5451090818879|0.147097859724581|-0.522201510287058|0.692080164424541|-0.298674802800707|-0.353869954095009|-0.00566357377918136|-0.379806621732525|-0.269599020576781|-0.176969641285535|-0.39843484132824|0.000884248269387933,dt4,Definitive_rep1
Berberine Chloride,Nucleus_DNA_Texture,Mahalanobis distance (cutoff = 1),6,0.8589065274341403,poly1,1.5290916208560537,0.7575617583017177,0.013133467741981143,NA,NA,NA,NA,NA,NA,-0.6508832426179608,1.1586649055086553,63.92775392203903,135.7771904137827,7.851712868625275e-4,-25.250067037008908,0.9422622453471664,50,NA,1.3133467741981142,5,10,20,65.39830487333096,65.39830487333096,88.22231327412347,100|100|100|75|75|75|33.3333333333333|33.3333333333333|33.3333333333333|11.1111111111111|11.1111111111111|11.1111111111111|3.7037037037037|3.7037037037037|3.7037037037037|1.23456790123457|1.23456790123457|1.23456790123457|0.411522633744856|0.411522633744856|0.411522633744856|0.137174211248285|0.137174211248285|0.137174211248285,1.90696854477783|0.842277258836172|1.06864898712235|0.36924111403273|1.04070654108605|2.10074166830769|1.87191286375868|0.234262267332497|2.975941131056|0.168280944598382|-0.519975962904652|-0.603739654061186|-0.355046132861221|-0.651488651697287|-0.319442472405519|0.105788648204175|0.268050802560966|0.823735625301208|0.424307378670185|0.215326167380343|-0.224267756571655|-0.382610817897892|0.0534579553760305|-0.17443033921158,dt4,Definitive_rep1
Berberine Chloride,Nucleus_RNA_Radial,Mahalanobis distance (cutoff = 1),15,0.8589065274341403,pow,4.111020296748955,1.1564948586468853,0.8869425283654379,NA,NA,0.30000002233476974,NA,NA,NA,0.007143333597672684,1.1586649055086553,1.2221600186779433,5.841606699202158,4.454368398228842e-7,-38.80955345874322,0.9999979344160191,9.921258281398792,NA,3.5309821672919144,0.00460504279684079,0.0464159148590528,0.4678430249727218,0.898465521582654,0.898465521582654,2.4371067307881558,100|100|100|75|75|75|33.3333333333333|33.3333333333333|33.3333333333333|11.1111111111111|11.1111111111111|11.1111111111111|3.7037037037037|3.7037037037037|3.7037037037037|1.23456790123457|1.23456790123457|1.23456790123457|0.411522633744856|0.411522633744856|0.411522633744856|0.137174211248285|0.137174211248285|0.137174211248285,2.27192325716286|1.97005366360627|5.03151261600743|3.79285360481128|2.3607049963275|4.30228697135614|3.63708266463412|1.09373351592169|4.73967826248122|0.241851104942881|2.64225801949598|-0.302632024059001|1.83343125591453|3.4986359794534|1.12341961143874|1.94003510808821|1.16975231858391|0.685503859976739|0.378074732859084|-0.236789015764793|0.549012535507078|0.703729849891554|-0.261325075367693|0.324179882519878,dt4,Definitive_rep1
Berberine Chloride,Nucleus_RNA_Compactness,Mahalanobis distance (cutoff = 1),10,0.8589065274341403,poly1,2.8429282484378486,0.6174112771971986,0.024418096296101758,NA,NA,NA,NA,NA,NA,-0.7851546273329205,1.1586649055086553,41.11191590221061,56.890635343195534,5.161292389134338e-8,-21.74202237511128,0.9996283355008602,50,NA,2.4418096296101757,5,10,20,35.174999599426634,35.174999599426634,47.45107445962653,100|100|100|75|75|75|33.3333333333333|33.3333333333333|33.3333333333333|11.1111111111111|11.1111111111111|11.1111111111111|3.7037037037037|3.7037037037037|3.7037037037037|1.23456790123457|1.23456790123457|1.23456790123457|0.411522633744856|0.411522633744856|0.411522633744856|0.137174211248285|0.137174211248285|0.137174211248285,2.58591481986205|2.51187631372979|2.75776823206544|1.36124200650361|1.07445217602973|3.55769009593334|1.05343698271557|0.222313415123149|0.622317177992596|0.501339631025428|-0.317667343347104|0.210392454493689|-0.129125726211052|0.0191601542758468|-0.0102844438808209|0.989931270275456|-0.0880492542935246|-0.00274938577695572|0.725200604498024|1.21696706063652|-0.117723281573936|1.04872308179128|-0.0304046096448459|0.572049882966325,dt4,Definitive_rep1
Berberine Chloride,Cell_DNA_Radial,Mahalanobis distance (cutoff = 1),20,0.8589065274341403,hill,2.8623274313534495,1.5701091093805628,NA,NA,2.4584717144432737,0.3000000001141747,NA,0.1645795270397355,NA,0.0605986413153133,1.1586649055086553,0.002256812381723176,1.8076249757331808,2.177725293519041e-5,-42.61873635320816,0.9999748635143115,0.1645795270397355,NA,2.4584717144432737,8.99215549799786e-6,1.0853440915230423e-4,0.0016199782098732566,0.02071042490950728,0.02071042490950728,0.11219477387628639,100|100|100|75|75|75|33.3333333333333|33.3333333333333|33.3333333333333|11.1111111111111|11.1111111111111|11.1111111111111|3.7037037037037|3.7037037037037|3.7037037037037|1.23456790123457|1.23456790123457|1.23456790123457|0.411522633744856|0.411522633744856|0.411522633744856|0.137174211248285|0.137174211248285|0.137174211248285,2.893467710493|1.25336127268834|2.05745919058168|6.72188211796585|2.94425728868059|2.26166727106798|1.01416396448053|3.81783820910381|6.32050825435465|0.667216199894742|0.936449002196011|1.2660863156222|1.39394345218712|1.80640222206016|0.345713967144347|1.53011626789242|1.40690038298535|0.429537282549687|1.72314643729553|1.85522029533623|3.13690687874501|-0.0863968761318032|1.93407868551993|2.38464092010724,dt4,Definitive_rep1
Berberine Chloride,Cell_Mito_Radial,Mahalanobis distance (cutoff = 1),21,0.8589065274341403,exp5,47.25512191160664,2.9689762744550263,NA,NA,40.587732664575014,2.164407118819697,NA,41.3597629801317,NA,0.619314950818151,1.1586649055086553,8.986555867117533,10.127396027146574,1.5277610372328037e-19,-56.502978142787974,0.9999999999999994,41.3597629801317,NA,40.587732664575014,12.420575857121696,17.32117158492033,24.49924253635114,8.291490209908691,8.291490209908691,9.53800194420449,100|100|100|75|75|75|33.3333333333333|33.3333333333333|33.3333333333333|11.1111111111111|11.1111111111111|11.1111111111111|3.7037037037037|3.7037037037037|3.7037037037037|1.23456790123457|1.23456790123457|1.23456790123457|0.411522633744856|0.411522633744856|0.411522633744856|0.137174211248285|0.137174211248285|0.137174211248285,40.0960272330261|35.5328374905507|42.1923565323994|40.077501154624|37.2097865602298|26.338507009676|13.8107273739835|14.3113310987536|14.2451704792024|2.08673380326016|2.0747721241033|1.73214684166028|1.23443778636028|2.26960843798253|0.450962037787207|2.20694422405856|2.04878606405078|0.725167829341312|2.72454901457629|2.61684316677554|3.12560247270816|0.295048296437999|1.78174644040483|3.82433099248653,dt4,Definitive_rep1
Berberine Chloride,Cell_Mito_Axial,Mahalanobis distance (cutoff = 1),14,0.8589065274341403,pow,2.131856832437758,1.2431835964435434,0.4599429126321546,NA,NA,0.30000000394843307,NA,NA,NA,-0.03247479482061788,1.1586649055086553,7.4496763665135175,98.26839387120721,0.0029363020426780625,-39.14208468522421,0.988912232442831,9.921256876500625,NA,1.8310657489358604,0.004605039978527966,0.046415893024959486,0.46784287114770345,8.019363422042263,8.019363422042263,21.752694230646394,100|100|100|75|75|75|33.3333333333333|33.3333333333333|33.3333333333333|11.1111111111111|11.1111111111111|11.1111111111111|3.7037037037037|3.7037037037037|3.7037037037037|1.23456790123457|1.23456790123457|1.23456790123457|0.411522633744856|0.411522633744856|0.411522633744856|0.137174211248285|0.137174211248285|0.137174211248285,2.02617212289798|0.682645927160426|4.10585448836148|4.38625884779835|2.35037121899806|0.555333857723146|1.27986851561595|0.613632169730339|0.959103136210486|-0.275665470141225|0.731957322829234|-0.376868629612842|0.751228726526471|0.933824651447499|0.529827169190925|1.02978238660008|1.18061610122223|0.0166037119980055|2.08057440069792|1.2982348735222|0.862197054478843|-0.390011433341381|1.75173939465634|3.3707989956344,dt4,Definitive_rep1
Berberine Chloride,Cell_Mito_Compactness,Mahalanobis distance (cutoff = 1),23,0.8589065274341403,exp4,43.902602600549415,2.233188383537126,NA,NA,37.70823194495895,NA,NA,12.434120129011422,NA,0.4291263057946921,1.1586649055086553,0.5097281451881779,0.6206116289837181,4.61588776813882e-25,-51.397731281180356,1,12.434120129011422,NA,37.70823194495895,0.9201321192886158,1.8900247238770997,4.00289260473325,0.4133262982136879,0.4133262982136879,0.5598486333726626,100|100|100|75|75|75|33.3333333333333|33.3333333333333|33.3333333333333|11.1111111111111|11.1111111111111|11.1111111111111|3.7037037037037|3.7037037037037|3.7037037037037|1.23456790123457|1.23456790123457|1.23456790123457|0.411522633744856|0.411522633744856|0.411522633744856|0.137174211248285|0.137174211248285|0.137174211248285,36.2126805681054|34.8047685878548|37.7035353498013|38.5505534733567|41.3900256216857|37.4438203209403|35.9333552000877|30.5117751867223|24.733145948154|18.166532896225|17.6391195803765|18.2970570092994|5.31273608580182|4.50596374900565|7.51032792276477|1.04643027166132|2.24836065426748|1.12689335407315|1.92676872685278|1.98933732479071|1.01299978537475|0.0139526605003242|1.34263163022327|1.8083400811662,dt4,Definitive_rep1
Berberine Chloride,Cell_AGP_Compactness,Mahalanobis distance (cutoff = 1),20,0.8589065274341403,hill,3.1025930147900103,2.0205047374129066,NA,NA,2.664837392374708,0.3000000006989669,NA,0.05466162266740694,NA,0.24178919064299859,1.1586649055086553,5.574594199338472e-5,0.6545280657862126,6.156297673653919e-5,-46.870014966838966,0.999931904755918,0.05466162266740694,NA,2.664837392374708,2.9865550657672868e-6,3.604741799252382e-5,5.380416387621082e-4,0.004590202002985364,0.004590202002985364,0.02280130287674238,100|100|100|75|75|75|33.3333333333333|33.3333333333333|33.3333333333333|11.1111111111111|11.1111111111111|11.1111111111111|3.7037037037037|3.7037037037037|3.7037037037037|1.23456790123457|1.23456790123457|1.23456790123457|0.411522633744856|0.411522633744856|0.411522633744856|0.137174211248285|0.137174211248285|0.137174211248285,3.69397509037314|3.64716463394815|2.06930286595234|10.1886371028422|1.83590489149375|3.22154207995608|1.97696805145236|1.42802371245681|3.71881987862023|1.49221354134493|0.476420318810524|-0.141942374832574|-0.0928995541691769|4.1618968827228|1.67718336076891|3.16366621422538|1.19803827264523|0.0872094615232493|3.73871931403407|1.4232192207306|1.93313428431662|0.879973411926417|1.89775306556228|2.76039333246485,dt4,Definitive_rep1
Berberine Chloride,Cell_ER_Compactness,Mahalanobis distance (cutoff = 1),24,0.8589065274341403,pow,5.863799904802104,1.8713261458127721,1.2651005290243118,NA,NA,0.30000000401169524,NA,NA,NA,0.23988853826065204,1.1586649055086553,0.44380775701597847,1.3771505848977896,1.0951776193844658e-7,-47.316344999768226,0.9999998772949836,9.921256881334484,NA,5.036456013802217,0.004605039988224981,0.046415893100084406,0.4678428716769717,0.275044455040278,0.275044455040278,0.7460639472482345,100|100|100|75|75|75|33.3333333333333|33.3333333333333|33.3333333333333|11.1111111111111|11.1111111111111|11.1111111111111|3.7037037037037|3.7037037037037|3.7037037037037|1.23456790123457|1.23456790123457|1.23456790123457|0.411522633744856|0.411522633744856|0.411522633744856|0.137174211248285|0.137174211248285|0.137174211248285,4.4096663971295|5.4989444541692|1.55268345583633|4.64176039924347|4.66830220206495|9.67866722448183|3.95600832327919|1.01727495917365|5.33240388141289|2.00506355426895|1.56980979557808|2.34916191284971|1.36967350373022|2.82618268950117|0.923778243323603|3.16332686562335|1.55617622042089|1.17326341805348|5.66683761564325|2.76021066282267|2.32081914483333|1.51598504773812|1.70268452851145|1.11084953263686,dt4,Definitive_rep1
Berberine Chloride,Nucleus_DNA_Profile,Mahalanobis distance (cutoff = 1),10,0.8589065274341403,poly1,1.4325617985358152,0.8285157443885994,0.012304366797152036,NA,NA,NA,NA,NA,NA,-0.5122746276817967,1.1586649055086553,68.29453874938972,148.33040707988204,0.003629144666770606,-28.600092507688736,0.9035890964759014,50,NA,1.2304366797152035,5,10,20,69.80501651112534,69.80501651112534,94.16696727350809,100|100|100|75|75|75|33.3333333333333|33.3333333333333|33.3333333333333|11.1111111111111|11.1111111111111|11.1111111111111|3.7037037037037|3.7037037037037|3.7037037037037|1.23456790123457|1.23456790123457|1.23456790123457|0.411522633744856|0.411522633744856|0.411522633744856|0.137174211248285|0.137174211248285|0.137174211248285,0.976042101243997|1.47803631823696|0.673230272561203|1.45099724900354|1.00539348221038|0.636636587544894|0.433095599971565|0.943180960464445|2.62150442886327|0.0510345403818475|-0.00662035463583766|-0.137139035762487|-0.166422506174241|0.472885795577411|-0.620703787075365|1.74850387093125|0.202294187604045|0.00673988007488258|1.43235556035605|1.31626154482735|1.43236186626137|-0.50585244757038|0.595224636385624|0.529235873006607,dt4,Definitive_rep1
Berberine Chloride,Nucleus_DNA_Compactness,Mahalanobis distance (cutoff = 1),7,0.8589065274341403,pow,3.9799533957010946,0.6211883269054506,0.0012721453512397215,NA,NA,1.7146435773213815,NA,NA,NA,-0.7619116123524512,1.1586649055086553,49.26224797535223,58.046912922097064,1.5902731842452663e-8,-22.066178616372486,0.9999554797332122,66.74762522838816,NA,3.4184079504513423,17.427064272434905,26.108890335506747,39.11583407824744,44.683193867102126,44.683193867102126,53.206989081580815,100|100|100|75|75|75|33.3333333333333|33.3333333333333|33.3333333333333|11.1111111111111|11.1111111111111|11.1111111111111|3.7037037037037|3.7037037037037|3.7037037037037|1.23456790123457|1.23456790123457|1.23456790123457|0.411522633744856|0.411522633744856|0.411522633744856|0.137174211248285|0.137174211248285|0.137174211248285,3.3920862091315|3.96110685990132|2.93973024805456|3.63261635334261|0.625868114356689|2.08730369688923|0.517829254762024|1.53666084401216|-7.68708186527078e-06|1.19240087862981|-0.413429770714209|-0.143179635260038|-0.43448964953173|-0.0743332936461938|0.404657829529733|-0.130966643853463|0.171599899858514|-0.60476848522389|-0.0456529486672785|-0.50201825392212|0.232244679062622|0.475082627254777|0.0540902815092447|-0.254562843323687,dt4,Definitive_rep1
Rapamycin,Ring_Mito_Texture,Mahalanobis distance (cutoff = 1),24,0.8589065274341403,hill,17.09872303132493,1.9355795960678936,NA,NA,14.686204822393453,0.3000000001441568,NA,1.2970730450280914,NA,0.5147192532866436,1.1586649055086553,1.7426092448584796e-4,7.059110877172856e-4,7.065165700828254e-14,-51.13238639832747,0.9999999999999292,1.2970730450280914,NA,14.686204822393453,7.086836822528251e-5,8.553740504951143e-4,0.012767262783678693,1.231193575222144e-4,1.231193575222144e-4,3.5927571742803125e-4,20|20|20|15|15|15|6.32455532033676|6.32455532033676|6.32455532033676|2|2|2|0.632455532033676|0.632455532033676|0.632455532033676|0.2|0.2|0.2|0.0632455532033676|0.0632455532033676|0.0632455532033676|0.02|0.02|0.02,13.3597152465118|11.3743457069274|8.35047804299132|11.7744383002703|8.73502438213469|9.12393349101635|10.0927459588456|8.29787228590692|7.07902725367747|10.5823493973465|5.69501468241399|7.30825775400977|2.89724652005685|4.94881977191316|4.64366484597961|5.52834292159997|6.52546970165792|5.3410619117904|4.46697729736313|5.31518480745893|3.81202449261139|7.15130365838554|5.1415526129431|6.5205705741556,dt4,Definitive_rep1
Rapamycin,Ring_ER_Texture,Mahalanobis distance (cutoff = 1),22,0.8589065274341403,exp4,14.48738076836236,3.7594931507110196,NA,NA,12.443305907370263,NA,NA,0.7996876441581046,NA,0.7720449755391146,1.1586649055086553,0.0760039044151688,0.16856575897011064,1.7803457746983787e-12,-61.232963889952174,0.9999999999981194,0.7996876441581046,NA,12.443305907370263,0.05917735064110392,0.12155499570181622,0.2574419197887815,0.0825170345460582,0.0825170345460582,0.11276339915658565,20|20|20|15|15|15|6.32455532033676|6.32455532033676|6.32455532033676|2|2|2|0.632455532033676|0.632455532033676|0.632455532033676|0.2|0.2|0.2|0.0632455532033676|0.0632455532033676|0.0632455532033676|0.02|0.02|0.02,16.2814804606503|20.4040169608443|10.7277294866966|12.1096516760892|12.4696941258934|8.31453405678042|14.1661037043816|10.7413778332464|11.1480675799498|23.9186258595763|9.41636405385026|14.0923473352288|3.04764614034795|5.16659452271801|3.88823556519576|1.40027493494243|2.40746791519187|2.51136919835447|1.84462177635648|0.467908329848452|0.757056578788786|2.5608200129703|3.56276637050489|2.54777066065944,dt4,Definitive_rep1
Rapamycin,Ring_ER_Intensity,Mahalanobis distance (cutoff = 1),11,0.8589065274341403,exp4,1.7537419563103682,1.6773118356241339,NA,NA,1.5063004137100942,NA,NA,0.4011195945619581,NA,-0.40528611143266,1.1586649055086553,0.3899826057311233,1.9454893144130574,1.6480763857321415e-5,-35.30696666992121,0.9973760982152019,0.4011195945619581,NA,1.5063004137100942,0.02968308322607696,0.060971419214841865,0.1291316668993224,0.48868154743569003,0.48868154743569003,0.8485132169722333,20|20|20|15|15|15|6.32455532033676|6.32455532033676|6.32455532033676|2|2|2|0.632455532033676|0.632455532033676|0.632455532033676|0.2|0.2|0.2|0.0632455532033676|0.0632455532033676|0.0632455532033676|0.02|0.02|0.02,1.19798461633758|0.635209253649441|1.57116051995182|0.75241349961373|0.754640475974913|1.00869257396251|3.18257230065365|2.41310301091346|1.83095494761036|8.76674911986398|1.52151424425334|3.82709456209651|1.99427484450575|0.472718726944387|1.25241048648162|0.122572399427905|-0.141406170961612|0.697464617884581|-0.159546204795703|-0.208514306900634|-0.259664795304113|-0.463258019784799|0.0846531778361304|-0.0911470215049455,dt4,Definitive_rep1
Rapamycin,Cytoplasm_Mito_Texture,Mahalanobis distance (cutoff = 1),24,0.8589065274341403,hill,8.568878456902032,1.8789606350668475,NA,NA,7.35986563942294,0.3000000000878255,NA,0.111448014523946,NA,0.471788095338056,1.1586649055086553,8.550013885769394e-5,0.0016496981370849536,2.1160311905162858e-10,-50.02488408435168,0.9999999997841753,0.111448014523946,NA,7.35986563942294,6.089201334480615e-6,7.349604545194999e-5,0.0010969976535754958,1.309083148768675e-4,1.309083148768675e-4,4.1560351671425614e-4,20|20|20|15|15|15|6.32455532033676|6.32455532033676|6.32455532033676|2|2|2|0.632455532033676|0.632455532033676|0.632455532033676|0.2|0.2|0.2|0.0632455532033676|0.0632455532033676|0.0632455532033676|0.02|0.02|0.02,8.35855217348791|5.37771784834339|7.03790306909154|8.38773037560862|3.02963885888596|6.04355223323355|7.8910827690611|6.24270816336937|4.09008275939004|10.1916113009822|4.18558299550121|4.09282240380892|2.65109483837956|3.03132675451223|2.43681674489438|3.00446412287301|4.1799885882098|3.3790196746449|4.69693663299039|3.65987513257765|1.79416514624975|4.93679656058696|4.98759332775697|4.1415485394366,dt4,Definitive_rep1
Rapamycin,Cytoplasm_ER_Texture,Mahalanobis distance (cutoff = 1),22,0.8589065274341403,exp4,12.249024530992353,2.465984000295591,NA,NA,10.520767124370241,NA,NA,0.5279642298275822,NA,0.3923542462237347,1.1586649055086553,0.06631231298129012,0.11705731532954677,4.095806627294349e-15,-51.04404218747412,0.9999999999999952,0.5279642298275822,NA,10.520767124370241,0.03906965998875696,0.0802521961621258,0.1699665186770671,0.06486936010130694,0.06486936010130694,0.0888751124808223,20|20|20|15|15|15|6.32455532033676|6.32455532033676|6.32455532033676|2|2|2|0.632455532033676|0.632455532033676|0.632455532033676|0.2|0.2|0.2|0.0632455532033676|0.0632455532033676|0.0632455532033676|0.02|0.02|0.02,10.1837688018264|12.8646159948682|9.4039606318651|9.10725640735564|9.45156410633941|7.88425602336945|12.0457510960949|11.7303643274386|10.050286615063|19.34801760684|10.5663970877215|11.2172310205356|5.58169652588915|5.24527706265506|4.89136159101353|1.50801230118217|2.2960512241664|3.84953006095357|1.85520885091941|0.843226928492049|0.206631902230707|2.20090484375162|3.48865483558793|3.46460166058698,dt4,Definitive_rep1
Rapamycin,Cytoplasm_AGP_Intensity,Mahalanobis distance (cutoff = 1),6,0.8589065274341403,exp2,2.476223038454956,1.6263112982534584,0.02279790569461705,4.39909666295584,NA,NA,NA,NA,NA,-0.5354439410795977,1.1586649055086553,16.112889603652615,19.790273507592122,0.016411465807146645,-32.51523765645196,0.9711781490976023,16.99718725940336,NA,2.126844131111762,7.629042239192072,10.271746219737036,13.102694701761214,16.079526273677438,16.079526273677438,17.36692952340988,20|20|20|15|15|15|6.32455532033676|6.32455532033676|6.32455532033676|2|2|2|0.632455532033676|0.632455532033676|0.632455532033676|0.2|0.2|0.2|0.0632455532033676|0.0632455532033676|0.0632455532033676|0.02|0.02|0.02,3.46123835934605|2.12697021109784|0.730242176407977|1.04073883220027|0.803827296473417|0.0303904671684263|0.0385869385347821|0.529603393497363|-0.544881505519399|7.34973332763782|-0.0191721903728155|1.33345458268981|0.840641603659264|-0.304871796880557|0.359419263701025|-0.431349184736817|-0.337922792052101|-0.00428642704014748|-0.242607683404039|0.0207128698055519|-0.0696410133393498|0.491776059254217|-0.218652889556491|1.20112490413943,dt4,Definitive_rep1
Rapamycin,Cytoplasm_ER_Intensity,Mahalanobis distance (cutoff = 1),16,0.8589065274341403,exp4,2.857206823195814,3.0944818809853007,NA,NA,2.454073590672248,NA,NA,0.306994167410241,NA,0.12889990711985633,1.1586649055086553,0.09005296005274444,0.7555307947168483,2.5855697011588775e-5,-50.13114793034559,0.9999656719580774,0.306994167410241,NA,2.454073590672248,0.022717746888206027,0.04666406311594417,0.09883004745591084,0.19078796771674073,0.19078796771674073,0.2829783790411079,20|20|20|15|15|15|6.32455532033676|6.32455532033676|6.32455532033676|2|2|2|0.632455532033676|0.632455532033676|0.632455532033676|0.2|0.2|0.2|0.0632455532033676|0.0632455532033676|0.0632455532033676|0.02|0.02|0.02,8.96026272697967|4.82708877827069|1.50966878631937|2.23894844230159|2.07995534591558|1.13445064655634|3.30163417053592|2.64834235387536|1.37350897608694|15.1417814084079|1.60182653195413|5.36509806882883|2.15289539753193|0.797791671631437|1.87487511103085|0.692436374740816|0.187619858471892|1.51321704240371|0.680270375751149|0.738792294867404|0.744717172079813|0.793916655513743|0.615295475158223|1.7820334284904,dt4,Definitive_rep1
Rapamycin,Cytoplasm_AGP_Profile,Mahalanobis distance (cutoff = 1),14,0.8589065274341403,exp4,1.639350572079477,0.7787857937104475,NA,NA,1.4080489071119549,NA,NA,0.06393401008737022,NA,-0.4949616542909863,1.1586649055086553,0.04823884258229972,0.48350479808220115,7.040777331876295e-7,-28.017594918102418,0.9985525359833354,0.06393401008737022,NA,1.4080489071119549,0.0047311539204976955,0.009718167309627301,0.020582154065936498,0.08685085459819543,0.08685085459819543,0.15965963015006604,20|20|20|15|15|15|6.32455532033676|6.32455532033676|6.32455532033676|2|2|2|0.632455532033676|0.632455532033676|0.632455532033676|0.2|0.2|0.2|0.0632455532033676|0.0632455532033676|0.0632455532033676|0.02|0.02|0.02,0.214615514944627|0.250384630150316|0.224075130659152|1.06348826193932|1.29848905644051|1.2682555223337|2.01443518116744|2.84544390856723|1.41052075297556|1.70713632572556|3.45679344136461|1.82936211923982|0.85310850307399|2.00148960936522|2.51133261477905|0.782565910043793|1.25294297397555|0.499959882788175|0.506591885662869|1.43803425558734|0.896627146556218|0.213705767931485|0.339943658702712|0.511819798833214,dt4,Definitive_rep1
Rapamycin,Cytoplasm_DNA_Profile,Mahalanobis distance (cutoff = 1),24,0.8589065274341403,pow,12.885194555186374,2.753823441567006,4.505342261050686,NA,NA,0.30000007378155813,NA,NA,NA,0.523119556551358,1.1586649055086553,0.007389185247062626,0.0160388985476337,4.497250670526744e-12,-54.99535077990363,0.9999999999954475,1.9842524424885923,NA,11.067177710708421,9.210101365532252e-4,0.009283195190609125,0.09356869107810105,0.003987747373837945,0.003987747373837945,0.010816847245568395,20|20|20|15|15|15|6.32455532033676|6.32455532033676|6.32455532033676|2|2|2|0.632455532033676|0.632455532033676|0.632455532033676|0.2|0.2|0.2|0.0632455532033676|0.0632455532033676|0.0632455532033676|0.02|0.02|0.02,18.2674531456787|19.6627855430756|12.4959401542346|9.17870917016245|9.16741814953277|7.91745959327713|7.79183407501511|7.39571497536236|4.01962051556163|8.41519180189922|4.09729627469838|6.5505848663391|4.44728564228295|3.87057328487444|2.81947969994394|2.92214513166493|2.46933416702436|0.875280454217376|3.24766924646967|2.53587660751877|2.63988674821035|4.70920676961153|2.64968956362619|2.39652783469637,dt4,Definitive_rep1
Rapamycin,Nucleus_DNA_Texture,Mahalanobis distance (cutoff = 1),21,0.8589065274341403,exp3,11.608004936089278,1.5744392448371323,2.0032577001098595,2.8831869287889935,NA,0.3000002037973134,NA,NA,NA,-0.05587995212941456,1.1586649055086553,0.18222588367982367,0.24525995311070745,2.0978969731514322e-13,-41.88556071076701,0.9999999999997137,6.057484452612605,NA,9.970191210094802,0.019164708664807677,0.14046243586428336,0.8403726312122434,0.09289027520638463,0.09289027520638463,0.2110457685747896,20|20|20|15|15|15|6.32455532033676|6.32455532033676|6.32455532033676|2|2|2|0.632455532033676|0.632455532033676|0.632455532033676|0.2|0.2|0.2|0.0632455532033676|0.0632455532033676|0.0632455532033676|0.02|0.02|0.02,14.7753006714852|13.5971818654711|9.91813897603437|7.95824349240756|8.08432249987671|5.70329768285133|5.03802977726317|4.73885173506487|2.83880110580268|3.82893048099225|3.06598219483116|3.66749983646093|2.0866766281317|1.79633267186566|1.1617102977915|1.64940499389615|1.35970470674207|0.380837833714228|0.657551053178236|1.28485851236831|0.556510633165837|2.89348930915036|1.75472861186329|1.22835813185441,dt4,Definitive_rep1
Rapamycin,Nucleus_RNA_Intensity,Mahalanobis distance (cutoff = 1),24,0.8589065274341403,hill,10.218926752633124,1.2240602099373452,NA,NA,8.777102891207953,0.3000000000240689,NA,0.1145607527232053,NA,0.07045381649548636,1.1586649055086553,9.315766689138402e-5,4.8180411565669257e-4,6.81825139713677e-16,-40.33258893329005,0.9999999999999993,0.1145607527232053,NA,8.777102891207953,6.259272449903532e-6,7.55487866878024e-5,0.0011276367492287455,6.973240505347373e-5,6.973240505347373e-5,2.1511741943407986e-4,20|20|20|15|15|15|6.32455532033676|6.32455532033676|6.32455532033676|2|2|2|0.632455532033676|0.632455532033676|0.632455532033676|0.2|0.2|0.2|0.0632455532033676|0.0632455532033676|0.0632455532033676|0.02|0.02|0.02,9.3426213097553|6.74532513455424|5.71196721045417|7.92706284932925|9.27662881477429|8.24229852697176|6.28544722525081|7.19405519733693|4.57800099255983|7.57923540201746|5.36727057277816|6.13171291550929|4.69198795039202|3.34898328665849|4.78487401600554|4.17014984409743|4.71639909905958|3.76541307429584|3.35968816990597|5.33248233006491|4.64343304507976|4.79440648367614|3.16956509259043|4.9051661115708,dt4,Definitive_rep1
Rapamycin,Nucleus_DNA_Intensity,Mahalanobis distance (cutoff = 1),22,0.8589065274341403,pow,10.41292057016794,1.9607933220056917,2.8292643122200083,NA,NA,0.3841917088981087,NA,NA,NA,0.2162575580782963,1.1586649055086553,0.07238815049157914,0.1333757189155771,9.588173845113408e-12,-47.50890614164046,0.9999999999870298,3.2922203256653493,NA,8.943725447370474,0.008215267053780975,0.04990715226278601,0.303182334874261,0.04491834647432984,0.04491834647432984,0.09791012407889049,20|20|20|15|15|15|6.32455532033676|6.32455532033676|6.32455532033676|2|2|2|0.632455532033676|0.632455532033676|0.632455532033676|0.2|0.2|0.2|0.0632455532033676|0.0632455532033676|0.0632455532033676|0.02|0.02|0.02,12.2774109918238|14.4191305307334|7.83163160729777|8.79755380170348|7.67826828066402|6.68821210428132|4.47766068307505|5.82659602669029|0.460466273063141|6.6585634130123|3.85064722755455|4.8899712326867|1.80533007137001|1.89723502369931|1.04924361409431|1.94432101945336|1.43174276765263|0.201195970040781|1.11800972775749|1.74143231658625|1.22111438215352|1.9499145866406|1.5750320053282|0.976038485752106,dt4,Definitive_rep1
Rapamycin,Nucleus_RNA_Texture,Mahalanobis distance (cutoff = 1),24,0.8589065274341403,exp4,12.047401433657729,2.8444604511457916,NA,NA,10.347591729988043,NA,NA,0.4558564784025213,NA,0.42041737418025327,1.1586649055086553,0.05581236782183865,0.1058247767989537,1.0077542551231592e-14,-52.36863389300006,0.9999999999999897,0.4558564784025213,NA,10.347591729988043,0.033733644456699116,0.06929159488414983,0.1467530076341857,0.05698886957250996,0.05698886957250996,0.07810041070121107,20|20|20|15|15|15|6.32455532033676|6.32455532033676|6.32455532033676|2|2|2|0.632455532033676|0.632455532033676|0.632455532033676|0.2|0.2|0.2|0.0632455532033676|0.0632455532033676|0.0632455532033676|0.02|0.02|0.02,9.19831411174171|8.72615217095751|8.99403348210249|9.28444962241458|11.687774315161|11.0155419297419|10.570417215414|11.2652406866559|10.4474675485057|21.6292283299404|10.4351891449505|11.319925881367|5.87484462612768|5.79189659172779|4.44208755647415|3.04888875066772|3.37229403074951|2.01400288717838|2.37264411890339|3.72150910454436|2.51013511952274|3.52963678737679|2.87705810707986|3.20506778012903,dt4,Definitive_rep1
Rapamycin,Nucleus_RNA_Radial,Mahalanobis distance (cutoff = 1),24,0.8589065274341403,hill,17.625708156011115,2.3024356531028203,NA,NA,15.13883578584711,0.3510521986417122,NA,1.6437740558921237,NA,0.5776967282260008,1.1586649055086553,7.154863666542015e-4,0.002556768441612461,1.0920888061216097e-12,-53.94036127086551,0.9999999999989028,1.6437740558921237,NA,15.13883578584711,3.742925473226639e-4,0.0031448992245034094,0.03168301755547445,5.474609416022294e-4,5.474609416022294e-4,0.001364420011643583,20|20|20|15|15|15|6.32455532033676|6.32455532033676|6.32455532033676|2|2|2|0.632455532033676|0.632455532033676|0.632455532033676|0.2|0.2|0.2|0.0632455532033676|0.0632455532033676|0.0632455532033676|0.02|0.02|0.02,9.79372989920093|10.2470156482412|12.6157028144362|11.6123721009061|9.41520854244788|11.3312184316362|5.15868385973247|9.80813827287398|7.78129223223678|2.20241830463549|11.9934844038792|8.46105474713238|9.90809149068298|5.22799191531807|6.33939930549051|7.4811516337177|4.24016631944554|5.53749352702317|1.80064720335753|2.16655935535504|2.59463441787272|3.5828028525163|1.7050751900999|7.0730657522044,dt4,Definitive_rep1
Rapamycin,Nucleus_RNA_Axial,Mahalanobis distance (cutoff = 1),23,0.8589065274341403,exp4,10.925366342724011,3.073934061570686,NA,NA,9.383868466374913,NA,NA,0.06198340684900862,NA,0.787235975900195,1.1586649055086553,0.006296114008572806,0.019746718889485048,6.1268941715731696e-12,-59.62155926369938,0.999999999993871,0.06198340684900862,NA,9.383868466374913,0.004586808146692823,0.009421669583312406,0.01995420008152963,0.008584044716187853,0.008584044716187853,0.011784992388040549,20|20|20|15|15|15|6.32455532033676|6.32455532033676|6.32455532033676|2|2|2|0.632455532033676|0.632455532033676|0.632455532033676|0.2|0.2|0.2|0.0632455532033676|0.0632455532033676|0.0632455532033676|0.02|0.02|0.02,6.40464302003061|8.09562711094731|9.6478631709898|11.1781488561246|9.90153864519301|11.6894768769391|7.38513622826445|9.22300495300206|9.89819852356322|0.701093396921359|12.9527233868023|13.3812553880542|11.2779801861391|6.66513698426418|7.6104700785792|9.79787529310513|8.78049327477508|6.30188079414188|3.59153942733699|3.72152444039254|4.50416814658784|5.81833870486159|2.44063573498011|9.63223075098543,dt4,Definitive_rep1
Rapamycin,Nucleus_RNA_Compactness,Mahalanobis distance (cutoff = 1),24,0.8589065274341403,hill,15.385975856002691,3.1618794839082853,NA,NA,13.215115093664796,0.3000000000637032,NA,4.520473918926203,NA,0.7577240872896718,1.1586649055086553,6.756892922073061e-4,0.00500924195350487,9.926295853002189e-9,-59.708705556511475,0.9999999899802212,4.520473918926203,NA,13.215115093664796,2.4698578898391034e-4,0.002981093542431042,0.04449562696519122,6.24289760502403e-4,6.24289760502403e-4,0.0018378580200616892,20|20|20|15|15|15|6.32455532033676|6.32455532033676|6.32455532033676|2|2|2|0.632455532033676|0.632455532033676|0.632455532033676|0.2|0.2|0.2|0.0632455532033676|0.0632455532033676|0.0632455532033676|0.02|0.02|0.02,17.3828074094323|10.0734017019246|5.46479996309525|7.77260878136741|15.0156839847762|7.22398364357027|4.2176190100798|7.41708349980113|5.54663598715163|3.00325047679475|10.0944233714641|4.76783811184024|6.05763705890813|3.22172998666648|4.36506358590572|1.44131766249505|3.83048873277175|2.64346019454346|2.88287393161545|3.83860237593215|8.7379593116729|4.24113180363238|1.87373223250055|3.72960788403302,dt4,Definitive_rep1
Rapamycin,Cell_DNA_Radial,Mahalanobis distance (cutoff = 1),24,0.8589065274341403,hill,6.5251856658195235,1.2877339208164569,NA,NA,5.6045245610920755,0.300000004820545,NA,0.1253803693833738,NA,-0.10663332300330342,1.1586649055086553,4.714582862239568e-4,0.0037672793933381443,8.375916438404e-13,-38.12522835661032,0.9999999999991568,0.1253803693833738,NA,5.6045245610920755,6.850426488438182e-6,8.268395297185671e-5,0.00123413576843183,4.204748231903011e-4,4.204748231903011e-4,0.001417652939281766,20|20|20|15|15|15|6.32455532033676|6.32455532033676|6.32455532033676|2|2|2|0.632455532033676|0.632455532033676|0.632455532033676|0.2|0.2|0.2|0.0632455532033676|0.0632455532033676|0.0632455532033676|0.02|0.02|0.02,8.93447809358758|4.91532461112943|3.6724637862742|5.45152117021672|5.00062385341263|4.13056721519763|3.68000665772942|4.71173884659481|3.33462694116096|4.6482102163645|3.6824042839086|2.51620936661557|4.19563655572575|2.71158428723688|5.19718860734887|2.36062888617632|2.1648658438887|2.82579904659282|2.20550180694291|2.8316895558381|2.52481917612239|4.0843548418015|1.11872857168284|4.15158430091222,dt4,Definitive_rep1
Rapamycin,Cell_Mito_Radial,Mahalanobis distance (cutoff = 1),24,0.8589065274341403,hill,5.632151972525627,1.4755758605761813,NA,NA,4.83749209270333,0.3000000000981432,NA,0.08908461030797764,NA,0.1417231112058428,1.1586649055086553,3.476973542867523e-4,0.008230622941710014,1.0329592298427842e-9,-43.25693873977207,0.9999999988507436,0.08908461030797764,NA,4.83749209270333,4.867328776284098e-6,5.8748167007558716e-5,8.768716868623308e-4,5.376834727440361e-4,5.376834727440361e-4,0.0018936406612599659,20|20|20|15|15|15|6.32455532033676|6.32455532033676|6.32455532033676|2|2|2|0.632455532033676|0.632455532033676|0.632455532033676|0.2|0.2|0.2|0.0632455532033676|0.0632455532033676|0.0632455532033676|0.02|0.02|0.02,5.11848618279108|2.76162644250811|5.7055083893997|5.13696231416592|3.04440118956801|3.60361843933161|3.89071636371205|7.23529155239902|2.60265445533377|7.21442913247535|3.33403661108001|2.35924816124116|1.9746684435232|3.87047317018536|2.08765365672654|2.92115322605258|1.82875825443715|1.31143487536037|1.91288002371187|1.99943005068811|2.48715993928789|3.92789875772744|2.19817163172752|4.23516339995421,dt4,Definitive_rep1
Rapamycin,Cell_AGP_Axial,Mahalanobis distance (cutoff = 1),18,0.8589065274341403,pow,4.408133105905725,2.0587034341306913,1.541315574867151,NA,NA,0.30000002875765097,NA,NA,NA,0.5361056992436259,1.1586649055086553,0.14576913597456964,1.3767186793700603,3.83675444064672e-4,-52.04490276176146,0.9995854118112769,1.984251754434105,NA,3.786174298460958,9.21008756271922e-4,0.009283184497267461,0.09356861574165488,0.14240149066764968,0.14240149066764968,0.38626704712572624,20|20|20|15|15|15|6.32455532033676|6.32455532033676|6.32455532033676|2|2|2|0.632455532033676|0.632455532033676|0.632455532033676|0.2|0.2|0.2|0.0632455532033676|0.0632455532033676|0.0632455532033676|0.02|0.02|0.02,6.79357148755174|2.85839885871497|2.47074441047968|5.94442451707006|6.93730934706655|3.23993330576898|0.623406250159566|1.22147687797725|0.475988142250714|-0.510772433671055|0.980102400943754|2.90539331976251|0.756343479531755|1.01646230175023|2.0061653643525|1.99241918490901|0.972030537034199|3.10991803209173|0.240243016349685|2.523310873123|2.06637747462161|4.93577631332612|-0.0432795579618676|5.02660831630426,dt4,Definitive_rep1
Rapamycin,Cell_ER_Axial,Mahalanobis distance (cutoff = 1),19,0.8589065274341403,pow,8.029903128536565,2.3578313481873736,2.4067484341383785,NA,NA,0.3514334895491473,NA,NA,NA,0.702813137770161,1.1586649055086553,0.07155833191883598,0.24992453048328975,2.284902356766624e-6,-55.75248005385499,0.9999976908505249,2.782611429248839,NA,6.89693621176388,0.003971585632639241,0.028545743691646978,0.20517233122522505,0.05329507810820394,0.05329507810820394,0.124920762968097,20|20|20|15|15|15|6.32455532033676|6.32455532033676|6.32455532033676|2|2|2|0.632455532033676|0.632455532033676|0.632455532033676|0.2|0.2|0.2|0.0632455532033676|0.0632455532033676|0.0632455532033676|0.02|0.02|0.02,8.10898939332039|5.42893835784751|6.93687634611535|10.1443916368417|10.2652887298159|6.46826303155943|1.26741194583046|1.93916479667934|0.281185642800375|5.66068715875152|0.348757006524871|2.666637399506|0.930728565203131|0.390038554011418|1.99348849418429|2.75456396329913|1.07848327366079|3.27834884416528|0.534753351518741|2.28837740425912|2.6977104364488|4.0134077904445|0.433351589809172|5.1391197117011,dt4,Definitive_rep1
Rapamycin,Nucleus_DNA_Profile,Mahalanobis distance (cutoff = 1),5,0.8589065274341403,exp2,3.3947835251246135,0.895165760204556,0.002455372754876625,2.8246739366596945,NA,NA,NA,NA,NA,-0.5849513738298925,1.1586649055086553,16.929457864027274,18.178468295349433,0.04258824973349166,-27.79032174564162,0.954914473730415,18.044460858977597,NA,2.9158017289554112,11.582832023716616,13.517257022191087,15.463353248375814,16.553256334889703,16.553256334889703,17.396776943992197,20|20|20|15|15|15|6.32455532033676|6.32455532033676|6.32455532033676|2|2|2|0.632455532033676|0.632455532033676|0.632455532033676|0.2|0.2|0.2|0.0632455532033676|0.0632455532033676|0.0632455532033676|0.02|0.02|0.02,2.909486320836|3.32168844884462|-0.27440302400728|0.220362370090821|0.275224227123976|0.99507667499557|0.608582233475965|-0.0929218946098236|0.0152696632024798|1.27546824492141|0.00164761401262492|0.7209048290562|-0.450347455498532|-0.310031302619939|0.0538828965091469|0.277308792574191|0.643501280331805|0.276124023062568|-0.180108582128551|0.850979993890911|0.540559732192803|1.7619238549988|-0.583722601639101|0.810803810963527,dt4,Definitive_rep1
Rapamycin,Nucleus_DNA_Radial,Mahalanobis distance (cutoff = 1),22,0.8589065274341403,pow,8.450985045870773,2.586356771123441,2.9549081634459613,NA,NA,0.3000001921036165,NA,NA,NA,0.7575796323781503,1.1586649055086553,0.023871797415045408,0.09777072101348988,1.3398034140976036e-6,-57.57486389147554,0.9999986457854262,1.9842542506841763,NA,7.2586062191467144,9.210137639167806e-4,0.00928322329257163,0.093568889061175,0.01626825096153904,0.01626825096153904,0.044127949905022494,20|20|20|15|15|15|6.32455532033676|6.32455532033676|6.32455532033676|2|2|2|0.632455532033676|0.632455532033676|0.632455532033676|0.2|0.2|0.2|0.0632455532033676|0.0632455532033676|0.0632455532033676|0.02|0.02|0.02,7.90775122883315|3.30844548880867|8.38016720259795|10.8394393929321|6.87586577537199|8.57400706095553|0.826555683270579|1.71879985597661|3.12710125374606|0.9300207680824|3.18506814728193|2.86227357844262|2.20808589262366|2.99012568573995|5.79642934883375|6.89554212982166|3.27130812369617|3.24488365353498|1.4359800635159|1.22073394036056|2.13757530016071|6.18487186474731|0.527803995268937|4.13582990860048,dt4,Definitive_rep1
Rapamycin,Nucleus_DNA_Compactness,Mahalanobis distance (cutoff = 1),24,0.8589065274341403,pow,12.949519816594647,2.6845707812879582,4.5278338556249595,NA,NA,0.30000006661088024,NA,NA,NA,0.8366600478341414,1.1586649055086553,0.007054874077383454,0.01770524673098072,8.548461403425027e-10,-58.83689963121136,0.9999999991396719,1.9842523329064279,NA,11.122427097610894,9.210099167242894e-4,0.009283193487546446,0.09356867907973092,0.003922099468645318,0.003922099468645318,0.010638776198434573,20|20|20|15|15|15|6.32455532033676|6.32455532033676|6.32455532033676|2|2|2|0.632455532033676|0.632455532033676|0.632455532033676|0.2|0.2|0.2|0.0632455532033676|0.0632455532033676|0.0632455532033676|0.02|0.02|0.02,12.9486565723466|14.0262999431131|11.8239287839417|6.07853724638131|10.2448932117218|10.6749637290554|4.86196104452952|6.04137157119364|2.5000685488352|3.83083911832249|4.05989040834071|5.07054189904871|4.76684558370329|4.21424959948108|3.64765212036166|6.08911080927772|5.49378682941601|2.59437272863089|3.64596812519351|4.37361034280673|5.57874016817649|6.4266018625686|3.851330542661|6.37917180229421,dt4,Definitive_rep1
Amperozide,Ring_Mito_Texture,Mahalanobis distance (cutoff = 1),11,0.8589065274341403,pow,27.776379437965772,1.0366945486030876,1.3780311063038988e-5,NA,NA,3.3270179701549134,NA,NA,NA,-0.29281583515990517,1.1586649055086553,29.811741624531912,30.5691353478375,1.986174493357249e-15,-29.507465494045036,0.9999999568105011,60.89488850936869,NA,23.85731360775624,30.47974842456488,37.539786799850475,46.235145164205726,27.61445362111045,27.61445362111045,30.214407096498665,75|75|75|33.3333333333333|33.3333333333333|33.3333333333333|11.1111111111111|11.1111111111111|11.1111111111111|3.7037037037037|3.7037037037037|3.7037037037037|1.23456790123457|1.23456790123457|1.23456790123457|0.411522633744856|0.411522633744856|0.411522633744856|0.137174211248285|0.137174211248285|0.137174211248285,22.9740965025299|23.7651871265723|25.4568265782629|1.9482832795077|0.98098891854113|1.90266244342197|-0.665596262352154|-0.180907164012|-0.551775497285141|0.0350998464370595|2.50549746436626|0.57818098121923|0.759241670906189|0.272469679050672|0.873333165006218|0.35017282777882|1.07761160721899|0.13590973841833|2.74006421119143|0.0704626736077765|0.943505665495252,dt4,Definitive_rep1
Amperozide,Ring_AGP_Texture,Mahalanobis distance (cutoff = 1),15,0.8589065274341403,exp5,22.380346434498925,1.3472415042373467,NA,NA,19.222625638828514,2.64765570654478,NA,24.913623475531644,NA,0.047446271961648634,1.1586649055086553,9.170671780962621,10.97201485488501,5.055059071886547e-16,-35.8730448949276,0.9999999999295092,24.913623475531644,NA,19.222625638828514,9.31870062834186,12.230060414008008,16.23757095847675,8.921870870299452,8.921870870299452,10.020702326573945,75|75|75|33.3333333333333|33.3333333333333|33.3333333333333|11.1111111111111|11.1111111111111|11.1111111111111|3.7037037037037|3.7037037037037|3.7037037037037|1.23456790123457|1.23456790123457|1.23456790123457|0.411522633744856|0.411522633744856|0.411522633744856|0.137174211248285|0.137174211248285|0.137174211248285,18.5373191694072|19.4658607304923|19.6097241419264|14.9493850082872|16.6319692620184|12.5161012139878|1.31546217602329|3.55668052534614|0.181665574160631|0.0620195620295945|1.28434428477199|-0.274555984554601|3.68191694893112|1.40127573211675|1.45815554587892|-0.00817570265660694|1.06371001683995|-0.191735335764447|1.15511509450805|1.00440974949862|-0.24980919769939,dt4,Definitive_rep1
Amperozide,Ring_ER_Texture,Mahalanobis distance (cutoff = 1),11,0.8589065274341403,exp2,38.41334565210064,1.451975975022995,1.658224552749511e-4,6.147083641500134,NA,NA,NA,NA,NA,0.0844924871967671,1.1586649055086553,54.26752787262559,54.56661845742783,9.97812510346195e-15,-37.198022901138245,0.9999999096132369,70.73919719972669,NA,32.99347332117309,56.585570115847155,60.846094886592645,65.10677411352927,52.574105422803875,52.574105422803875,54.41401139337563,75|75|75|33.3333333333333|33.3333333333333|33.3333333333333|11.1111111111111|11.1111111111111|11.1111111111111|3.7037037037037|3.7037037037037|3.7037037037037|1.23456790123457|1.23456790123457|1.23456790123457|0.411522633744856|0.411522633744856|0.411522633744856|0.137174211248285|0.137174211248285|0.137174211248285,32.0307862617864|33.7914849539048|33.1140380550964|-0.152028487823056|-0.045747508803063|-0.649716274759873|-0.187265067827235|1.50542708238785|-0.470736157430831|0.0296385007064278|1.88272144019209|-0.34771793436554|3.0584397331104|0.528672353444058|1.01585501114675|0.657918957190501|3.21826282062399|-0.177025617658293|3.12613316339772|1.00563238377855|1.92922166855978,dt4,Definitive_rep1
Amperozide,Ring_Mito_Intensity,Mahalanobis distance (cutoff = 1),19,0.8589065274341403,exp2,21.701362637874997,1.2299965504868524,0.8543460002355314,23.980701354491586,NA,NA,NA,NA,NA,0.0731789295566566,1.1586649055086553,20.233146103870272,20.90035576613343,2.123139329994149e-12,-35.262559461140874,0.9999999911969105,59.406457362842545,NA,18.639442023886208,17.68757994160014,27.75579361144063,40.278124010223095,16.68607515672419,16.68607515672419,20.5526739817808,75|75|75|33.3333333333333|33.3333333333333|33.3333333333333|11.1111111111111|11.1111111111111|11.1111111111111|3.7037037037037|3.7037037037037|3.7037037037037|1.23456790123457|1.23456790123457|1.23456790123457|0.411522633744856|0.411522633744856|0.411522633744856|0.137174211248285|0.137174211248285|0.137174211248285,18.2342216883363|18.6207249852231|19.0996830784984|2.75622578013589|1.77882952247734|2.4782691688519|0.937784102219596|0.147266727180494|1.58719833245102|1.31016599707345|1.57307678333277|1.73775013316603|1.15548818888583|1.05126770754214|1.52241973249852|1.35133078681687|1.08239686924892|1.84553461702275|2.60957999873012|0.729057042288309|2.29836721902961,dt4,Definitive_rep1
Amperozide,Ring_AGP_Intensity,Mahalanobis distance (cutoff = 1),17,0.8589065274341403,exp2,43.71663258987322,1.7923890698788316,3.718566872852367,31.162660785256605,NA,NA,NA,NA,NA,0.04034976113154963,1.1586649055086553,8.353526844497345,8.577752319136565,6.241199401417699e-17,-37.81156611402986,0.9999999999904203,56.08835457806557,NA,37.548501088882176,12.736561809876006,21.751972788837122,34.437734939928966,6.475876443811275,6.475876443811275,8.452543145076062,75|75|75|33.3333333333333|33.3333333333333|33.3333333333333|11.1111111111111|11.1111111111111|11.1111111111111|3.7037037037037|3.7037037037037|3.7037037037037|1.23456790123457|1.23456790123457|1.23456790123457|0.411522633744856|0.411522633744856|0.411522633744856|0.137174211248285|0.137174211248285|0.137174211248285,38.3507821302899|37.4677093885857|30.9414548726143|6.00372261572443|7.65874621122748|7.17398081161658|2.04832917770745|1.86818086019105|0.916866309843983|1.14575663194839|1.18230904155734|0.583806842652269|2.25071507776231|2.58352215525161|1.39730555670681|0.868661595123816|2.15649522153047|0.601519609030031|0.734702059216258|0.495046192273548|1.37912843325767,dt4,Definitive_rep1
Amperozide,Ring_ER_Intensity,Mahalanobis distance (cutoff = 1),17,0.8589065274341403,exp2,54.26490405048491,3.103641151429767,0.41836482871104663,15.88269661103417,NA,NA,NA,NA,NA,0.6090368424572772,1.1586649055086553,20.81787560492937,21.316314938006375,4.658059301729617e-13,-49.81718483815718,0.9999999962399472,64.13162601852892,NA,46.60848029954881,29.900158323562017,39.6520690239809,49.99315093160192,17.72711415460873,17.72711415460873,21.075458404452725,75|75|75|33.3333333333333|33.3333333333333|33.3333333333333|11.1111111111111|11.1111111111111|11.1111111111111|3.7037037037037|3.7037037037037|3.7037037037037|1.23456790123457|1.23456790123457|1.23456790123457|0.411522633744856|0.411522633744856|0.411522633744856|0.137174211248285|0.137174211248285|0.137174211248285,47.1625341759596|57.6508549197809|44.3749556529302|3.33266843264879|1.70470622044774|3.45116729781945|1.46931054476823|1.221958281293|-0.311731711349065|0.113105528714634|1.62740517325086|-0.296031451512201|2.07130555462584|1.39368134174318|1.5616454067477|1.3808023761095|3.4069831681696|0.284547632717427|5.24050905082347|2.45070288619512|3.62275811721485,dt4,Definitive_rep1
Amperozide,Cytoplasm_Mito_Texture,Mahalanobis distance (cutoff = 1),21,0.8589065274341403,exp2,55.643247544818095,2.0433550628792516,1.6291259307983463,21.979043460396007,NA,NA,NA,NA,NA,0.6265490529862511,1.1586649055086553,11.686351171122322,11.936688025618036,3.13966923675649e-15,-46.41824811387807,0.9999999998029974,60.47811826540003,NA,47.79234852387796,19.845441526603636,30.101616079281698,42.34838573096913,9.306994929620993,9.306994929620993,11.807270395111376,75|75|75|33.3333333333333|33.3333333333333|33.3333333333333|11.1111111111111|11.1111111111111|11.1111111111111|3.7037037037037|3.7037037037037|3.7037037037037|1.23456790123457|1.23456790123457|1.23456790123457|0.411522633744856|0.411522633744856|0.411522633744856|0.137174211248285|0.137174211248285|0.137174211248285,46.6101887307345|47.984078042912|48.7914558035605|4.80704201955639|4.75546655193533|6.45584716155968|1.88529123678832|1.20335017392845|2.98198933253981|2.22013499445143|4.13487829409124|3.01994714273727|2.63791079541159|2.76005355700276|3.1833075950505|2.59231765247421|1.89564025996956|2.89524920612232|2.47525887200198|1.16209997602939|1.97295862013559,dt4,Definitive_rep1
Amperozide,Cytoplasm_AGP_Texture,Mahalanobis distance (cutoff = 1),10,0.8589065274341403,exp5,71.17017512913279,1.7508898601501595,NA,NA,61.128527977043056,3.7969984873737492,NA,42.48743995084199,NA,-0.24820719860191665,1.1586649055086553,16.239954090069155,16.812754944443192,7.87967192319337e-23,-34.714097732734004,0.9999999999998006,42.48743995084199,NA,61.128527977043056,21.402062797083016,25.86952028267882,31.52252720525468,15.246067442672542,15.246067442672542,16.507560950850447,75|75|75|33.3333333333333|33.3333333333333|33.3333333333333|11.1111111111111|11.1111111111111|11.1111111111111|3.7037037037037|3.7037037037037|3.7037037037037|1.23456790123457|1.23456790123457|1.23456790123457|0.411522633744856|0.411522633744856|0.411522633744856|0.137174211248285|0.137174211248285|0.137174211248285,61.2507544776993|67.5834106836194|57.7796514296149|14.9606050969906|15.272668281105|13.7713116831381|-0.238724058061368|0.368702764549943|0.61001115426699|-0.0534960215156923|-0.271418699194337|0.902810892011987|-0.368977988434047|-0.315288396515313|-0.367098132022303|0.377745676014448|-0.0541412568304306|-0.124832027483156|0.871440125817503|1.97677290172916|1.64123830704905,dt4,Definitive_rep1
Amperozide,Cytoplasm_ER_Texture,Mahalanobis distance (cutoff = 1),15,0.8589065274341403,exp2,19.24483315547454,1.5803095921995858,4.075894584235273,46.283060367732254,NA,NA,NA,NA,NA,0.24521370251413016,1.1586649055086553,11.187872527123819,12.024478456570794,4.771428340223754e-11,-39.669675267117825,0.9999999765456311,51.272768573522555,NA,16.52951281661805,8.54517456083624,15.75585706334887,27.488753290382384,8.850344831651162,8.850344831651162,11.579671858348458,75|75|75|33.3333333333333|33.3333333333333|33.3333333333333|11.1111111111111|11.1111111111111|11.1111111111111|3.7037037037037|3.7037037037037|3.7037037037037|1.23456790123457|1.23456790123457|1.23456790123457|0.411522633744856|0.411522633744856|0.411522633744856|0.137174211248285|0.137174211248285|0.137174211248285,17.3886156947358|15.9089125004868|16.3932699913745|3.93621338343443|3.29573744319387|4.95985556353442|2.43562901147929|3.18564403780092|-0.292608360392018|0.0662491895386627|1.23754349704493|-0.361797984088006|2.26176390515736|0.743117487595633|1.19484353798774|0.628939911774735|3.3377501839651|0.591772050933453|3.83522611515833|1.98608102660462|2.01901682789438,dt4,Definitive_rep1
Amperozide,Cytoplasm_Mito_Intensity,Mahalanobis distance (cutoff = 1),21,0.8589065274341403,exp2,34.77535155302215,1.520015345253693,2.2059971060623838,28.01758504660686,NA,NA,NA,NA,NA,0.3112221573261058,1.1586649055086553,11.642924970566833,12.023249118552553,1.7264885770986148e-14,-39.95155097160604,0.9999999996516457,57.44327186191004,NA,29.86877644270769,14.485112404052307,23.986074122326336,36.71654849567572,9.21320513651993,9.21320513651993,11.827564879430485,75|75|75|33.3333333333333|33.3333333333333|33.3333333333333|11.1111111111111|11.1111111111111|11.1111111111111|3.7037037037037|3.7037037037037|3.7037037037037|1.23456790123457|1.23456790123457|1.23456790123457|0.411522633744856|0.411522633744856|0.411522633744856|0.137174211248285|0.137174211248285|0.137174211248285,29.7249361146819|31.1291469083621|28.9201052979204|5.27579264933424|3.52694799211539|5.14743548719487|1.44959345760009|0.99914949765614|2.01598528668374|1.43332936865599|1.93257445077576|1.97304387742828|1.42214593561892|1.32852429542044|1.71333610157389|1.64600892793223|1.70709426624104|2.0223859247621|3.38892205091592|1.95996459030611|2.36126375998092,dt4,Definitive_rep1
Amperozide,Cytoplasm_AGP_Intensity,Mahalanobis distance (cutoff = 1),17,0.8589065274341403,exp3,33.71659383548728,1.6234594658948018,0.8777135973871252,5.36734678337507,NA,0.47787016746148336,NA,NA,NA,0.27335819020284113,1.1586649055086553,3.6196926413451247,3.8982824362965394,7.504870278719777e-15,-40.08787546817885,0.9999999999907875,48.46247667811621,NA,28.95940252814572,5.084365659628288,11.823335406725782,23.568559818589282,2.4123163581677565,2.4123163581677565,3.7414768610678797,75|75|75|33.3333333333333|33.3333333333333|33.3333333333333|11.1111111111111|11.1111111111111|11.1111111111111|3.7037037037037|3.7037037037037|3.7037037037037|1.23456790123457|1.23456790123457|1.23456790123457|0.411522633744856|0.411522633744856|0.411522633744856|0.137174211248285|0.137174211248285|0.137174211248285,29.1239415602158|31.1397940945855|26.0077174471476|7.72961164622231|8.77089653404104|8.76171169928721|3.31843996963551|3.17779196410639|0.501151860689037|1.85709925789441|1.91047628875325|0.494296032848426|3.10861894866078|3.37558518285963|2.24550890636228|0.898829035187781|4.10288662841962|0.821382090145434|1.06707977313793|0.0612010114463789|0.97392768647493,dt4,Definitive_rep1
Amperozide,Cytoplasm_ER_Intensity,Mahalanobis distance (cutoff = 1),17,0.8589065274341403,exp2,64.05107357335648,4.224164261912652,0.8850979745831453,18.09145684180025,NA,NA,NA,NA,NA,0.7422375270848423,1.1586649055086553,14.972236044149367,15.292917403439123,3.3953557217533255e-13,-54.18846418957436,0.999999999622029,62.74417150116785,NA,55.01388518132025,25.56112932194396,35.7530825032911,46.99393243986006,12.270364908243195,12.270364908243195,15.139828280131557,75|75|75|33.3333333333333|33.3333333333333|33.3333333333333|11.1111111111111|11.1111111111111|11.1111111111111|3.7037037037037|3.7037037037037|3.7037037037037|1.23456790123457|1.23456790123457|1.23456790123457|0.411522633744856|0.411522633744856|0.411522633744856|0.137174211248285|0.137174211248285|0.137174211248285,54.4986549161708|70.8282499447531|54.4927493490843|4.85886518734459|3.10240269325444|5.31289911439638|2.37121767265366|2.25629467132255|-0.148163883535447|0.354235656479211|1.76044888543668|-0.239479059386054|2.29325990983448|1.66948676405239|2.22232864014921|1.56396226360481|2.74847557530193|0.361901129783113|7.3522409392694|5.32863054307914|2.89339473487526,dt4,Definitive_rep1
Amperozide,Cytoplasm_Mito_Profile,Mahalanobis distance (cutoff = 1),20,0.8589065274341403,exp2,43.91313528254983,2.691135780178685,22.93601076209962,77.12354512797722,NA,NA,NA,NA,NA,0.8825855688871651,1.1586649055086553,3.620080735052462,3.9748764728546275,2.329122950926806e-13,-51.98604508300619,0.9999999997061609,46.27876558018565,NA,37.7172785342805,6.094079687419865,11.741686575400609,21.929696642209116,2.835354650315189,2.835354650315189,3.80085589191323,75|75|75|33.3333333333333|33.3333333333333|33.3333333333333|11.1111111111111|11.1111111111111|11.1111111111111|3.7037037037037|3.7037037037037|3.7037037037037|1.23456790123457|1.23456790123457|1.23456790123457|0.411522633744856|0.411522633744856|0.411522633744856|0.137174211248285|0.137174211248285|0.137174211248285,36.4070051988178|42.2939270820958|36.3452033155114|11.8348384742824|15.2668220819005|11.7996914179861|2.47271694338011|0.475473162936279|1.65292683594361|1.53124563957723|4.07976202536554|3.62347835215238|3.31021192520948|4.20006925186614|1.63543619538862|2.22066053880893|4.57758786932256|1.74760174825495|2.11287810028481|2.47596698633653|5.26165340015714,dt4,Definitive_rep1
Amperozide,Cytoplasm_ER_Profile,Mahalanobis distance (cutoff = 1),21,0.8589065274341403,exp2,108.17573964789207,2.664991076625637,6.265360757768989,27.155394641949147,NA,NA,NA,NA,NA,0.8503968845468026,1.1586649055086553,4.545564040302389,4.669954781642281,3.8020992768466686e-19,-51.552826221939085,0.9999999999990054,57.84078914552729,NA,92.91284889359063,15.064063554615075,24.696521189902636,37.41302728054403,3.488672937739771,3.488672937739771,4.607870812392636,75|75|75|33.3333333333333|33.3333333333333|33.3333333333333|11.1111111111111|11.1111111111111|11.1111111111111|3.7037037037037|3.7037037037037|3.7037037037037|1.23456790123457|1.23456790123457|1.23456790123457|0.411522633744856|0.411522633744856|0.411522633744856|0.137174211248285|0.137174211248285|0.137174211248285,88.4092622659628|98.5820403566945|93.0171756065803|13.9117840062336|13.7317450988116|16.3516243316423|4.73104617539883|3.93530350174413|2.53669546659691|2.63512946176133|4.38361895190879|2.85639483578715|3.4381830904081|4.42113651570825|3.93530079173812|3.26115912325224|2.80216511742781|1.6074668196783|2.49712789821471|1.07087829341846|1.64778190815312,dt4,Definitive_rep1
Amperozide,Cytoplasm_DNA_Profile,Mahalanobis distance (cutoff = 1),16,0.8589065274341403,exp2,66.2156926840078,6.219070850143135,1.4925701510465588,20.456992019976425,NA,NA,NA,NA,NA,0.5144418533614008,1.1586649055086553,11.60811192312826,11.997524952106144,7.701697390383373e-13,-54.29322123417513,0.9999999997560318,61.33685790972945,NA,56.87309066486735,21.81747432339227,32.13349515888445,44.0680627008068,9.298601693516565,9.298601693516565,11.753074266705271,75|75|75|33.3333333333333|33.3333333333333|33.3333333333333|11.1111111111111|11.1111111111111|11.1111111111111|3.7037037037037|3.7037037037037|3.7037037037037|1.23456790123457|1.23456790123457|1.23456790123457|0.411522633744856|0.411522633744856|0.411522633744856|0.137174211248285|0.137174211248285|0.137174211248285,45.9931222303605|82.5675728555066|57.3942388092914|6.29908502544221|5.01218558897436|7.02206737387512|0.432005032293144|1.15103848802165|-0.0301171008842293|0.691452302628755|2.5274187247086|1.87843258394741|2.50419518170546|2.43186811889903|1.92929396994392|0.697675185921026|1.70941384126129|1.21738288282269|0.980939005459535|1.27241181533888|0.379657431559621,dt4,Definitive_rep1
Amperozide,Membrane_AGP_Texture,Mahalanobis distance (cutoff = 1),14,0.8589065274341403,exp5,25.791355638348282,1.1420556145727945,NA,NA,22.15236370915266,2.0509935852311516,NA,22.726489702402976,NA,-0.06605018706709073,1.1586649055086553,6.1264004303637245,7.0442532016553105,1.9092607249773127e-18,-33.12363604862612,0.9999999999995711,22.726489702402976,NA,22.15236370915266,6.38567712838334,9.07046019384209,13.07769075594277,5.625010725344402,5.625010725344402,6.531342543592961,75|75|75|33.3333333333333|33.3333333333333|33.3333333333333|11.1111111111111|11.1111111111111|11.1111111111111|3.7037037037037|3.7037037037037|3.7037037037037|1.23456790123457|1.23456790123457|1.23456790123457|0.411522633744856|0.411522633744856|0.411522633744856|0.137174211248285|0.137174211248285|0.137174211248285,20.0482096125678|22.7654307199691|22.4782857377096|17.9174563173696|17.8547594683504|15.2151784873662|2.59127574394477|3.75400427355052|2.78338744058659|2.62474457623159|1.44700009502265|1.91634727129931|-0.489259119061405|-0.495359562220923|-0.0633177120296227|-0.178148760370811|-0.280724074166755|0.758767239383054|1.60843499053148|1.99041926374885|0.241346156926783,dt4,Definitive_rep1
Amperozide,Membrane_AGP_Intensity,Mahalanobis distance (cutoff = 1),18,0.8589065274341403,pow,30.15722043147882,1.8750831914811295,0.13684128477070753,NA,NA,1.2144243578294318,NA,NA,NA,0.4094263807003982,1.1586649055086553,5.4787172495379854,6.136514571933304,5.31656620158725e-14,-43.214053044306674,0.9999999997972903,42.38210374149618,NA,25.90223347786738,6.364248309119351,11.262268293600775,19.9298771758006,4.538142159798686,4.538142159798686,5.806768835339255,75|75|75|33.3333333333333|33.3333333333333|33.3333333333333|11.1111111111111|11.1111111111111|11.1111111111111|3.7037037037037|3.7037037037037|3.7037037037037|1.23456790123457|1.23456790123457|1.23456790123457|0.411522633744856|0.411522633744856|0.411522633744856|0.137174211248285|0.137174211248285|0.137174211248285,25.627510912449|29.0332699431648|23.9151271667317|9.30467183270556|9.98174469251338|10.8058226026675|1.79776515809605|2.28637600574612|-0.0694817106030586|1.2071160110729|1.03508744639785|0.147892837085046|3.02138213301498|2.47978332542148|1.55439604552527|1.49592831188166|2.61132150543479|0.105795249648118|4.80668974846263|1.47422082340003|1.11685282565849,dt4,Definitive_rep1
Amperozide,Nucleus_DNA_Texture,Mahalanobis distance (cutoff = 1),17,0.8589065274341403,poly1,13.754426869464229,3.086987002562986,0.15751689359064475,NA,NA,NA,NA,NA,NA,0.6445085551500571,1.1586649055086553,6.352905501579776,8.67084004093775,4.289998685437558e-7,-50.99049133666495,0.9999994179333148,37.5,NA,11.813767019298355,3.75,7.5,15,5.452789906245031,5.452789906245031,7.355813583524547,75|75|75|33.3333333333333|33.3333333333333|33.3333333333333|11.1111111111111|11.1111111111111|11.1111111111111|3.7037037037037|3.7037037037037|3.7037037037037|1.23456790123457|1.23456790123457|1.23456790123457|0.411522633744856|0.411522633744856|0.411522633744856|0.137174211248285|0.137174211248285|0.137174211248285,10.310880609338|14.5459867769282|11.6575095714763|4.56672572280876|5.7517897493438|4.56274757413083|1.20533915136612|2.80381204969761|-0.437980431676259|1.59276083477284|1.65488699003573|0.580219735526749|6.05805264419568|9.59825299111635|5.12240776213954|1.40541320755742|5.4129824532057|1.27408895856829|0.0317340874992795|1.38225878409729|0.0984938349185284,dt4,Definitive_rep1
Amperozide,Nucleus_RNA_Intensity,Mahalanobis distance (cutoff = 1),18,0.8589065274341403,exp2,16.890577689530023,1.7517013257099792,1.3448261621173523,30.40071898512606,NA,NA,NA,NA,NA,0.38872204901777546,1.1586649055086553,17.96086733527196,19.898069757366542,1.550141687274419e-8,-42.3203815481572,0.999999740198749,56.40329450967052,NA,14.507427429670797,13.11424003564853,22.24636065786454,34.95432112211383,15.01454550996324,15.01454550996324,18.89165819249671,75|75|75|33.3333333333333|33.3333333333333|33.3333333333333|11.1111111111111|11.1111111111111|11.1111111111111|3.7037037037037|3.7037037037037|3.7037037037037|1.23456790123457|1.23456790123457|1.23456790123457|0.411522633744856|0.411522633744856|0.411522633744856|0.137174211248285|0.137174211248285|0.137174211248285,14.4520214693717|17.7664493441419|12.5717149229912|2.44461834610501|1.63093852580684|2.92471886654861|1.8011749363726|1.14834244565577|0.302366217341957|1.52890680793172|2.80571307911551|0.883825660422549|2.55524315696071|3.92964710800991|2.125420662683|1.77385835690458|2.48315199748243|0.877970055650644|0.557509522423514|0.514360237335743|1.32391408781143,dt4,Definitive_rep1
Amperozide,Nucleus_DNA_Intensity,Mahalanobis distance (cutoff = 1),11,0.8589065274341403,exp2,22.618056102515897,2.1071931401213946,9.853553074716531e-5,6.151700047100033,NA,NA,NA,NA,NA,0.2598593924791806,1.1586649055086553,57.21421309292237,58.029021982700144,1.003623630323476e-9,-42.871670087350324,0.9999984295457576,70.73599765878078,NA,19.426796024322496,56.57174644411226,60.835467987987286,65.09934552563959,55.81506901484656,55.81506901484656,57.65648138419842,75|75|75|33.3333333333333|33.3333333333333|33.3333333333333|11.1111111111111|11.1111111111111|11.1111111111111|3.7037037037037|3.7037037037037|3.7037037037037|1.23456790123457|1.23456790123457|1.23456790123457|0.411522633744856|0.411522633744856|0.411522633744856|0.137174211248285|0.137174211248285|0.137174211248285,19.2781693446365|25.2410865287519|18.5195426968816|-0.320925848959227|-0.313732244666553|-0.549458725157667|0.0692131153509011|-0.152754800564407|-0.286200701899453|1.05288201729268|0.300460393890316|1.90964738551922|1.85781549492529|5.41424352245569|1.39268075997104|0.897015485708102|3.44783945943302|0.59899323900897|0.145762257075102|2.29761656509451|-0.160494197911298,dt4,Definitive_rep1
Amperozide,Nucleus_RNA_Texture,Mahalanobis distance (cutoff = 1),15,0.8589065274341403,poly1,16.628282087866186,2.320312894566744,0.19042853367045948,NA,NA,NA,NA,NA,NA,0.6505094476484509,1.1586649055086553,5.229028822276699,7.194136909750734,9.921915991643753e-9,-48.10222893390169,0.9999999727581559,37.5,NA,14.28214002528446,3.7500000000000004,7.500000000000001,15.000000000000002,4.510387760063814,4.510387760063814,6.084513088326085,75|75|75|33.3333333333333|33.3333333333333|33.3333333333333|11.1111111111111|11.1111111111111|11.1111111111111|3.7037037037037|3.7037037037037|3.7037037037037|1.23456790123457|1.23456790123457|1.23456790123457|0.411522633744856|0.411522633744856|0.411522633744856|0.137174211248285|0.137174211248285|0.137174211248285,10.9679420020797|18.1405349024158|14.1323283257656|7.47023319921783|5.92716125146004|5.05828220737608|3.51981881576529|3.30488322781182|0.240981530625944|2.04829760000476|4.42024265054752|0.335997309453814|4.87133227922132|4.67343934587816|3.08770409024534|1.40250407087969|3.18508856581861|0.622844713988903|0.457831709286187|0.377744194458838|0.316785287312295,dt4,Definitive_rep1
Amperozide,Nucleus_RNA_Profile,Mahalanobis distance (cutoff = 1),20,0.8589065274341403,exp2,66.67623248345512,2.820264007500176,2.2525144563282034,22.90576522261283,NA,NA,NA,NA,NA,0.8869305109272478,1.1586649055086553,9.379525170899319,9.696004599608237,3.9080256346247877e-14,-52.445247280264944,0.9999999996073411,59.97377747914316,NA,57.26865130475587,18.789951957203268,28.971521861132384,41.36333206818928,7.399304346203612,7.399304346203612,9.506143546525827,75|75|75|33.3333333333333|33.3333333333333|33.3333333333333|11.1111111111111|11.1111111111111|11.1111111111111|3.7037037037037|3.7037037037037|3.7037037037037|1.23456790123457|1.23456790123457|1.23456790123457|0.411522633744856|0.411522633744856|0.411522633744856|0.137174211248285|0.137174211248285|0.137174211248285,58.4464569727493|58.5892097393037|50.3741561743726|5.56061995218934|6.26507531358084|8.88436572644167|3.14503050988646|4.13613182438978|0.731034924931193|1.22915347490344|2.98271388237219|1.23744475100327|4.05014638241734|2.53129851854328|2.58010460984547|3.01871364571022|4.64274829178741|1.1029983869518|3.22333179685002|2.41288227082358|4.01312601493116,dt4,Definitive_rep1
Amperozide,Nucleus_RNA_Radial,Mahalanobis distance (cutoff = 1),21,0.8589065274341403,exp4,6.912522992709096,1.9088216348675993,NA,NA,5.937211119476421,NA,NA,0.09978336992664968,NA,0.3933948254547689,1.1586649055086553,0.016045447203368302,0.05444105898875965,3.035658692513872e-11,-43.262462749806325,0.9999999999690333,0.09978336992664968,NA,5.937211119476421,0.007384027392991562,0.015167380903222519,0.032123070181927255,0.022495011771169467,0.022495011771169467,0.03125351282721999,75|75|75|33.3333333333333|33.3333333333333|33.3333333333333|11.1111111111111|11.1111111111111|11.1111111111111|3.7037037037037|3.7037037037037|3.7037037037037|1.23456790123457|1.23456790123457|1.23456790123457|0.411522633744856|0.411522633744856|0.411522633744856|0.137174211248285|0.137174211248285|0.137174211248285,4.33329079225335|4.28151060817878|4.85879829279457|3.89215728509838|5.26331343768867|3.73160397803257|6.43164641764943|5.63722703095663|6.13857514469194|6.60460804792637|9.47188929245683|5.81823057638656|7.79490975598763|6.89835346330231|10.0387353435977|6.38627337485955|10.1149424736957|4.86256073293341|3.87909561364843|1.62468428348556|4.17081822347316,dt4,Definitive_rep1
Amperozide,Nucleus_RNA_Axial,Mahalanobis distance (cutoff = 1),21,0.8589065274341403,exp4,6.6316419554302195,2.6062693167790254,NA,NA,5.695960563125122,NA,NA,0.08159221096136685,NA,0.7344610395399649,1.1586649055086553,0.005886119913158956,0.05346548479828959,4.312805973221826e-8,-50.05891413543227,0.9999999559282224,0.08159221096136685,NA,5.695960563125122,0.006037871052424456,0.012402268467148873,0.02626682503244059,0.019240300316439612,0.019240300316439612,0.026770933663519278,75|75|75|33.3333333333333|33.3333333333333|33.3333333333333|11.1111111111111|11.1111111111111|11.1111111111111|3.7037037037037|3.7037037037037|3.7037037037037|1.23456790123457|1.23456790123457|1.23456790123457|0.411522633744856|0.411522633744856|0.411522633744856|0.137174211248285|0.137174211248285|0.137174211248285,5.06570076364634|6.03975448641855|6.08964752623817|3.76452570500397|3.74648468264831|1.59855306710722|3.58381677609015|1.42389785061306|3.13968630164103|6.87467693404045|10.6260586580123|6.11340010825678|7.40776693293875|5.95440031472407|8.41783416559694|7.29151126576541|12.0258196686544|6.95068312196741|2.35669672930605|2.86441392147888|4.98179416870519,dt4,Definitive_rep1
Amperozide,Nucleus_RNA_Compactness,Mahalanobis distance (cutoff = 1),17,0.8589065274341403,exp2,58.65195668052798,3.7096777959078935,0.8882941857346752,18.493597875254352,NA,NA,NA,NA,NA,0.5512407629246212,1.1586649055086553,15.3023629135116,15.603750961145726,8.91965141190143e-13,-49.95070062858431,0.9999999989690348,62.498918902221284,NA,50.37654843968991,24.861315939483134,35.09702334056764,46.47502819747173,12.510312656646104,12.510312656646104,15.438596471033353,75|75|75|33.3333333333333|33.3333333333333|33.3333333333333|11.1111111111111|11.1111111111111|11.1111111111111|3.7037037037037|3.7037037037037|3.7037037037037|1.23456790123457|1.23456790123457|1.23456790123457|0.411522633744856|0.411522633744856|0.411522633744856|0.137174211248285|0.137174211248285|0.137174211248285,35.5036389744765|50.6552570724997|50.9032671147797|4.63067279731895|4.96661919551515|3.30837997558136|0.701961249412795|0.795943777924117|0.888332714934857|1.75279762826938|2.10885294077099|2.80247849496461|2.70811094953564|4.83175737336803|2.00169496291961|1.53637774381847|2.48076531935337|1.43989543747844|2.98281775985916|0.372109855601364|0.0120438648828656,dt4,Definitive_rep1
Amperozide,Cell_DNA_Radial,Mahalanobis distance (cutoff = 1),17,0.8589065274341403,poly1,17.397004436597648,2.076745633281054,0.19923200891192558,NA,NA,NA,NA,NA,NA,0.5476833739905271,1.1586649055086553,5.201729527976104,6.5484123540758326,5.750756959228512e-10,-45.758915590505545,0.9999999851460546,37.5,NA,14.942400668394418,3.7500000000000004,7.500000000000001,15.000000000000002,4.311087019224089,4.311087019224089,5.815656388933296,75|75|75|33.3333333333333|33.3333333333333|33.3333333333333|11.1111111111111|11.1111111111111|11.1111111111111|3.7037037037037|3.7037037037037|3.7037037037037|1.23456790123457|1.23456790123457|1.23456790123457|0.411522633744856|0.411522633744856|0.411522633744856|0.137174211248285|0.137174211248285|0.137174211248285,14.2697699418672|17.06806175166|13.0674348500359|7.3835234582146|7.07463520173994|7.30141764911564|1.97367643511411|1.65285324976245|-0.342811256440874|0.689995147635994|3.26882065024488|-0.0695780270123587|2.19651972387647|0.782531277159504|1.86081932911587|1.78447356165262|3.68490343158415|0.975741628766836|4.94452936754897|3.32261609145335|2.94702378385752,dt4,Definitive_rep1
Amperozide,Cell_Mito_Radial,Mahalanobis distance (cutoff = 1),19,0.8589065274341403,exp2,19.966627008365354,2.8119842171433924,0.2849108349908589,18.230330926321315,NA,NA,NA,NA,NA,0.8617636959428154,1.1586649055086553,28.75073971712547,30.58698479725178,1.3125755579216499e-6,-52.20005357044575,0.999997684238105,62.65920767468102,NA,17.149466268327803,25.316395733214474,35.524623984941535,46.81375700586381,25.339252834070024,25.339252834070024,29.582398030274454,75|75|75|33.3333333333333|33.3333333333333|33.3333333333333|11.1111111111111|11.1111111111111|11.1111111111111|3.7037037037037|3.7037037037037|3.7037037037037|1.23456790123457|1.23456790123457|1.23456790123457|0.411522633744856|0.411522633744856|0.411522633744856|0.137174211248285|0.137174211248285|0.137174211248285,16.8282326437983|18.4174052451419|16.2923091267675|0.646411471622825|1.71696071516311|0.421934916464127|3.8123689264475|2.14104140384701|0.993706219197917|2.10596598821723|5.02854985937722|1.46058220777488|3.14375119720457|3.54360693303125|2.7821957579166|2.08148330209857|4.46751884293454|1.15454854035537|6.72647059495111|2.58795031198151|2.60199232462621,dt4,Definitive_rep1
Amperozide,Cell_Mito_Axial,Mahalanobis distance (cutoff = 1),15,0.8589065274341403,exp2,62.88704523806595,2.9564068486250896,0.15632290371732016,12.824970967408747,NA,NA,NA,NA,NA,0.3708514924779355,1.1586649055086553,27.111966581238796,27.538488290574357,1.0617425752466908e-14,-46.10422697060928,0.9999999935197348,66.14736404269087,NA,54.01409364602092,37.26440614040587,45.79824930642332,54.506196836922825,23.994829964084147,23.994829964084147,27.312813696713654,75|75|75|33.3333333333333|33.3333333333333|33.3333333333333|11.1111111111111|11.1111111111111|11.1111111111111|3.7037037037037|3.7037037037037|3.7037037037037|1.23456790123457|1.23456790123457|1.23456790123457|0.411522633744856|0.411522633744856|0.411522633744856|0.137174211248285|0.137174211248285|0.137174211248285,51.358918485299|65.5768497445743|54.83538714813|1.92808986502226|1.53094170510099|2.07328459024334|1.15721107761323|0.576651952853382|0.109848266222331|0.144608673006826|2.10450327579364|0.236793862970074|0.631506299011364|1.19792932338879|1.21575398568036|1.21485888119061|3.61492611946011|0.536301154178834|1.6360812528308|1.86450234361887|3.53996712118569,dt4,Definitive_rep1
Amperozide,Cell_Mito_Compactness,Mahalanobis distance (cutoff = 1),19,0.8589065274341403,pow,5.810840251163847,0.9967832693866439,1.3666787267179004,NA,NA,0.30000001389224595,NA,NA,NA,-0.1580379581031267,1.1586649055086553,0.38534838648868985,0.9315397786405446,9.340522220649735e-10,-30.642820027096676,0.9999999879213435,7.440943227229786,NA,4.9909686216016675,0.0034537811270589384,0.034811928625056436,0.35088221575522643,0.2126171344941251,0.2126171344941251,0.5767284905880988,75|75|75|33.3333333333333|33.3333333333333|33.3333333333333|11.1111111111111|11.1111111111111|11.1111111111111|3.7037037037037|3.7037037037037|3.7037037037037|1.23456790123457|1.23456790123457|1.23456790123457|0.411522633744856|0.411522633744856|0.411522633744856|0.137174211248285|0.137174211248285|0.137174211248285,5.80535933418814|5.35350851140068|4.22507354272151|2.56703252421787|4.85966108385268|4.15302929638472|2.3280431198265|1.78349593916047|1.05365666160701|1.50149192350854|2.5200487180076|3.81852207158029|2.76804909811795|1.14608801919752|0.61837427107503|1.03814318643583|3.16477575451085|1.25836919069491|1.82448246960767|0.574918250039081|1.34621971803259,dt4,Definitive_rep1
Amperozide,Cell_AGP_Axial,Mahalanobis distance (cutoff = 1),8,0.8589065274341403,pow,77.37971288145657,2.4091322068199466,1.4594589312207248e-5,NA,NA,3.551020581900425,NA,NA,NA,-0.48765454060945573,1.1586649055086553,23.903703600312046,24.04935613972497,7.870562432403386e-22,-31.70091434799336,0.9999999999597071,61.70046721652262,NA,66.46194048486268,32.261107405388735,39.21498757721272,47.667776290409634,22.039743072834494,22.039743072834494,23.97833846647396,75|75|75|33.3333333333333|33.3333333333333|33.3333333333333|11.1111111111111|11.1111111111111|11.1111111111111|3.7037037037037|3.7037037037037|3.7037037037037|1.23456790123457|1.23456790123457|1.23456790123457|0.411522633744856|0.411522633744856|0.411522633744856|0.137174211248285|0.137174211248285|0.137174211248285,66.5978320568026|77.0854024497114|66.1743770166374|4.22358464004998|2.04321851015967|3.8903535507162|0.263655719709773|0.629345533622573|-0.660769923822314|-0.350143246615689|0.259476042491117|-0.582964560285336|0.0823060158655086|-0.468524197372846|0.536668285796201|-0.11455639654674|1.04402876634871|-0.547956456646536|1.52348051615311|0.379475389188714|-0.0727299863834839,dt4,Definitive_rep1
Amperozide,Cell_AGP_Compactness,Mahalanobis distance (cutoff = 1),12,0.8589065274341403,exp5,38.119472900847526,3.064742026405169,NA,NA,32.74106409688677,6.360956540416304,NA,33.02891915514202,NA,0.4951858093412569,1.1586649055086553,20.306119811383123,21.23749025136867,5.940679701321363e-14,-49.179224410467,0.9999999999953072,33.02891915514202,NA,32.74106409688677,21.93450710591169,24.562589535009764,27.638189996034445,19.781212628071184,19.781212628071184,20.7497451383826,75|75|75|33.3333333333333|33.3333333333333|33.3333333333333|11.1111111111111|11.1111111111111|11.1111111111111|3.7037037037037|3.7037037037037|3.7037037037037|1.23456790123457|1.23456790123457|1.23456790123457|0.411522633744856|0.411522633744856|0.411522633744856|0.137174211248285|0.137174211248285|0.137174211248285,34.2945602473035|32.7743108650814|31.1215715689131|15.523993808754|17.7264777052289|17.6481296035336|0.200540708351456|0.421187248169903|-0.570097197277956|-0.157566934187202|0.198470122658177|1.72256141665644|-0.00535751288380248|-0.314991702173868|-0.0952910057467334|3.25454643541618|2.75512624792673|0.140626941185267|10.3308177217181|5.11532346595568|5.85604346167932,dt4,Definitive_rep1
Amperozide,Cell_ER_Radial,Mahalanobis distance (cutoff = 1),20,0.8589065274341403,exp2,31.0365788605437,2.8375215442149493,6.1235514192708225,44.70381831060546,NA,NA,NA,NA,NA,0.8497777352296252,1.1586649055086553,7.351618453413682,8.357382077171133,1.616335002464115e-9,-52.20105386785304,0.9999999920821075,51.6697318341815,NA,26.657520172545436,8.803709665963494,16.155657653910296,27.997506600200428,5.86776823550156,5.86776823550156,7.746860154869194,75|75|75|33.3333333333333|33.3333333333333|33.3333333333333|11.1111111111111|11.1111111111111|11.1111111111111|3.7037037037037|3.7037037037037|3.7037037037037|1.23456790123457|1.23456790123457|1.23456790123457|0.411522633744856|0.411522633744856|0.411522633744856|0.137174211248285|0.137174211248285|0.137174211248285,20.0837706282127|26.7284308496294|30.2261899390207|5.97836660761886|6.07512034961979|6.95380450355293|3.19136404644003|3.40915098102131|0.46654884373554|1.19162257862682|3.10668884498412|0.972605435060427|2.66876354451006|2.9201051430662|1.65604972516588|2.84957860184002|4.09376221550183|0.925319936296958|5.89180970037224|3.3388846750236|3.44571849450069,dt4,Definitive_rep1
Amperozide,Cell_ER_Axial,Mahalanobis distance (cutoff = 1),20,0.8589065274341403,exp2,68.46873326422194,2.955774432715875,0.6887723750888939,16.820780285385972,NA,NA,NA,NA,NA,0.8746379427596229,1.1586649055086553,16.39858128233269,16.76787184469389,5.893965636634304e-14,-52.82499247029187,0.9999999989392883,63.534332286093274,NA,58.80824192578728,27.95365395306638,37.93585292523809,48.68941128479153,13.618116483767608,13.618116483767608,16.596119547496297,75|75|75|33.3333333333333|33.3333333333333|33.3333333333333|11.1111111111111|11.1111111111111|11.1111111111111|3.7037037037037|3.7037037037037|3.7037037037037|1.23456790123457|1.23456790123457|1.23456790123457|0.411522633744856|0.411522633744856|0.411522633744856|0.137174211248285|0.137174211248285|0.137174211248285,57.9578678483238|63.731694394518|57.0663219301293|3.85595355780461|2.8011774087764|5.07647019500922|1.94754446170687|2.19985901899577|1.11690009152041|1.59836059243334|3.03100744902603|0.84214701366228|2.3725041618171|2.81085327699884|1.91687148002961|2.73095479264872|5.23453587239166|1.92497716162061|4.66194827354013|2.37776480365051|7.44751633745758,dt4,Definitive_rep1
Amperozide,Nucleus_DNA_Profile,Mahalanobis distance (cutoff = 1),13,0.8589065274341403,exp2,16.068133226399038,1.4439746322219125,7.245629905996816,70.3338355313945,NA,NA,NA,NA,NA,0.1446155825649757,1.1586649055086553,9.886764349503077,11.28977334365508,2.9175772129856376e-10,-37.827030274977645,0.9999999545660865,47.05639075483645,NA,13.801024511835527,6.398316398247993,12.262799509663395,22.701644226332576,7.879179074631457,7.879179074631457,10.433626884950773,75|75|75|33.3333333333333|33.3333333333333|33.3333333333333|11.1111111111111|11.1111111111111|11.1111111111111|3.7037037037037|3.7037037037037|3.7037037037037|1.23456790123457|1.23456790123457|1.23456790123457|0.411522633744856|0.411522633744856|0.411522633744856|0.137174211248285|0.137174211248285|0.137174211248285,14.8000203561097|14.1049590203175|10.728005045766|4.83518864773941|3.13548660641078|4.69290690710377|1.56789155415541|4.10448977417298|-0.75754662269633|0.55162502921579|1.12379183252629|-0.783144819490012|2.3318747891825|0.309056974740973|2.01658318593813|-0.00749491230749233|1.42356343296979|0.142944537430503|2.55799357739304|-0.43853213896719|-0.287415557756403,dt4,Definitive_rep1
Amperozide,Nucleus_DNA_Compactness,Mahalanobis distance (cutoff = 1),14,0.8589065274341403,exp2,13.31800732365934,2.457064448096734,0.011644033040153337,10.883760316351577,NA,NA,NA,NA,NA,0.6529342408259944,1.1586649055086553,49.17151426342632,51.393563384583615,2.1030145666771285e-5,-48.823711574797336,0.9999783905374756,67.46701424860602,NA,11.438923422706694,42.603447628876765,50.03837153242723,57.52744432041339,46.956155154385975,46.956155154385975,50.176629393923136,75|75|75|33.3333333333333|33.3333333333333|33.3333333333333|11.1111111111111|11.1111111111111|11.1111111111111|3.7037037037037|3.7037037037037|3.7037037037037|1.23456790123457|1.23456790123457|1.23456790123457|0.411522633744856|0.411522633744856|0.411522633744856|0.137174211248285|0.137174211248285|0.137174211248285,11.7885466507414|11.5911948562709|10.9489489694636|0.299806210115948|0.011142060919042|0.0474012235522776|-0.0343011511815129|0.940315962681626|0.222850266459309|2.16556690216928|4.24478425618347|0.508969031334344|5.22427781839355|3.11902381479665|4.89748617567225|4.02602095298885|3.54167960658508|2.57672937480374|0.608455603534979|1.72191895476175|1.68106628606071,dt4,Definitive_rep1
Amperozide,Nuclei_Shape_Morph,Mahalanobis distance (cutoff = 1),12,0.8589065274341403,exp2,6.710397843986834,1.6892466587136303,0.020815660144908456,13.328078374855604,NA,NA,NA,NA,NA,0.29356167545549755,1.1586649055086553,51.925013160038866,56.3273711894128,6.579160825810457e-4,-41.07521207138586,0.9993295139257415,65.80955602851387,NA,5.763604509880273,35.95412232935411,44.73578127660302,53.73976598155304,49.8990001804864,49.8990001804864,53.80710277440626,75|75|75|33.3333333333333|33.3333333333333|33.3333333333333|11.1111111111111|11.1111111111111|11.1111111111111|3.7037037037037|3.7037037037037|3.7037037037037|1.23456790123457|1.23456790123457|1.23456790123457|0.411522633744856|0.411522633744856|0.411522633744856|0.137174211248285|0.137174211248285|0.137174211248285,5.11242134913331|6.75577223160718|5.50813226050544|-0.00351567880582437|0.212246496485936|0.285892780811886|0.00538891308677769|-0.301214608860706|0.181545237828904|2.07048637645996|3.00038498131433|1.45448107058882|2.99598482310585|1.41883600851187|3.63627034949234|1.69336480500216|2.99291244185509|2.44963730069518|0.59609137897558|0.141507990990991|0.756114232756421,dt4,Definitive_rep1
Etoposide,Ring_Mito_Texture,Mahalanobis distance (cutoff = 1),16,0.8589065274341403,exp4,9.286860942082924,1.0695372814378115,NA,NA,7.976545482528194,NA,NA,0.5275637805001208,NA,-0.24828913606064357,1.1586649055086553,0.09606932651455255,0.14764215400630032,2.5677153080385963e-14,-30.560491702206775,0.9999999999975787,0.5275637805001208,NA,7.976545482528194,0.03904002650568604,0.08019132662558368,0.16983760278797844,0.08671318935060876,0.08671318935060876,0.1194619348240486,7.5|7.5|7.5|3.16227766016838|3.16227766016838|3.16227766016838|1|1|1|0.316227766016838|0.316227766016838|0.316227766016838|0.1|0.1|0.1|0.0316227766016838|0.0316227766016838|0.0316227766016838|0.01|0.01|0.01,6.59076906496872|5.51819117721277|9.98332775827587|7.15578578043622|9.00092031262141|8.48049728503922|8.34180497211478|5.76813899372031|5.47632694175994|2.83863971944119|1.68282467663962|2.76740181521228|0.909425877180129|1.01028444185916|0.80242147870145|0.349669482254286|0.569504782910205|0.0779892990511429|1.24726779106717|1.0077764133369|0.311981117863148,dt4,Definitive_rep1
Etoposide,Ring_AGP_Texture,Mahalanobis distance (cutoff = 1),11,0.8589065274341403,exp4,2.785876059021429,0.8367691760878699,NA,NA,2.392807131716004,NA,NA,0.4173231960540851,NA,-0.324640388432168,1.1586649055086553,0.19423946682216958,0.747576295340924,2.0423106834687076e-6,-26.997402390386036,0.999758057662911,0.4173231960540851,NA,2.392807131716004,0.03088215915797761,0.06343441676659599,0.1343480614579968,0.26771246105921803,0.26771246105921803,0.3986252184598753,7.5|7.5|7.5|3.16227766016838|3.16227766016838|3.16227766016838|1|1|1|0.316227766016838|0.316227766016838|0.316227766016838|0.1|0.1|0.1|0.0316227766016838|0.0316227766016838|0.0316227766016838|0.01|0.01|0.01,1.43186569757088|1.36217838771036|2.35140858912828|2.54506496583729|2.97319526558605|2.90076971406321|3.86268931216835|1.76953434938366|2.11726976727889|0.425710848855493|-0.213954685392064|2.52484777527237|1.4686900510326|-0.104309322973664|-0.345338322501661|-0.620546406769193|-0.442306039376314|0.446153049338275|-0.550149383054215|-0.638517986887519|-0.637766011834347,dt4,Definitive_rep1
Etoposide,Ring_ER_Texture,Mahalanobis distance (cutoff = 1),11,0.8589065274341403,exp5,2.9277647699538125,0.30411347606114086,NA,NA,2.514676271705044,2.69961146426511,NA,0.359032617489234,NA,-1.3626412101587153,1.1586649055086553,0.3039687858133779,0.39932477036001474,5.051936165240037e-15,-5.391276748132672,0.9999999992234062,0.359032617489234,NA,2.514676271705044,0.13685851622514955,0.1786786548400834,0.235937047494741,0.2976622204124008,0.2976622204124008,0.3440075994828785,7.5|7.5|7.5|3.16227766016838|3.16227766016838|3.16227766016838|1|1|1|0.316227766016838|0.316227766016838|0.316227766016838|0.1|0.1|0.1|0.0316227766016838|0.0316227766016838|0.0316227766016838|0.01|0.01|0.01,2.87423024891742|2.4592683246099|2.41670998951885|2.20655747699141|2.43846927380428|2.46639685691061|3.03635460612542|2.23832747999331|2.79419583262208|1.2239622847582|0.977803087024527|0.725029756583338|0.847698438020963|0.0533370139842615|-0.154895169404168|-0.267908300992854|-0.292149145585911|-0.0706973419456833|-0.296593964857882|-0.318570516807852|-0.343907376815355,dt4,Definitive_rep1
Etoposide,Ring_AGP_Intensity,Mahalanobis distance (cutoff = 1),6,0.8589065274341403,poly2,2.164701244453913,0.650074491214033,-7.608391564542226,-7.441031574832366,NA,NA,NA,NA,NA,-0.6754247606679744,1.1586649055086553,1.3205686558640635,1.4874965693720694,9.639994001185215e-4,-18.37766884578853,0.9820854336697654,1.0602650914171954,NA,1.8592760288062726,0.09205780522484112,0.18651282580974576,0.38343380747126754,0.9652169357758131,0.9652169357758131,1.394526913643032,7.5|7.5|7.5|3.16227766016838|3.16227766016838|3.16227766016838|1|1|1|0.316227766016838|0.316227766016838|0.316227766016838|0.1|0.1|0.1|0.0316227766016838|0.0316227766016838|0.0316227766016838|0.01|0.01|0.01,0.119075083574089|-0.158658029617225|-0.110906908180807|2.18783817194742|1.50880012297056|1.64610379123063|2.84615138709354|1.27860956929743|0.79787916829056|0.225525182974107|-0.176839102175225|1.0173554792723|-0.259974333793476|-0.590160933835434|-0.704151767799577|-0.751082659586744|-0.753693189387119|-0.334611069044476|-0.668743410183634|-0.720527285049065|-0.419339020127723,dt4,Definitive_rep1
Etoposide,Ring_ER_Intensity,Mahalanobis distance (cutoff = 1),12,0.8589065274341403,poly2,15.492425274040547,1.55520899060367,-59.349835169908,-9.317462326845106,NA,NA,NA,NA,NA,0.0585264310212682,1.1586649055086553,0.1758747677194977,0.19517032840433676,4.231974982914859e-13,-35.55188789313286,0.9999999999596055,1.1987348382477607,NA,13.306545193659076,0.10564914079630602,0.21380869430341456,0.43843550317362917,0.13685167188491815,0.13685167188491815,0.1855983857223222,7.5|7.5|7.5|3.16227766016838|3.16227766016838|3.16227766016838|1|1|1|0.316227766016838|0.316227766016838|0.316227766016838|0.1|0.1|0.1|0.0316227766016838|0.0316227766016838|0.0316227766016838|0.01|0.01|0.01,5.48918385816855|9.26263272372193|10.7311253630213|17.250572833197|13.0629963746148|12.160833634567|8.69104957053064|7.39201451531141|4.93111530009234|1.1190524459131|1.61141383464425|1.28232001853447|0.23706060130395|-0.0483444418384649|-0.308291513366484|-0.360812404547308|-0.459913354759298|-0.083378414488659|-0.540940604349832|-0.547146336559383|-0.560586583524691,dt4,Definitive_rep1
Etoposide,Cytoplasm_Mito_Texture,Mahalanobis distance (cutoff = 1),14,0.8589065274341403,exp5,8.802223428091821,1.283962609089738,NA,NA,7.56028715832178,1.72521566083748,NA,0.30228279419158355,NA,-0.10728689491283541,1.1586649055086553,0.11010207778663536,0.16361161194915688,1.4146979350459115e-12,-34.03845360999131,0.9999999999925575,0.30228279419158355,NA,7.56028715832178,0.06683123788556652,0.10143416724619964,0.15670827420515637,0.10969380424053865,0.10969380424053865,0.13217951844320336,7.5|7.5|7.5|3.16227766016838|3.16227766016838|3.16227766016838|1|1|1|0.316227766016838|0.316227766016838|0.316227766016838|0.1|0.1|0.1|0.0316227766016838|0.0316227766016838|0.0316227766016838|0.01|0.01|0.01,4.99636058401348|5.63565798280565|5.07181103258123|8.39045258907724|8.22024375106367|9.34313211786241|10.8060417131649|7.5724536701405|7.15715926429831|4.42466741306605|2.81808766727111|4.3939138640614|0.430911754069037|0.925514222943677|0.680233907308226|0.208000223431779|0.138308021985085|0.948218202225993|0.587647865852412|0.212492184061526|-0.116882605467397,dt4,Definitive_rep1
Etoposide,Cytoplasm_ER_Texture,Mahalanobis distance (cutoff = 1),11,0.8589065274341403,hill,5.818382874474583,0.6512695870297769,NA,NA,4.997447029997236,3.668338886236938,NA,0.4262124491824412,NA,-0.6369662353088799,1.1586649055086553,0.2609713296666321,0.39026966137923325,6.34707959948058e-14,-20.95604929195332,0.9999999998986953,0.4262124491824412,NA,4.997447029997236,0.19100033438220201,0.23415142666254435,0.29208066008741335,0.27762925037013086,0.27762925037013086,0.3074739795732132,7.5|7.5|7.5|3.16227766016838|3.16227766016838|3.16227766016838|1|1|1|0.316227766016838|0.316227766016838|0.316227766016838|0.1|0.1|0.1|0.0316227766016838|0.0316227766016838|0.0316227766016838|0.01|0.01|0.01,4.60532677630462|4.54946392232684|4.76444681944109|5.10988712781509|5.92703321261448|5.5146762149|5.61813752735689|2.97091006031748|4.60590588071307|0.504386046815868|1.29941801204838|1.98108003616037|-0.104207800902398|-0.21193742151784|-0.400877261755411|-0.758910684231116|-0.332602638712914|-0.38675550271034|-0.788774315486868|-0.717011306706573|-0.0371554209811805,dt4,Definitive_rep1
Etoposide,Cytoplasm_Mito_Intensity,Mahalanobis distance (cutoff = 1),14,0.8589065274341403,exp5,36.36253241707126,3.239623611035369,NA,NA,31.23201644705803,1.9106357395051374,NA,0.7901583790746116,NA,0.5389087296996564,1.1586649055086553,0.1523057734820921,0.19525773035505636,3.244160050228642e-17,-50.12572778824158,0.9999999999999958,0.7901583790746116,NA,31.23201644705803,0.20224958867083662,0.29478620945152617,0.4365982976771305,0.14701487939941196,0.14701487939941196,0.17239663334912364,7.5|7.5|7.5|3.16227766016838|3.16227766016838|3.16227766016838|1|1|1|0.316227766016838|0.316227766016838|0.316227766016838|0.1|0.1|0.1|0.0316227766016838|0.0316227766016838|0.0316227766016838|0.01|0.01|0.01,26.0259535009036|28.870477133587|30.8253518052539|42.3676543521843|32.5955759642547|33.0575180552206|26.616997368157|20.9709865744701|16.7869897384114|2.40597366029449|3.08126983299536|4.73153233337644|1.61360915101954|0.849309378424713|0.441230048684061|0.0526722582282766|0.100988767769081|1.85996745659194|0.228618011203508|0.0984001619631671|0.129997490985028,dt4,Definitive_rep1
Etoposide,Cytoplasm_AGP_Intensity,Mahalanobis distance (cutoff = 1),12,0.8589065274341403,poly2,24.840095519223965,2.7400372453154005,-94.61922136867976,-9.207901373339459,NA,NA,NA,NA,NA,0.33428283419456795,1.1586649055086553,0.11093731966372966,0.1176749426472436,3.9072715750903545e-14,-44.562807268512884,0.9999999999992932,1.1925885657106956,NA,21.335320183549005,0.10501026866134963,0.21253088843907528,0.43588473669992983,0.08435761483138064,0.08435761483138064,0.11417151183246693,7.5|7.5|7.5|3.16227766016838|3.16227766016838|3.16227766016838|1|1|1|0.316227766016838|0.316227766016838|0.316227766016838|0.1|0.1|0.1|0.0316227766016838|0.0316227766016838|0.0316227766016838|0.01|0.01|0.01,12.9122492576354|14.6614929788175|15.2940341158055|28.7043900758244|20.5337333892109|19.6280493813648|16.7918142046895|14.6182761908462|10.3660575419811|1.85250948638554|1.85769771639594|3.73935441171875|0.75408208378156|0.370756751798648|-0.0277318180719111|-0.419332166404075|-0.433993911265108|0.119771908457778|-0.555327938622215|-0.489503085062572|-0.185616443704053,dt4,Definitive_rep1
Etoposide,Cytoplasm_ER_Intensity,Mahalanobis distance (cutoff = 1),13,0.8589065274341403,exp5,38.26944342052252,4.205842755060563,NA,NA,32.86987475515831,2.232473502582006,NA,0.7960810128314519,NA,0.38422057992947234,1.1586649055086553,0.19870587819967683,0.22366370670650224,6.62578164223637e-17,-51.356085098330794,0.9999999999999992,0.7960810128314519,NA,32.86987475515831,0.24799883090136096,0.3423587551544445,0.47914383545522765,0.18442250938459614,0.18442250938459614,0.2113299382993369,7.5|7.5|7.5|3.16227766016838|3.16227766016838|3.16227766016838|1|1|1|0.316227766016838|0.316227766016838|0.316227766016838|0.1|0.1|0.1|0.0316227766016838|0.0316227766016838|0.0316227766016838|0.01|0.01|0.01,22.0339812683118|32.2694906284534|33.7224933738342|47.3669078260325|34.4269055059535|27.7163800316382|24.4303877504495|22.1376849289384|21.3907122081583|1.77577416688116|1.959735686957|4.97405923852705|1.30012897444966|0.657221358866818|0.264899014310677|0.415339070891474|0.0572083745953588|0.239776295073003|-0.460794440976547|-0.468304166188023|-0.478876377506201,dt4,Definitive_rep1
Etoposide,Cytoplasm_AGP_Profile,Mahalanobis distance (cutoff = 1),9,0.8589065274341403,hill,2.2308856116265745,0.40038883523712493,NA,NA,1.9161222137849692,2.661035533717661,NA,0.8206990373328422,NA,-1.008205334280904,1.1586649055086553,0.72078981594672,1.274795007596473,1.6627413173829574e-8,-12.148911822207559,0.9999293316346509,0.8206990373328422,NA,1.9161222137849692,0.2714166987589157,0.35940634522412385,0.4874540244040768,0.7590680218251549,0.7590680218251549,0.9628426035771009,7.5|7.5|7.5|3.16227766016838|3.16227766016838|3.16227766016838|1|1|1|0.316227766016838|0.316227766016838|0.316227766016838|0.1|0.1|0.1|0.0316227766016838|0.0316227766016838|0.0316227766016838|0.01|0.01|0.01,2.19762554207954|2.2468710259664|2.02726555689972|1.65233416930652|1.59537544593761|1.50348083550748|1.0144243598466|1.384289693724|1.34250640787411|0.160455191687033|-0.182312630771316|0.267145607365892|-0.361379250666296|-0.480515442978328|-0.319740502712677|-0.561388856424991|-0.651129335471456|-0.691070303520129|-0.579501865932901|-0.606593699340523|-0.54735607358845,dt4,Definitive_rep1
Etoposide,Cytoplasm_ER_Profile,Mahalanobis distance (cutoff = 1),14,0.8589065274341403,exp5,17.58875137477114,1.3910135480027404,NA,NA,15.107093365207142,2.0766522592365533,NA,0.7848296670083146,NA,0.07901598306167922,1.1586649055086553,0.24912932922869965,0.30567844205321126,4.452499494986623e-16,-36.57896469133435,0.9999999999997199,0.7848296670083146,NA,15.107093365207142,0.2240072457931431,0.3168116429587362,0.45471524973831307,0.23871521505804202,0.23871521505804202,0.2771305154479293,7.5|7.5|7.5|3.16227766016838|3.16227766016838|3.16227766016838|1|1|1|0.316227766016838|0.316227766016838|0.316227766016838|0.1|0.1|0.1|0.0316227766016838|0.0316227766016838|0.0316227766016838|0.01|0.01|0.01,13.9518984093826|11.5425218372885|12.3023152212908|16.9978770522079|15.9858069713956|17.4336825887514|11.7812172666821|9.41568883796462|10.0579830115744|0.381420426762917|1.77852682409892|2.19900017497478|-0.167745243077139|0.254386976927439|0.0115623554989009|1.2485748208018|1.06860978207609|0.00545683387204043|0.704541521540457|0.92389890876851|0.0563674132131226,dt4,Definitive_rep1
Etoposide,Cytoplasm_DNA_Profile,Mahalanobis distance (cutoff = 1),12,0.8589065274341403,exp5,29.468727460009905,1.7163617549482697,NA,NA,25.310882370580202,1.9147435502462118,NA,0.7815767596824881,NA,-0.01065444820103362,1.1586649055086553,0.17782582686590606,0.20762513357541776,7.778659770519114e-20,-38.55458433128554,0.9999999999999999,0.7815767596824881,NA,25.310882370580202,0.20063875029102457,0.29220208284116,0.4324065246068117,0.16315984919929816,0.16315984919929816,0.19138289835065392,7.5|7.5|7.5|3.16227766016838|3.16227766016838|3.16227766016838|1|1|1|0.316227766016838|0.316227766016838|0.316227766016838|0.1|0.1|0.1|0.0316227766016838|0.0316227766016838|0.0316227766016838|0.01|0.01|0.01,21.59048463223|25.1018146912229|20.4293553912762|27.6506531010592|28.221442191873|25.1272134836694|16.9701698543546|18.7746459665576|14.517648210808|3.16033386075341|2.93142247788666|2.57001996051746|0.292832740717582|0.505354148936702|0.671338803638766|0.000948143413263103|0.186693124792063|-0.359666619676293|-0.0637164284207377|0.484245769769933|-0.370581266214529,dt4,Definitive_rep1
Etoposide,Membrane_AGP_Texture,Mahalanobis distance (cutoff = 1),12,0.8589065274341403,poly2,20.823580160941674,2.9275224088109058,-76.99327532974772,-8.617564417505314,NA,NA,NA,NA,NA,0.5978455273030769,1.1586649055086553,0.12645682879473213,0.1375141877503119,2.329729579894942e-10,-47.81968299052855,0.9999999997355488,1.1559995646120989,NA,17.88550892478087,0.10128324258089141,0.20506548141760317,0.4209321815582402,0.09723119087976247,0.09723119087976247,0.1316976193432555,7.5|7.5|7.5|3.16227766016838|3.16227766016838|3.16227766016838|1|1|1|0.316227766016838|0.316227766016838|0.316227766016838|0.1|0.1|0.1|0.0316227766016838|0.0316227766016838|0.0316227766016838|0.01|0.01|0.01,10.7080298207996|6.36339543114493|9.14007996109677|12.5666312482832|17.8566866083473|17.3147816411572|13.4429688642015|8.64280552168052|16.9904617264556|5.24668484469806|6.44456966613022|3.59075107400083|0.625721599727435|0.369731840244375|-0.726650036738393|-0.604172206536774|-0.74647754460559|-0.568995632258773|-0.571928067872447|-0.442570696787982|-0.612414768005568,dt4,Definitive_rep1
Etoposide,Membrane_AGP_Intensity,Mahalanobis distance (cutoff = 1),13,0.8589065274341403,exp5,20.060278972479313,1.4571048815469307,NA,NA,17.22990455161231,1.8538566859913461,NA,0.7709928386713049,NA,-0.060038572072026994,1.1586649055086553,0.20253142572314942,0.25240602791597083,1.155605865003282e-17,-35.356286356939236,0.9999999999999849,0.7709928386713049,NA,17.22990455161231,0.18927691840153063,0.2790798199591897,0.418338270670748,0.1889619184109072,0.1889619184109072,0.22317608503988298,7.5|7.5|7.5|3.16227766016838|3.16227766016838|3.16227766016838|1|1|1|0.316227766016838|0.316227766016838|0.316227766016838|0.1|0.1|0.1|0.0316227766016838|0.0316227766016838|0.0316227766016838|0.01|0.01|0.01,12.6497408806544|18.3272050492168|16.9003295771733|17.3101095874058|18.4511889063072|16.2134627070402|12.7144051911819|11.7037641167239|8.77282850333182|1.85284351806098|1.01841696128076|4.69417771822034|0.926528399732924|0.285879692904597|0.575699820600481|-0.499638471617698|-0.636243038376218|0.789653917306843|-0.51947412163544|-0.62448724660462|0.29989138531982,dt4,Definitive_rep1
Etoposide,Nucleus_DNA_Texture,Mahalanobis distance (cutoff = 1),15,0.8589065274341403,exp4,3.5065682375708187,0.6338553439403942,NA,NA,3.0118143481428055,NA,NA,0.25896530114244665,NA,-0.6658938514326724,1.1586649055086553,0.11638707767390394,0.26455714263318836,1.5657072244064493e-11,-20.49541350001408,0.9999999934092634,0.25896530114244665,NA,3.0118143481428055,0.01916358285830384,0.039363526868580814,0.08336820603871992,0.1254288836650556,0.1254288836650556,0.18144497432189113,7.5|7.5|7.5|3.16227766016838|3.16227766016838|3.16227766016838|1|1|1|0.316227766016838|0.316227766016838|0.316227766016838|0.1|0.1|0.1|0.0316227766016838|0.0316227766016838|0.0316227766016838|0.01|0.01|0.01,3.94417806041255|2.6227558604551|3.31120005600315|2.98280255776058|2.55735843086596|2.5644117353873|3.05590571707796|2.74188346002539|4.41021663243965|1.44337169673689|1.01577311115849|1.65701498211956|1.45753690581875|0.405357343530527|1.6527950576144|-0.350973631072441|1.40357989753972|0.359008065478291|0.392957615640011|0.598416511574888|-0.189759580580981,dt4,Definitive_rep1
Etoposide,Nucleus_RNA_Intensity,Mahalanobis distance (cutoff = 1),10,0.8589065274341403,poly2,9.294810068485631,0.8088447804134228,-35.08008372196683,-9.028568231917498,NA,NA,NA,NA,NA,-0.30930182062748246,1.1586649055086553,0.296917812285828,0.32217649015232813,9.376040106889935e-13,-24.847919648839014,0.9999999962869158,1.1821164629064378,NA,7.983373039082878,0.10393049085763581,0.21036995356103685,0.43156527247004517,0.22675180054767777,0.22675180054767777,0.3087651848336032,7.5|7.5|7.5|3.16227766016838|3.16227766016838|3.16227766016838|1|1|1|0.316227766016838|0.316227766016838|0.316227766016838|0.1|0.1|0.1|0.0316227766016838|0.0316227766016838|0.0316227766016838|0.01|0.01|0.01,4.06123104957051|5.05807905947334|5.58415072525032|9.22082874143505|7.50983583759518|7.30748783909456|4.08810403321656|5.00325626847783|3.57989756698532|0.0548234806724875|1.05207059162695|-0.227777045304711|-0.646068438192895|-0.38053134804621|-0.435829258057571|-0.40888281009456|-0.50183431366843|-0.442446902249706|-0.59553481793783|-0.162576200916899|-0.644029942699648,dt4,Definitive_rep1
Etoposide,Nucleus_DNA_Intensity,Mahalanobis distance (cutoff = 1),13,0.8589065274341403,exp5,21.614831707206978,0.9685933965546759,NA,NA,18.565120042710497,1.903904333703164,NA,0.9579363258543819,NA,-0.4515147654671079,1.1586649055086553,0.2545123632990648,0.297768628380407,1.919725119693449e-21,-27.22767680141336,0.9999999999999998,0.9579363258543819,NA,18.565120042710497,0.24401565502286895,0.3561358513636428,0.5281942288460368,0.23402477110494918,0.23402477110494918,0.2750920958452114,7.5|7.5|7.5|3.16227766016838|3.16227766016838|3.16227766016838|1|1|1|0.316227766016838|0.316227766016838|0.316227766016838|0.1|0.1|0.1|0.0316227766016838|0.0316227766016838|0.0316227766016838|0.01|0.01|0.01,15.6379714249142|18.6697159241109|19.0805613956648|18.4451989060185|19.4921756351088|16.7273026530725|8.47407021323184|11.4269572484047|9.85836234904308|1.18673311089579|1.49529720616333|1.57624706118849|0.679682490729859|0.27831663355961|0.432426800136244|-0.541853308448373|1.06417282774982|0.224704592844499|-0.220535071266047|0.50411603569622|-0.251820931248926,dt4,Definitive_rep1
Etoposide,Nucleus_RNA_Texture,Mahalanobis distance (cutoff = 1),13,0.8589065274341403,exp5,6.622433514731532,1.326812399025957,NA,NA,5.688051373301529,7.999984508682497,NA,0.3066239064999199,NA,-0.08936581252970219,1.1586649055086553,0.24387979457879583,0.289712538040131,2.410915310582927e-10,-34.416420084964535,0.999999999560644,0.3066239064999199,NA,5.688051373301529,0.2214420688377637,0.24229104758539158,0.266118920574779,0.25601075289812725,0.25601075289812725,0.26680407282192037,7.5|7.5|7.5|3.16227766016838|3.16227766016838|3.16227766016838|1|1|1|0.316227766016838|0.316227766016838|0.316227766016838|0.1|0.1|0.1|0.0316227766016838|0.0316227766016838|0.0316227766016838|0.01|0.01|0.01,6.48193780942608|2.66066522593823|5.4371821954972|6.14774625669794|4.16623701999771|5.5584913357198|7.21941782504555|4.91749677590098|9.2970735202944|1.91332972605005|3.3240478526591|5.38202313991656|-0.492068858936194|-0.0685175553476929|-0.183766743046163|-0.236126376298167|-0.030750777093457|1.33293450883965|0.47434492520039|0.162824589293791|-0.193823763041695,dt4,Definitive_rep1
Etoposide,Nucleus_RNA_Profile,Mahalanobis distance (cutoff = 1),14,0.8589065274341403,exp4,6.150333709001054,1.5420467426162303,NA,NA,5.282561768559232,NA,NA,0.32116397299732485,NA,0.2135045357570604,1.1586649055086553,0.06827894556470328,0.22846968890231922,5.0049822063694956e-8,-39.17507024084795,0.9999999406739829,0.32116397299732485,NA,5.282561768559232,0.023766320740595513,0.04881791739869587,0.10339170597348506,0.08221758477987132,0.08221758477987132,0.11472923894657956,7.5|7.5|7.5|3.16227766016838|3.16227766016838|3.16227766016838|1|1|1|0.316227766016838|0.316227766016838|0.316227766016838|0.1|0.1|0.1|0.0316227766016838|0.0316227766016838|0.0316227766016838|0.01|0.01|0.01,7.37141163684506|3.39608946186687|6.31711496218084|4.90197964819509|3.1833218980766|5.24598922676298|8.12247992728728|1.51830674753164|7.35982847083417|1.38497488181511|2.40632500982093|3.80962462917783|0.270697327436762|0.116762246468934|0.593991309232935|1.4348999536276|0.78467838789312|0.556077650739003|0.0480425525777326|1.26992043536696|0.268107722322215,dt4,Definitive_rep1
Etoposide,Nucleus_RNA_Radial,Mahalanobis distance (cutoff = 1),17,0.8589065274341403,exp5,30.0716235439946,1.2872918039522485,NA,NA,25.82871375247914,1.6341828937800942,NA,0.6856168063751953,NA,-0.3167955127918751,1.1586649055086553,0.1247202947674319,0.13600641365885904,6.666237004380377e-24,-30.31413852166449,1,0.6856168063751953,NA,25.82871375247914,0.13935942358017095,0.21648867520972462,0.342662054253202,0.10800460227168246,0.10800460227168246,0.13019496994685203,7.5|7.5|7.5|3.16227766016838|3.16227766016838|3.16227766016838|1|1|1|0.316227766016838|0.316227766016838|0.316227766016838|0.1|0.1|0.1|0.0316227766016838|0.0316227766016838|0.0316227766016838|0.01|0.01|0.01,25.4564175861423|27.5768960995691|20.9583661584744|24.9737256096843|27.2128479810308|25.7211684209799|18.8696224437569|19.0472536797441|18.2429987755168|4.05254018513582|5.34093761589734|3.66767521423275|1.00385924683082|1.0641352605725|1.44090256413659|1.1477165539957|0.990758567359087|0.382952557215042|-0.0187678223982262|0.783397889327011|0.246775706334884,dt4,Definitive_rep1
Etoposide,Nucleus_RNA_Axial,Mahalanobis distance (cutoff = 1),17,0.8589065274341403,exp5,19.463386573541044,1.7330352517497711,NA,NA,16.717229773988407,1.395800616840885,NA,0.6194103400039621,NA,0.11659803002502463,1.1586649055086553,0.10971948584935895,0.13576382551343874,2.2532460906465097e-16,-39.19606612505011,0.9999999999999948,0.6194103400039621,NA,16.717229773988407,0.0959089770524823,0.16063091648250252,0.2749918546448644,0.0978465329040777,0.0978465329040777,0.12207549821042518,7.5|7.5|7.5|3.16227766016838|3.16227766016838|3.16227766016838|1|1|1|0.316227766016838|0.316227766016838|0.316227766016838|0.1|0.1|0.1|0.0316227766016838|0.0316227766016838|0.0316227766016838|0.01|0.01|0.01,12.3393534673455|21.6043263474576|15.1649473112272|14.3538603457542|18.6423390355764|18.3898295704314|12.6177755764442|12.2792001903079|12.4699755287305|4.58741358907234|2.848379690667|3.60448011309866|1.38551878192578|0.902410205032998|1.59533937225318|1.1818454674126|0.971244726195017|-0.386109892766766|0.494272233946595|0.259169745515463|-0.780930653573636,dt4,Definitive_rep1
Etoposide,Nucleus_RNA_Compactness,Mahalanobis distance (cutoff = 1),18,0.8589065274341403,exp5,22.39688166029785,2.2310466360018886,NA,NA,19.23682785219981,1.9092151795668997,NA,0.6810242111957291,NA,0.46045404854558075,1.1586649055086553,0.17061848525647277,0.2154530731687073,1.5321194332415078e-14,-45.48224342901787,0.9999999999997978,0.6810242111957291,NA,19.23682785219981,0.17413886036151163,0.2538849489746133,0.37613067012588564,0.1638756808548044,0.1638756808548044,0.19251527686261402,7.5|7.5|7.5|3.16227766016838|3.16227766016838|3.16227766016838|1|1|1|0.316227766016838|0.316227766016838|0.316227766016838|0.1|0.1|0.1|0.0316227766016838|0.0316227766016838|0.0316227766016838|0.01|0.01|0.01,12.8487074237834|19.3938933804501|14.640763900079|21.2333765767458|20.8940732214959|19.0378812379752|16.1325751775997|14.3702079213933|13.9239672680099|2.70660221245809|3.77597340287057|0.976685290617343|0.0486294680548243|1.16393476968569|3.02293205626232|3.62118890937673|2.2003638318515|0.127679779970422|1.06594815610775|1.4225869536001|0.144055351971192,dt4,Definitive_rep1
Etoposide,Nucleus_RNA_Symmetry,Mahalanobis distance (cutoff = 1),21,0.8589065274341403,pow,38.94220435560252,3.214248873682926,14.3247224628645,NA,NA,0.4208622113095133,NA,NA,NA,0.9509782044780923,1.1586649055086553,0.0021489887901735413,0.0030033747141599808,2.5351231704763752e-15,-54.26572429700985,0.9999999999999916,1.4447461449098407,NA,33.44771351370122,0.006077388069878474,0.03154907918230369,0.16377831821938782,0.0012476807498086981,0.0012476807498086981,0.002541098867291026,7.5|7.5|7.5|3.16227766016838|3.16227766016838|3.16227766016838|1|1|1|0.316227766016838|0.316227766016838|0.316227766016838|0.1|0.1|0.1|0.0316227766016838|0.0316227766016838|0.0316227766016838|0.01|0.01|0.01,31.4136698766839|39.089465252476|31.4268078218843|20.4115905214826|25.8011581951806|32.5126812388871|12.55077613497|17.6291627703453|13.3599761136499|9.86447740607676|10.7053295966723|5.10260948662572|3.50232424788852|1.78319146587364|3.21197859729481|5.25667472260621|5.6832374083847|2.96739011917902|4.17323329637022|4.59679182672336|1.04647530893435,dt4,Definitive_rep1
Etoposide,Cell_DNA_Radial,Mahalanobis distance (cutoff = 1),13,0.8589065274341403,exp5,21.86889528952655,1.295990267029375,NA,NA,18.783336911948076,2.0950511744955325,NA,0.5614892365969943,NA,-0.20468136875703477,1.1586649055086553,0.16290116833474377,0.19440942431390612,1.0185250075196428e-20,-32.71928279103907,1,0.5614892365969943,NA,18.783336911948076,0.16203545482749207,0.2284688907546595,0.32687914452255185,0.1551066359218683,0.1551066359218683,0.17964659320551526,7.5|7.5|7.5|3.16227766016838|3.16227766016838|3.16227766016838|1|1|1|0.316227766016838|0.316227766016838|0.316227766016838|0.1|0.1|0.1|0.0316227766016838|0.0316227766016838|0.0316227766016838|0.01|0.01|0.01,15.450029869616|18.3047316656866|17.4646826154993|19.9701298993523|22.5096635362685|19.3203699693063|18.5937337532761|16.8000187115621|16.1560084544438|2.985005525411|3.09000048730434|4.82591294573682|0.900004555371116|0.656004752861143|0.173775460823768|-0.368114645053699|-0.371560342859935|-0.0975450007001202|-0.508590422159281|0.0889268556479613|-0.186413963671505,dt4,Definitive_rep1
Etoposide,Cell_Mito_Radial,Mahalanobis distance (cutoff = 1),16,0.8589065274341403,exp5,24.853272795155025,1.5713111652530094,NA,NA,21.34663823185999,1.817073414747426,NA,0.6529119658872239,NA,0.26591886287360195,1.1586649055086553,0.14539504007579462,0.1830872124391038,2.8118765477476567e-18,-39.86951799360568,0.9999999999999973,0.6529119658872239,NA,21.34663823185999,0.15579538289594383,0.23152557785781322,0.34991041270839407,0.1378528969291585,0.1378528969291585,0.16319740945121225,7.5|7.5|7.5|3.16227766016838|3.16227766016838|3.16227766016838|1|1|1|0.316227766016838|0.316227766016838|0.316227766016838|0.1|0.1|0.1|0.0316227766016838|0.0316227766016838|0.0316227766016838|0.01|0.01|0.01,18.3741795667599|22.3035828228853|20.437658901665|24.7244440894239|23.1321275892548|18.2501782576101|18.497690551982|16.810099543516|14.5405470640611|2.30754749351295|2.7465730453389|5.04098897887066|1.56025805956162|1.47290675380302|0.839370582401103|0.983715055384104|1.04366331445688|0.263718079123492|0.02081668747728|0.639166465348741|0.425504442744553,dt4,Definitive_rep1
Etoposide,Cell_Mito_Axial,Mahalanobis distance (cutoff = 1),15,0.8589065274341403,exp5,23.974049411726376,1.9893477506158532,NA,NA,20.591467528760397,1.9107099521182325,NA,0.7009040165459586,NA,0.1710031734971992,1.1586649055086553,0.170894419858461,0.20889772423007183,8.176431320253573e-18,-41.06882127512718,0.9999999999999946,0.7009040165459586,NA,20.591467528760397,0.1794134645299077,0.2614978926127667,0.3872901426574072,0.16280985922824648,0.16280985922824648,0.19118314054862784,7.5|7.5|7.5|3.16227766016838|3.16227766016838|3.16227766016838|1|1|1|0.316227766016838|0.316227766016838|0.316227766016838|0.1|0.1|0.1|0.0316227766016838|0.0316227766016838|0.0316227766016838|0.01|0.01|0.01,19.6671285360289|21.0705253224626|27.1660027572028|20.2123877707448|23.9474555768199|18.2198627360262|18.9223664142529|14.5232714693539|15.0398265109465|2.39115780422711|2.01419541768236|4.08867431990218|0.983479469978435|0.619334865736858|0.291378546555801|0.331107570357069|0.739853644548553|1.70097782713694|1.331375661937|0.330427534695714|-0.186905856355804,dt4,Definitive_rep1
Etoposide,Cell_Mito_Compactness,Mahalanobis distance (cutoff = 1),11,0.8589065274341403,exp4,9.301120581328991,0.6073933612369664,NA,NA,7.988793179755496,NA,NA,1.6522227030584453,NA,-0.7604944312914634,1.1586649055086553,0.32467083383793977,0.42707582912840064,2.5589951082449416e-16,-18.746664988377766,0.9999999999853048,1.6522227030584453,NA,7.988793179755496,0.12226544070093374,0.2511429619250259,0.5318969071252534,0.2711271657400568,0.2711271657400568,0.3735095710395896,7.5|7.5|7.5|3.16227766016838|3.16227766016838|3.16227766016838|1|1|1|0.316227766016838|0.316227766016838|0.316227766016838|0.1|0.1|0.1|0.0316227766016838|0.0316227766016838|0.0316227766016838|0.01|0.01|0.01,5.78173692483969|8.23134456023893|7.72844951510639|5.35936717423726|6.06617767496571|5.70091393051775|3.39785952209564|3.24994000061855|2.37033226306907|0.196160033912967|1.0809127885093|1.74371631322925|0.283735174759122|0.168667379170093|-0.325666772292641|-0.587797844237866|-0.440585408076506|0.00162836751361373|-0.338102424407477|-0.366017286036296|0.159365544552472,dt4,Definitive_rep1
Etoposide,Cell_AGP_Radial,Mahalanobis distance (cutoff = 1),13,0.8589065274341403,exp5,29.673464017170932,1.9079882085544313,NA,NA,25.4867319359302,1.8182453677807628,NA,0.7720766806382955,NA,0.21595465606001735,1.1586649055086553,0.15843404856219612,0.1893663720457934,8.462877133935975e-19,-41.60890619786998,0.9999999999999989,0.7720766806382955,NA,25.4867319359302,0.18440024550413076,0.27396494551563866,0.41393989159787686,0.14774456843693773,0.14774456843693773,0.17477055866977642,7.5|7.5|7.5|3.16227766016838|3.16227766016838|3.16227766016838|1|1|1|0.316227766016838|0.316227766016838|0.316227766016838|0.1|0.1|0.1|0.0316227766016838|0.0316227766016838|0.0316227766016838|0.01|0.01|0.01,21.7462651612588|24.8960114936619|28.5440365785124|26.9228026789798|25.9807461271873|21.2312957159235|22.0573103785715|17.0272919193151|16.0491269534593|2.05637485253062|2.80097799952291|4.64633209485973|1.78770971344991|0.466860822711899|0.638091141156713|0.593118320131701|-0.47845926763925|0.228214871463416|-0.561871912103621|-0.0618337894132821|-0.348929700498342,dt4,Definitive_rep1
Etoposide,Cell_AGP_Axial,Mahalanobis distance (cutoff = 1),13,0.8589065274341403,exp5,22.586053307898872,1.3481426746935954,NA,NA,19.399308615129797,2.1083584080535864,NA,0.6767557095158822,NA,0.011910415849442222,1.1586649055086553,0.19505968576116609,0.23902143112630392,3.686163305338679e-19,-35.54915349243396,0.9999999999999972,0.6767557095158822,NA,19.399308615129797,0.19683718449857474,0.2769378769264401,0.3953308041825866,0.18554328293767464,0.18554328293767464,0.21467135183230585,7.5|7.5|7.5|3.16227766016838|3.16227766016838|3.16227766016838|1|1|1|0.316227766016838|0.316227766016838|0.316227766016838|0.1|0.1|0.1|0.0316227766016838|0.0316227766016838|0.0316227766016838|0.01|0.01|0.01,16.3181645735034|18.6205263410948|20.4169873499092|21.7591126850397|20.3499266102951|17.6374559564115|16.896772110352|15.3719727889113|12.0664368919991|2.11333010027599|1.86300718254093|3.4341978506267|0.995119951793154|0.633391694382709|0.396928852536755|-0.193796622150432|-0.498492359158131|0.702072905012618|-0.617410831215126|-0.55482748288354|-0.662607158891242,dt4,Definitive_rep1
Etoposide,Cell_AGP_Compactness,Mahalanobis distance (cutoff = 1),13,0.8589065274341403,hill,17.50675200434178,0.8376649285593046,NA,NA,15.036663570699874,2.6419233815193195,NA,0.6762813169215626,NA,-0.6180149490013871,1.1586649055086553,0.2473768816764674,0.2854237535014768,5.672697430446473e-22,-23.56606294076359,1,0.6762813169215626,NA,15.036663570699874,0.22187259502847126,0.2943981263495531,0.4001661883507754,0.2340063891270953,0.2340063891270953,0.26421146910771925,7.5|7.5|7.5|3.16227766016838|3.16227766016838|3.16227766016838|1|1|1|0.316227766016838|0.316227766016838|0.316227766016838|0.1|0.1|0.1|0.0316227766016838|0.0316227766016838|0.0316227766016838|0.01|0.01|0.01,14.3031347415618|15.5055401389339|15.5697131834909|17.1994677139815|14.1959514325231|14.3596373352358|11.5092623107731|11.2558924022386|8.85968066797918|1.56266665733941|1.89400622871633|1.66712798706708|0.41849873415733|0.989751924317971|0.630672754252381|-0.422945825227176|-0.373251167581276|0.693712714501838|-0.206028638375636|0.100980267308602|-0.160953462590746,dt4,Definitive_rep1
Etoposide,Cell_AGP_Symmetry,Mahalanobis distance (cutoff = 1),17,0.8589065274341403,poly2,26.945932654454474,2.584879769326709,-103.31131400001266,-9.333098539638087,NA,NA,NA,NA,NA,0.4662803429082837,1.1586649055086553,0.10174895926280376,0.10975123986048009,3.626640873449457e-14,-45.37074491499385,0.9999999999999347,1.199597066279914,NA,23.1440374447117,0.1057390745745335,0.21398852498423718,0.43879427629835477,0.07824928375856668,0.07824928375856668,0.1058743106205684,7.5|7.5|7.5|3.16227766016838|3.16227766016838|3.16227766016838|1|1|1|0.316227766016838|0.316227766016838|0.316227766016838|0.1|0.1|0.1|0.0316227766016838|0.0316227766016838|0.0316227766016838|0.01|0.01|0.01,16.9895490838583|12.9364272951507|17.5171700241626|21.626423260842|23.1633415319955|23.5059004116277|15.419269088849|15.5096769905945|8.44163204224555|3.75130106066927|1.95153308879341|3.81447328577791|1.33795487263818|2.67750607101391|2.67105651498418|0.551188277486002|0.678506993919883|7.45722834471621|1.45403897655791|0.467045677653082|0.5390165547764,dt4,Definitive_rep1
Etoposide,Cell_ER_Radial,Mahalanobis distance (cutoff = 1),17,0.8589065274341403,exp5,29.502507595307986,2.0249778414924142,NA,NA,25.339896349285333,1.635816622167877,NA,0.6720699207592802,NA,0.3500803826767355,1.1586649055086553,0.11584169414847449,0.14253758475060158,5.2327102515684996e-18,-43.31013630671056,0.9999999999999998,0.6720699207592802,NA,25.339896349285333,0.13682340900251003,0.21245560525800203,0.3361242519875251,0.10733396013451046,0.10733396013451046,0.12937186253817828,7.5|7.5|7.5|3.16227766016838|3.16227766016838|3.16227766016838|1|1|1|0.316227766016838|0.316227766016838|0.316227766016838|0.1|0.1|0.1|0.0316227766016838|0.0316227766016838|0.0316227766016838|0.01|0.01|0.01,20.5693643242488|25.3677066799385|26.326402879825|26.0474060111665|26.1269092126968|19.7822066225918|21.6061057957601|17.601398459227|18.3810708422086|2.77937935548096|3.80170411210958|5.81036635594997|2.58132458278628|1.38409936736241|0.99788532289776|2.52506921781948|2.09406363860047|0.729306339363539|0.725130004012638|0.783530846271253|-0.0420033923206652,dt4,Definitive_rep1
Etoposide,Cell_ER_Axial,Mahalanobis distance (cutoff = 1),15,0.8589065274341403,exp5,19.291493854001107,1.0944736525470062,NA,NA,16.569589995157152,1.8286026383491265,NA,0.6260855130612117,NA,-0.09374154092441722,1.1586649055086553,0.16158818891903548,0.20255752060017396,1.5914256294097503e-19,-32.23968450671513,0.9999999999999987,0.6260855130612117,NA,16.569589995157152,0.15074994835639316,0.2234687691585815,0.3368556891367141,0.15383356758565508,0.15383356758565508,0.1821435757518368,7.5|7.5|7.5|3.16227766016838|3.16227766016838|3.16227766016838|1|1|1|0.316227766016838|0.316227766016838|0.316227766016838|0.1|0.1|0.1|0.0316227766016838|0.0316227766016838|0.0316227766016838|0.01|0.01|0.01,15.6970836621438|15.8344461534636|17.0457914695084|17.779811850065|18.1523872072428|14.9085991067426|16.0492074068079|13.4931809601916|12.0399095594715|2.48733649605241|2.02363860568467|3.78947981848326|1.56350432829082|0.956881955169051|0.678765951732705|0.688752360968349|0.146831056923304|1.89468589389699|-0.55789468513669|-0.253711429881562|-0.140355300829529,dt4,Definitive_rep1
Etoposide,Cell_ER_Compactness,Mahalanobis distance (cutoff = 1),16,0.8589065274341403,exp4,18.38003757217468,1.5100707499509136,NA,NA,15.786734245225581,NA,NA,0.6654341936748587,NA,0.25474800573366446,1.1586649055086553,0.0598893057200402,0.08899351083712456,2.8387638576003977e-16,-39.297445826734865,0.9999999999999766,0.6654341936748587,NA,15.786734245225581,0.04924251724451041,0.10114805592269101,0.21422196224265533,0.05370620546141682,0.05370620546141682,0.0731800511617244,7.5|7.5|7.5|3.16227766016838|3.16227766016838|3.16227766016838|1|1|1|0.316227766016838|0.316227766016838|0.316227766016838|0.1|0.1|0.1|0.0316227766016838|0.0316227766016838|0.0316227766016838|0.01|0.01|0.01,12.9385175873138|16.7859254526476|15.9422420338502|18.4576623989749|15.2264058950166|14.0528236162586|9.82842199756428|11.9079912783529|9.09993944415379|2.77313384898892|5.5540960728417|5.41107942691144|0.149154769399034|0.621761255058454|0.629339335003032|2.20941605098566|3.36297402280729|1.64989646292815|-0.125264776052724|0.534138606389598|1.32146820279748,dt4,Definitive_rep1
Etoposide,Nucleus_DNA_Profile,Mahalanobis distance (cutoff = 1),13,0.8589065274341403,exp5,7.762470406430647,0.7785447994819839,NA,NA,6.6672365010976264,2.72752490244774,NA,0.42082345185365366,NA,-0.38788798051212625,1.1586649055086553,0.2207902940478434,0.32297576185575444,7.890051731035535e-15,-25.60611911134547,0.9999999999814941,0.42082345185365366,NA,6.6672365010976264,0.1620035319155216,0.21093091000269057,0.27773346390355097,0.23281388681446413,0.23281388681446413,0.26228805456783844,7.5|7.5|7.5|3.16227766016838|3.16227766016838|3.16227766016838|1|1|1|0.316227766016838|0.316227766016838|0.316227766016838|0.1|0.1|0.1|0.0316227766016838|0.0316227766016838|0.0316227766016838|0.01|0.01|0.01,5.32531666696122|5.66612474604606|5.79664038653648|7.624826320802|7.27530285078608|6.93412120153885|8.42002785958727|6.77210337102446|6.43665273645435|1.66085827158022|1.16591126467862|2.88317303037446|0.772630095794532|0.118922486743211|-0.334336924264777|-0.100279336790249|-0.413327276589791|0.999159345841753|-0.741760627868276|-0.622291636965124|-0.560371210054955,dt4,Definitive_rep1
Etoposide,Nucleus_DNA_Radial,Mahalanobis distance (cutoff = 1),15,0.8589065274341403,exp5,27.850094220182026,1.72957376507463,NA,NA,23.920627715370166,1.9631958808300272,NA,0.6867463672769927,NA,0.16279732162307978,1.1586649055086553,0.1683081238337445,0.19074839574312594,2.990590241290404e-19,-39.772259704895035,0.9999999999999998,0.6867463672769927,NA,23.920627715370166,0.1823117616436514,0.2630592998099627,0.38553319518020923,0.15344457407208095,0.15344457407208095,0.17931347040504955,7.5|7.5|7.5|3.16227766016838|3.16227766016838|3.16227766016838|1|1|1|0.316227766016838|0.316227766016838|0.316227766016838|0.1|0.1|0.1|0.0316227766016838|0.0316227766016838|0.0316227766016838|0.01|0.01|0.01,19.2916815691697|28.0411424815232|20.8907305287983|22.8183128562074|25.985295722575|24.7820514858604|17.998909744625|18.5811162564249|18.4871945278536|2.98466257829904|2.0769020943047|4.00067848645563|1.34166392240142|1.76049554326277|1.91155689241673|0.568652439037709|0.728003559875586|0.32725369301863|0.23231923764147|0.0146090807422841|-0.710258983950528,dt4,Definitive_rep1
Etoposide,Nucleus_DNA_Axial,Mahalanobis distance (cutoff = 1),14,0.8589065274341403,exp5,23.87595934790261,3.851361228647373,NA,NA,20.507217332665732,1.8284908787202594,NA,0.6383486314437058,NA,0.17605027219062078,1.1586649055086553,0.15003011678396874,0.1802254725815736,3.4281310674983096e-15,-49.23384143796297,0.9999999999999959,0.6383486314437058,NA,20.507217332665732,0.15368930721490798,0.22783149876116915,0.343440660064062,0.13917710760786667,0.13917710760786667,0.16461962873375216,7.5|7.5|7.5|3.16227766016838|3.16227766016838|3.16227766016838|1|1|1|0.316227766016838|0.316227766016838|0.316227766016838|0.1|0.1|0.1|0.0316227766016838|0.0316227766016838|0.0316227766016838|0.01|0.01|0.01,18.3038406347516|34.0923723848535|20.1522906371794|20.2423774449379|27.8765217618523|28.3462009577795|16.3544791468725|17.5092738553469|14.9648794722378|4.01615183016145|3.03447571763149|3.38707934181335|0.924162234823748|0.292735203047577|1.25043093070584|0.840715131459031|0.146213569341761|-0.2746124488567|-0.364062377552487|-0.274371663007571|-0.747164693170086,dt4,Definitive_rep1
Etoposide,Nucleus_DNA_Compactness,Mahalanobis distance (cutoff = 1),12,0.8589065274341403,exp5,20.434788778579016,2.126971497030338,NA,NA,17.55157346865944,1.7523122198517456,NA,0.627133049670878,NA,-0.0567847120366014,1.1586649055086553,0.15240725265480715,0.18447730633352574,6.387951673999578e-17,-39.23525547956443,0.9999999999999984,0.627133049670878,NA,17.55157346865944,0.1419256684429551,0.21402459521174683,0.32843558471027856,0.14015004383048726,0.14015004383048726,0.16711333430086409,7.5|7.5|7.5|3.16227766016838|3.16227766016838|3.16227766016838|1|1|1|0.316227766016838|0.316227766016838|0.316227766016838|0.1|0.1|0.1|0.0316227766016838|0.0316227766016838|0.0316227766016838|0.01|0.01|0.01,13.3520575850278|17.2853795381245|14.3191997653695|25.223650466245|18.2912600492496|18.4627827896131|14.0615282814326|14.7613310418208|12.1278867659629|3.81620728932298|3.64219004426661|2.69258750100706|0.426977712492114|-0.140597980077141|0.546089611085394|-0.501643398598657|-0.517138158063624|0.226321570520893|-0.502613533787717|0.379794579698649|-0.679226678402732,dt4,Definitive_rep1
Etoposide,Nucleus_DNA_Symmetry,Mahalanobis distance (cutoff = 1),18,0.8589065274341403,exp5,37.0348302551712,3.7284576839555377,NA,NA,31.809457448581934,1.395146246088582,NA,0.6797516276957631,NA,0.8339424299548285,1.1586649055086553,0.07312669556650558,0.09683559463817026,2.078348170748996e-15,-54.96189403804158,0.9999999999999899,0.6797516276957631,NA,31.809457448581934,0.10516012433831269,0.1761675922485313,0.30166590403360666,0.06704380146121504,0.06704380146121504,0.08337849112678422,7.5|7.5|7.5|3.16227766016838|3.16227766016838|3.16227766016838|1|1|1|0.316227766016838|0.316227766016838|0.316227766016838|0.1|0.1|0.1|0.0316227766016838|0.0316227766016838|0.0316227766016838|0.01|0.01|0.01,25.4332029542345|43.3139922516044|27.1979722676592|32.392191628448|38.7929450276425|31.9898387551165|22.9598535312072|23.4746813463026|17.2838890577868|5.2898389510719|8.21890305047661|6.9629471921368|2.22609833099791|0.113682720147057|1.37634150283973|1.07272882142129|1.08311402481945|0.141857557440289|3.09036200050879|2.02679980524374|-0.432188208776997,dt4,Definitive_rep1
Etoposide,Cell_position_position,Mahalanobis distance (cutoff = 1),21,0.8589065274341403,exp5,11.208953754760453,3.114045645326231,NA,NA,9.627443545671168,0.3000000002982217,NA,0.033858386288284456,NA,0.8984690864397393,1.1586649055086553,2.8913955200710276e-5,4.237252693702915e-4,1.5594158385001625e-8,-53.45451058930455,0.9999999843904659,0.033858386288284456,NA,9.627443545671168,5.76036539864819e-6,6.346111228500453e-5,7.742166773930756e-4,4.254130795039698e-5,4.254130795039698e-5,1.221507840514147e-4,7.5|7.5|7.5|3.16227766016838|3.16227766016838|3.16227766016838|1|1|1|0.316227766016838|0.316227766016838|0.316227766016838|0.1|0.1|0.1|0.0316227766016838|0.0316227766016838|0.0316227766016838|0.01|0.01|0.01,6.36785251353382|7.5393059824084|8.76887829519446|11.8143575622454|11.3171539039515|10.0428429058704|12.2287193703487|7.09227501300174|10.5906083317965|4.84204753742448|6.49311295609319|6.76901810117323|4.60488478105204|2.99212020241525|2.86026962360191|3.79422024573746|5.5566126473536|9.19453577298541|8.43572752514709|12.6804561073746|2.04514106254415,dt4,Definitive_rep1
Etoposide,Nuclei_Shape_Morph,Mahalanobis distance (cutoff = 1),12,0.8589065274341403,exp5,19.09304841135709,1.1639466654072435,NA,NA,16.399143909130647,2.3899509443459817,NA,0.6271395115613378,NA,-0.2312296280099347,1.1586649055086553,0.22379884568101616,0.2667999060703618,1.0841197172999419e-19,-31.248135934274238,0.9999999999999979,0.6271395115613378,NA,16.399143909130647,0.21097503932095574,0.2851254452779681,0.3903024775895661,0.2152234726306265,0.2152234726306265,0.24492889657985828,7.5|7.5|7.5|3.16227766016838|3.16227766016838|3.16227766016838|1|1|1|0.316227766016838|0.316227766016838|0.316227766016838|0.1|0.1|0.1|0.0316227766016838|0.0316227766016838|0.0316227766016838|0.01|0.01|0.01,12.8571299917031|17.0709784310171|14.0770925434009|15.8484171277842|16.9175295982962|18.2562234265643|12.9750055317744|15.3673645700108|14.5125364979752|2.89381353980574|1.6689187596834|1.77383419372698|0.409624968419789|-0.161740171517952|0.383218510580924|-0.290167730591869|-0.611785121466284|-0.128044532365041|-0.617702726370688|-0.625646643122089|-0.792570782964255,dt4,Definitive_rep1
Latrunculin B,Ring_Mito_Texture,Mahalanobis distance (cutoff = 1),15,0.8589065274341403,exp2,46.85159133968124,2.5598192395355754,20.97465232550337,7.002209526128432,NA,NA,NA,NA,NA,0.06165282233478031,1.1586649055086553,0.3659165528332039,0.38777868253116937,6.04193518704731e-17,-43.83450268094044,0.9999999999978372,4.709526225799495,NA,40.241137622329056,0.6414129783031979,1.2289703321223944,2.274106206335356,0.28102322158288856,0.28102322158288856,0.3765043510287248,7.5|7.5|7.5|3.16227766016838|3.16227766016838|3.16227766016838|1|1|1|0.316227766016838|0.316227766016838|0.316227766016838|0.1|0.1|0.1|0.0316227766016838|0.0316227766016838|0.0316227766016838|0.01|0.01|0.01,33.8994127469823|40.2183636168429|46.8101518344846|18.6573943607726|11.8135553255571|12.0405739845219|2.53006267523969|1.97075479642602|2.45050938481892|1.39699256479259|3.02366395825674|1.65422403100959|1.16420123199967|1.15260116695243|0.867091915376411|-0.22326400792673|0.00566142736081299|-0.121710272926932|0.0014449097598187|0.200342235242985|0.256594282080237,dt4,Definitive_rep1
Latrunculin B,Ring_AGP_Texture,Mahalanobis distance (cutoff = 1),10,0.8589065274341403,exp5,23.860154368985025,1.3742057134812546,NA,NA,20.49364233310746,7.999868388101163,NA,3.1601825351054407,NA,-0.013087687774570296,1.1586649055086553,2.263722739827213,2.3664025372552975,2.9663836262579176e-15,-35.71226390424291,0.9999999985074711,3.1601825351054407,NA,20.49364233310746,2.2822553548262623,2.4971351012823373,2.742717112864458,2.2312864467091464,2.2312864467091464,2.318575099251854,7.5|7.5|7.5|3.16227766016838|3.16227766016838|3.16227766016838|1|1|1|0.316227766016838|0.316227766016838|0.316227766016838|0.1|0.1|0.1|0.0316227766016838|0.0316227766016838|0.0316227766016838|0.01|0.01|0.01,23.7080756600409|20.5029996370693|19.2516326042032|12.3817293438422|10.035157270408|9.39452324715733|-0.558584447969579|-0.621088310148457|1.80067739789916|0.243823738647188|-0.27204087202969|-0.65862082399205|-0.142504455161264|-0.633524320469928|2.62425723967773|-0.0194560334149187|-0.516154659230308|-0.0257363541050742|3.06609270122728|-0.157117586729085|1.01108708777513,dt4,Definitive_rep1
Latrunculin B,Ring_ER_Texture,Mahalanobis distance (cutoff = 1),6,0.8589065274341403,exp5,56.80640513213681,3.5286517639658213,NA,NA,48.791392168060554,7.999993039521765,NA,3.375171825653383,NA,-0.22023055102170977,1.1586649055086553,2.192265683606961,2.2408497638329408,2.0730049942750916e-19,-42.698000221727334,0.9999999999976272,3.375171825653383,NA,48.791392168060554,2.437531044723415,2.667026625883687,2.9293124236450296,2.134883758475201,2.134883758475201,2.217151804976871,7.5|7.5|7.5|3.16227766016838|3.16227766016838|3.16227766016838|1|1|1|0.316227766016838|0.316227766016838|0.316227766016838|0.1|0.1|0.1|0.0316227766016838|0.0316227766016838|0.0316227766016838|0.01|0.01|0.01,43.9968887769565|49.1085250187007|63.1326651144734|21.8100658359376|15.4366578976084|16.7585138364059|-0.24688640287596|-0.412791245386563|-0.0561941845914884|-0.548839665180773|-0.560519814936367|-0.669899857734601|0.357629793258292|-0.655352547709336|-0.120805623087368|-0.443349226388448|-0.406708186413524|-0.616344875472159|-0.122543466917084|-0.273565577165121|0.524281341156334,dt4,Definitive_rep1
Latrunculin B,Ring_Mito_Intensity,Mahalanobis distance (cutoff = 1),7,0.8589065274341403,exp5,35.17638256490142,1.8519937636569168,NA,NA,30.213224596514312,7.999995860635735,NA,3.5116979123003684,NA,-0.3113619949099993,1.1586649055086553,2.3980423636930555,2.513646877440883,1.3760470789297153e-16,-34.56010934431287,0.9999999998453717,3.5116979123003684,NA,30.213224596514312,2.5361297455379503,2.774908388579534,3.047803598723345,2.36000768313099,2.36000768313099,2.451556731701339,7.5|7.5|7.5|3.16227766016838|3.16227766016838|3.16227766016838|1|1|1|0.316227766016838|0.316227766016838|0.316227766016838|0.1|0.1|0.1|0.0316227766016838|0.0316227766016838|0.0316227766016838|0.01|0.01|0.01,23.5183570880656|30.6215948588888|30.1400350946439|12.2777315628031|6.44077676614107|8.13351495367397|-0.393314311509578|0.0837570961653527|-0.22585647516585|-0.592230473634516|-0.290534610301733|-0.55939432073261|-0.530976149861964|-0.541851477653927|-0.136021924424461|-0.664976989478782|-0.529898214248965|-0.674942716080977|1.43335605467723|0.623952812207725|0.1063842796319,dt4,Definitive_rep1
Latrunculin B,Ring_AGP_Intensity,Mahalanobis distance (cutoff = 1),11,0.8589065274341403,hill,76.19776355827729,2.710848862782612,NA,NA,65.44675649608763,3.0245237161253398,NA,4.0027708439381335,NA,0.06062185195693403,1.1586649055086553,1.030344019581805,1.090378910338033,2.123259247245764e-20,-43.350427294557704,0.9999999999996596,4.0027708439381335,NA,65.44675649608763,1.5120484101103506,1.935793302744621,2.531053293381986,0.9594669604398962,0.9594669604398962,1.0609231356679316,7.5|7.5|7.5|3.16227766016838|3.16227766016838|3.16227766016838|1|1|1|0.316227766016838|0.316227766016838|0.316227766016838|0.1|0.1|0.1|0.0316227766016838|0.0316227766016838|0.0316227766016838|0.01|0.01|0.01,56.2125570521395|57.011108887853|64.4786354321819|30.3360112036327|21.9677771218366|20.359618911194|1.58757561359684|0.291232571251687|0.834066240694858|1.89398354187977|2.093999635729|0.929945554932566|-0.15032925799548|-0.384232003299421|0.0697502168928348|0.00645353013801664|-0.249735733111068|-0.212551032043798|2.8152173358297|0.108778846022611|0.140531683144955,dt4,Definitive_rep1
Latrunculin B,Ring_ER_Intensity,Mahalanobis distance (cutoff = 1),7,0.8589065274341403,hill,57.48215716919386,1.567068990531445,NA,NA,49.371800003615775,3.517964635181394,NA,3.217681907471371,NA,-0.35094913562834523,1.1586649055086553,1.0853617841586267,1.1524430759921624,8.366090394568797e-25,-32.26856573176841,0.9999999999998435,3.217681907471371,NA,49.371800003615775,1.393319302823483,1.7230371565198817,2.1697234408869126,1.0222405152845233,1.0222405152845233,1.1149999089846756,7.5|7.5|7.5|3.16227766016838|3.16227766016838|3.16227766016838|1|1|1|0.316227766016838|0.316227766016838|0.316227766016838|0.1|0.1|0.1|0.0316227766016838|0.0316227766016838|0.0316227766016838|0.01|0.01|0.01,46.8913771599367|44.0013544828303|47.8531781677587|29.8528735812703|24.3426700885066|22.2884541814901|2.0852138438061|0.0689950801256786|0.675742196282554|-0.14937333342294|0.389587666380603|-0.390020135190382|-0.508165482720758|-0.475229730358775|-0.382682968157745|-0.471734948518353|-0.456240859938547|-0.416831037870649|-0.0218680634590229|-0.47918256476611|0.0671447863301015,dt4,Definitive_rep1
Latrunculin B,Cytoplasm_Mito_Texture,Mahalanobis distance (cutoff = 1),14,0.8589065274341403,pow,69.55075795456878,3.067431315163982,2.011428362234718,NA,NA,1.6830172497472469,NA,NA,NA,0.61387290490085,1.1586649055086553,0.7054765639186007,0.7397850499643921,1.0512840980383801e-16,-50.296078387835195,0.9999999999785465,4.968187495418813,NA,59.73759999517109,1.264814985706761,1.9093708523577049,2.8823955226906355,0.6031411600191103,0.6031411600191103,0.7205569207601789,7.5|7.5|7.5|3.16227766016838|3.16227766016838|3.16227766016838|1|1|1|0.316227766016838|0.316227766016838|0.316227766016838|0.1|0.1|0.1|0.0316227766016838|0.0316227766016838|0.0316227766016838|0.01|0.01|0.01,50.7616920799117|61.461731246945|59.5129974022421|22.0547745981044|13.0183350053479|14.3453969508844|1.17227814844076|0.555925216380497|-0.0726348963826851|0.299728980752446|4.21220538813203|2.26293107653804|2.6991889193191|2.93091923861537|1.66944835259801|0.733998401224317|0.260234456950184|0.882483181474445|1.18493707513232|0.480475815329214|0.0634539961025162,dt4,Definitive_rep1
Latrunculin B,Cytoplasm_AGP_Texture,Mahalanobis distance (cutoff = 1),8,0.8589065274341403,exp2,39.6035406921419,1.8624462863874784,0.6911807306720896,1.9150763036587501,NA,NA,NA,NA,NA,-0.25581699236672184,1.1586649055086553,1.870751966106592,1.9014196940712496,6.475721376840071e-16,-33.560706059279575,0.9999999952506362,6.210333794990596,NA,34.015739609984266,2.3775103097204484,3.4061014784884107,4.564585317368677,1.546740418511137,1.546740418511137,1.8853086174056062,7.5|7.5|7.5|3.16227766016838|3.16227766016838|3.16227766016838|1|1|1|0.316227766016838|0.316227766016838|0.316227766016838|0.1|0.1|0.1|0.0316227766016838|0.0316227766016838|0.0316227766016838|0.01|0.01|0.01,33.6110173033519|26.329894438741|34.9473717437137|3.62332663680326|2.27171258346725|2.68677506539806|0.428124855520003|1.66446115004748|2.94602929707022|-0.240499401547624|-0.610454244052808|-0.716797917257394|-0.42798540746877|-0.759865802023979|-0.14449693542043|-0.500516216083653|-0.728394913799004|-0.513349717683287|-0.280513680604015|-0.694871622542302|-0.565395817261415,dt4,Definitive_rep1
Latrunculin B,Cytoplasm_ER_Texture,Mahalanobis distance (cutoff = 1),9,0.8589065274341403,hill,58.45619485367572,1.8493690862003664,NA,NA,50.20840732878408,2.5416911815619487,NA,3.242589150892666,NA,-0.3734399497872082,1.1586649055086553,0.7172951568801963,0.7696010839495675,6.648575401901986e-24,-32.42028863010064,0.9999999999999933,3.242589150892666,NA,50.20840732878408,1.0180769552227718,1.3660162654399028,1.8793953493225226,0.6587194583266358,0.6587194583266358,0.7428366002605324,7.5|7.5|7.5|3.16227766016838|3.16227766016838|3.16227766016838|1|1|1|0.316227766016838|0.316227766016838|0.316227766016838|0.1|0.1|0.1|0.0316227766016838|0.0316227766016838|0.0316227766016838|0.01|0.01|0.01,44.0182493515853|45.2974577481097|52.5785283163743|26.1611223833054|22.2121387382232|24.2780696734341|1.24545475530512|2.83288580295923|2.69914974945997|0.193339157809872|0.378102934718727|-0.0509366226780372|-0.0880058925328835|-0.57568054756142|-0.131133191071763|-0.736594516518451|-0.725432889122976|-0.641513462297079|-0.258888817129445|-0.34540186331291|0.301346863624456,dt4,Definitive_rep1
Latrunculin B,Cytoplasm_Mito_Intensity,Mahalanobis distance (cutoff = 1),10,0.8589065274341403,hill,16.594081634070655,1.0188782471761366,NA,NA,14.25276503227827,2.4529972263129602,NA,3.8003259179010795,NA,-0.3863373663043843,1.1586649055086553,1.3013671364454984,1.5656378909356148,4.756026119389565e-13,-28.24588275874403,0.9999999962294724,3.8003259179010795,NA,14.25276503227827,1.1442431933691977,1.551708018550288,2.1596448133620543,1.2402048551183573,1.2402048551183573,1.4141714072028289,7.5|7.5|7.5|3.16227766016838|3.16227766016838|3.16227766016838|1|1|1|0.316227766016838|0.316227766016838|0.316227766016838|0.1|0.1|0.1|0.0316227766016838|0.0316227766016838|0.0316227766016838|0.01|0.01|0.01,10.6162474480367|12.9466821742865|12.0312400784977|6.14729809322811|3.67567442756606|5.68566054444702|0.276589407354375|0.457674233728239|0.916639155090474|-0.415501650150753|0.0662416915414046|-0.0906153857508002|-0.387046017126537|-0.405151950207815|0.635646696253447|-0.436443454448533|-0.295404532679122|-0.512819889201295|3.17764872724505|1.60408363535676|0.865171251339429,dt4,Definitive_rep1
Latrunculin B,Cytoplasm_AGP_Intensity,Mahalanobis distance (cutoff = 1),10,0.8589065274341403,exp5,15.720601495440095,0.7755136571676262,NA,NA,13.502527239624404,2.0371749254575353,NA,3.023986104753152,NA,-0.6556366663959957,1.1586649055086553,1.053419992392749,1.1678832248072009,2.4436915919000836e-17,-21.964495374904004,0.9999999997563902,3.023986104753152,NA,13.502527239624404,0.8423927309855943,1.199418918933,1.7336064188503084,0.9514023359415478,0.9514023359415478,1.1084302623534912,7.5|7.5|7.5|3.16227766016838|3.16227766016838|3.16227766016838|1|1|1|0.316227766016838|0.316227766016838|0.316227766016838|0.1|0.1|0.1|0.0316227766016838|0.0316227766016838|0.0316227766016838|0.01|0.01|0.01,12.2821903942552|13.357269736421|14.1066538803092|7.18324103231676|7.59674988065548|6.80527930974666|1.02821908402273|0.659854164803632|0.885811213816261|0.659269643924857|1.09415030661898|0.564664392792286|-0.593748953096356|-0.614421964289738|0.0481466189467309|-0.409121168189318|-0.507356190455597|-0.445728420696217|2.69710979436047|0.511083877181301|0.245399349395931,dt4,Definitive_rep1
Latrunculin B,Cytoplasm_ER_Intensity,Mahalanobis distance (cutoff = 1),11,0.8589065274341403,exp5,25.851558401332845,1.4290984579195714,NA,NA,22.20407225524967,2.8407616975782446,NA,2.7056554408891254,NA,-0.25235768688727916,1.1586649055086553,1.0569293136476134,1.1416124381315342,1.5421750321193332e-17,-33.146497384090274,0.9999999999846463,2.7056554408891254,NA,22.20407225524967,1.0819883983558194,1.394021914826303,1.815493192836059,0.9864824812984762,0.9864824812984762,1.0988253200793658,7.5|7.5|7.5|3.16227766016838|3.16227766016838|3.16227766016838|1|1|1|0.316227766016838|0.316227766016838|0.316227766016838|0.1|0.1|0.1|0.0316227766016838|0.0316227766016838|0.0316227766016838|0.01|0.01|0.01,17.3878282445981|22.0159867961439|25.1765648100896|13.7509990215387|14.644148019857|15.6300192478763|1.14501994798271|0.400829239254593|0.996609076870053|1.09962745837849|1.49106257624743|-0.199298410438898|-0.305091675854824|-0.472417169188938|-0.176474172891772|-0.456437099316|-0.287693947109685|-0.381651828325004|2.10893682848649|0.162571580365638|0.408410811072746,dt4,Definitive_rep1
Latrunculin B,Cytoplasm_Mito_Profile,Mahalanobis distance (cutoff = 1),18,0.8589065274341403,exp3,90.18191931653384,2.9746203116936942,14.029927452977704,2.754772664032682,NA,0.6276311606300976,NA,NA,NA,0.5877957229964257,1.1586649055086553,0.04754210647708122,0.049883988058344514,3.1839751547191163e-20,-48.94406238979868,0.9999999999999969,4.310925145685927,NA,77.4578391575099,0.29063854722795546,0.7436629517799165,1.719471558914093,0.03066112232077258,0.03066112232077258,0.04861372769619111,7.5|7.5|7.5|3.16227766016838|3.16227766016838|3.16227766016838|1|1|1|0.316227766016838|0.316227766016838|0.316227766016838|0.1|0.1|0.1|0.0316227766016838|0.0316227766016838|0.0316227766016838|0.01|0.01|0.01,66.7594729949889|76.9739063974357|80.0609841949662|29.6827652763943|24.8801916062366|26.5714788518612|14.9196844176368|11.3991775602196|11.099736891664|2.60570447797293|2.05095915616177|2.08127727045397|1.39022911449969|1.40433908717577|3.67446912649764|0.814272628778822|0.423947483971202|0.172838888449361|1.48191418569726|2.20128805306137|1.5016421463204,dt4,Definitive_rep1
Latrunculin B,Cytoplasm_AGP_Profile,Mahalanobis distance (cutoff = 1),9,0.8589065274341403,hill,86.87034034677728,4.092644175200031,NA,NA,74.61350236427236,2.5164072348579842,NA,2.8702819216893927,NA,-0.4362587030865409,1.1586649055086553,0.5437645813789476,0.5602812263736885,1.0500199518220043e-23,-43.90903802139556,1,2.8702819216893927,NA,74.61350236427236,0.8907547715215353,1.1987158717710797,1.6545151810868268,0.4891373482450889,0.4891373482450889,0.5518224810298309,7.5|7.5|7.5|3.16227766016838|3.16227766016838|3.16227766016838|1|1|1|0.316227766016838|0.316227766016838|0.316227766016838|0.1|0.1|0.1|0.0316227766016838|0.0316227766016838|0.0316227766016838|0.01|0.01|0.01,81.1248499035792|68.7758074800566|64.5923086639901|41.7120821178701|42.0646685261481|28.6227567423812|5.40483992024502|4.860074663445|4.64103810185971|0.154511333566077|0.0261567680880825|-0.46271799369229|-0.0322503072756116|-0.675602035987421|0.373178636034704|-0.21377196740593|-0.627967585956366|-0.137852710970748|-0.12929080625827|-0.651374414521418|-0.209507991370721,dt4,Definitive_rep1
Latrunculin B,Cytoplasm_DNA_Profile,Mahalanobis distance (cutoff = 1),9,0.8589065274341403,poly2,111.88449108562936,7.753237939805057,39.734205482102666,6.616305015138363,NA,NA,NA,NA,NA,0.7350837756632901,1.1586649055086553,0.18353308003337274,0.1922846854931907,1.5362370125357644e-16,-59.69976644994233,0.9999999999999453,4.684345025749495,NA,96.09831971209394,0.7214240699403152,1.3320093187780457,2.3591511313797504,0.14005531764439733,0.14005531764439733,0.18761399050479519,7.5|7.5|7.5|3.16227766016838|3.16227766016838|3.16227766016838|1|1|1|0.316227766016838|0.316227766016838|0.316227766016838|0.1|0.1|0.1|0.0316227766016838|0.0316227766016838|0.0316227766016838|0.01|0.01|0.01,96.2929117248227|73.7175860922609|121.991461050612|29.3986279063872|20.8333303339702|27.8230783660573|10.4749129904989|6.27502094760089|10.5154027877614|0.515854092628279|0.01109395462584|0.407645129324854|0.43726236393178|0.374220498163762|-0.411450064590684|0.0414471683122148|-0.325473447373477|0.0234605856445909|-0.396128308530673|-0.392712132279026|-0.477080954894882,dt4,Definitive_rep1
Latrunculin B,Membrane_AGP_Texture,Mahalanobis distance (cutoff = 1),9,0.8589065274341403,exp5,55.0528391058584,1.9690652957664447,NA,NA,47.28524286180328,7.999984461240798,NA,1.225014196034122,NA,8.956044488707037e-4,1.1586649055086553,0.7873128500552536,0.8340450354709089,1.6611587820069386e-25,-39.20195264528681,0.9999999999999994,1.225014196034122,NA,47.28524286180328,0.8846983932152432,0.9679935783144074,1.0631899481835287,0.7779235272577274,0.7779235272577274,0.8079111901000836,7.5|7.5|7.5|3.16227766016838|3.16227766016838|3.16227766016838|1|1|1|0.316227766016838|0.316227766016838|0.316227766016838|0.1|0.1|0.1|0.0316227766016838|0.0316227766016838|0.0316227766016838|0.01|0.01|0.01,44.6522332700301|46.7774590767942|48.3624177406293|53.4744704826342|52.4612395792721|46.5422598835701|4.51845722635669|7.50610120637465|6.0522156774109|-0.195466494585792|-0.0113013062739307|-0.489732877368197|-0.593142839263039|-0.788984045131423|-0.450230266168574|-0.426660408896218|-0.0659719718306343|-0.361833859796884|-0.396883585665591|-0.778843259531264|-0.64723406532343,dt4,Definitive_rep1
Latrunculin B,Membrane_AGP_Intensity,Mahalanobis distance (cutoff = 1),15,0.8589065274341403,exp5,81.01141240308888,2.722712847360865,NA,NA,69.58123090967212,1.4494659071646667,NA,3.948253722485257,NA,0.25110229219905994,1.1586649055086553,0.29100439882697476,0.3141919461178215,2.2595724889065413e-20,-45.58814995389934,0.999999999999997,3.948253722485257,NA,69.58123090967212,0.655058162090679,1.0763597249495147,1.8063559328403425,0.2462386012250384,0.2462386012250384,0.3031837246700034,7.5|7.5|7.5|3.16227766016838|3.16227766016838|3.16227766016838|1|1|1|0.316227766016838|0.316227766016838|0.316227766016838|0.1|0.1|0.1|0.0316227766016838|0.0316227766016838|0.0316227766016838|0.01|0.01|0.01,57.9843590994661|57.0183973390531|66.0896993208609|34.3927737087406|26.8825453318079|25.4452709134853|7.0517057325387|5.64369377912478|7.77709224723788|1.79791171151507|1.96518925042279|1.17032573964227|-0.451695672315024|-0.459512010726569|0.231814169296613|0.303563067425193|-0.308528725175099|-0.340956679370337|4.62046196032298|1.50192977377716|1.23317054490333,dt4,Definitive_rep1
Latrunculin B,Nucleus_DNA_Texture,Mahalanobis distance (cutoff = 1),10,0.8589065274341403,exp5,49.1981741431733,1.147223931385006,NA,NA,42.256632909413085,1.8958490969746102,NA,4.154990622761954,NA,-0.39850075962465814,1.1586649055086553,0.7352832827674951,0.7850818748918115,7.829530378645225e-22,-30.20836998352705,0.999999999999757,4.154990622761954,NA,42.256632909413085,1.0522710068880332,1.538237050731379,2.2852227499777698,0.6492746095685022,0.6492746095685022,0.7617888468126308,7.5|7.5|7.5|3.16227766016838|3.16227766016838|3.16227766016838|1|1|1|0.316227766016838|0.316227766016838|0.316227766016838|0.1|0.1|0.1|0.0316227766016838|0.0316227766016838|0.0316227766016838|0.01|0.01|0.01,36.7242271417626|37.0900449707228|39.9027549690744|16.7195968892932|11.8717463032063|14.3214929093617|2.44818358272374|1.30179263388192|1.74258708366176|0.343082201363082|0.618979354711025|0.453957921523669|0.281987472725946|0.703797736672184|2.54141412265558|0.586389433122207|0.294132055339604|-0.178749360423996|-0.197067203519076|-0.0713597017122342|-0.273110619316217,dt4,Definitive_rep1
Latrunculin B,Nucleus_RNA_Intensity,Mahalanobis distance (cutoff = 1),8,0.8589065274341403,exp5,52.08505584566863,1.734410648537105,NA,NA,44.73619444761651,3.1629378955229677,NA,3.197679651681992,NA,-0.39923801019770977,1.1586649055086553,1.097180550938884,1.1637291838430293,3.537012843253707e-22,-33.80410853553476,0.9999999999998133,3.197679651681992,NA,44.73619444761651,1.403881162911222,1.762657688159546,2.234637776159862,1.032118564736456,1.032118564736456,1.1358035984387966,7.5|7.5|7.5|3.16227766016838|3.16227766016838|3.16227766016838|1|1|1|0.316227766016838|0.316227766016838|0.316227766016838|0.1|0.1|0.1|0.0316227766016838|0.0316227766016838|0.0316227766016838|0.01|0.01|0.01,44.7205266782278|39.8768692281854|45.1228875160995|23.8113853676936|21.4872763504384|16.213535612562|1.30491774036588|0.702820864456184|0.294561488345111|0.777831045982311|0.186442827777033|0.139812941449979|-0.339305475902827|-0.153838375269812|1.30619047077354|-0.192483805828313|-0.498277010700431|-0.0655648660781517|0.667292175147905|-0.393051783991442|-0.0867854934556975,dt4,Definitive_rep1
Latrunculin B,Nucleus_DNA_Intensity,Mahalanobis distance (cutoff = 1),9,0.8589065274341403,hill,52.68781831013983,2.8460656005961438,NA,NA,45.253911062843116,1.7245014921128337,NA,3.8153864826859776,NA,0.1803459379318979,1.1586649055086553,0.4337400768698432,0.49272104967135705,1.2239451023517113e-16,-44.17658971117122,0.9999999999989347,3.8153864826859776,NA,45.253911062843116,0.6918593416524897,1.067074059517601,1.7077227314783059,0.3872423851679313,0.3872423851679313,0.46246632378171526,7.5|7.5|7.5|3.16227766016838|3.16227766016838|3.16227766016838|1|1|1|0.316227766016838|0.316227766016838|0.316227766016838|0.1|0.1|0.1|0.0316227766016838|0.0316227766016838|0.0316227766016838|0.01|0.01|0.01,34.0620060908075|34.4667769837126|45.2382783670239|20.4575102483045|13.2961443898179|18.5477258543602|2.25788108999858|5.34970803499724|7.0475386605076|-0.696842098579385|-0.564863080596935|-0.605672937094694|0.06292320033049|0.313837530863294|0.292651809327731|0.610313267498055|-0.173779000473451|0.0294953582079336|-0.652635940768908|-0.75242527955089|0.10248397751097,dt4,Definitive_rep1
Latrunculin B,Nucleus_RNA_Texture,Mahalanobis distance (cutoff = 1),7,0.8589065274341403,poly2,3.536955475380073,0.7504475216573857,-13.471333119929561,-9.205895168185332,NA,NA,NA,NA,NA,-0.6900056474798929,1.1586649055086553,0.8242988625952619,0.9445414501165649,5.460354407291707e-7,-19.571116392374737,0.9999328297432739,1.1924742817778302,NA,3.0379141450478673,0.10499842583239447,0.21250719630876366,0.4358374181066972,0.630074161226241,0.630074161226241,0.8749540879045324,7.5|7.5|7.5|3.16227766016838|3.16227766016838|3.16227766016838|1|1|1|0.316227766016838|0.316227766016838|0.316227766016838|0.1|0.1|0.1|0.0316227766016838|0.0316227766016838|0.0316227766016838|0.01|0.01|0.01,2.00165123272861|2.2579903279678|1.78969733833447|5.47721833767633|3.44487822492561|2.62076365416146|-0.146424155921955|1.56796303492151|0.299793048620819|0.551560883920054|0.0661238010759977|0.623037547988318|0.638003796661045|0.118748436470819|0.340635375929408|-0.551280802278417|-0.321025183933175|-0.556372680712072|0.322709428653321|-0.593357963327942|-0.65906227798259,dt4,Definitive_rep1
Latrunculin B,Nucleus_RNA_Radial,Mahalanobis distance (cutoff = 1),15,0.8589065274341403,exp2,87.81866137080824,3.4999394933482364,66.7531642293051,9.91931628617925,NA,NA,NA,NA,NA,0.7442610675995432,1.1586649055086553,0.16531085513907956,0.1768096814969136,4.317442353172277e-19,-52.79443543829393,0.9999999999996924,4.442576153759113,NA,75.4280214819156,0.5451596001233282,1.061912023961238,2.0210544823184273,0.12681675515336638,0.12681675515336638,0.17069688275950418,7.5|7.5|7.5|3.16227766016838|3.16227766016838|3.16227766016838|1|1|1|0.316227766016838|0.316227766016838|0.316227766016838|0.1|0.1|0.1|0.0316227766016838|0.0316227766016838|0.0316227766016838|0.01|0.01|0.01,70.8312617999319|76.2290920066256|87.1847923732726|32.1501464000124|25.0767280098413|21.8458243672603|7.26190183877296|6.7018123576776|9.69884998046352|0.0143492823734435|-0.472063549977923|0.169240749843131|1.84799084395282|1.23490741395254|2.7579705037223|2.53584686031136|0.808827040264936|0.863822220046716|0.813074488753386|0.994238449203836|0.784227307490101,dt4,Definitive_rep1
Latrunculin B,Nucleus_RNA_Axial,Mahalanobis distance (cutoff = 1),11,0.8589065274341403,exp5,60.696097732094024,1.9167214910619539,NA,NA,52.13227453187608,1.4876239994971914,NA,3.9783312247280747,NA,0.09916770261587471,1.1586649055086553,0.3773110564690466,0.4152420513993385,3.499107934089043e-20,-39.708091543605306,0.9999999999999561,3.9783312247280747,NA,52.13227453187608,0.6911721651274151,1.1213252686723723,1.8569923793595842,0.3239351562177275,0.3239351562177275,0.3969235643718683,7.5|7.5|7.5|3.16227766016838|3.16227766016838|3.16227766016838|1|1|1|0.316227766016838|0.316227766016838|0.316227766016838|0.1|0.1|0.1|0.0316227766016838|0.0316227766016838|0.0316227766016838|0.01|0.01|0.01,47.6755743975807|42.1005104390583|43.4435622311672|26.6292729735947|20.5184122920643|18.2491847001012|5.11730905440025|3.27528226782742|6.55237179170879|-0.273327738385923|0.521306360432538|0.0823575007087054|0.130149535464098|-0.0958636978002896|0.210067486310291|1.21966774842182|1.2173791836175|0.314996215339782|0.573323391101634|0.546720277570443|0.737273249371718,dt4,Definitive_rep1
Latrunculin B,Nucleus_RNA_Compactness,Mahalanobis distance (cutoff = 1),14,0.8589065274341403,poly1,68.86188198653863,2.481481759474809,7.8861226572849965,NA,NA,NA,NA,NA,NA,0.6653779501332466,1.1586649055086553,0.13677980434177073,0.15323210360966982,3.765776494822172e-20,-48.756975467242384,0.9999999999998432,3.75,NA,59.14591992963747,0.375,0.75,1.5,0.10891366578488411,0.10891366578488411,0.14692453514380868,7.5|7.5|7.5|3.16227766016838|3.16227766016838|3.16227766016838|1|1|1|0.316227766016838|0.316227766016838|0.316227766016838|0.1|0.1|0.1|0.0316227766016838|0.0316227766016838|0.0316227766016838|0.01|0.01|0.01,57.2435654458094|56.4971779858536|65.5408327152433|30.2984697853755|26.7013042323882|25.684132100984|6.1455210340827|8.05987540482394|11.3804915672521|-0.298195932764343|-0.237694028088858|1.1873090564116|2.56031910463924|0.139247316328161|2.99475217755017|0.413458675037065|0.229636991797333|-0.101766819906987|1.81545139880477|0.265225344626447|1.3123882253336,dt4,Definitive_rep1
Latrunculin B,Cell_DNA_Radial,Mahalanobis distance (cutoff = 1),12,0.8589065274341403,poly1,35.76408900618804,7.490431055614751,4.095734599353397,NA,NA,NA,NA,NA,NA,0.8999294327090355,1.1586649055086553,0.26263097498316756,0.3056162966463166,3.6811331007857435e-10,-64.23661630009276,0.9999999996081725,3.75,NA,30.71800949515048,0.375,0.75,1.5,0.2097075644427102,0.2097075644427102,0.28289550443321604,7.5|7.5|7.5|3.16227766016838|3.16227766016838|3.16227766016838|1|1|1|0.316227766016838|0.316227766016838|0.316227766016838|0.1|0.1|0.1|0.0316227766016838|0.0316227766016838|0.0316227766016838|0.01|0.01|0.01,30.5301127686809|27.5195490480817|31.4014398849678|16.8328294602436|12.7764296003073|14.3900295683849|21.053582379676|21.5554063991037|27.3741602827956|0.0213374062568046|-0.304800755382363|-0.347836757581955|-0.713396581919172|-0.686586012196435|0.0233530645736255|0.239339717749476|-0.476224652476463|0.0114511305560278|1.31426583356242|1.52026368959536|1.57511950115442,dt4,Definitive_rep1
Latrunculin B,Cell_Mito_Radial,Mahalanobis distance (cutoff = 1),18,0.8589065274341403,exp5,36.43277903470857,2.058883447506314,NA,NA,31.292351725476887,2.2275580994187596,NA,2.4756642059550593,NA,0.34116717061256885,1.1586649055086553,0.6323158372089936,0.7115933710219199,4.9509811599725557e-17,-42.98409540761302,0.9999999999994821,2.4756642059550593,NA,31.292351725476887,0.7692480939431516,1.062691563178979,1.4883800262275415,0.5846111957013647,0.5846111957013647,0.6701808507202762,7.5|7.5|7.5|3.16227766016838|3.16227766016838|3.16227766016838|1|1|1|0.316227766016838|0.316227766016838|0.316227766016838|0.1|0.1|0.1|0.0316227766016838|0.0316227766016838|0.0316227766016838|0.01|0.01|0.01,30.0745632981935|32.232896228979|31.4329053825039|23.0711956030949|20.1668628092186|22.0837031856533|2.46802113106791|1.50529977402056|3.61798892637443|1.59749284793369|1.20628042547381|1.09717452586068|2.29283717222951|0.725247171555164|6.77115485497928|1.71118411569184|-0.298050895901928|0.14390192079266|3.190123476244|3.24388650614024|1.10246209050861,dt4,Definitive_rep1
Latrunculin B,Cell_Mito_Axial,Mahalanobis distance (cutoff = 1),15,0.8589065274341403,pow,76.22234175245852,5.643258508784301,0.8057767317934155,NA,NA,2.182491156054291,NA,NA,NA,0.44885075893132087,1.1586649055086553,1.163359730134345,1.1999948025111424,1.3740322667209072e-14,-53.76059881734172,0.9999999999356894,5.459234201063392,NA,65.46786686750244,1.9008144303416035,2.6113750944748095,3.587556878352296,1.0296893134121277,1.0296893134121277,1.1810727281173217,7.5|7.5|7.5|3.16227766016838|3.16227766016838|3.16227766016838|1|1|1|0.316227766016838|0.316227766016838|0.316227766016838|0.1|0.1|0.1|0.0316227766016838|0.0316227766016838|0.0316227766016838|0.01|0.01|0.01,64.4284537439893|42.8977415339239|67.2973533299405|20.7299860350842|8.97470448017483|10.033913079632|0.398088863557299|-0.0132515804971676|1.27341179812468|5.01303852447842|1.00323950886963|1.2890200739302|0.896794013165358|0.859645571214466|0.591126468916017|0.799463445088712|0.626561759182377|1.96508172245974|1.202731220458|1.10433886945925|0.51747726209088,dt4,Definitive_rep1
Latrunculin B,Cell_Mito_Compactness,Mahalanobis distance (cutoff = 1),8,0.8589065274341403,exp5,37.72310969783861,2.345335876674122,NA,NA,32.4006251545877,2.6759800274229524,NA,2.388642869909755,NA,0.004656127567106058,1.1586649055086553,0.7415119654614155,0.8509725803979667,5.885478436189867e-18,-42.47880277137285,0.9999999999990856,2.388642869909755,NA,32.4006251545877,0.9027971840178535,1.1814454496335367,1.5638793406781208,0.7089882986527423,0.7089882986527423,0.7943184502167779,7.5|7.5|7.5|3.16227766016838|3.16227766016838|3.16227766016838|1|1|1|0.316227766016838|0.316227766016838|0.316227766016838|0.1|0.1|0.1|0.0316227766016838|0.0316227766016838|0.0316227766016838|0.01|0.01|0.01,32.7269114773247|28.4930617072483|39.9472238932893|29.4979633504436|20.6413633379803|24.968557776929|0.747366590641736|2.51536894383891|2.71691682968909|0.118363720611165|-0.167044249844216|0.299026471498319|0.128908627299365|0.175474829108829|-0.516021704772119|-0.656560680555984|-0.595481004122493|-0.551417281682766|-0.00458492105516806|-0.121028122316601|-0.0900148660918156,dt4,Definitive_rep1
Latrunculin B,Cell_AGP_Radial,Mahalanobis distance (cutoff = 1),17,0.8589065274341403,exp5,43.26908265761961,1.7905947692466255,NA,NA,37.164097530716845,2.151059943636361,NA,1.3445748447082062,NA,0.31389052252393984,1.1586649055086553,0.2989230596219102,0.3469406255338502,6.711427312374202e-21,-41.64164199945236,0.9999999999999998,1.3445748447082062,NA,37.164097530716845,0.4007808774281473,0.5600653908333206,0.7938682612787791,0.27816412493388915,0.27816412493388915,0.3203134040556054,7.5|7.5|7.5|3.16227766016838|3.16227766016838|3.16227766016838|1|1|1|0.316227766016838|0.316227766016838|0.316227766016838|0.1|0.1|0.1|0.0316227766016838|0.0316227766016838|0.0316227766016838|0.01|0.01|0.01,34.5444376407255|36.5706386598083|37.9610284424605|37.848636315284|37.2061067689442|36.5280400941145|11.4319653100714|7.82096628149927|12.2018965291528|3.05688990992954|2.79811034953867|0.839828305681079|0.105220984052524|-0.0661025443396571|1.73850532899839|2.00707342911995|-0.357966630396097|1.04755084272869|4.88295857274793|1.91423452739286|1.52613404644671,dt4,Definitive_rep1
Latrunculin B,Cell_AGP_Axial,Mahalanobis distance (cutoff = 1),7,0.8589065274341403,hill,24.80529431625827,0.8356208387744011,NA,NA,21.305429203159207,2.6452040517268034,NA,4.297555911753938,NA,-0.5697474252331017,1.1586649055086553,1.3859668834623868,1.5313940543707634,8.101040498608058e-18,-23.90606663028483,0.999999999354722,4.297555911753938,NA,21.305429203159207,1.4118810563831683,1.8727385497375768,2.5445862117163762,1.2965228951732715,1.2965228951732715,1.4600074716467448,7.5|7.5|7.5|3.16227766016838|3.16227766016838|3.16227766016838|1|1|1|0.316227766016838|0.316227766016838|0.316227766016838|0.1|0.1|0.1|0.0316227766016838|0.0316227766016838|0.0316227766016838|0.01|0.01|0.01,17.3697735629048|16.2646178078976|18.1079509800646|9.33039528798197|6.03310302420113|6.58413552923799|0.255391377022769|0.0969701620533929|1.85328853149448|0.03484866095857|-0.336783441037507|-0.113009526623409|-0.796345379012622|-0.703264307483672|-0.311697075773601|-0.470977253238536|-0.481250461847145|-0.634801330349288|0.697064192946447|0.265634541958544|0.00205825815557537,dt4,Definitive_rep1
Latrunculin B,Cell_AGP_Compactness,Mahalanobis distance (cutoff = 1),13,0.8589065274341403,hill,68.77786850903203,3.5932605506028907,NA,NA,59.073760205414615,1.7528453765519578,NA,2.087809439878885,NA,0.6291590710589656,1.1586649055086553,0.20381401920093198,0.24330442999431479,3.2674191836831894e-19,-51.18607237923355,0.9999999999999925,2.087809439878885,NA,59.073760205414615,0.38918910859334194,0.5960663057695915,0.946705812502246,0.18838807866178614,0.18838807866178614,0.2241322981779633,7.5|7.5|7.5|3.16227766016838|3.16227766016838|3.16227766016838|1|1|1|0.316227766016838|0.316227766016838|0.316227766016838|0.1|0.1|0.1|0.0316227766016838|0.0316227766016838|0.0316227766016838|0.01|0.01|0.01,49.4191147874402|54.8883409841534|66.9048491737803|45.8206973379733|37.7998908413753|38.8019079001308|14.9339952101553|10.5810849841691|14.8849251192879|0.917274167565928|1.04442057575647|0.357068857060653|-0.305903398219901|0.280999919961849|0.0348030302565988|-0.378623729961805|-0.185553582764144|-0.647628741868003|2.83943926357437|0.898225353164487|0.451149722755048,dt4,Definitive_rep1
Latrunculin B,Cell_AGP_Symmetry,Mahalanobis distance (cutoff = 1),17,0.8589065274341403,poly1,87.09396896305064,3.7813908266567218,9.974077125668083,NA,NA,NA,NA,NA,NA,0.8175839486720715,1.1586649055086553,0.1124096969519413,0.12100456508313798,1.3539798761291923e-19,-54.34845601128464,0.9999999999999395,3.75,NA,74.80557844251062,0.375,0.75,1.5,0.086113884684505,0.086113884684505,0.11616763043939723,7.5|7.5|7.5|3.16227766016838|3.16227766016838|3.16227766016838|1|1|1|0.316227766016838|0.316227766016838|0.316227766016838|0.1|0.1|0.1|0.0316227766016838|0.0316227766016838|0.0316227766016838|0.01|0.01|0.01,76.7423501432241|71.6162953471714|76.5874730537498|44.3995200789861|24.2530468085623|28.4202008558102|10.4745264447842|9.88891808232145|11.8300390474715|2.77829235725995|-0.0874560964989366|1.16160955205256|1.02402390065232|0.317960769368525|1.44987729954062|0.533250518770977|1.85635089232354|-0.0765212185217953|5.2359787473023|2.54655564191766|1.12532386889429,dt4,Definitive_rep1
Latrunculin B,Cell_ER_Radial,Mahalanobis distance (cutoff = 1),16,0.8589065274341403,exp5,62.037658874688866,2.2195079001268376,NA,NA,53.28455015420279,1.5101738571724357,NA,2.015401499299589,NA,0.31500137751621726,1.1586649055086553,0.19340657202183162,0.21813324197473835,9.382276451123597e-22,-43.817503337472154,1,2.015401499299589,NA,53.28455015420279,0.3594155659755312,0.5789010917188671,0.9515061710300311,0.16789749191277364,0.16789749191277364,0.20509582269674007,7.5|7.5|7.5|3.16227766016838|3.16227766016838|3.16227766016838|1|1|1|0.316227766016838|0.316227766016838|0.316227766016838|0.1|0.1|0.1|0.0316227766016838|0.0316227766016838|0.0316227766016838|0.01|0.01|0.01,53.4359827781694|51.5471642396|53.5959796289952|41.5937633974302|32.5628410808955|39.3761661965726|11.3590214762368|9.81286892279574|15.530680027311|1.97729182159514|1.69066222021625|2.13448409359982|3.19985264380847|0.140236547991564|3.93843816196636|0.435289816891525|-0.12512944065361|-0.343210707852742|1.60825632088433|1.51705708383663|0.581310266127447,dt4,Definitive_rep1
Latrunculin B,Cell_ER_Axial,Mahalanobis distance (cutoff = 1),12,0.8589065274341403,exp5,27.167062644561454,1.1721013809019516,NA,NA,23.333967436626033,1.433533803453582,NA,2.9190448490508576,NA,-0.06536733196967374,1.1586649055086553,0.4362965204434202,0.5086586125991499,3.6498197984446994e-17,-33.43854508409285,0.9999999999909914,2.9190448490508576,NA,23.333967436626033,0.4747285699680391,0.7843681629789233,1.323929184136873,0.3815798811752788,0.3815798811752788,0.472386747248024,7.5|7.5|7.5|3.16227766016838|3.16227766016838|3.16227766016838|1|1|1|0.316227766016838|0.316227766016838|0.316227766016838|0.1|0.1|0.1|0.0316227766016838|0.0316227766016838|0.0316227766016838|0.01|0.01|0.01,21.9097480487002|19.7843775076912|22.6607856510429|14.1336239238984|12.1624535703848|12.2029415813865|4.35322645911439|0.68594912142187|2.82709365690813|2.14997712892908|0.348316397891881|0.785943930861511|0.0788020772064887|-0.130862864018234|2.27727255522147|0.740495924061928|-0.148825613140262|0.260262150012725|2.12674262495446|1.16385223730832|0.296460755368185,dt4,Definitive_rep1
Latrunculin B,Cell_ER_Compactness,Mahalanobis distance (cutoff = 1),20,0.8589065274341403,pow,67.30517470433064,2.5966727405193764,16.796406317501674,NA,NA,0.613417608127764,NA,NA,NA,0.7210381548278862,1.1586649055086553,0.012099497470683,0.013576806962359486,1.6316521743859684e-20,-49.81042936286579,0.9999999999999999,2.42280754852974,NA,57.808853883644765,0.05676859344755556,0.17573184924037327,0.5439923901931912,0.007851578127679506,0.007851578127679506,0.012790980562057382,7.5|7.5|7.5|3.16227766016838|3.16227766016838|3.16227766016838|1|1|1|0.316227766016838|0.316227766016838|0.316227766016838|0.1|0.1|0.1|0.0316227766016838|0.0316227766016838|0.0316227766016838|0.01|0.01|0.01,60.0879133268016|54.6051821539768|56.7576890197873|35.938940947507|35.6081602139805|33.3426639895371|23.9023280766564|19.9654633574349|15.4669699349584|4.5176411233196|3.96827675630348|5.19975374233758|3.25456575612341|4.79908572126296|4.53543605787331|4.75965754697369|0.879290039988687|0.29595121394037|1.13898146401684|1.31573621195452|1.63877109775287,dt4,Definitive_rep1
Latrunculin B,Nucleus_DNA_Axial,Mahalanobis distance (cutoff = 1),12,0.8589065274341403,exp5,57.503015405521964,2.3793339688492705,NA,NA,49.38971527894874,1.7506790223770314,NA,3.994467402048401,NA,0.09696149523883923,1.1586649055086553,0.5512095799862261,0.6157015929288634,1.4751463806536602e-18,-42.448823192027824,0.9999999999992071,3.994467402048401,NA,49.38971527894874,0.9027305624657871,1.3618438464523124,2.0906789145712485,0.4891091924757734,0.4891091924757734,0.5813469697407577,7.5|7.5|7.5|3.16227766016838|3.16227766016838|3.16227766016838|1|1|1|0.316227766016838|0.316227766016838|0.316227766016838|0.1|0.1|0.1|0.0316227766016838|0.0316227766016838|0.0316227766016838|0.01|0.01|0.01,50.4831988096259|43.7862714055879|41.2686668236172|24.8827646625278|18.5080034593068|14.8424595686925|2.71824573565924|3.02834545068184|3.80816844941794|-0.520103681757899|0.0713722092333029|-0.590914656932761|-0.502546491026136|-0.297879313167234|-0.28834207749137|0.866227682008871|0.307241845966709|0.120777501333857|-0.00407823753398018|0.929124824973454|1.32085556175678,dt4,Definitive_rep1
Latrunculin B,Nucleus_position_position,Mahalanobis distance (cutoff = 1),21,0.8589065274341403,exp5,11.17538056904159,2.5967882629877947,NA,NA,9.598607317310478,0.3000000003173203,NA,0.07787032536824307,NA,0.8170564335486431,1.1586649055086553,8.130312058226541e-5,8.748475637795924e-4,1.5634306448284724e-8,-50.91011473188337,0.9999999842154801,0.07787032536824307,NA,9.598607317310478,1.3248166178426284e-5,1.4595313024558915e-4,0.0017806077370403298,9.887097147769269e-5,9.887097147769269e-5,2.8394597336148133e-4,7.5|7.5|7.5|3.16227766016838|3.16227766016838|3.16227766016838|1|1|1|0.316227766016838|0.316227766016838|0.316227766016838|0.1|0.1|0.1|0.0316227766016838|0.0316227766016838|0.0316227766016838|0.01|0.01|0.01,7.72240758899688|8.81898575455444|7.31585368454906|11.9939086547585|7.94834078245243|14.1818373047057|9.82565490748448|9.78662717423996|4.05177950681505|10.9859177535856|3.73570771053403|3.19376990690555|2.86216817168248|4.44192681898418|2.65213593412284|2.88259228014325|4.25277614913333|3.77682430586936|4.57803965309042|6.2163782068262|5.33280722048618,dt4,Definitive_rep1
Latrunculin B,Nuclei_Shape_Morph,Mahalanobis distance (cutoff = 1),9,0.8589065274341403,pow,30.480778683473858,2.80668328258863,4.710290183989498,NA,NA,0.8512824515944688,NA,NA,NA,0.499244162262368,1.1586649055086553,0.1810401461310677,0.20504511522160704,1.6664044974054207e-15,-47.92108099493928,0.9999999999816321,3.3223230282398326,NA,26.180139772511097,0.22219977440640318,0.501606344079954,1.1323545448838515,0.1354498290598327,0.1354498290598327,0.19253215420952122,7.5|7.5|7.5|3.16227766016838|3.16227766016838|3.16227766016838|1|1|1|0.316227766016838|0.316227766016838|0.316227766016838|0.1|0.1|0.1|0.0316227766016838|0.0316227766016838|0.0316227766016838|0.01|0.01|0.01,26.1876857772415|25.538086390584|26.2984708803585|14.6776013547471|13.11768222002|10.5577682181139|6.18688346658444|13.0966472425165|12.384859740905|-0.543409648405976|-0.523667971225547|-0.585511151403531|-0.686007821960241|-0.781082380819137|-0.753029294031197|-0.296763088107426|-0.368511005330159|-0.636526137320511|-0.67519370340205|-0.437180166930687|-0.535879479497455,dt4,Definitive_rep1
Fenbendazole,Ring_Mito_Texture,Mahalanobis distance (cutoff = 1),5,0.8589065274341403,pow,1.8522815037192926,0.8231607903944675,1.9428524742624447,NA,NA,0.4361809799796189,NA,NA,NA,-0.8025687973237667,1.1586649055086553,0.17806133197034443,0.6544877515190873,6.764572861915587e-4,-18.106640105370285,0.9791675090058594,0.1290864629528857,NA,1.5909366741900253,6.580431453116351e-4,0.003224064073403911,0.015796212183763675,0.15391392068588924,0.15391392068588924,0.3057360993389636,0.632455532033676|0.632455532033676|0.632455532033676|0.2|0.2|0.2|0.0632455532033676|0.0632455532033676|0.0632455532033676|0.02|0.02|0.02|0.00632455532033676|0.00632455532033676|0.00632455532033676|0.002|0.002|0.002,0.65464079237543|1.64599559635239|2.06361402202069|0.747069361256832|1.05114400193099|3.79291874693189|0.22667168194571|0.2752979857513|1.94229554611904|0.380828571748422|-0.0892312994777612|0.61418207825565|0.759804297639139|0.169043605777179|-0.257130417101692|0.537564265343568|0.0448859225180233|0.132831987172208,dt4,Definitive_rep1
Fenbendazole,Ring_AGP_Texture,Mahalanobis distance (cutoff = 1),9,0.8589065274341403,exp2,7.306397567434774,1.0238565695142707,0.9225366570542266,0.30784840715607864,NA,NA,NA,NA,NA,-0.16162152637888996,1.1586649055086553,0.236748998456835,0.2706164456936966,4.047466654075598e-6,-26.471272099097035,0.9999394063301902,0.4561954105838614,NA,6.275512562698652,0.09012605439908929,0.15975479539886073,0.2644016098303309,0.20258025412024983,0.20258025412024983,0.25045732715023944,0.632455532033676|0.632455532033676|0.632455532033676|0.2|0.2|0.2|0.0632455532033676|0.0632455532033676|0.0632455532033676|0.02|0.02|0.02|0.00632455532033676|0.00632455532033676|0.00632455532033676|0.002|0.002|0.002,4.98235508559536|6.58897622934288|6.86020146130337|0.838927238896521|1.61344070365747|-0.366077680066484|-0.10603545568592|0.700271013176578|-0.247733119711203|1.8424524363919|1.25333086995519|0.582483739352267|2.37786611958854|-0.00525264409678772|0.255725064205258|1.03584325255858|1.5420853436396|0.505445997701271,dt4,Definitive_rep1
Fenbendazole,Ring_ER_Texture,Mahalanobis distance (cutoff = 1),8,0.8589065274341403,exp2,6.380453098586921,0.6432448404154206,0.8207857649513971,0.3103008227795072,NA,NA,NA,NA,NA,-0.6035223393093887,1.1586649055086553,0.2603111055998218,0.29046334705160665,7.022110260342592e-8,-18.37260239413086,0.9999619436498794,0.45536778279440937,NA,5.480212814363693,0.08938573991612474,0.15869799972418056,0.26318631446510465,0.22220758746154382,0.22220758746154382,0.2731616976030207,0.632455532033676|0.632455532033676|0.632455532033676|0.2|0.2|0.2|0.0632455532033676|0.0632455532033676|0.0632455532033676|0.02|0.02|0.02|0.00632455532033676|0.00632455532033676|0.00632455532033676|0.002|0.002|0.002,4.56879559530167|6.18405662957855|5.52903442402448|0.166854999677446|0.447885379531356|1.3373750693756|0.249101483714917|0.062574691977107|0.565520853827753|1.17710689930696|0.317497328191209|1.33445721924341|0.942726127402602|0.572135357484814|1.0229933729806|-0.0834334163599374|0.056022947027721|0.174002851669171,dt4,Definitive_rep1
Fenbendazole,Ring_ER_Intensity,Mahalanobis distance (cutoff = 1),6,0.8589065274341403,poly1,2.5113537735926195,0.7045622394011081,3.4105451523194326,NA,NA,NA,NA,NA,NA,-0.7803912980040164,1.1586649055086553,0.23076333393895518,0.48597956482426397,1.3868034630922134e-4,-17.347710266147825,0.9922308301374271,0.31622776601683794,NA,2.157018148835061,0.0316227766016838,0.0632455532033676,0.1264911064067352,0.2518384859529034,0.2518384859529034,0.3397301175504667,0.632455532033676|0.632455532033676|0.632455532033676|0.2|0.2|0.2|0.0632455532033676|0.0632455532033676|0.0632455532033676|0.02|0.02|0.02|0.00632455532033676|0.00632455532033676|0.00632455532033676|0.002|0.002|0.002,1.99166774210756|1.12560440708038|4.31758470786872|1.0625959913723|0.749020113655901|1.65240893023787|0.372524827918819|-0.0802112762013841|0.425491915097876|0.335127319709329|-0.146347977989744|0.276277326602335|1.13641643472289|-0.237178645816763|0.226711410236902|-0.395238991230315|-0.455687712191467|-0.196123916798996,dt4,Definitive_rep1
Fenbendazole,Cytoplasm_Mito_Texture,Mahalanobis distance (cutoff = 1),16,0.8589065274341403,exp4,2.849803028630163,1.2228219267234834,NA,NA,2.4477144231920294,NA,NA,0.002605899979607261,NA,0.008734092169317581,1.1586649055086553,7.531003185645567e-4,0.009618023765986637,6.1570495235333765e-6,-29.61839294212949,0.9999760178175788,0.002605899979607261,NA,2.4477144231920294,1.9283811367526373e-4,3.9610485810869623e-4,8.389124159019817e-4,0.0016247540110847262,0.0016247540110847262,0.0024107898971828055,0.632455532033676|0.632455532033676|0.632455532033676|0.2|0.2|0.2|0.0632455532033676|0.0632455532033676|0.0632455532033676|0.02|0.02|0.02|0.00632455532033676|0.00632455532033676|0.00632455532033676|0.002|0.002|0.002,0.996161464089539|1.51850555098962|4.51479157056293|3.78798473019282|2.60527754225203|5.10266553586398|2.25119009179867|1.94866414626975|3.34512139547468|2.63216924907004|1.40431043454821|1.48545907783253|4.35634871708152|1.67333917012247|0.782723224154941|1.55721314307838|0.568304823992749|1.24644490385093,dt4,Definitive_rep1
Fenbendazole,Cytoplasm_ER_Texture,Mahalanobis distance (cutoff = 1),4,0.8589065274341403,poly1,4.242077597516062,0.8157637091706433,5.760955440887305,NA,NA,NA,NA,NA,NA,-0.5969159990680571,1.1586649055086553,0.16851580524572699,0.26893485051672417,2.2335791126282305e-4,-19.731281489973988,0.9980842204560315,0.316227766016838,NA,3.643548138388681,0.0316227766016838,0.0632455532033676,0.1264911064067352,0.14909098607814456,0.14909098607814456,0.201123740219417,0.632455532033676|0.632455532033676|0.632455532033676|0.2|0.2|0.2|0.0632455532033676|0.0632455532033676|0.0632455532033676|0.02|0.02|0.02|0.00632455532033676|0.00632455532033676|0.00632455532033676|0.002|0.002|0.002,0.902305474648269|3.69725454534732|4.53515995994541|0.800894253369846|0.63281540237554|1.85685815739543|0.0324997653241931|-0.0857322125787622|0.180276892521315|-0.341642721008512|-0.517737182461662|0.0142751935119106|-0.2783855489482|-0.638495045293627|-0.607675688574669|-0.345029744548978|-0.758839119232101|-0.33523357084181,dt4,Definitive_rep1
Fenbendazole,Cytoplasm_AGP_Intensity,Mahalanobis distance (cutoff = 1),12,0.8589065274341403,pow,2.2382433029769726,1.0154817170860009,2.2056886171033883,NA,NA,0.30000001833421064,NA,NA,NA,-0.26284430118279456,1.1586649055086553,0.04491145313948435,0.3959962681931212,0.0016985064659845407,-25.368416509639815,0.9961458503536436,0.06274754491475111,NA,1.922441782912672,2.912484404280792e-5,2.9355999122384133e-4,0.002958898880992375,0.04311937141914135,0.04311937141914135,0.11696220855109653,0.632455532033676|0.632455532033676|0.632455532033676|0.2|0.2|0.2|0.0632455532033676|0.0632455532033676|0.0632455532033676|0.02|0.02|0.02|0.00632455532033676|0.00632455532033676|0.00632455532033676|0.002|0.002|0.002,1.6452806823031|1.35536808263295|4.63572622619006|1.66479924188508|1.03632688625741|2.16534827271589|0.778030793644896|0.137402483677507|1.12155896490735|0.00065427975983845|-0.0523557627651757|0.124742739832585|1.33773902934003|0.204526344112049|1.19270034420631|1.96763569856429|0.873442362024544|2.25564794195473,dt4,Definitive_rep1
Fenbendazole,Cytoplasm_ER_Intensity,Mahalanobis distance (cutoff = 1),16,0.8589065274341403,pow,4.468145063934789,1.1123330952255825,4.421328595637368,NA,NA,0.3089894151194935,NA,NA,NA,-0.23399863196255272,1.1586649055086553,0.008003886073730789,0.023238476244054892,5.579714131777304e-7,-26.174329468131937,0.9999978250671785,0.0671103520527167,NA,3.837718960936224,3.894329550263649e-5,3.670060120816722e-4,0.003458706079329462,0.004977212589890532,0.004977212589890532,0.013114485299110327,0.632455532033676|0.632455532033676|0.632455532033676|0.2|0.2|0.2|0.0632455532033676|0.0632455532033676|0.0632455532033676|0.02|0.02|0.02|0.00632455532033676|0.00632455532033676|0.00632455532033676|0.002|0.002|0.002,4.18024527504436|3.66494171626302|7.28571285044736|2.37582288201022|2.11777462624788|3.29162655689715|1.40060929990846|0.650844420668927|1.30534839316227|1.08989848121553|0.332387115579169|1.1034099974023|2.51896591205785|0.896697471874751|1.66509188689076|1.7137267737495|1.3148267748024|1.9181389092509,dt4,Definitive_rep1
Fenbendazole,Cytoplasm_Mito_Profile,Mahalanobis distance (cutoff = 1),13,0.8589065274341403,pow,6.770675323126077,1.6692725757559954,7.325334278579929,NA,NA,0.5038425585990005,NA,NA,NA,-0.17846161928139528,1.1586649055086553,0.02059005879624254,0.03309111417745418,2.7013933212456564e-7,-30.49416913946284,0.9999985184309494,0.15979442334720284,NA,5.815377230170244,0.0016550633894119554,0.006550629080625676,0.025926947346219163,0.014204817537933625,0.014204817537933625,0.025732174324909197,0.632455532033676|0.632455532033676|0.632455532033676|0.2|0.2|0.2|0.0632455532033676|0.0632455532033676|0.0632455532033676|0.02|0.02|0.02|0.00632455532033676|0.00632455532033676|0.00632455532033676|0.002|0.002|0.002,5.53846347097273|6.35373692137883|5.66612513627288|3.6292232312733|2.62287957134642|6.4241432658707|0.734353652176993|0.650521493001121|1.69717736927776|0.826506167403341|1.28382277356654|0.917984938843744|1.1588015288287|2.67086647316846|0.548525541100406|0.191427726486314|1.15461400447931|5.8903364627478,dt4,Definitive_rep1
Fenbendazole,Cytoplasm_AGP_Profile,Mahalanobis distance (cutoff = 1),7,0.8589065274341403,poly1,8.651917178720394,1.0885174358075258,11.749740121218252,NA,NA,NA,NA,NA,NA,-0.36188692163379516,1.1586649055086553,0.08688146761786333,0.11580765477368193,5.2394072255671524e-8,-24.72980530709245,0.9999931006256574,0.316227766016838,NA,7.431188139622519,0.0316227766016838,0.0632455532033676,0.1264911064067352,0.0731000446455054,0.0731000446455054,0.0986119602267868,0.632455532033676|0.632455532033676|0.632455532033676|0.2|0.2|0.2|0.0632455532033676|0.0632455532033676|0.0632455532033676|0.02|0.02|0.02|0.00632455532033676|0.00632455532033676|0.00632455532033676|0.002|0.002|0.002,8.5736135836665|7.21387608828235|3.89266269078083|2.62713060014482|4.03030754973914|0.95741974377439|0.356011344841364|0.947235397730041|0.207546421511125|-0.420642559111956|0.758535044533237|-0.0287672858634149|-0.20114094438173|0.51030708279024|-0.366358043944157|-0.603588555558076|-0.372090756207335|0.617470700865254,dt4,Definitive_rep1
Fenbendazole,Cytoplasm_ER_Profile,Mahalanobis distance (cutoff = 1),18,0.8589065274341403,pow,11.21829582072913,2.2659643759776986,11.05512883063571,NA,NA,0.3000000777568197,NA,NA,NA,0.6126879565711838,1.1586649055086553,3.2126665133255783e-4,9.930971221358553e-4,2.2652677897292308e-7,-40.46018901832246,0.9999997696131324,0.06274757363124184,NA,9.635467507111386,2.9124901649919967e-5,2.9356043751877056e-4,0.002958902025217613,2.0011268061236712e-4,2.0011268061236712e-4,5.428097786896911e-4,0.632455532033676|0.632455532033676|0.632455532033676|0.2|0.2|0.2|0.0632455532033676|0.0632455532033676|0.0632455532033676|0.02|0.02|0.02|0.00632455532033676|0.00632455532033676|0.00632455532033676|0.002|0.002|0.002,8.41635764554304|11.3430770449066|12.9645132556839|5.59976408596741|5.96115474861479|1.53977241689766|4.43782565191991|3.55250606685101|3.20294790086034|1.80368037413014|4.32011507037723|4.69724387768607|2.94513503443188|5.03790723370089|4.53588761719701|3.36788915305995|2.29454676631004|6.47260085191818,dt4,Definitive_rep1
Fenbendazole,Cytoplasm_DNA_Profile,Mahalanobis distance (cutoff = 1),8,0.8589065274341403,exp2,23.999430552605162,0.8141520732809749,0.007233361262097281,0.07950078227672393,NA,NA,NA,NA,NA,-0.44208866612211023,1.1586649055086553,0.4023357744438465,0.4063763178666133,2.018930151420181e-14,-21.930243150012274,0.999999619460102,0.577377671733578,NA,20.61326755633491,0.3948205807179144,0.4496488096166626,0.5046154314917322,0.38043847990917273,0.38043847990917273,0.4040661667428034,0.632455532033676|0.632455532033676|0.632455532033676|0.2|0.2|0.2|0.0632455532033676|0.0632455532033676|0.0632455532033676|0.02|0.02|0.02|0.00632455532033676|0.00632455532033676|0.00632455532033676|0.002|0.002|0.002,20.8921663846553|21.0222224494668|19.2137738352147|-0.0252856964976544|-0.385662100680632|0.475898252196876|0.00205715492503955|0.0843564018482574|1.52641355871312|0.335906902216951|0.542557234212369|0.0457995564918171|-0.463452687089274|0.961151003523967|0.980023652372721|1.902282200533|-0.311552626523788|0.903095869779529,dt4,Definitive_rep1
Fenbendazole,Membrane_AGP_Intensity,Mahalanobis distance (cutoff = 1),16,0.8589065274341403,pow,4.852131844349282,1.7913689031110442,4.781558813796247,NA,NA,0.3000000213942265,NA,NA,NA,0.2549985300789106,1.1586649055086553,0.0043769466355232526,0.020458840380775046,8.016341582257674e-5,-35.329118834654444,0.9999167741533143,0.06274754639353022,NA,4.167527713082652,2.9124847009331035e-5,2.935600142061514e-4,0.0029588990429067733,0.0032703044202832656,0.0032703044202832656,0.008870769938164779,0.632455532033676|0.632455532033676|0.632455532033676|0.2|0.2|0.2|0.0632455532033676|0.0632455532033676|0.0632455532033676|0.02|0.02|0.02|0.00632455532033676|0.00632455532033676|0.00632455532033676|0.002|0.002|0.002,3.50775386383074|3.96757446392289|7.65432478317272|2.50975800616446|2.33870228721063|3.22313561168569|1.84708797203605|0.859548801881852|2.22903044946472|0.792774986368852|0.591404098920758|0.968137916210061|2.91807171322148|1.45498513471372|2.60129567118709|3.90414797366619|2.82243885368176|5.319059542572,dt4,Definitive_rep1
Fenbendazole,Nucleus_DNA_Texture,Mahalanobis distance (cutoff = 1),6,0.8589065274341403,pow,5.831992441266158,0.5781615134925271,490.3391203890923,NA,NA,10.005194976990186,NA,NA,NA,-0.8335817259546707,1.1586649055086553,0.542174656631892,0.5509820370521779,2.0574532572757575e-8,-15.330234488578455,0.9999168135409001,0.5901231152985835,NA,5.009136375750071,0.46880749815168415,0.5024373524410758,0.5384796406270765,0.5302590187022372,0.5302590187022372,0.5463645438166548,0.632455532033676|0.632455532033676|0.632455532033676|0.2|0.2|0.2|0.0632455532033676|0.0632455532033676|0.0632455532033676|0.02|0.02|0.02|0.00632455532033676|0.00632455532033676|0.00632455532033676|0.002|0.002|0.002,5.10988538555408|5.12043596323134|4.78483918916757|-0.666806714941164|-0.206524375098704|-0.381680463878857|0.327040421081976|0.0491665729940124|0.0426872646966735|0.887520055249533|1.47505264646552|1.03617820524301|0.121780874651154|0.484826268266523|-0.0363100824822679|-0.429518963368108|0.848006324466943|0.0883083994216218,dt4,Definitive_rep1
Fenbendazole,Nucleus_RNA_Intensity,Mahalanobis distance (cutoff = 1),8,0.8589065274341403,exp4,2.0717008827680776,0.8282385924381402,NA,NA,1.7793974111005726,NA,NA,0.07049693254396255,NA,-0.7549775724533319,1.1586649055086553,0.05257884208065815,0.20153122965464443,3.245692750894736e-5,-18.88484927989636,0.9961220375586202,0.07049693254396255,NA,1.7793974111005726,0.005216813998255949,0.010715751825069323,0.022694943189280756,0.06703647921506295,0.06703647921506295,0.1071091730148834,0.632455532033676|0.632455532033676|0.632455532033676|0.2|0.2|0.2|0.0632455532033676|0.0632455532033676|0.0632455532033676|0.02|0.02|0.02|0.00632455532033676|0.00632455532033676|0.00632455532033676|0.002|0.002|0.002,1.84328310469099|1.43385578620944|3.85346838805578|1.95081162260827|1.38461020672894|1.01038059630349|1.51958906784777|0.49607691724009|0.538492109039056|0.328592288948069|0.652640562426464|0.466757148625585|2.54388229253198|0.389028945125771|-0.191567307079564|-0.346187626606356|-0.352634703184839|0.517365709198889,dt4,Definitive_rep1
Fenbendazole,Nucleus_DNA_Intensity,Mahalanobis distance (cutoff = 1),4,0.8589065274341403,pow,3.3642158361314416,0.6757354688721949,226.3730174551024,NA,NA,9.51899715785212,NA,NA,NA,-0.6591698977957481,1.1586649055086553,0.5579497092682343,0.5939711562916578,3.398010103123557e-4,-18.256400543624537,0.9937945653825253,0.5880386427167654,NA,2.8895469413505994,0.46169246136890846,0.49656592284812656,0.5340735150903566,0.5567743539618647,0.5567743539618647,0.574562634110455,0.632455532033676|0.632455532033676|0.632455532033676|0.2|0.2|0.2|0.0632455532033676|0.0632455532033676|0.0632455532033676|0.02|0.02|0.02|0.00632455532033676|0.00632455532033676|0.00632455532033676|0.002|0.002|0.002,4.40789229981487|2.92302906768055|1.95259943358283|-0.526692540696311|-0.510525388042614|-0.0825389377258311|0.265659880449713|0.0487157811265616|-0.298734430707038|-0.143581627314297|1.57969118399227|-0.179180113040227|-0.159836811268755|0.8044447511824|-0.607367236690118|-0.560806112649165|-0.0732797769539779|0.646542500120396,dt4,Definitive_rep1
Fenbendazole,Nucleus_RNA_Texture,Mahalanobis distance (cutoff = 1),11,0.8589065274341403,exp2,10.82904343910338,1.3873434527755815,4.93025300547928,0.5966225494692523,NA,NA,NA,NA,NA,-0.26279386094331514,1.1586649055086553,0.11820891113007888,0.1369537712530112,3.5667196424966953e-7,-28.25450083089811,0.9999973291358717,0.3963799052689274,NA,9.301136095713744,0.05377938728570325,0.10310941729707013,0.1909975869975459,0.09581568200697183,0.09581568200697183,0.12593513350404753,0.632455532033676|0.632455532033676|0.632455532033676|0.2|0.2|0.2|0.0632455532033676|0.0632455532033676|0.0632455532033676|0.02|0.02|0.02|0.00632455532033676|0.00632455532033676|0.00632455532033676|0.002|0.002|0.002,4.95155882709769|9.08120177101094|10.3054196986235|1.79029448656545|1.60161389776696|2.40335929344901|0.962085338159152|-0.151674272262123|0.936570634251269|0.512244012025445|-0.0539498796015684|-0.0513174004563781|2.85428475524378|0.408488939105011|0.17158242388627|1.38966732842378|0.147867146064933|1.85890282146706,dt4,Definitive_rep1
Fenbendazole,Nucleus_RNA_Radial,Mahalanobis distance (cutoff = 1),17,0.8589065274341403,exp4,3.5751095928461,1.1315693945628245,NA,NA,3.070684965587927,NA,NA,0.002047171276050486,NA,-0.06714967303135216,1.1586649055086553,6.295960078116296e-4,0.002813479393991442,5.346295398480984e-8,-28.10146765779113,0.9999999130256234,0.002047171276050486,NA,3.070684965587927,1.514918647427347e-4,3.1117636677152415e-4,6.590419488070634e-4,9.690359649004471e-4,9.690359649004471e-4,0.0013991655112139034,0.632455532033676|0.632455532033676|0.632455532033676|0.2|0.2|0.2|0.0632455532033676|0.0632455532033676|0.0632455532033676|0.02|0.02|0.02|0.00632455532033676|0.00632455532033676|0.00632455532033676|0.002|0.002|0.002,4.83576075228618|5.98627520957305|4.12462397910446|3.67943330148712|1.74661506564935|2.16537875142544|3.3052212925487|1.56103700574253|2.36346083158139|2.40781368091205|2.95217012851343|2.97927281827388|2.37413798777207|3.52092558543002|3.58680690267548|0.191540852650269|0.957832750343538|2.21980620949555,dt4,Definitive_rep1
Fenbendazole,Cell_DNA_Radial,Mahalanobis distance (cutoff = 1),8,0.8589065274341403,pow,15.580206966401462,1.061686315952195,42.18832290378963,NA,NA,2.5062729292869017,NA,NA,NA,-0.3874713019762095,1.1586649055086553,0.2324328724168835,0.24613631891841534,2.703525935732779e-10,-24.288061973067062,0.9999966055930333,0.4796443969725044,NA,13.381941462217082,0.19139056838073867,0.2523661790182586,0.33276816538617526,0.21144365590253225,0.21144365590253225,0.23826995169356743,0.632455532033676|0.632455532033676|0.632455532033676|0.2|0.2|0.2|0.0632455532033676|0.0632455532033676|0.0632455532033676|0.02|0.02|0.02|0.00632455532033676|0.00632455532033676|0.00632455532033676|0.002|0.002|0.002,13.2687986354291|14.1315031348106|9.9586991781479|1.04183909900362|0.903087706107145|0.415863515100474|-0.30807433321855|-0.130479563222034|-0.517275979611232|-0.600162241575533|-0.579586567585703|-0.651449907283061|0.15580407346024|-0.339270913647133|-0.612922721310784|1.16942585381948|0.966763771001049|1.83416071698169,dt4,Definitive_rep1
Fenbendazole,Cell_Mito_Compactness,Mahalanobis distance (cutoff = 1),3,0.8589065274341403,poly2,1.5139534216824935,0.49577105486777145,-6.103469180594606,-0.6498225542480046,NA,NA,NA,NA,NA,-1.083636864745221,1.1586649055086553,0.15691644044894845,0.17627416425180384,0.009819195574519456,-9.325769993572148,0.9144632679644317,0.07877090543022722,NA,1.3003444761143452,0.006997590001427835,0.014152710198824648,0.02898149519519739,0.11010026215793317,0.11010026215793317,0.16552198115797684,0.632455532033676|0.632455532033676|0.632455532033676|0.2|0.2|0.2|0.0632455532033676|0.0632455532033676|0.0632455532033676|0.02|0.02|0.02|0.00632455532033676|0.00632455532033676|0.00632455532033676|0.002|0.002|0.002,0.185450439043119|-0.0598884945599247|0.348519433749592|0.700229300902379|1.8082966822942|1.2506233492777|0.0730315044873229|0.734518602236828|2.07774229932034|0.666182809030827|-0.217054466609774|0.413744049016836|-0.0268743900691915|0.134360470056613|-0.702411853610458|-0.177737241464846|-0.0635911224762549|-0.0416184124526885,dt4,Definitive_rep1
Fenbendazole,Cell_Mito_Symmetry,Mahalanobis distance (cutoff = 1),18,0.8589065274341403,pow,16.541499064862165,4.470760460743845,16.300908066267045,NA,NA,0.30000014483704185,NA,NA,NA,0.9680203401145162,1.1586649055086553,9.357336648832417e-5,2.1438076341357142e-4,2.257745683956686e-7,-50.03052082689433,0.999999771526506,0.06274760604834256,NA,14.207601520355842,2.912496668079701e-5,2.935609413269898e-4,0.0029589055746322332,5.484231021251533e-5,5.484231021251533e-5,0.00014876086580800152,0.632455532033676|0.632455532033676|0.632455532033676|0.2|0.2|0.2|0.0632455532033676|0.0632455532033676|0.0632455532033676|0.02|0.02|0.02|0.00632455532033676|0.00632455532033676|0.00632455532033676|0.002|0.002|0.002,13.5515288629258|12.9987181805134|24.2312825892079|9.15631730878449|8.44780377094749|10.2378023461122|6.39301045761999|2.83191496707816|7.21905166505988|4.5641047496244|4.36199331141268|11.9883135934209|6.13212079270061|5.18003127373652|5.30464696392946|4.06520491802607|5.58228653072716|15.2623780235789,dt4,Definitive_rep1
Fenbendazole,Cell_AGP_Radial,Mahalanobis distance (cutoff = 1),11,0.8589065274341403,poly1,3.866083110700873,1.7759550046865675,5.2503359543814625,NA,NA,NA,NA,NA,NA,0.08461768355833679,1.1586649055086553,0.17018186967769905,0.3136291305595073,0.002937405328780382,-33.600526831179636,0.9967432360224686,0.316227766016838,NA,3.320604019383866,0.0316227766016838,0.0632455532033676,0.1264911064067352,0.1635907749326733,0.1635907749326733,0.2206839553841763,0.632455532033676|0.632455532033676|0.632455532033676|0.2|0.2|0.2|0.0632455532033676|0.0632455532033676|0.0632455532033676|0.02|0.02|0.02|0.00632455532033676|0.00632455532033676|0.00632455532033676|0.002|0.002|0.002,3.74457368017128|3.46407328657425|2.6078114117431|1.08370207668496|2.6902995595429|0.248710423912224|0.0485025694377411|0.251516195791354|-0.0670924862868234|-0.0422737337289422|0.9797427727201|-0.0468308690408865|1.17864169905335|1.61591316943001|0.468738152866859|3.20391935868577|2.89614903703414|5.40888292040566,dt4,Definitive_rep1
Fenbendazole,Cell_AGP_Compactness,Mahalanobis distance (cutoff = 1),7,0.8589065274341403,pow,4.719851066226342,0.9564073401301048,12.098114738192521,NA,NA,2.3865079691699083,NA,NA,NA,-0.4258484569739961,1.1586649055086553,0.3507916325989176,0.40653068371122747,4.900281327136717e-5,-23.213429724178948,0.9996922694499898,0.47303330776240926,NA,4.053910889298792,0.1802475815119984,0.2409948267748885,0.322215177840777,0.3300950622717856,0.3300950622717856,0.374211328698831,0.632455532033676|0.632455532033676|0.632455532033676|0.2|0.2|0.2|0.0632455532033676|0.0632455532033676|0.0632455532033676|0.02|0.02|0.02|0.00632455532033676|0.00632455532033676|0.00632455532033676|0.002|0.002|0.002,4.44808633395187|4.28617283617417|3.23278880882168|-0.619186642114546|0.901198413176966|0.419421246989609|-0.383347440154788|-0.0857744512080409|-0.0237715016484997|0.189448927915778|-0.271789897038964|-0.292410669283456|0.813819800409057|-0.478026002623534|-0.52416632055061|2.9023857478381|1.29406442737683|1.65518929248107,dt4,Definitive_rep1
Fenbendazole,Cell_AGP_Symmetry,Mahalanobis distance (cutoff = 1),13,0.8589065274341403,pow,3.787091062786035,1.2237952829879157,3.822878730247492,NA,NA,0.35250976833064307,NA,NA,NA,-0.09663275813723973,1.1586649055086553,0.018802744452049446,0.07073535366898201,9.764605444140769e-5,-28.797339452379983,0.9998043431304815,0.08852539168641067,NA,3.252757233814421,1.2890419070509622e-4,9.209354170672022e-4,0.006579476103682726,0.014470774469460806,0.014470774469460806,0.033830606249639135,0.632455532033676|0.632455532033676|0.632455532033676|0.2|0.2|0.2|0.0632455532033676|0.0632455532033676|0.0632455532033676|0.02|0.02|0.02|0.00632455532033676|0.00632455532033676|0.00632455532033676|0.002|0.002|0.002,3.09030187398069|5.41793204997145|3.4750315164758|0.97961413733511|0.932655046823933|2.49338073687644|1.65273744339085|0.826861923769564|1.12577130453243|0.628849984271957|0.387529175305491|1.29147579585557|0.666469610563856|1.38134732515015|0.278358613353379|2.51271943114741|2.49504433901354|3.38932881053377,dt4,Definitive_rep1
Fenbendazole,Cell_ER_Radial,Mahalanobis distance (cutoff = 1),13,0.8589065274341403,poly1,4.4176348609052045,2.274976715133659,5.999371063529658,NA,NA,NA,NA,NA,NA,0.6296598189229121,1.1586649055086553,0.13354377002556836,0.3605980968107183,0.04863907786195122,-40.86435372010222,0.9466328756926282,0.316227766016838,NA,3.7943354178520905,0.0316227766016838,0.0632455532033676,0.1264911064067352,0.14316609496876376,0.14316609496876376,0.19313106211286232,0.632455532033676|0.632455532033676|0.632455532033676|0.2|0.2|0.2|0.0632455532033676|0.0632455532033676|0.0632455532033676|0.02|0.02|0.02|0.00632455532033676|0.00632455532033676|0.00632455532033676|0.002|0.002|0.002,2.86137284257961|5.20033095526475|4.22300292954815|-0.240050512157331|-0.00229624993494404|0.405058344998243|1.17886060039358|0.265562315294819|-0.0356543165989649|1.07505612743052|2.04575542875437|1.70525385052476|0.990638395195621|4.01657494318332|3.83686093401221|3.77529455194588|4.35267334413626|3.73316729808739,dt4,Definitive_rep1
Fenbendazole,Cell_ER_Compactness,Mahalanobis distance (cutoff = 1),18,0.8589065274341403,exp3,11.717078109805424,1.658329613126652,1.2334406359390266,0.04466261523748634,NA,0.30000038864115486,NA,NA,NA,0.18906706410661336,1.1586649055086553,0.009710653447465665,0.013779207071671087,1.0267217446565229e-7,-33.83065984938172,0.9999998905350203,0.22542076737610275,NA,10.063874870967558,0.0012511185122182002,0.0079836637860555,0.04003012630845333,0.005329719185549963,0.005329719185549963,0.011313734003478234,0.632455532033676|0.632455532033676|0.632455532033676|0.2|0.2|0.2|0.0632455532033676|0.0632455532033676|0.0632455532033676|0.02|0.02|0.02|0.00632455532033676|0.00632455532033676|0.00632455532033676|0.002|0.002|0.002,10.7764158590612|8.57547819830128|11.314590050908|4.3921298153762|4.48399306664682|2.87431754636669|2.8675630248628|1.47175409072754|1.09040991947027|2.12356349150176|2.19861114334457|1.70272104296584|2.05926561154776|1.3607052686003|1.25227825891325|2.43616252615778|5.07099165801216|4.14037880398692,dt4,Definitive_rep1
Fenbendazole,Nucleus_DNA_Radial,Mahalanobis distance (cutoff = 1),6,0.8589065274341403,exp2,2.4946784797062898,0.6325438700859484,2.4953415045104923e-10,0.027650154468031873,NA,NA,NA,NA,NA,-0.7773479442814168,1.1586649055086553,0.6102094433619639,0.6218868173764571,5.852022022841356e-4,-16.51754134970711,0.9863970387798047,0.6132899054253329,NA,2.14269563006921,0.5496230719862214,0.5687886985655839,0.5879543251610467,0.6071788708378723,0.6071788708378723,0.6154563199881851,0.632455532033676|0.632455532033676|0.632455532033676|0.2|0.2|0.2|0.0632455532033676|0.0632455532033676|0.0632455532033676|0.02|0.02|0.02|0.00632455532033676|0.00632455532033676|0.00632455532033676|0.002|0.002|0.002,1.92938669050906|1.99516420269537|2.55968442265331|0.0666835749631647|-0.0171837080935321|-0.554756035181199|0.106946667548396|-0.277040954385183|0.983754653312833|-0.0661704505080758|0.823508384632311|0.0396909446362884|-0.486369422528063|0.796429990401485|-0.257278615479305|-0.121921818905187|0.863763673293628|1.79172701438202,dt4,Definitive_rep1
Fenbendazole,Nucleus_DNA_Axial,Mahalanobis distance (cutoff = 1),5,0.8589065274341403,pow,8.074144610819907,0.5808106867705098,615.810284812284,NA,NA,9.792453478713053,NA,NA,NA,-0.715041035549802,1.1586649055086553,0.5217574281358663,0.5312315216245785,9.501069815221523e-10,-16.39521272773309,0.9999127520513486,0.589235598782284,NA,6.934935509680404,0.4657678666258701,0.49993154605700935,0.5366011025052317,0.5109728137899839,0.5109728137899839,0.5268349079349544,0.632455532033676|0.632455532033676|0.632455532033676|0.2|0.2|0.2|0.0632455532033676|0.0632455532033676|0.0632455532033676|0.02|0.02|0.02|0.00632455532033676|0.00632455532033676|0.00632455532033676|0.002|0.002|0.002,6.60327279138703|8.00428364889471|6.73837417032435|-0.598558214824835|-0.287105495739326|-0.763590918328744|0.060278364436173|0.429755679952006|1.09229251708829|-0.397435944144821|0.237097148433277|-0.499457970057697|-0.557209826854382|0.36363598579635|-0.218304680992895|-0.194564629708731|0.134171625079563|1.16818260939013,dt4,Definitive_rep1
Fenbendazole,Nucleus_DNA_Symmetry,Mahalanobis distance (cutoff = 1),11,0.8589065274341403,exp2,27.859795742420307,3.5571062143243712,1.9746962373995158,0.24571212572235143,NA,NA,NA,NA,NA,0.8850575691774452,1.1586649055086553,0.10631678912733591,0.12379144668136001,1.8190362667857526e-6,-47.21943543098003,0.999994724810633,0.48019244116900056,NA,23.928960416146673,0.11638840489990174,0.19504562411179938,0.30239313194929274,0.08873509645201091,0.08873509645201091,0.1134432473863855,0.632455532033676|0.632455532033676|0.632455532033676|0.2|0.2|0.2|0.0632455532033676|0.0632455532033676|0.0632455532033676|0.02|0.02|0.02|0.00632455532033676|0.00632455532033676|0.00632455532033676|0.002|0.002|0.002,15.9989580978471|23.8929552737696|31.2352423490863|4.56125060837588|-0.0535264180267662|0.726354289144184|1.60225914669327|3.34125747347109|2.79503142151383|1.04829303828149|0.783442430032291|2.74202704492767|-0.0858739022256583|0.623500796627805|-0.0231621538584754|0.284671317185724|2.41395264043859|8.38964563785979,dt4,Definitive_rep1
Taxol (Paclitaxel),Ring_Mito_Texture,Mahalanobis distance (cutoff = 1),9,0.8589065274341403,poly1,4.952608957846546,1.115156642758665,31.010407298962154,NA,NA,NA,NA,NA,NA,-0.1297313059883959,1.1586649055086553,0.03068650035112101,0.049260174255835974,4.073266333238468e-4,-18.411771912451652,0.999395510582938,0.0685871056241425,NA,4.2538281617231934,0.00685871056241425,0.0137174211248285,0.027434842249657,0.027697363635171793,0.027697363635171793,0.03736374354384675,0.137174211248285|0.137174211248285|0.137174211248285|0.0316227766016838|0.0316227766016838|0.0316227766016838|0.01|0.01|0.01|0.00316227766016838|0.00316227766016838|0.00316227766016838,4.43872706432273|2.6754026687817|4.87003339217305|1.15679958062289|0.804021418975266|1.37526620538961|1.13336319047478|-0.440143140461847|0.261018095585423|2.25428369197567|2.36059678241807|0.985886962685917,dt4,Definitive_rep1
Taxol (Paclitaxel),Ring_AGP_Texture,Mahalanobis distance (cutoff = 1),6,0.8589065274341403,hill,6.6422876829576785,0.4847828099845844,NA,NA,5.705104247987742,3.9140052200089537,NA,0.023177767839360607,NA,-0.9460955181580475,1.1586649055086553,0.014681101737892274,0.017957965928503856,7.42401704943193e-9,-8.403467642600589,0.9999999559988628,0.023177767839360607,NA,5.705104247987742,0.010923437304142384,0.013221159819576654,0.016264834141988156,0.014896362700625802,0.014896362700625802,0.016344893485768706,0.137174211248285|0.137174211248285|0.137174211248285|0.0316227766016838|0.0316227766016838|0.0316227766016838|0.01|0.01|0.01|0.00316227766016838|0.00316227766016838|0.00316227766016838,4.53020182588182|5.71626662802003|6.16464417655038|4.60271978942744|3.99616328230197|4.53160289835382|0.219620078058589|-0.396545377933457|0.822188745654492|-0.308756701568897|-0.139240677103113|-0.390824279464849,dt4,Definitive_rep1
Taxol (Paclitaxel),Ring_ER_Texture,Mahalanobis distance (cutoff = 1),7,0.8589065274341403,poly1,5.11428511156036,0.5664131592778039,32.02273098933785,NA,NA,NA,NA,NA,NA,-0.7784796203869702,1.1586649055086553,0.03280974606499314,0.04022812119816744,2.6418493068878995e-7,-10.387221128666157,0.9999145702147795,0.0685871056241425,NA,4.392692865478433,0.006858710562414251,0.013717421124828502,0.027434842249657004,0.02682177631008792,0.02682177631008792,0.036182576242308605,0.137174211248285|0.137174211248285|0.137174211248285|0.0316227766016838|0.0316227766016838|0.0316227766016838|0.01|0.01|0.01|0.00316227766016838|0.00316227766016838|0.00316227766016838,4.1339568160659|4.27952372196803|4.8186096564596|0.57800605834742|1.00529394258954|1.20078936977903|-0.143221119645772|0.554785268342209|0.629043885985283|1.36630084650958|0.813245402462473|1.04570254555109,dt4,Definitive_rep1
Taxol (Paclitaxel),Ring_AGP_Intensity,Mahalanobis distance (cutoff = 1),10,0.8589065274341403,exp4,6.0490040488387855,0.6688617307554777,NA,NA,5.195529062023176,NA,NA,0.012928207096418657,NA,-0.5469443999553878,1.1586649055086553,0.003690008162973125,0.006035121563665031,3.13211746842776e-8,-12.769819735383553,0.9999999187488547,0.012928207096418657,NA,5.195529062023176,9.566948421605437e-4,0.001965127471353883,0.004161953080859336,0.003370367973303996,0.003370367973303996,0.004706327972891561,0.137174211248285|0.137174211248285|0.137174211248285|0.0316227766016838|0.0316227766016838|0.0316227766016838|0.01|0.01|0.01|0.00316227766016838|0.00316227766016838|0.00316227766016838,4.45593726471352|5.60848261186961|5.06398803572158|3.88856690652733|4.85252539540843|4.92685838557584|1.54515419786277|2.29614113940288|2.0131461904734|-0.572339753572199|0.372908125751273|1.88446117740476,dt4,Definitive_rep1
Taxol (Paclitaxel),Cytoplasm_Mito_Texture,Mahalanobis distance (cutoff = 1),8,0.8589065274341403,poly1,4.575595909305332,0.9414162030172128,28.649767019910126,NA,NA,NA,NA,NA,NA,-0.24266917900858323,1.1586649055086553,0.033476053141592785,0.051935419883854424,1.913040929424554e-4,-16.686005432729125,0.99944801595476,0.0685871056241425,NA,3.9300091934033,0.00685871056241425,0.0137174211248285,0.027434842249657,0.02997952921701751,0.02997952921701751,0.040442384913756624,0.137174211248285|0.137174211248285|0.137174211248285|0.0316227766016838|0.0316227766016838|0.0316227766016838|0.01|0.01|0.01|0.00316227766016838|0.00316227766016838|0.00316227766016838,4.08258719109078|2.59571618177945|4.29205493533571|1.49606214617197|0.921316606843373|2.15796599174665|-0.163838061736055|0.181102473481478|-0.220978112711768|2.05915989246796|1.45988602706728|0.840913467587284,dt4,Definitive_rep1
Taxol (Paclitaxel),Cytoplasm_AGP_Intensity,Mahalanobis distance (cutoff = 1),7,0.8589065274341403,pow,1.8909155880999542,0.42922370648584346,3.1343922566363585,NA,NA,0.33096811110053304,NA,NA,NA,-0.9485649067232224,1.1586649055086553,0.028829040596373128,0.09480600860745007,2.0690857115646512e-4,-7.7333827047150905,0.9886050129800295,0.01689385121422767,NA,1.624119741446017,1.6080129427001128e-5,1.305669762890745e-4,0.0010601740100826455,0.020013564118397442,0.020013564118397442,0.0494478745042383,0.137174211248285|0.137174211248285|0.137174211248285|0.0316227766016838|0.0316227766016838|0.0316227766016838|0.01|0.01|0.01|0.00316227766016838|0.00316227766016838|0.00316227766016838,1.36378531001274|1.61163500313528|1.8659552492541|0.568417701900473|0.966302917500536|1.62532336722231|0.138903339021798|0.857266810796923|1.18245658803517|-0.133822314057124|0.272441220294753|1.19571361844083,dt4,Definitive_rep1
Taxol (Paclitaxel),Cytoplasm_Mito_Profile,Mahalanobis distance (cutoff = 1),12,0.8589065274341403,exp4,44.020028080868926,7.2549070220387994,NA,NA,37.80908945649247,NA,NA,0.027772841255171946,NA,0.6865930543740473,1.1586649055086553,0.0010774211896334715,0.0014005344763500704,9.29135369799496e-9,-33.92389499045226,0.9999999907046304,0.027772841255171946,NA,37.80908945649247,0.0020552064012284393,0.00422155778454444,0.008940857874886644,9.207140984889011e-4,9.207140984889011e-4,0.0012470893195924858,0.137174211248285|0.137174211248285|0.137174211248285|0.0316227766016838|0.0316227766016838|0.0316227766016838|0.01|0.01|0.01|0.00316227766016838|0.00316227766016838|0.00316227766016838,60.7877528222044|37.7461991253617|35.0596966215813|20.5695188676799|20.2864281381391|15.1228396211857|10.7602906814518|8.60945511442366|10.4142996936804|3.57526175074871|3.55578455126788|2.50675118568978,dt4,Definitive_rep1
Taxol (Paclitaxel),Cytoplasm_AGP_Profile,Mahalanobis distance (cutoff = 1),6,0.8589065274341403,poly1,10.654440563139902,1.5756539319470286,66.71201869917331,NA,NA,NA,NA,NA,NA,0.1897919245412468,1.1586649055086553,0.014359308830838522,0.020844304422008172,3.1008814913988616e-6,-22.161741650323936,0.9999298762835478,0.0685871056241425,NA,9.151168545839939,0.00685871056241425,0.0137174211248285,0.027434842249657,0.012874839409480855,0.012874839409480855,0.017368158363389674,0.137174211248285|0.137174211248285|0.137174211248285|0.0316227766016838|0.0316227766016838|0.0316227766016838|0.01|0.01|0.01|0.00316227766016838|0.00316227766016838|0.00316227766016838,9.18706869116471|7.56957961039983|13.3009979062551|1.09388697461009|2.91618484288439|3.9410356031988|-0.49611820160337|0.287228723712939|-0.314251229916689|-0.668726435347413|-0.72916087982527|-0.745002663962943,dt4,Definitive_rep1
Taxol (Paclitaxel),Cytoplasm_ER_Profile,Mahalanobis distance (cutoff = 1),9,0.8589065274341403,exp4,15.996337755606834,1.7873800660767338,NA,NA,13.739358913331897,NA,NA,0.0339824830904408,NA,-0.10674233305175729,1.1586649055086553,0.0034818141791891646,0.00531134713728748,2.3004664226330835e-8,-21.214514713853596,0.9999999739173027,0.0339824830904408,NA,13.739358913331897,0.0025147235075959366,0.005165442552691103,0.010939916040847616,0.003164837047743668,0.003164837047743668,0.004319281622241051,0.137174211248285|0.137174211248285|0.137174211248285|0.0316227766016838|0.0316227766016838|0.0316227766016838|0.01|0.01|0.01|0.00316227766016838|0.00316227766016838|0.00316227766016838,12.9383123430528|12.0127497204366|13.7935170218584|11.9103300812988|4.07842915344301|6.54099209204376|2.05991043462089|3.04535534264063|3.58982223223748|0.834908730511615|0.492436683981957|0.604826047201154,dt4,Definitive_rep1
Taxol (Paclitaxel),Cytoplasm_DNA_Profile,Mahalanobis distance (cutoff = 1),11,0.8589065274341403,poly1,68.0144242384628,5.649652755711623,425.86746011868075,NA,NA,NA,NA,NA,NA,0.9717406728273688,1.1586649055086553,0.0025076095002645087,0.0031677490955718973,1.6426479832386663e-9,-35.27424545483825,0.9999999881274164,0.0685871056241425,NA,58.4180329380905,0.00685871056241425,0.0137174211248285,0.027434842249657,0.0020168399980472333,0.0020168399980472333,0.0027207171573657178,0.137174211248285|0.137174211248285|0.137174211248285|0.0316227766016838|0.0316227766016838|0.0316227766016838|0.01|0.01|0.01|0.00316227766016838|0.00316227766016838|0.00316227766016838,59.714832623062|71.9078477941959|45.0172851799505|13.3825706626322|11.3761737598056|10.8408636963668|3.62687020060303|2.20185686844264|2.76046053834257|1.53439940005976|0.387562976627138|2.17146631580666,dt4,Definitive_rep1
Taxol (Paclitaxel),Membrane_AGP_Texture,Mahalanobis distance (cutoff = 1),9,0.8589065274341403,poly1,8.02540472428493,0.7847102933898722,50.250498546790766,NA,NA,NA,NA,NA,NA,-0.46285673625518886,1.1586649055086553,0.020874346095035676,0.026110918746948996,1.0455454667045955e-7,-14.310015784623637,0.9999913581355631,0.0685871056241425,NA,6.8930725029891144,0.00685871056241425,0.0137174211248285,0.027434842249657,0.017092497632324368,0.017092497632324368,0.023057779306005576,0.137174211248285|0.137174211248285|0.137174211248285|0.0316227766016838|0.0316227766016838|0.0316227766016838|0.01|0.01|0.01|0.00316227766016838|0.00316227766016838|0.00316227766016838,5.38542137425446|7.47924782009112|6.87357391102456|1.86543746574014|1.45399810943299|1.67018493379544|1.0988000224426|2.0105380377626|0.658640771872132|1.34815580983309|0.811188493650254|-0.261979549972625,dt4,Definitive_rep1
Taxol (Paclitaxel),Nucleus_DNA_Texture,Mahalanobis distance (cutoff = 1),10,0.8589065274341403,exp4,17.58202182756142,1.0873426112028917,NA,NA,15.101313313182036,NA,NA,0.05846422809695786,NA,-0.11327446934284774,1.1586649055086553,0.005714191870023246,0.008105210965190617,1.3381037230398657e-8,-18.292071256466397,0.9999998017522007,0.05846422809695786,NA,15.101313313182036,0.004326386872836482,0.0088867435266146,0.018821277570313842,0.004939119819731795,0.004939119819731795,0.006733289736908927,0.137174211248285|0.137174211248285|0.137174211248285|0.0316227766016838|0.0316227766016838|0.0316227766016838|0.01|0.01|0.01|0.00316227766016838|0.00316227766016838|0.00316227766016838,10.274024539068|13.0174981907322|12.5844385423282|3.55083950595068|4.45820560284522|5.93683809055816|1.35956021800528|1.18191303183626|4.06254734943094|0.98563885672959|-0.0378464375495468|0.0154232577147752,dt4,Definitive_rep1
Taxol (Paclitaxel),Nucleus_DNA_Intensity,Mahalanobis distance (cutoff = 1),7,0.8589065274341403,pow,16.77238313799731,0.775480825625918,162.84671562787844,NA,NA,1.2208238308055432,NA,NA,NA,-0.7251998485134598,1.1586649055086553,0.016651809549094884,0.018296078147290732,4.521575400265994e-11,-12.510318061128078,0.9999999102202402,0.07774869022945127,NA,14.405909357852199,0.011791636366346399,0.02080431725739152,0.036705644840055944,0.01362020423766382,0.01362020423766382,0.01740519441309246,0.137174211248285|0.137174211248285|0.137174211248285|0.0316227766016838|0.0316227766016838|0.0316227766016838|0.01|0.01|0.01|0.00316227766016838|0.00316227766016838|0.00316227766016838,12.2141694973726|14.270282365647|15.3134129094289|2.18370971874992|3.36767955344047|2.16897491290109|0.448967698736995|0.978228465265208|0.53718396197752|-0.0615755478321632|-0.389167098680764|-0.042975806568228,dt4,Definitive_rep1
Taxol (Paclitaxel),Nucleus_RNA_Radial,Mahalanobis distance (cutoff = 1),8,0.8589065274341403,poly1,15.590015871035574,1.4813770452332178,97.61577101542628,NA,NA,NA,NA,NA,NA,-1.8489768024267995e-4,1.1586649055086553,0.010161928895903312,0.013453066111078884,2.3078140735920725e-8,-21.14635239844274,0.9999994641611463,0.0685871056241425,NA,13.390366394434299,0.006858710562414249,0.013717421124828499,0.027434842249656997,0.008798850006505678,0.008798850006505678,0.01186964865877616,0.137174211248285|0.137174211248285|0.137174211248285|0.0316227766016838|0.0316227766016838|0.0316227766016838|0.01|0.01|0.01|0.00316227766016838|0.00316227766016838|0.00316227766016838,16.0279741217354|10.6776428555403|12.905489170704|3.28099028364689|6.25854347525775|4.23541402412474|0.616219576571065|1.20982062419171|1.01354529483849|0.590049007154999|0.555115045682918|0.105953606076278,dt4,Definitive_rep1
Taxol (Paclitaxel),Nucleus_RNA_Axial,Mahalanobis distance (cutoff = 1),8,0.8589065274341403,poly1,13.787293887897532,0.9350871786243744,86.32815605940704,NA,NA,NA,NA,NA,NA,-0.5077216025743125,1.1586649055086553,0.01286249074136794,0.014053180460191014,2.3566518594742277e-10,-15.053263282071143,0.9999998681738573,0.0685871056241425,NA,11.841996715968016,0.006858710562414249,0.013717421124828499,0.027434842249656997,0.009949320901086786,0.009949320901086786,0.013421633895566075,0.137174211248285|0.137174211248285|0.137174211248285|0.0316227766016838|0.0316227766016838|0.0316227766016838|0.01|0.01|0.01|0.00316227766016838|0.00316227766016838|0.00316227766016838,11.8001928747861|11.8908209563561|11.7880960334186|2.8096517346561|5.24061788366713|2.37104057203316|1.13452801034662|2.369680099823|-0.0119012330498304|-0.045717748281867|-0.518229260405437|-0.185884376945667,dt4,Definitive_rep1
Taxol (Paclitaxel),Nucleus_RNA_Compactness,Mahalanobis distance (cutoff = 1),10,0.8589065274341403,poly1,20.856364483482306,1.3661544377312687,130.59063675594848,NA,NA,NA,NA,NA,NA,0.013390138308430291,1.1586649055086553,0.008412146353371404,0.009376169470337679,3.4212986826773e-10,-20.465410188685063,0.9999999800058167,0.0685871056241425,NA,17.913667593408526,0.006858710562414249,0.013717421124828499,0.027434842249656997,0.006577091197122267,0.006577091197122267,0.008872496024917938,0.137174211248285|0.137174211248285|0.137174211248285|0.0316227766016838|0.0316227766016838|0.0316227766016838|0.01|0.01|0.01|0.00316227766016838|0.00316227766016838|0.00316227766016838,17.200351846248|17.6595802261113|18.4560244333076|7.42340619954856|3.89612409935477|6.29557365161452|0.884369268641742|0.245802581231736|1.75508637546612|1.26547263716653|2.31956822465794|0.675847117486584,dt4,Definitive_rep1
Taxol (Paclitaxel),Cell_DNA_Radial,Mahalanobis distance (cutoff = 1),12,0.8589065274341403,pow,26.340162551504548,1.0544269146327534,62.87576827300814,NA,NA,0.5145528989110099,NA,NA,NA,-0.16903897417003427,1.1586649055086553,3.945958814775518e-4,4.2566006781328576e-4,1.4447044912267193e-12,-17.729850748526218,0.9999999999985214,0.03566484231571616,NA,22.623737549163558,4.062613693441484e-4,0.0015625635578900134,0.006009936106865201,2.378993004873731e-4,2.378993004873731e-4,4.2566006781328576e-4,0.137174211248285|0.137174211248285|0.137174211248285|0.0316227766016838|0.0316227766016838|0.0316227766016838|0.01|0.01|0.01|0.00316227766016838|0.00316227766016838|0.00316227766016838,22.1843271357877|22.853328506399|23.1622418362931|9.33342197896144|11.144499085899|9.77369706546613|5.40036304304923|5.32916232269035|7.38321381234665|5.76621701129896|4.24879160968682|3.17025824997795,dt4,Definitive_rep1
Taxol (Paclitaxel),Cell_Mito_Radial,Mahalanobis distance (cutoff = 1),12,0.8589065274341403,pow,6.497467225173918,2.164408169619141,10.127646732852465,NA,NA,0.3000003301874218,NA,NA,NA,0.3267749777440392,1.1586649055086553,3.965140343298218e-4,0.001475154180330736,4.681017367138404e-4,-24.882474667183473,0.9995219123007592,0.01360944006089643,NA,5.580717011491269,6.3169958650526604e-6,6.367116658510048e-5,6.417635124213938e-4,2.679960924550717e-4,2.679960924550717e-4,7.269443247954794e-4,0.137174211248285|0.137174211248285|0.137174211248285|0.0316227766016838|0.0316227766016838|0.0316227766016838|0.01|0.01|0.01|0.00316227766016838|0.00316227766016838|0.00316227766016838,5.68244954615196|5.61677113897894|6.87088622318421|1.88990903149694|2.32676550624835|2.57674093871629|1.80236171157548|2.40227551353846|2.67479816195102|7.97376615948034|4.58144327844768|3.40667456347856,dt4,Definitive_rep1
Taxol (Paclitaxel),Cell_Mito_Axial,Mahalanobis distance (cutoff = 1),4,0.8589065274341403,poly1,2.2553206767349327,0.5488457273966209,14.121529353638145,NA,NA,NA,NA,NA,NA,-0.6625435375022127,1.1586649055086553,0.06494775676712827,0.11460292939856516,0.0023878274205230378,-10.899740187187948,0.968530924583037,0.0685871056241425,NA,1.9371096507048164,0.00685871056241425,0.0137174211248285,0.027434842249657,0.06082248642657527,0.06082248642657527,0.08204953418945003,0.137174211248285|0.137174211248285|0.137174211248285|0.0316227766016838|0.0316227766016838|0.0316227766016838|0.01|0.01|0.01|0.00316227766016838|0.00316227766016838|0.00316227766016838,2.17357726726772|1.49478215055577|2.33761000257016|-0.39918085528833|-0.062929236192019|0.886090022881955|0.317686517928722|-0.646116321513498|-0.573851307325558|0.354425750536719|-0.393477774510995|-0.719862883073377,dt4,Definitive_rep1
Taxol (Paclitaxel),Cell_AGP_Radial,Mahalanobis distance (cutoff = 1),9,0.8589065274341403,pow,4.570407287547323,1.1585311554158098,10.518669837273567,NA,NA,0.4961705784556916,NA,NA,NA,-0.1703628828226325,1.1586649055086553,0.008447375242451526,0.017548507913057218,5.791392417089086e-4,-18.370915102168635,0.9993262387732045,0.033928589809366305,NA,3.9255526523069597,3.274386204237101e-4,0.0013238432466901263,0.005352334246764223,0.0064146898315045,0.0064146898315045,0.01172752624701211,0.137174211248285|0.137174211248285|0.137174211248285|0.0316227766016838|0.0316227766016838|0.0316227766016838|0.01|0.01|0.01|0.00316227766016838|0.00316227766016838|0.00316227766016838,3.86072580187528|3.77551085876194|4.37573328558154|2.70322230889891|1.42261358946696|0.333908911845149|0.899817804970961|0.436273828969853|1.56697499178537|3.43148889510832|2.50209537217178|0.0627304446486612,dt4,Definitive_rep1
Taxol (Paclitaxel),Cell_AGP_Compactness,Mahalanobis distance (cutoff = 1),12,0.8589065274341403,pow,16.96598647874683,2.137310733849692,29.253550788156534,NA,NA,0.3508101438973588,NA,NA,NA,0.4456475148020216,1.1586649055086553,7.97266200708891e-5,1.0067163002279421e-4,9.457657810329858e-8,-25.789525953146896,0.9999999051446881,0.019018357634038915,NA,14.572196530955019,2.68304711846766e-5,1.9352084932878805e-4,0.0013958129496556917,4.288468507084634e-5,4.288468507084634e-5,1.0067163002279421e-4,0.137174211248285|0.137174211248285|0.137174211248285|0.0316227766016838|0.0316227766016838|0.0316227766016838|0.01|0.01|0.01|0.00316227766016838|0.00316227766016838|0.00316227766016838,13.6472857746841|14.9827568229194|15.0157349433518|11.1340890306551|8.40444108650189|8.19580418102535|5.72592745915036|4.61167473553175|4.85374345775553|8.73410183088454|8.01460308612041|1.79173622785428,dt4,Definitive_rep1
Taxol (Paclitaxel),Cell_AGP_Symmetry,Mahalanobis distance (cutoff = 1),12,0.8589065274341403,exp4,4.369668806472434,1.3178426180348126,NA,NA,3.7531370606045225,NA,NA,0.0016364124745671675,NA,0.0033001608942403813,1.1586649055086553,2.9508980100515305e-4,0.0016468580764415375,1.3554136941562568e-5,-20.19922214411127,0.999986327562353,0.0016364124745671675,NA,3.7531370606045225,1.2109547459982022e-4,2.487397582862786e-4,5.268071503873224e-4,6.135190781784335e-4,6.135190781784335e-4,8.716447995085699e-4,0.137174211248285|0.137174211248285|0.137174211248285|0.0316227766016838|0.0316227766016838|0.0316227766016838|0.01|0.01|0.01|0.00316227766016838|0.00316227766016838|0.00316227766016838,3.53310711671116|4.93697432497622|4.07573058894902|3.14583710405903|3.04267391355944|3.10416978135869|6.16292758534969|2.06397493611162|6.64262342316761|2.08374066631804|2.9454969213545|3.0523909024912,dt4,Definitive_rep1
Taxol (Paclitaxel),Cell_ER_Radial,Mahalanobis distance (cutoff = 1),12,0.8589065274341403,poly1,10.396419103509496,2.640701509965943,65.09643575630139,NA,NA,NA,NA,NA,NA,0.7626439807488363,1.1586649055086553,0.0145711348384864,0.022656837264141763,6.199345010264376e-4,-28.956994471373584,0.9993406573020924,0.0685871056241425,NA,8.9295522299453,0.00685871056241425,0.0137174211248285,0.027434842249657,0.013194371050507131,0.013194371050507131,0.01779920654713412,0.137174211248285|0.137174211248285|0.137174211248285|0.0316227766016838|0.0316227766016838|0.0316227766016838|0.01|0.01|0.01|0.00316227766016838|0.00316227766016838|0.00316227766016838,8.3739346835216|10.0870239463756|8.23953744476147|1.79289542600965|1.28873235350773|1.47937542743101|1.73610102684632|3.54807191338985|4.45517537396312|5.20542288378612|5.15255824364042|2.86068714124907,dt4,Definitive_rep1
Taxol (Paclitaxel),Cell_ER_Compactness,Mahalanobis distance (cutoff = 1),12,0.8589065274341403,pow,17.23965702097507,1.143009652438345,36.674153795456334,NA,NA,0.45655848958019807,NA,NA,NA,-0.10127813655308265,1.1586649055086553,4.4099127067800194e-4,6.271471629791278e-4,3.159956873924962e-10,-18.662140222554207,0.999999999651826,0.030055676773135084,NA,14.807253946041293,1.9392180389151775e-4,8.850597740138264e-4,0.004039415825646972,2.6847508838537113e-4,2.6847508838537113e-4,5.172126643625443e-4,0.137174211248285|0.137174211248285|0.137174211248285|0.0316227766016838|0.0316227766016838|0.0316227766016838|0.01|0.01|0.01|0.00316227766016838|0.00316227766016838|0.00316227766016838,15.1143591115568|13.2884390796722|15.6403384937033|9.46856020023588|6.9501357454386|7.12319808729256|3.74762407275559|3.76824474614208|5.01491489510893|5.27101119354498|2.41436186406486|3.02832945683512,dt4,Definitive_rep1
Taxol (Paclitaxel),Nucleus_DNA_Profile,Mahalanobis distance (cutoff = 1),12,0.8589065274341403,pow,42.301039873959894,1.60377489039428,138.69992288601753,NA,NA,0.6743487991486627,NA,NA,NA,0.30464680979497716,1.1586649055086553,7.578424105556377e-4,8.896126068044656e-4,3.330357598386071e-12,-23.178930604292066,0.9999999999961386,0.04907625856282684,NA,36.332639264996,0.0016142074108792467,0.0045119093195547496,0.012611344472019564,5.315410567166394e-4,5.315410567166394e-4,8.285774505544653e-4,0.137174211248285|0.137174211248285|0.137174211248285|0.0316227766016838|0.0316227766016838|0.0316227766016838|0.01|0.01|0.01|0.00316227766016838|0.00316227766016838|0.00316227766016838,39.5575317750299|34.0029489342497|36.768209671565|12.5255159963877|13.2226501860848|12.3563074889|5.93060608618282|6.39562088755185|7.9447721565902|4.72125831525988|5.25205387068425|2.43840535541061,dt4,Definitive_rep1
Taxol (Paclitaxel),Nucleus_DNA_Radial,Mahalanobis distance (cutoff = 1),11,0.8589065274341403,pow,11.364378290427126,1.9042877156158289,35.64763378391268,NA,NA,0.6520472617719426,NA,NA,NA,-0.14145986250882536,1.1586649055086553,0.0045028065322809275,0.0061134948198254,4.873395212252417e-7,-20.989664159516916,0.9999991581864657,0.047380920034067964,NA,9.760938693878694,0.0013866674688222708,0.004014591024458408,0.011622787334407223,0.003299550052126031,0.003299550052126031,0.005222098968147965,0.137174211248285|0.137174211248285|0.137174211248285|0.0316227766016838|0.0316227766016838|0.0316227766016838|0.01|0.01|0.01|0.00316227766016838|0.00316227766016838|0.00316227766016838,9.04327453498944|15.8164928735794|10.0897990797302|2.94330017689408|3.12682865614807|4.10121581556387|2.03793530520091|3.63185828818917|1.38630869136163|1.00014418262375|0.274434474926828|1.85218455765364,dt4,Definitive_rep1
Taxol (Paclitaxel),Nucleus_DNA_Axial,Mahalanobis distance (cutoff = 1),9,0.8589065274341403,exp4,28.41668134624196,1.2658978059416475,NA,NA,24.407273096303193,NA,NA,0.061886716331643415,NA,0.007543168379333679,1.1586649055086553,0.0038022114017863913,0.004925544676825443,2.266376505020658e-10,-19.822446506558528,0.9999999966471479,0.061886716331643415,NA,24.407273096303193,0.004579652992187698,0.009406972325566093,0.019923072687480576,0.003198560974929877,0.003198560974929877,0.00434239093069119,0.137174211248285|0.137174211248285|0.137174211248285|0.0316227766016838|0.0316227766016838|0.0316227766016838|0.01|0.01|0.01|0.00316227766016838|0.00316227766016838|0.00316227766016838,20.3393942469266|22.3238000014529|17.8670420897416|5.84051582437527|8.01116579996562|6.96816580410187|2.20637018046168|2.59120656363465|2.43702920317427|-0.417898768716074|-0.206720639967716|0.113320916179647,dt4,Definitive_rep1
Taxol (Paclitaxel),Nucleus_DNA_Compactness,Mahalanobis distance (cutoff = 1),12,0.8589065274341403,pow,39.86192709147181,1.6494903417733804,184.84816894744372,NA,NA,0.8488322618207564,NA,NA,NA,0.07473941781857114,1.1586649055086553,0.0024018541164092773,0.002662094883671345,5.318561805550024e-12,-22.100109266039016,0.9999999999816235,0.06062228857604193,NA,34.23766937496894,0.00402293734976187,0.009102976327966283,0.020597929031238704,0.0017851399220885841,0.0017851399220885841,0.0025400245711713425,0.137174211248285|0.137174211248285|0.137174211248285|0.0316227766016838|0.0316227766016838|0.0316227766016838|0.01|0.01|0.01|0.00316227766016838|0.00316227766016838|0.00316227766016838,34.4399870389592|32.7213204801513|38.0409149401778|10.1985654736991|9.73912849003201|6.3190841442674|4.95435019493944|3.94566626700368|3.10639157453967|2.5126056723708|1.35651041340897|1.4516980306268,dt4,Definitive_rep1
Taxol (Paclitaxel),Nuclei_Shape_Morph,Mahalanobis distance (cutoff = 1),9,0.8589065274341403,pow,34.404217749043916,1.3318584666009674,177.4834535254437,NA,NA,0.9024868851696082,NA,NA,NA,0.10641398873196597,1.1586649055086553,0.0036308293349760286,0.004002590274916023,8.721268220017593e-12,-20.797398822837035,0.9999999994889499,0.06363797956435356,NA,29.550007195919324,0.00496211745574302,0.010696042721226987,0.023055748058100317,0.0027203883164724826,0.0027203883164724826,0.0037904481160547453,0.137174211248285|0.137174211248285|0.137174211248285|0.0316227766016838|0.0316227766016838|0.0316227766016838|0.01|0.01|0.01|0.00316227766016838|0.00316227766016838|0.00316227766016838,31.2821674928492|29.2186204145898|28.3072355320579|8.60657972385518|10.903365572967|7.41750157488554|2.75532099929521|3.15846044452214|1.0473511214807|-0.148631512451037|-0.110796339804554|-0.00988989659194695,dt4,Definitive_rep1
