chem,feat,assay,n_gt_cutoff,cutoff,fit_method,top_over_cutoff,rmse,a,b,tp,p,q,ga,la,er,bmr,bmdl,bmdu,caikwt,mll,hitcall,ac50,ac50_loss,top,ac5,ac10,ac20,acc,ac1sd,bmd,conc,resp,errfun,exp
NPPB,NA_Position_Position,Mahalanobis distance (cutoff = 1),22,0.8139018571430854,exp4,4.321679758696745,10.208741929710548,NA,NA,3.517423181580962,NA,NA,0.15825091185452067,NA,0.7621001104534959,1.0979536052860221,0.015299699602863119,0.28236379701686093,1.1900404465290063e-4,-69.14450896410395,0.9998801313369633,0.15825091185452067,NA,3.517423181580962,0.01171065949124242,0.02405462814238707,0.05094541456751374,0.06008457648931536,0.06008457648931536,0.08542829193394873,100|100|100|75|75|75|33.3333333333333|33.3333333333333|33.3333333333333|11.1111111111111|11.1111111111111|11.1111111111111|3.7037037037037|3.7037037037037|3.7037037037037|1.23456790123457|1.23456790123457|1.23456790123457|0.411522633744856|0.411522633744856|0.411522633744856|0.137174211248285|0.137174211248285|0.137174211248285,8.63861753301058|4.08670695506621|18.1502226391495|2.090433714988|0.712372198239772|0.14081132858718|4.84049296749073|2.96698413818676|1.12650261729131|5.61122681860183|5.25286477945042|1.64821600832816|50.4329091872787|3.96587746310069|3.16165661672495|7.44656809067424|2.94323451062595|2.46647568754431|3.72032718043077|3.26911123313634|1.73842843712254|1.32282406954675|1.6408456123263|1.77913059578276,dt4,Definitive_rep2
NPPB,Ring_Mito_Intensity,Mahalanobis distance (cutoff = 1),12,0.8139018571430854,exp2,3.5702960949020346,2.670566684685325,0.026423226182011487,21.23459247322743,NA,NA,NA,NA,NA,0.021602651698841943,1.0979536052860221,75.1092023517699,86.84718774848174,0.018956060812490502,-48.912566590192576,0.9804847640427199,85.4717923912584,NA,2.9058706221914714,39.742726052680446,52.76139710953099,66.57615966430345,73.46203709245884,73.46203709245884,79.64545301017392,100|100|100|75|75|75|33.3333333333333|33.3333333333333|33.3333333333333|11.1111111111111|11.1111111111111|11.1111111111111|3.7037037037037|3.7037037037037|3.7037037037037|1.23456790123457|1.23456790123457|1.23456790123457|0.411522633744856|0.411522633744856|0.411522633744856|0.137174211248285|0.137174211248285|0.137174211248285,3.62119088909041|2.3435071118374|2.79761427312153|1.24770567124865|1.00881372565869|0.329829521117761|1.85384625394585|0.115721675976621|-0.676307378471883|-0.13751917310873|-0.465921369823397|-0.597338992985143|-0.32150279085289|-0.00171167516199511|-0.204694496286896|0.0401171390191506|1.12924874209853|0.449840721693618|0.846117222227657|0.489980006110907|7.76761047557763|3.33151963067812|3.08369491800512|9.05799186579047,dt4,Definitive_rep2
NPPB,Cytoplasm_Mito_Texture,Mahalanobis distance (cutoff = 1),11,0.8139018571430854,poly1,2.1800459604052635,3.702066056404181,0.01774343455831125,NA,NA,NA,NA,NA,NA,-0.18084523505186262,1.0979536052860221,45.23975880455395,96.95269623184797,0.0068866742933491355,-47.456915129216256,0.9851087129265256,50,NA,1.774343455831125,5.000000000000001,10.000000000000002,20.000000000000004,45.87059255457638,45.87059255457638,61.879429356123545,100|100|100|75|75|75|33.3333333333333|33.3333333333333|33.3333333333333|11.1111111111111|11.1111111111111|11.1111111111111|3.7037037037037|3.7037037037037|3.7037037037037|1.23456790123457|1.23456790123457|1.23456790123457|0.411522633744856|0.411522633744856|0.411522633744856|0.137174211248285|0.137174211248285|0.137174211248285,1.71370259244573|1.18645863378455|1.94493714257052|1.13724672314177|2.86210521212528|2.09540997218924|-0.203111883576403|0.896410572520226|-0.436911445660707|-0.361250887230238|-0.298028057574708|-0.236862863030197|-0.209860117608095|0.0184932065404112|-0.176024578357502|-0.636930350594632|0.904347682831346|-0.224497216837131|-0.298316951907668|-0.0852123623264245|16.6568279452127|-0.482249863677602|4.32148904069479|5.04686862236504,dt4,Definitive_rep2
NPPB,Cytoplasm_Mito_Intensity,Mahalanobis distance (cutoff = 1),12,0.8139018571430854,poly1,3.3973385786979886,2.9549660504783573,0.02765100178546143,NA,NA,NA,NA,NA,NA,0.48874006991203045,1.0979536052860221,27.317453005375707,75.38337102673533,0.037607861726364086,-55.84915140560652,0.9541631292562605,50,NA,2.765100178546143,5,10,20,29.43480541710519,29.43480541710519,39.7075525076749,100|100|100|75|75|75|33.3333333333333|33.3333333333333|33.3333333333333|11.1111111111111|11.1111111111111|11.1111111111111|3.7037037037037|3.7037037037037|3.7037037037037|1.23456790123457|1.23456790123457|1.23456790123457|0.411522633744856|0.411522633744856|0.411522633744856|0.137174211248285|0.137174211248285|0.137174211248285,3.88216777743679|2.59107826116867|3.30544250745665|4.15734291209944|0.52351808562537|0.400032196126544|1.47224124917723|0.47067558628191|-0.628121090525866|0.706391374177234|-0.5968342963825|-0.437254450642341|-0.178227152708235|-0.441458924526735|-0.527612008182693|0.250119801176801|2.04379047847466|1.4565124566715|1.16085459705734|0.329242325135042|7.49714752902909|7.32816208513574|2.93527354693647|8.21532192768767,dt4,Definitive_rep2
NPPB,Cytoplasm_ER_Profile,Mahalanobis distance (cutoff = 1),9,0.8139018571430854,poly1,2.376802127362328,0.8677764154782852,0.01934483665521835,NA,NA,NA,NA,NA,NA,-0.4883254375757802,1.0979536052860221,43.44925822853218,81.24598677186843,1.4874359514380764e-4,-29.411447284982493,0.9960146315512686,50,NA,1.934483665521835,5,10,20,42.07333830981364,42.07333830981364,56.7569333799386,100|100|100|75|75|75|33.3333333333333|33.3333333333333|33.3333333333333|11.1111111111111|11.1111111111111|11.1111111111111|3.7037037037037|3.7037037037037|3.7037037037037|1.23456790123457|1.23456790123457|1.23456790123457|0.411522633744856|0.411522633744856|0.411522633744856|0.137174211248285|0.137174211248285|0.137174211248285,1.78209973312767|0.565312369954008|2.58453074937835|1.4401687988061|3.36770924798178|1.0729067943984|2.88800301479051|0.882086728725601|0.182281076186401|1.11901380042819|0.140428023033768|-0.198944516795693|-0.275087649652113|-0.201191186531204|-0.215505232011182|-0.592587140941877|1.90559718164693|0.226243875311324|-0.0663475921488816|0.0450275299856081|-0.332095793369042|0.596842293742273|0.553646616988213|0.790538604374478,dt4,Definitive_rep2
NPPB,Cytoplasm_DNA_Profile,Mahalanobis distance (cutoff = 1),15,0.8139018571430854,poly1,4.180318721406366,1.2938235212461713,0.0340236917080265,NA,NA,NA,NA,NA,NA,0.08343797018043372,1.0979536052860221,24.88129106700593,46.1124623597397,1.0818268739330467e-4,-41.11684406062349,0.9998504610634503,50,NA,3.40236917080265,5.000000000000001,10.000000000000002,20.000000000000004,23.92162097304328,23.92162097304328,32.27026669263538,100|100|100|75|75|75|33.3333333333333|33.3333333333333|33.3333333333333|11.1111111111111|11.1111111111111|11.1111111111111|3.7037037037037|3.7037037037037|3.7037037037037|1.23456790123457|1.23456790123457|1.23456790123457|0.411522633744856|0.411522633744856|0.411522633744856|0.137174211248285|0.137174211248285|0.137174211248285,3.01827168324454|1.43027213077848|4.08903436769969|4.27694599555384|3.39428507487935|1.11277387558561|0.521796145767333|3.40314026119897|1.29496117348107|0.671954167801917|-0.145950400852944|0.46812000040792|0.133248855057332|-0.0851666287640772|-0.194993307205775|0.187181384070092|2.87217471288522|1.64160452406771|2.12762944347443|1.35761813327005|1.01423960906351|0.638111509203146|1.20593899419755|2.03871609975876,dt4,Definitive_rep2
NPPB,Nucleus_RNA_Texture,Mahalanobis distance (cutoff = 1),11,0.8139018571430854,pow,4.99856811554213,0.6957787610987882,3.3723128883615374e-4,NA,NA,2.0407448958679546,NA,NA,NA,-0.4813638185064123,1.0979536052860221,48.203923922695566,57.277916918272354,2.423565553591678e-8,-26.819896805057066,0.9999784624453287,71.20166331248278,NA,4.068343872295952,23.039496719919505,32.358087786244624,45.445690846061666,45.45206958211663,45.45206958211663,52.63343910587704,100|100|100|75|75|75|33.3333333333333|33.3333333333333|33.3333333333333|11.1111111111111|11.1111111111111|11.1111111111111|3.7037037037037|3.7037037037037|3.7037037037037|1.23456790123457|1.23456790123457|1.23456790123457|0.411522633744856|0.411522633744856|0.411522633744856|0.137174211248285|0.137174211248285|0.137174211248285,3.77199678984022|3.49891604948454|5.57555971811491|1.45976080946093|2.57432366141462|3.20487517262423|0.00844716894993425|1.4786346123472|-0.186558254532613|-0.633563450520273|-0.0620213411764228|-0.033379504907316|-0.495767056950693|-0.675793975955615|0.0204228331861319|-0.553432658746709|0.986465715482135|-0.290249278993541|0.00408679130106671|0.90049349095485|1.05046588959701|-0.252034287327435|0.460056966732901|0.948863063693521,dt4,Definitive_rep2
NPPB,Nucleus_RNA_Profile,Mahalanobis distance (cutoff = 1),14,0.8139018571430854,pow,2.967021848603481,1.9194553764372204,0.6065856089664985,NA,NA,0.30000034061425107,NA,NA,NA,0.4208666788960433,1.0979536052860221,2.367940420888949,38.19401917584002,0.011526556320045912,-49.70043801610955,0.9855279996118285,9.921282601106782,NA,2.4148645927624837,0.004605091583892772,0.046416292822654255,0.46784568778915964,2.6643992714581004,2.6643992714581004,7.227231727362977,100|100|100|75|75|75|33.3333333333333|33.3333333333333|33.3333333333333|11.1111111111111|11.1111111111111|11.1111111111111|3.7037037037037|3.7037037037037|3.7037037037037|1.23456790123457|1.23456790123457|1.23456790123457|0.411522633744856|0.411522633744856|0.411522633744856|0.137174211248285|0.137174211248285|0.137174211248285,1.01106753635459|2.37681817992018|2.36394464219265|3.5606730968242|3.41127714257837|0.662697112405819|3.71311151729794|3.70674448598333|0.248784372070462|1.24687196394152|0.0172414327093587|0.4059157252397|-0.381488852325934|-0.126737646558571|-0.101975022060583|-0.30257698373324|5.52965294937771|2.00462446566527|0.489121787117515|2.88313986959081|0.429094005504463|4.46805917773811|1.75587113402352|3.98452709311603,dt4,Definitive_rep2
NPPB,Nucleus_RNA_Radial,Mahalanobis distance (cutoff = 1),17,0.8139018571430854,exp4,2.1961158765635105,0.9822500982707971,NA,NA,1.7874227904364561,NA,NA,0.16876875307118608,NA,-0.20302358790189134,1.0979536052860221,0.09232830351217265,0.6569883414930379,1.6386753985177205e-6,-34.301552697770866,0.9999832766560194,0.16876875307118608,NA,1.7874227904364561,0.012488985856808982,0.025653372543684057,0.054331403152722606,0.14794218573528561,0.14794218573528561,0.23194276982294604,100|100|100|75|75|75|33.3333333333333|33.3333333333333|33.3333333333333|11.1111111111111|11.1111111111111|11.1111111111111|3.7037037037037|3.7037037037037|3.7037037037037|1.23456790123457|1.23456790123457|1.23456790123457|0.411522633744856|0.411522633744856|0.411522633744856|0.137174211248285|0.137174211248285|0.137174211248285,2.11695019461238|1.69027417504646|3.04241562951676|1.91342099529274|2.78918876034673|2.86598298437559|2.34004356947824|1.23513505089047|0.304586470572309|1.13128558068064|2.18427177409218|0.193808918011439|-0.493886259445885|1.64843544547718|1.86550426488389|-0.189172546115905|1.40229747882532|2.3369664557435|2.03804864542774|1.89368730796522|2.52462918017897|-0.125280691281851|-0.378649150640627|0.667689843145722,dt4,Definitive_rep2
NPPB,Nucleus_RNA_Compactness,Mahalanobis distance (cutoff = 1),10,0.8139018571430854,pow,5.688200875565628,1.0290670414911083,2.7151341599697047e-5,NA,NA,2.6158778352621415,NA,NA,NA,-0.6838702954247646,1.0979536052860221,55.67747863048876,59.9247068316671,5.1436112315626485e-9,-29.61214364160992,0.9999998459061541,76.72236782125141,NA,4.629637256425789,31.815675506419264,41.46857873383648,54.05018107685417,51.45025655267183,51.45025655267183,57.688417177495786,100|100|100|75|75|75|33.3333333333333|33.3333333333333|33.3333333333333|11.1111111111111|11.1111111111111|11.1111111111111|3.7037037037037|3.7037037037037|3.7037037037037|1.23456790123457|1.23456790123457|1.23456790123457|0.411522633744856|0.411522633744856|0.411522633744856|0.137174211248285|0.137174211248285|0.137174211248285,4.5551828082501|4.34875024607659|4.91816192346789|3.42791641821474|2.11892349618928|1.93584450513427|0.1899442709231|0.294902674930723|-0.361262911577143|-0.065470872999856|1.14991467839768|0.0414581950446489|0.0458161266009165|0.409424303789487|-0.189585435315894|-0.290321120289656|-0.392493901189873|-0.000977020079254598|-0.0734986703586541|-0.420407127288881|0.0823992845242291|3.06361093999019|2.07141137687266|2.76240795296448,dt4,Definitive_rep2
NPPB,Cell_Mito_Compactness,Mahalanobis distance (cutoff = 1),7,0.8139018571430854,exp2,2.56576700915834,10.163179048497994,9.365944219744461e-4,12.970083507378845,NA,NA,NA,NA,NA,-0.3140967693961314,1.0979536052860221,88.5152475932534,96.39425710240495,0.07206420384145751,-60.57789582382358,0.9262730679320649,91.01563635514634,NA,2.0882825337504327,61.25510938971489,70.18750403147209,79.1486929390513,87.78794293759378,87.78794293759378,91.66685607815482,100|100|100|75|75|75|33.3333333333333|33.3333333333333|33.3333333333333|11.1111111111111|11.1111111111111|11.1111111111111|3.7037037037037|3.7037037037037|3.7037037037037|1.23456790123457|1.23456790123457|1.23456790123457|0.411522633744856|0.411522633744856|0.411522633744856|0.137174211248285|0.137174211248285|0.137174211248285,2.28106482193231|2.15190639589451|1.8363917088082|0.478164554193217|0.102464553599045|0.280939289761938|0.655440123498783|-0.309120670025627|0.264334611495119|0.357530482132358|-0.470416923608019|0.508252610672041|-0.0645782356807164|-0.201891718484836|-0.296690988970044|-0.442421536044266|0.0225635069394819|-0.649636065807144|0.36842495804548|0.071493168799645|47.5268398460621|12.0452473830322|4.66174393966085|7.14781744545944,dt4,Definitive_rep2
NPPB,Cell_ER_Compactness,Mahalanobis distance (cutoff = 1),21,0.8139018571430854,pow,5.353300591748227,3.4673858109237314,1.0944441681872357,NA,NA,0.30000002901624134,NA,NA,NA,0.6545999830082878,1.0979536052860221,0.46979523004013124,2.7500906588229626,3.031050221900259e-4,-59.26792704819086,0.9996961554956989,9.921258791929388,NA,4.3570612934690605,0.004605043820997133,0.04641592279341794,0.46784308087171106,0.37261597319586315,0.37261597319586315,1.0107286860526026,100|100|100|75|75|75|33.3333333333333|33.3333333333333|33.3333333333333|11.1111111111111|11.1111111111111|11.1111111111111|3.7037037037037|3.7037037037037|3.7037037037037|1.23456790123457|1.23456790123457|1.23456790123457|0.411522633744856|0.411522633744856|0.411522633744856|0.137174211248285|0.137174211248285|0.137174211248285,4.8264113808871|3.96946707931589|5.45734683313767|5.41926591068836|3.18145918037982|0.942521626948654|2.49513461629991|3.09522252298863|1.4383453058735|3.7847330529494|4.991608223944|0.982900025006099|0.0822399736299086|0.663675504815378|2.02100355012563|0.872743211419857|0.811928074307902|1.41546134334471|1.6979355194255|6.37886466079624|2.7699077946579|8.22453413913404|12.6937049193335|4.73330157951171,dt4,Definitive_rep2
NPPB,Nucleus_DNA_Compactness,Mahalanobis distance (cutoff = 1),10,0.8139018571430854,pow,4.635571707781669,0.8041387047972401,1.3035984565724842e-7,NA,NA,3.730765752711667,NA,NA,NA,-0.5942388383557231,1.0979536052860221,68.23160946700615,75.77297795211202,7.47244797849267e-7,-26.625223626950003,0.9999331529179993,83.04461429432463,NA,3.7729004218834445,44.799171804134765,53.94590869596752,64.96015323133874,66.29132201360981,66.29132201360981,71.8299024004729,100|100|100|75|75|75|33.3333333333333|33.3333333333333|33.3333333333333|11.1111111111111|11.1111111111111|11.1111111111111|3.7037037037037|3.7037037037037|3.7037037037037|1.23456790123457|1.23456790123457|1.23456790123457|0.411522633744856|0.411522633744856|0.411522633744856|0.137174211248285|0.137174211248285|0.137174211248285,3.88285268354201|3.07173900095401|6.53752116174201|1.21440966013698|2.32153490751987|0.755032973833243|-0.142906884160525|0.362961510487471|-0.235306523300329|-0.308067793729353|-0.277017889230966|-0.364086392924159|-0.17864434101402|0.157040437885284|0.0972914890108033|-0.398524654164669|1.16144712575019|0.963263964878275|1.01940889020892|-0.111438565162215|0.35717817342198|-0.268027023665003|0.952944951206053|0.910074632689995,dt4,Definitive_rep2
Metoclopramide,Ring_Mito_Intensity,Mahalanobis distance (cutoff = 1),11,0.8139018571430854,poly1,4.492068524125933,2.0238770398685006,0.036561029142000954,NA,NA,NA,NA,NA,NA,-0.14665210520814148,1.0979536052860221,24.491054464975154,37.92024943048079,2.4160536129353496e-6,-41.12619856141243,0.9999949105616202,50,NA,3.6561029142000954,5,10,20,22.261459161391134,22.261459161391134,30.030708408716638,100|100|100|75|75|75|31.6227766016838|31.6227766016838|31.6227766016838|10|10|10|3.16227766016838|3.16227766016838|3.16227766016838|1|1|1|0.316227766016838|0.316227766016838|0.316227766016838|0.1|0.1|0.1,3.31660105556783|12.3459571401178|3.55250925862663|3.74672135996337|2.51527624219189|1.34089452465371|3.62770313255641|3.6100908795951|0.775810252367737|-0.453770387011976|0.0748239076478351|1.19977570310275|-0.664302674985998|-0.413764112311135|0.183963650474593|-0.195973657980114|0.324700088003301|-0.529045236718638|0.0762586421172027|1.61309206255646|1.23056139388932|-0.134431248277537|0.0991827608422857|-0.690672990901136,dt4,Definitive_rep2
Metoclopramide,Ring_ER_Intensity,Mahalanobis distance (cutoff = 1),21,0.8139018571430854,pow,5.66381398143961,6.051201115157436,1.1579264283058106,NA,NA,0.30000002718880014,NA,NA,NA,0.8823417636902735,1.0979536052860221,0.279800130359579,3.6448051448974375,0.0031597315010566335,-68.0589315763836,0.9967642641924626,9.921258652294785,NA,4.609788718006671,0.004605043540881357,0.04641592062329926,0.46784306558284594,0.3087713216489315,0.3087713216489315,0.8375487272895912,100|100|100|75|75|75|31.6227766016838|31.6227766016838|31.6227766016838|10|10|10|3.16227766016838|3.16227766016838|3.16227766016838|1|1|1|0.316227766016838|0.316227766016838|0.316227766016838|0.1|0.1|0.1,8.29729788545422|20.6886090160653|4.82410559385758|2.54989884710317|2.0957455729148|2.17036943491747|25.5603262689932|1.54172948754828|1.79130666005121|1.75833870714222|1.62984382087524|9.61064493552274|0.658987474908442|3.22638639654137|0.385808016215652|0.784539416028481|2.81435109037534|1.95464200842648|2.35366347502436|2.14549960789055|1.91253583557248|4.96482914370534|2.58461271542989|1.83738282611947,dt4,Definitive_rep2
Metoclopramide,Cytoplasm_AGP_Texture,Mahalanobis distance (cutoff = 1),6,0.8139018571430854,exp2,3.410660547783266,2.283396724917504,0.010638045431248841,17.959338200237113,NA,NA,NA,NA,NA,-0.5329589564557387,1.0979536052860221,80.31906551667626,88.89480739801378,0.06884653875766873,-37.92848944638706,0.9273088959397835,87.61996635334079,NA,2.775942953925453,47.45622294109678,59.25378558323738,71.36773348948411,78.13010322201605,78.13010322201605,83.44642954517363,100|100|100|75|75|75|31.6227766016838|31.6227766016838|31.6227766016838|10|10|10|3.16227766016838|3.16227766016838|3.16227766016838|1|1|1|0.316227766016838|0.316227766016838|0.316227766016838|0.1|0.1|0.1,-0.52305510212187|3.26071931025639|2.73845576742853|-0.0925091670873412|0.833144942543446|1.10292434581258|10.0940648728746|0.611171605985939|-0.649869997637449|-0.361493377903597|-0.109225264649054|3.15125259883374|0.219742070792402|0.352545734569055|-0.0516171833347354|-0.334611182249267|0.511347122697226|-0.406236429554385|-0.0112011813514263|0.634701651804652|0.00260663008339312|-0.0481787930734777|-0.179303922628996|-0.608866104961938,dt4,Definitive_rep2
Metoclopramide,Cytoplasm_Mito_Intensity,Mahalanobis distance (cutoff = 1),8,0.8139018571430854,poly1,4.769265577892618,1.5965530067950366,0.03881714111055393,NA,NA,NA,NA,NA,NA,-0.4773893243764206,1.0979536052860221,24.345802581582745,33.10338637964677,4.708609827224651e-9,-33.29841035566487,0.9999973762254856,50,NA,3.8817141110553925,5,10,20,20.967588901641058,20.967588901641058,28.285277428313787,100|100|100|75|75|75|31.6227766016838|31.6227766016838|31.6227766016838|10|10|10|3.16227766016838|3.16227766016838|3.16227766016838|1|1|1|0.316227766016838|0.316227766016838|0.316227766016838|0.1|0.1|0.1,3.44011659907968|10.9731796691011|3.9025892093525|4.70453462517091|3.03143720434859|2.23225621955394|1.56987776014541|2.90126995517338|0.590846296774841|-0.452726527971594|0.177536411478155|0.549422183878534|-0.605111858423019|-0.630495637837957|0.0513592337589022|-0.36782201648382|0.403572467929569|-0.366572608653994|-0.35750803353388|0.679736192812689|0.626105155882277|-0.194109356661774|0.233369340471838|-0.527673360220837,dt4,Definitive_rep2
Metoclopramide,Cytoplasm_DNA_Profile,Mahalanobis distance (cutoff = 1),20,0.8139018571430854,exp4,3.1557954101199956,11.901795946236808,NA,NA,2.5685077450602893,NA,NA,0.35513064998094485,NA,0.3051122866274182,1.0979536052860221,0.06797793292255755,0.9456319524965111,1.4340936440316495e-4,-65.3488401240461,0.9998547041945679,0.35513064998094485,NA,2.5685077450602893,0.026279874587096345,0.05398095737425489,0.11432653358447625,0.19524493941038815,0.19524493941038815,0.2857276533797121,100|100|100|75|75|75|31.6227766016838|31.6227766016838|31.6227766016838|10|10|10|3.16227766016838|3.16227766016838|3.16227766016838|1|1|1|0.316227766016838|0.316227766016838|0.316227766016838|0.1|0.1|0.1,4.8557796710022|17.7927132548179|2.23902961043753|2.16908710702269|1.79442663521401|0.701442448439349|58.2707229191021|3.65294344529016|1.44229227128951|2.78494928689735|1.89971845236385|9.26425736107833|3.11448871147797|2.79691447628573|2.58996294738258|2.44630298832607|2.33765797007184|0.0630671160768741|1.82549963676825|0.625835261418735|1.14771379114464|1.6120436177485|1.26727416336351|0.217908269628626,dt4,Definitive_rep2
Metoclopramide,Nucleus_RNA_Texture,Mahalanobis distance (cutoff = 1),18,0.8139018571430854,pow,4.857256855656013,4.559741903512762,0.9930310739170933,NA,NA,0.30000013536111336,NA,NA,NA,0.744888301001223,1.0979536052860221,0.4423167943992586,6.911349973974369,0.004827683125120352,-63.89471037331256,0.9948660519440586,9.921266917731142,NA,3.9533303754394122,0.00460506012188799,0.046416049079960706,0.46784397058209004,0.5152651848262165,0.5152651848262165,1.3976671867841524,100|100|100|75|75|75|31.6227766016838|31.6227766016838|31.6227766016838|10|10|10|3.16227766016838|3.16227766016838|3.16227766016838|1|1|1|0.316227766016838|0.316227766016838|0.316227766016838|0.1|0.1|0.1,7.52437288198025|16.1900847166004|4.60816103156587|1.49146220314552|2.68937800637525|1.5707544772947|17.785189391187|0.643234272798891|1.03981672908276|1.26951581933139|2.19888996195545|10.5099384168185|0.300273464324726|3.79668850035782|0.631341623308423|0.472926874905458|2.70780839755756|0.76603599419283|1.0863857449141|1.39959185645627|0.855926399730093|3.42496550846501|1.35835715942535|0.619632921881098,dt4,Definitive_rep2
Metoclopramide,Cell_Mito_Symmetry,Mahalanobis distance (cutoff = 1),24,0.8139018571430854,hill,15.674638031048676,3.136016615916475,NA,NA,12.757617003516152,0.30000000037971153,NA,1.6314833225712202,NA,0.8672206839607364,1.0979536052860221,1.8503002885666416e-4,0.0018864138789227807,1.74939031873275e-10,-60.718842315850196,0.9999999998248829,1.6314833225712202,NA,12.757617003516152,8.91395917844392e-5,0.0010759058723158266,0.01605890775533086,2.1087478438906607e-4,2.1087478438906607e-4,6.197871437405506e-4,100|100|100|75|75|75|31.6227766016838|31.6227766016838|31.6227766016838|10|10|10|3.16227766016838|3.16227766016838|3.16227766016838|1|1|1|0.316227766016838|0.316227766016838|0.316227766016838|0.1|0.1|0.1,6.57371734665527|11.7002386395283|9.67148603854501|9.97080674805695|11.7474764324479|5.34161335788334|18.8061455084071|9.21637443741297|12.6973661408147|3.66339009601845|7.11471711920012|11.8598991332505|5.10479582454874|5.7634981246133|4.20083027528989|6.921692312544|5.9946482612034|3.48844497393757|7.0477759377217|4.42162300205579|9.67074029908327|3.35498423619135|6.2302978641058|2.93781004215423,dt4,Definitive_rep2
Metoclopramide,Nucleus_DNA_Radial,Mahalanobis distance (cutoff = 1),14,0.8139018571430854,pow,3.0500649864046627,8.467386156957188,0.6235635985529868,NA,NA,0.3000001887700373,NA,NA,NA,0.4561049034774303,1.0979536052860221,1.725490520933836,58.245450611660765,0.07852371071563409,-68.65522641768365,0.9118981302982011,9.92127099870238,NA,2.4824535568418544,0.004605068308600475,0.04641611250416183,0.4678444174162029,2.4301740175407964,2.4301740175407964,6.591894774008375,100|100|100|75|75|75|31.6227766016838|31.6227766016838|31.6227766016838|10|10|10|3.16227766016838|3.16227766016838|3.16227766016838|1|1|1|0.316227766016838|0.316227766016838|0.316227766016838|0.1|0.1|0.1,5.06513586184479|30.7912004303133|1.03565504820233|3.39318883750931|0.628612904407736|-0.162339015011848|29.0807495958973|2.51154660340361|2.0287320106223|-0.157992272475362|0.893576637403284|13.3807898698995|0.803313605400298|1.3320514803068|1.15294874898049|0.871083998907233|1.51150844088602|0.124031456702219|-0.194999566877051|0.68345909530991|1.66369296501246|0.17085501980703|0.526161776666694|-0.498577680089716,dt4,Definitive_rep2
Metoclopramide,Cell_position_position,Mahalanobis distance (cutoff = 1),24,0.8139018571430854,hill,8.505108749461906,2.037116671427971,NA,NA,6.92232380639095,0.30000000076207595,NA,0.09693642070636041,NA,0.5179469409792575,1.0979536052860221,5.99148528779515e-5,0.0017867897226323966,1.4678767637951126e-10,-51.73576998849731,0.9999999998523937,0.09693642070636041,NA,6.92232380639095,5.2963293950709835e-6,6.392616081938264e-5,9.541581123676052e-4,1.1711980893488594e-4,1.1711980893488594e-4,3.7233772892064106e-4,100|100|100|75|75|75|31.6227766016838|31.6227766016838|31.6227766016838|10|10|10|3.16227766016838|3.16227766016838|3.16227766016838|1|1|1|0.316227766016838|0.316227766016838|0.316227766016838|0.1|0.1|0.1,7.84800206951681|6.8405316873665|3.46778570460375|10.2199304625299|3.90466998774254|3.84455051841345|9.7881353527939|5.04212910031087|10.3192128633323|8.3997437316114|4.95338656352977|3.84259999266039|4.65564123150275|4.677165654325|5.08930552640441|5.2984642141132|4.99740411398579|3.51219929400251|1.46717756468906|3.68005987902812|2.8441214679699|5.13517970272027|4.42041096981131|4.40419729204768,dt4,Definitive_rep2
Ca-074-Me,Ring_Mito_Texture,Mahalanobis distance (cutoff = 1),8,0.8139018571430854,hill,18.738608526611678,1.2158886145274723,NA,NA,15.251388280086498,3.3652920781746065,NA,7.511502498834833,NA,-0.5911626850856285,1.0979536052860221,3.3537098843561632,3.6852811722449106,6.498852535551505e-15,-30.124659210135825,0.9999999990522791,7.511502498834833,NA,15.251388280086498,3.1314383731352855,3.9099632330648677,4.975354965414285,3.1960170556430176,3.1960170556430176,3.514039266492704,10|10|10|7.5|7.5|7.5|3.16227766016838|3.16227766016838|3.16227766016838|1|1|1|0.316227766016838|0.316227766016838|0.316227766016838|0.1|0.1|0.1|0.0316227766016838|0.0316227766016838|0.0316227766016838|0.01|0.01|0.01,13.4780593088934|10.853223828889|6.09280352883351|6.56362287301315|7.65080879498158|8.32446335969223|0.914725874752248|1.05800739215396|0.363531288675391|-0.370188163701305|-0.429415513390362|0.70411137190875|0.237772780887846|-0.0280276932177437|0.78178459600921|-0.373372142150138|-0.566240355482818|-0.221232066731586|-0.157625395030318|0.624857341536328|-0.389984113173623|-0.290139815943828|-0.388004952549591|-0.604773486313397,dt4,Definitive_rep2
Ca-074-Me,Ring_AGP_Texture,Mahalanobis distance (cutoff = 1),7,0.8139018571430854,exp5,2.773882677621115,0.4690472247480031,NA,NA,2.25766826281286,7.998619668181815,NA,3.9673051963755257,NA,-0.8407356531774216,1.0979536052860221,3.3549023681285246,6.445128405469282,9.876417364529326e-8,-17.80914242269801,0.9995163076806798,3.9673051963755257,NA,2.25766826281286,2.8650064922582748,3.134797673801549,3.4431413557001913,3.7556589336959942,3.7556589336959942,3.947655600155781,10|10|10|7.5|7.5|7.5|3.16227766016838|3.16227766016838|3.16227766016838|1|1|1|0.316227766016838|0.316227766016838|0.316227766016838|0.1|0.1|0.1|0.0316227766016838|0.0316227766016838|0.0316227766016838|0.01|0.01|0.01,3.01497568397961|1.67675767436688|1.57526411580552|2.09079546264053|2.40377330316164|2.88920618672615|0.00748558876445526|0.925008689717223|0.025555288218003|-0.73983528240005|0.0755261453897401|-0.304466217773559|-0.296374263137751|-0.593985041520671|-0.547170314428765|-0.617351571023159|-0.599658199412843|-0.285682371963039|-0.381020965673902|-0.398685766490533|-0.282557988306338|0.0790636794664918|0.0278033597490626|-0.536230144965798,dt4,Definitive_rep2
Ca-074-Me,Ring_ER_Texture,Mahalanobis distance (cutoff = 1),13,0.8139018571430854,hill,8.114871455796292,1.441066499496682,NA,NA,6.604708948350015,4.1400268941506955,NA,3.9655521623977084,NA,-0.41959699844987697,1.0979536052860221,2.4223149811806275,3.034762485746913,1.454735157896586e-11,-34.28117377672659,0.9999999983292761,3.9655521623977084,NA,6.604708948350015,1.9472781557296366,2.3324471093596535,2.8371316782085425,2.468695642141309,2.468695642141309,2.686255563200207,10|10|10|7.5|7.5|7.5|3.16227766016838|3.16227766016838|3.16227766016838|1|1|1|0.316227766016838|0.316227766016838|0.316227766016838|0.1|0.1|0.1|0.0316227766016838|0.0316227766016838|0.0316227766016838|0.01|0.01|0.01,7.64007615178111|6.46782214383708|4.27400491066678|5.67308261257552|6.23359927426487|12.176190870631|1.89345457449484|2.27237148260002|1.44181308879692|-0.247085154778309|-0.500542957134464|-0.0253658191840717|-0.264184814705624|0.476911023571022|0.382033110364745|-0.0658684170606931|0.214065116130254|-0.461093660165228|0.915229771005243|0.905281543797994|0.256517517304009|1.52740378153768|1.31083314694231|-0.308482947014456,dt4,Definitive_rep2
Ca-074-Me,Ring_Mito_Intensity,Mahalanobis distance (cutoff = 1),12,0.8139018571430854,exp2,8.607426022248049,1.0378855672036662,0.35769710028166224,3.30624794328156,NA,NA,NA,NA,NA,-0.3562655861779946,1.0979536052860221,4.498079548152332,4.839104135740505,6.487223958718126e-9,-32.502345102741245,0.9999995013836612,7.865116522247075,NA,7.005600024729407,2.2572588247453664,3.5862608643795473,5.265894899376714,3.9226588103528806,3.9226588103528806,4.640390933299192,10|10|10|7.5|7.5|7.5|3.16227766016838|3.16227766016838|3.16227766016838|1|1|1|0.316227766016838|0.316227766016838|0.316227766016838|0.1|0.1|0.1|0.0316227766016838|0.0316227766016838|0.0316227766016838|0.01|0.01|0.01,7.45042436566427|7.04348777915839|3.438674376097|2.91004868996466|2.73246837434782|4.1733761187352|-0.224989006631864|1.42622608926573|-0.170306359081354|-0.0268332147761232|0.342019917675671|0.457350784505415|0.61794723028709|0.349439826496461|0.250133712799018|0.21774079579922|1.57242463467599|1.01062609469229|1.8189061603409|1.06878117283641|0.525448191614843|0.875060022163528|-0.252178799683258|0.123440127021718,dt4,Definitive_rep2
Ca-074-Me,Ring_ER_Intensity,Mahalanobis distance (cutoff = 1),7,0.8139018571430854,poly1,2.024819251095615,1.290438142309788,0.16480041488457925,NA,NA,NA,NA,NA,NA,-0.48131123222582356,1.0979536052860221,4.883297102945159,9.978414598184356,6.562630633699714e-4,-31.766615402497713,0.9919110653491714,5,NA,1.6480041488457924,0.5,1,2,4.938712428079233,4.938712428079233,6.662323065478885,10|10|10|7.5|7.5|7.5|3.16227766016838|3.16227766016838|3.16227766016838|1|1|1|0.316227766016838|0.316227766016838|0.316227766016838|0.1|0.1|0.1|0.0316227766016838|0.0316227766016838|0.0316227766016838|0.01|0.01|0.01,1.51883980929857|1.5490721169409|0.83191662130056|1.65162012113319|2.91065236305944|6.68600932395719|-0.212925352767981|2.11080149547459|0.656586156013559|-0.477149054458009|-0.528992759210032|-0.337179934036469|-0.540497774707985|-0.56078758395964|0.0167661237731677|-0.416604402746801|-0.159082082757893|-0.44795030346029|-0.159629563079187|0.197963668849154|-0.414666046844444|0.719412788930115|0.456177919392747|-0.487320902151916,dt4,Definitive_rep2
Ca-074-Me,Cytoplasm_Mito_Texture,Mahalanobis distance (cutoff = 1),8,0.8139018571430854,exp5,5.988198644500732,0.5465709292703365,NA,NA,4.873805997700852,3.59312937694854,NA,5.590843733599652,NA,-0.828220480196805,1.0979536052860221,3.83147049196657,4.564108354274751,1.8177869316136341e-13,-19.59453908757278,0.9999998946191049,5.590843733599652,NA,4.873805997700852,2.708790332619505,3.309631003085334,4.078328958623093,3.8576492502407866,3.8576492502407866,4.2337951867789405,10|10|10|7.5|7.5|7.5|3.16227766016838|3.16227766016838|3.16227766016838|1|1|1|0.316227766016838|0.316227766016838|0.316227766016838|0.1|0.1|0.1|0.0316227766016838|0.0316227766016838|0.0316227766016838|0.01|0.01|0.01,6.38130548655258|4.90552315633811|4.15268834287825|4.00343895670165|4.18138817490275|4.4480936816433|-0.156033078439724|0.862940568031519|0.460925958951239|-0.457876974350688|-0.0110449382523629|1.05007172955331|0.315540424478081|0.720955762365175|0.586588382323045|-0.337346332463958|-0.1714905932455|-0.36683003476805|0.300958971620497|0.410050578145117|0.180002887147043|0.706079686589123|-0.0873991613114686|-0.611331602933868,dt4,Definitive_rep2
Ca-074-Me,Cytoplasm_ER_Texture,Mahalanobis distance (cutoff = 1),10,0.8139018571430854,poly1,2.670521549471597,1.3685206431550327,0.21735424486555627,NA,NA,NA,NA,NA,NA,-0.09794505663023269,1.0979536052860221,3.4846359903458777,8.704381621178165,0.005428112263325448,-38.78347884130836,0.9867222657443283,5,NA,2.173542448655563,0.5000000000000001,1.0000000000000002,2.0000000000000004,3.7445868961359445,3.7445868961359445,5.051447722887389,10|10|10|7.5|7.5|7.5|3.16227766016838|3.16227766016838|3.16227766016838|1|1|1|0.316227766016838|0.316227766016838|0.316227766016838|0.1|0.1|0.1|0.0316227766016838|0.0316227766016838|0.0316227766016838|0.01|0.01|0.01,2.35601022371624|1.36767491337891|0.0735803512541608|1.86531107342329|3.78274958924486|6.45835256834023|0.402916159625422|2.37240000093637|1.08107962083722|-0.455520844716217|-0.531296769443662|-0.690866517070348|-0.399038493543044|-0.616072558641343|0.682766281642818|-0.475729028345549|-0.188403497404725|-0.49927772065834|0.933289006768842|0.417458736764216|-0.27991760106482|1.23051645777555|1.48985747934665|-0.692744278070913,dt4,Definitive_rep2
Ca-074-Me,Cytoplasm_Mito_Intensity,Mahalanobis distance (cutoff = 1),14,0.8139018571430854,exp5,18.77458179225224,0.8746378517007098,NA,NA,15.280666987798854,3.613915059310798,NA,7.23067002170902,NA,-0.2652198805010102,1.0979536052860221,3.7440059464263955,4.055927719739595,1.381443183062778e-16,-32.150682645986315,0.9999999996899888,7.23067002170902,NA,15.280666987798854,3.517925270789722,4.2932915782734575,5.28410426863261,3.581705571297574,3.581705571297574,3.9016107566173313,10|10|10|7.5|7.5|7.5|3.16227766016838|3.16227766016838|3.16227766016838|1|1|1|0.316227766016838|0.316227766016838|0.316227766016838|0.1|0.1|0.1|0.0316227766016838|0.0316227766016838|0.0316227766016838|0.01|0.01|0.01,13.6566852132506|14.7477404006004|12.5101613753212|8.31067778185394|7.37091345157221|9.54750160196765|0.119479014973092|0.231050380565123|1.25253997851926|0.39997183639923|0.652154208817579|1.17339235773181|0.875183889852082|0.876374191399028|0.0758933082481708|0.273054043569041|0.707175355561741|1.17505345368296|2.01931147115849|1.19120417812728|0.43499176063785|1.22347269559555|-0.0119080775872411|0.281762969488596,dt4,Definitive_rep2
Ca-074-Me,Cytoplasm_ER_Intensity,Mahalanobis distance (cutoff = 1),14,0.8139018571430854,exp5,30.70057269463,1.9909546032890197,NA,NA,24.987253131515654,2.3451087202952365,NA,6.674990717540996,NA,-0.38101099308376085,1.0979536052860221,2.0200601620793894,2.136530556909171,7.155335054469057e-21,-35.662826627069364,0.9999999999998446,6.674990717540996,NA,24.987253131515654,2.199229330434972,2.989348976605118,4.116702395010959,1.8248847119561904,1.8248847119561904,2.0785594037830326,10|10|10|7.5|7.5|7.5|3.16227766016838|3.16227766016838|3.16227766016838|1|1|1|0.316227766016838|0.316227766016838|0.316227766016838|0.1|0.1|0.1|0.0316227766016838|0.0316227766016838|0.0316227766016838|0.01|0.01|0.01,21.5267968368296|20.8227139848016|20.0504422762786|14.4520859551174|15.198210727921|24.1060594812578|1.2029310808083|2.80717290384855|3.71609720655002|0.292463865705643|-0.164209622556845|0.915882414099478|0.0713253364331587|0.132585600112937|0.935957261554614|-0.411434012324879|-0.214730911789827|-0.669618953344163|0.858136786104506|0.618619917241949|0.150203616469927|1.11269093090414|1.19157643093155|-0.536003984969826,dt4,Definitive_rep2
Ca-074-Me,Cytoplasm_Mito_Profile,Mahalanobis distance (cutoff = 1),16,0.8139018571430854,poly1,7.7303951526424894,1.5751292593164592,0.6291782971185628,NA,NA,NA,NA,NA,NA,0.137650705327567,1.0979536052860221,1.498055372478077,2.092866391692466,3.800359265984975e-8,-44.05817317898463,0.9999995070964878,5,NA,6.2917829711856275,0.5,1,2,1.293594933058718,1.293594933058718,1.7450595646962106,10|10|10|7.5|7.5|7.5|3.16227766016838|3.16227766016838|3.16227766016838|1|1|1|0.316227766016838|0.316227766016838|0.316227766016838|0.1|0.1|0.1|0.0316227766016838|0.0316227766016838|0.0316227766016838|0.01|0.01|0.01,8.87461448568945|6.14033774333812|4.03630991433084|4.73809328768624|5.10322533165622|5.13878293758373|0.170004661743794|1.3601321648443|1.70346454879465|0.214574504560251|0.844434691325825|2.22576204923628|1.01461165546698|2.50564288494061|0.692454780250746|0.412430863808704|1.90213522655532|0.0554096782747081|0.475781567690063|2.9356012628005|1.06185109828095|4.52964928425677|0.808883478763716|0.504654633275093,dt4,Definitive_rep2
Ca-074-Me,Cytoplasm_AGP_Profile,Mahalanobis distance (cutoff = 1),13,0.8139018571430854,exp5,4.908161812761095,2.073478324317662,NA,NA,3.994762014565027,4.585086014366164,NA,4.251649173313158,NA,-0.39674019100278707,1.0979536052860221,3.0132513003361123,4.782960826713823,1.1430496596220943e-7,-38.392123842411465,0.9999997921446241,4.251649173313158,NA,3.994762014565027,2.409569148863874,2.8191665316569505,3.320476510573114,3.33557010352277,3.33557010352277,3.5954485945298256,10|10|10|7.5|7.5|7.5|3.16227766016838|3.16227766016838|3.16227766016838|1|1|1|0.316227766016838|0.316227766016838|0.316227766016838|0.1|0.1|0.1|0.0316227766016838|0.0316227766016838|0.0316227766016838|0.01|0.01|0.01,3.90631526310416|4.02075637377229|3.48719371449156|3.62318083361809|4.40192865676615|7.21196434820877|0.42355426907285|0.386006423016804|1.20798120537093|-0.194940331432972|0.290366410327302|0.277693198785284|0.067453813106448|-0.239956785867695|-0.276127534950039|-0.13472105866995|0.931870679217196|0.26983189214534|1.01692229403994|1.16339683684336|0.216424638125954|9.03568186294018|2.33676832789907|0.99795683607438,dt4,Definitive_rep2
Ca-074-Me,Cytoplasm_ER_Profile,Mahalanobis distance (cutoff = 1),12,0.8139018571430854,hill,15.057652122312577,1.6178739202704282,NA,NA,12.255451026564728,3.556955172518967,NA,5.217161076585951,NA,-0.18179877745981815,1.0979536052860221,2.376545187675135,3.1140930216122142,1.1175174132268016e-13,-39.67542419793941,0.9999999992035656,5.217161076585951,NA,12.255451026564728,2.2799551965352487,2.8129314203787477,3.533226685698395,2.481480177801977,2.481480177801977,2.7185152425479977,10|10|10|7.5|7.5|7.5|3.16227766016838|3.16227766016838|3.16227766016838|1|1|1|0.316227766016838|0.316227766016838|0.316227766016838|0.1|0.1|0.1|0.0316227766016838|0.0316227766016838|0.0316227766016838|0.01|0.01|0.01,13.7832876800707|11.2187428947651|9.84506841272984|6.99865451888822|9.94819643316416|15.7959004641128|0.903371777990479|3.70166557787121|1.643716991547|0.173515774936281|-0.457002691094954|-0.0196288665983119|0.434263786078109|-0.522927419248844|0.956601974663091|-0.100428047517446|-0.168704818306247|-0.317181443948399|-0.0689224744830261|-0.0986480426505504|-0.508688775023078|1.27979765266594|0.868035573408527|-0.240880403657756,dt4,Definitive_rep2
Ca-074-Me,Cytoplasm_DNA_Profile,Mahalanobis distance (cutoff = 1),17,0.8139018571430854,pow,32.45683114373922,1.4393294537012808,0.47377345223051653,NA,NA,1.746307434060521,NA,NA,NA,0.1848590592520785,1.0979536052860221,1.5655634229712563,1.6662044396487254,3.2874028500443124e-19,-43.607766500135334,0.9999999999947932,6.723867233850751,NA,26.416675144868886,1.798797489268719,2.6752424262823378,3.9787258332735256,1.3632340216193668,1.3632340216193668,1.6181547419391498,10|10|10|7.5|7.5|7.5|3.16227766016838|3.16227766016838|3.16227766016838|1|1|1|0.316227766016838|0.316227766016838|0.316227766016838|0.1|0.1|0.1|0.0316227766016838|0.0316227766016838|0.0316227766016838|0.01|0.01|0.01,28.9141087650422|25.9097821237468|25.1117243879007|18.5475037073866|16.8331628499494|13.8383305866404|2.4557421978761|4.01861424788156|1.60358801566292|1.08745591297436|3.42883056407164|1.25408645403077|0.0166290205070928|1.07867714295295|0.566878980335346|0.835030620666452|2.64375823525272|-0.0230724089232583|1.89469966044649|0.775086696112317|1.08843544905004|0.635737245098347|-0.220907855618028|0.179503660521355,dt4,Definitive_rep2
Ca-074-Me,Nucleus_DNA_Texture,Mahalanobis distance (cutoff = 1),16,0.8139018571430854,poly1,5.064275023831368,1.520376123114205,0.41218228469796936,NA,NA,NA,NA,NA,NA,0.22029074686804817,1.0979536052860221,2.1391096817049022,3.4536300191417704,1.4938636846794927e-5,-44.71354574020009,0.999983529885033,5,NA,4.121822846979693,0.5,1,2,1.9746162980766628,1.9746162980766628,2.6637573861054182,10|10|10|7.5|7.5|7.5|3.16227766016838|3.16227766016838|3.16227766016838|1|1|1|0.316227766016838|0.316227766016838|0.316227766016838|0.1|0.1|0.1|0.0316227766016838|0.0316227766016838|0.0316227766016838|0.01|0.01|0.01,3.26916940100012|3.60828872491332|3.50159867375145|4.14160411891445|3.58995207739756|4.66086743461998|2.57880391386404|0.0585130576473885|1.10212646826717|0.775094270466763|0.247897935697736|0.182039422359402|-0.669277114213024|0.352310284732278|0.293418093649178|0.353316584654175|2.84714082138786|2.13483121371115|1.14772038501253|1.36395839434966|2.42997650416385|2.58783041102692|3.21636800934144|2.80427597828988,dt4,Definitive_rep2
Ca-074-Me,Nucleus_DNA_Intensity,Mahalanobis distance (cutoff = 1),15,0.8139018571430854,exp5,5.876001420192748,1.0658265345576488,NA,NA,4.782488468470285,5.476295397922838,NA,4.672692388009922,NA,-0.08286134386035288,1.0979536052860221,3.0539194458313657,5.3160955704353245,8.269629880354807e-8,-36.739350199886864,0.9999997567661814,4.672692388009922,NA,4.782488468470285,2.9045820563460896,3.312601488770683,3.7991059446355546,3.6768603646521822,3.6768603646521822,3.908886902304853,10|10|10|7.5|7.5|7.5|3.16227766016838|3.16227766016838|3.16227766016838|1|1|1|0.316227766016838|0.316227766016838|0.316227766016838|0.1|0.1|0.1|0.0316227766016838|0.0316227766016838|0.0316227766016838|0.01|0.01|0.01,4.29332767990515|5.10403959294838|4.55801942809518|3.67789092266551|5.10212690341193|6.08310302822342|0.714717311590276|-0.584969883563072|0.818414803434679|0.804443935446904|0.423824523531818|0.624274819349129|-0.668297802280424|0.0136841994126562|-0.555828202734195|0.232388965510579|2.23697588549185|1.48532892559558|1.64437885404806|1.01020017096991|1.13390628893415|1.82518553269581|1.10877200683689|1.95392702325986,dt4,Definitive_rep2
Ca-074-Me,Nucleus_RNA_Profile,Mahalanobis distance (cutoff = 1),12,0.8139018571430854,poly2,3.9264986281812573,1.0520273775493931,-12.931384193719692,-13.549274756024161,NA,NA,NA,NA,NA,-0.27069294465319294,1.0979536052860221,1.1042121662381104,1.779776316793652,3.564455271165058e-6,-31.94740545683741,0.9999888134629114,1.9568649395849815,NA,3.1957845255465025,0.16954588961849965,0.34356005484605645,0.7065405207163634,0.9145179559390376,0.9145179559390376,1.269330377852139,10|10|10|7.5|7.5|7.5|3.16227766016838|3.16227766016838|3.16227766016838|1|1|1|0.316227766016838|0.316227766016838|0.316227766016838|0.1|0.1|0.1|0.0316227766016838|0.0316227766016838|0.0316227766016838|0.01|0.01|0.01,3.04064897153949|1.75317687003106|1.39765601411215|3.6342054918147|4.91438843536415|6.51846299726648|0.526633122405513|2.2993002625709|1.79422706734302|0.159031001701406|-0.0941867553530981|1.22213415203532|0.486298351679171|0.287264632534391|0.92407503803935|0.477070549115337|0.117511248117468|-0.474351843692368|0.86348338688162|0.560150493864511|0.413685174734436|0.752419039225538|1.62411966100809|0.266427485546879,dt4,Definitive_rep2
Ca-074-Me,Nucleus_RNA_Radial,Mahalanobis distance (cutoff = 1),22,0.8139018571430854,exp2,25.04479360880581,3.790878763037334,4.453240364907835,5.818309393949024,NA,NA,NA,NA,NA,0.47333203339528807,1.0979536052860221,1.2373877838521459,1.3425801372282118,1.4695315386628376e-12,-55.24502911125617,0.9999999998510632,6.9266014909000155,NA,20.384004029972324,1.1991110160219278,2.192823705684,3.78168108677518,0.9766377898297014,0.9766377898297014,1.2822450247010087,10|10|10|7.5|7.5|7.5|3.16227766016838|3.16227766016838|3.16227766016838|1|1|1|0.316227766016838|0.316227766016838|0.316227766016838|0.1|0.1|0.1|0.0316227766016838|0.0316227766016838|0.0316227766016838|0.01|0.01|0.01,21.1984192903312|20.6710807314906|15.5637881927351|11.5254899057163|12.7738767358037|28.3751001497658|1.5631805074516|0.800499889815846|2.70025446925938|2.58454986855852|1.54879909559802|1.89837084874565|1.04501701414185|0.935363404044394|1.21382272764133|1.26815676998653|1.94080943838985|0.948509279656937|2.78888233106403|1.45615282631197|1.71304895215176|2.26174862643062|0.152473173637914|1.77487673370803,dt4,Definitive_rep2
Ca-074-Me,Nucleus_RNA_Axial,Mahalanobis distance (cutoff = 1),23,0.8139018571430854,exp5,23.715221882431365,3.735257631390027,NA,NA,19.301863132671226,3.8672758376757197,NA,4.117461322639006,NA,0.8943599525257208,1.0979536052860221,1.8791264203546787,2.613857711584727,1.008516126431672e-10,-62.728170579310415,0.9999999995746235,4.117461322639006,NA,19.301863132671226,2.1000827283823518,2.52972299292235,3.071466925549946,2.007450132056378,2.007450132056378,2.173328008503114,10|10|10|7.5|7.5|7.5|3.16227766016838|3.16227766016838|3.16227766016838|1|1|1|0.316227766016838|0.316227766016838|0.316227766016838|0.1|0.1|0.1|0.0316227766016838|0.0316227766016838|0.0316227766016838|0.01|0.01|0.01,17.9198433787433|18.9140871991027|14.4139393568996|20.6950090899292|20.589212923528|32.1315651439518|1.75472265108508|4.13415686967955|6.58044368180892|3.08226179294898|2.48756442494199|3.80678422425315|0.947611336734855|0.554298998397666|1.67452068603835|0.858936837638792|2.58092644719562|1.04657176143481|2.17385133863432|1.82836815922268|1.33483652858519|7.97378070780623|2.49322396678935|2.68572183434254,dt4,Definitive_rep2
Ca-074-Me,Nucleus_RNA_Compactness,Mahalanobis distance (cutoff = 1),13,0.8139018571430854,exp5,33.002626614189246,3.1648932075516756,NA,NA,26.860899091888445,3.109547407951288,NA,5.716256266058737,NA,-0.12566935383041658,1.0979536052860221,2.2148897840479926,2.414227616573849,1.0454955379838997e-19,-45.141095590355796,0.9999999999997444,5.716256266058737,NA,26.860899091888445,2.474393582133205,3.1189142993447656,3.9701943389315804,2.099391861039509,2.099391861039509,2.315608756103842,10|10|10|7.5|7.5|7.5|3.16227766016838|3.16227766016838|3.16227766016838|1|1|1|0.316227766016838|0.316227766016838|0.316227766016838|0.1|0.1|0.1|0.0316227766016838|0.0316227766016838|0.0316227766016838|0.01|0.01|0.01,26.1543218631168|28.0072603362611|22.8346672178766|22.178488303596|20.4623274268493|35.9714410273119|2.39900398231536|3.5707736674524|2.38430062787002|1.3656392876842|0.968151791354543|0.136653010758363|1.1016951610078|0.0262982368652551|0.210560006836612|0.291814943642087|0.424596917409007|0.172616956156377|-0.20066634671073|0.305609757327812|0.0865680544389974|0.739495128082352|0.241670434838634|2.97866078992913,dt4,Definitive_rep2
Ca-074-Me,Cell_DNA_Radial,Mahalanobis distance (cutoff = 1),13,0.8139018571430854,hill,21.552175381527746,1.015804022525216,NA,NA,17.54135556849892,3.6443546907642874,NA,6.599159706154267,NA,-0.401535886554526,1.0979536052860221,3.013802348413393,3.265669856321648,2.0482001753736315e-18,-32.03634516766351,0.9999999999560502,6.599159706154267,NA,17.54135556849892,2.94172780154282,3.6111651906582463,4.511128336129335,2.87901810306833,2.87901810306833,3.140221585800377,10|10|10|7.5|7.5|7.5|3.16227766016838|3.16227766016838|3.16227766016838|1|1|1|0.316227766016838|0.316227766016838|0.316227766016838|0.1|0.1|0.1|0.0316227766016838|0.0316227766016838|0.0316227766016838|0.01|0.01|0.01,13.6747093394409|16.5363334120415|14.3317878490647|11.3182094872009|10.1233467587081|10.8450745461851|0.824063057792313|4.34978129017881|0.932116815458351|-0.129391419617886|-0.19025984703906|0.425073406725947|-0.313259266882203|0.0200546644555133|-0.111212515729489|-0.505125532339352|0.281361515876435|-0.630100843854935|0.343372752789322|1.14795653227151|1.0193253888715|1.79557681345711|1.093169117852|-0.626541712315562,dt4,Definitive_rep2
Ca-074-Me,Cell_Mito_Radial,Mahalanobis distance (cutoff = 1),13,0.8139018571430854,pow,10.447561341675655,1.4749823067723,0.14492810727798833,NA,NA,1.7684343487055978,NA,NA,NA,0.041451301802177834,1.0979536052860221,2.961296240499449,3.3753791324021054,2.2261516668522523e-9,-42.39436455943354,0.9999999911584588,6.757343320282038,NA,8.50328957860612,1.8378245379612423,2.719744211375271,4.024872028052815,2.6532345984254877,2.6532345984254877,3.14263368422172,10|10|10|7.5|7.5|7.5|3.16227766016838|3.16227766016838|3.16227766016838|1|1|1|0.316227766016838|0.316227766016838|0.316227766016838|0.1|0.1|0.1|0.0316227766016838|0.0316227766016838|0.0316227766016838|0.01|0.01|0.01,9.22491407962224|8.41117966185223|6.27806102536744|5.0397341764298|5.53289768701643|5.9843119823995|-0.253646163653117|1.36382611139821|0.648433643473526|-0.0194203465261021|-0.228329988516623|0.321622343353154|-0.168164594894748|-0.0434225998790632|-0.0559336798946249|0.34530668383389|1.65559959899899|0.1510768012802|2.18743643574484|2.47444972163727|2.46068040303708|3.94854239085214|2.81241994679899|0.284431207778022,dt4,Definitive_rep2
Ca-074-Me,Cell_Mito_Axial,Mahalanobis distance (cutoff = 1),12,0.8139018571430854,exp5,12.730427443466892,0.8466533282809989,NA,NA,10.361318538463005,3.532851839894575,NA,5.831181526751259,NA,-0.5482938592702709,1.0979536052860221,3.2822196950135223,3.653305573287784,3.031123035384294e-17,-27.482473340654494,0.9999999997293797,5.831181526751259,NA,10.361318538463005,2.7905200795916425,3.4211632887594883,4.230815138214076,3.184726834392001,3.184726834392001,3.4809637750747804,10|10|10|7.5|7.5|7.5|3.16227766016838|3.16227766016838|3.16227766016838|1|1|1|0.316227766016838|0.316227766016838|0.316227766016838|0.1|0.1|0.1|0.0316227766016838|0.0316227766016838|0.0316227766016838|0.01|0.01|0.01,10.290741540436|9.48476153531503|10.949385938069|8.22890271357915|9.19956162081775|8.09128480432447|0.979028077227787|0.126477983406183|1.13343240301274|-0.0718760127717414|-0.197614809127017|0.700348688121437|-0.497371053181157|0.29692282097718|-0.360778307858362|-0.514872630154417|-0.0139802122522045|-0.627124589513173|0.547636171390044|1.44289760953774|0.903068594750023|3.01350200674349|0.903739788414738|-0.214237558276748,dt4,Definitive_rep2
Ca-074-Me,Cell_Mito_Compactness,Mahalanobis distance (cutoff = 1),7,0.8139018571430854,pow,4.083246249111722,0.4837160677126214,0.04809808971089839,NA,NA,1.8394497831912977,NA,NA,NA,-0.8868788353027623,1.0979536052860221,5.131479544306595,5.940595266099495,8.340266227460672e-10,-17.57116990855276,0.9999696102455945,6.86037419093606,NA,3.3233617053245683,1.962036029319267,2.8599548285740926,4.16880296755922,4.654064803102593,4.654064803102593,5.476615230333266,10|10|10|7.5|7.5|7.5|3.16227766016838|3.16227766016838|3.16227766016838|1|1|1|0.316227766016838|0.316227766016838|0.316227766016838|0.1|0.1|0.1|0.0316227766016838|0.0316227766016838|0.0316227766016838|0.01|0.01|0.01,3.343519294944|3.76191839058413|2.41945268107092|2.6060623867433|1.98341235173545|1.53541329844976|0.277372706754744|0.0871819927777476|1.54921158539434|-0.134863188512647|0.386561990789503|-0.422522343083774|-0.538164468485586|-0.512344348641604|-0.623837847368804|-0.254571816405231|-0.0488725614042071|-0.0803552383852797|0.624989515968953|-0.0370519347955752|-0.26024110568484|0.0854305155868426|-0.666725877815134|-0.506560969327626,dt4,Definitive_rep2
Ca-074-Me,Cell_AGP_Radial,Mahalanobis distance (cutoff = 1),16,0.8139018571430854,exp5,15.403164035093717,1.7935769662767576,NA,NA,12.536663814042356,2.9150740470454055,NA,6.144479734866469,NA,-0.09434190772892527,1.0979536052860221,2.871987662015131,3.2545290844400863,5.781401472651285e-13,-42.04646248601381,0.9999999999262938,6.144479734866469,NA,12.536663814042356,2.515257737312151,3.219764623115729,4.165091314728238,2.758406724876302,2.758406724876302,3.0694546047770803,10|10|10|7.5|7.5|7.5|3.16227766016838|3.16227766016838|3.16227766016838|1|1|1|0.316227766016838|0.316227766016838|0.316227766016838|0.1|0.1|0.1|0.0316227766016838|0.0316227766016838|0.0316227766016838|0.01|0.01|0.01,12.4041105848734|11.6156499017472|11.4894661983343|8.36000853076186|8.62529809004694|9.93585719412052|0.818474352162252|1.43478639363564|1.29221743252464|-0.0850097486582215|-0.243002820254679|0.822528358190989|-0.471756509314082|0.290029863726522|-0.179568645540647|-0.232255616419106|0.674174559520562|-0.195795131638844|2.69097665822131|3.06939561724831|1.60622148989022|6.85136103832988|2.17102426340855|1.60597419709671,dt4,Definitive_rep2
Ca-074-Me,Cell_AGP_Axial,Mahalanobis distance (cutoff = 1),13,0.8139018571430854,exp5,14.146628043478866,1.3276538172013772,NA,NA,11.513966836899902,4.011899975795583,NA,6.82051322371159,NA,-0.09309955664696318,1.0979536052860221,3.9636821587161406,4.444054148711901,1.3813203824767668e-12,-38.5906764843081,0.9999999950826605,6.82051322371159,NA,11.513966836899902,3.5642187325802954,4.264683962692477,5.141878293436206,3.8960673354794597,3.8960673354794597,4.211804994997782,10|10|10|7.5|7.5|7.5|3.16227766016838|3.16227766016838|3.16227766016838|1|1|1|0.316227766016838|0.316227766016838|0.316227766016838|0.1|0.1|0.1|0.0316227766016838|0.0316227766016838|0.0316227766016838|0.01|0.01|0.01,11.0510281838298|12.7498465344253|9.05417106548952|6.85582878534079|8.59180425292094|6.92073115594662|-0.0506960613603358|-0.127758842122737|1.53806734152701|0.142985109772064|-0.375821120145157|1.19099152634165|-0.56415003965354|0.0243454074365046|-0.0604482270531674|0.167870591498786|0.158789722881767|-0.358342207627788|1.35664138364347|1.34041661322297|0.694593993789938|4.60975381449123|1.67159192050947|1.189959927639,dt4,Definitive_rep2
Ca-074-Me,Cell_AGP_Compactness,Mahalanobis distance (cutoff = 1),19,0.8139018571430854,pow,15.743969097838061,1.7073190503151345,0.5780098068337198,NA,NA,1.345751061140354,NA,NA,NA,0.12066285970416535,1.0979536052860221,1.5238831091257115,1.704877511107954,2.9075696055334456e-13,-44.251121138808536,0.9999999993843148,5.9746268610956035,NA,12.814045687533744,1.0795215244987841,1.8068434223536192,3.0241945888187023,1.289582052603019,1.289582052603019,1.6108614648422137,10|10|10|7.5|7.5|7.5|3.16227766016838|3.16227766016838|3.16227766016838|1|1|1|0.316227766016838|0.316227766016838|0.316227766016838|0.1|0.1|0.1|0.0316227766016838|0.0316227766016838|0.0316227766016838|0.01|0.01|0.01,12.2916086368038|13.3546501548822|12.2323237558562|8.00364716018504|9.93905301386657|13.0329175596523|1.08298772049685|2.01708115292734|2.60831801875468|1.01396816895281|0.287256720927345|1.84132192876946|0.819317620907049|1.89307317287208|0.660244497912561|-0.221886672502637|0.149068569177455|1.08750284005463|1.36303428716833|1.93896323829604|1.36476723099891|5.38767307866761|0.767360983505914|1.03124259107937,dt4,Definitive_rep2
Ca-074-Me,Cell_ER_Radial,Mahalanobis distance (cutoff = 1),11,0.8139018571430854,exp5,14.942142465050148,0.7691449594609923,NA,NA,12.161437502000876,3.153404013516375,NA,5.4624728610269395,NA,-0.47245846157196764,1.0979536052860221,2.6788194697928858,3.068837655659258,6.331539800456815e-19,-27.932017413937142,0.9999999999401902,5.4624728610269395,NA,12.161437502000876,2.3922348886079585,3.0056629273182494,3.81321204257103,2.631369086250591,2.631369086250591,2.9049100369972356,10|10|10|7.5|7.5|7.5|3.16227766016838|3.16227766016838|3.16227766016838|1|1|1|0.316227766016838|0.316227766016838|0.316227766016838|0.1|0.1|0.1|0.0316227766016838|0.0316227766016838|0.0316227766016838|0.01|0.01|0.01,12.5832509643127|12.1418285474211|11.2895498550315|10.0482065137184|10.0208607354952|12.4687865543272|0.790676578335134|2.61977224039665|1.23975471277193|0.291309062711587|-0.0734627523882401|0.742783265672537|-0.311785295010048|-0.0402416031301631|0.610698893006299|-0.506994794878056|-0.29836865799504|-0.637783971681263|0.731326157936643|0.933058652199103|0.455226838810816|1.34716154760984|1.00446664933096|-0.647330837008339,dt4,Definitive_rep2
Ca-074-Me,Cell_ER_Axial,Mahalanobis distance (cutoff = 1),13,0.8139018571430854,hill,13.089102338520185,0.7810021797620517,NA,NA,10.65324470165748,4.465340648573017,NA,5.455566637013804,NA,-0.5403837984985914,1.0979536052860221,3.1108386758501916,3.620439480959815,3.2565759138836964e-17,-27.210704392719247,0.9999999998471273,5.455566637013804,NA,10.65324470165748,2.821413432845501,3.3353394564142342,3.999542239010402,3.1220573528828135,3.1220573528828135,3.3605144449596422,10|10|10|7.5|7.5|7.5|3.16227766016838|3.16227766016838|3.16227766016838|1|1|1|0.316227766016838|0.316227766016838|0.316227766016838|0.1|0.1|0.1|0.0316227766016838|0.0316227766016838|0.0316227766016838|0.01|0.01|0.01,10.9795075644823|9.66523933340939|9.69123312772677|7.60965648687714|9.16571655295195|8.68844875000675|1.00256218897879|0.382010820329678|1.13895066391491|-0.0667390311819176|-0.506284157611973|0.644950129359286|-0.300105550101641|0.10726616922675|0.0502951881255771|-0.300219316324982|0.568862537889475|-0.14532692095028|1.2226177698246|1.30889297062757|0.847896895146885|2.41236859579844|0.874887636057982|-0.334446286249839,dt4,Definitive_rep2
Ca-074-Me,Cell_ER_Compactness,Mahalanobis distance (cutoff = 1),13,0.8139018571430854,exp5,19.684903291284968,1.733755938823648,NA,NA,16.021579346458868,2.4929020870898104,NA,5.284740011458953,NA,-0.09578626425200867,1.0979536052860221,1.9441864089118062,2.2952556037676466,2.3207268236071946e-16,-41.00472635858404,0.999999999986585,5.284740011458953,NA,16.021579346458868,1.8596441650743245,2.482177355058868,3.3540270834927597,1.8718419388726353,1.8718419388726353,2.118593059431339,10|10|10|7.5|7.5|7.5|3.16227766016838|3.16227766016838|3.16227766016838|1|1|1|0.316227766016838|0.316227766016838|0.316227766016838|0.1|0.1|0.1|0.0316227766016838|0.0316227766016838|0.0316227766016838|0.01|0.01|0.01,22.4129000506059|15.7042921159866|14.5856531985584|11.2211955737832|13.1183513142235|15.3193312748188|2.97202181746915|3.08429206726019|1.85992314251263|0.573606979602768|0.699759510669654|1.52958720318333|0.323170601091526|0.331835671585967|1.79846380788025|-0.0144137356950788|0.0948472894162646|-0.0291832213410613|1.70068928407136|0.220510302692364|0.730204991173907|2.06910210299812|0.490531504466182|0.158167955232604,dt4,Definitive_rep2
Ca-074-Me,Nucleus_DNA_Profile,Mahalanobis distance (cutoff = 1),8,0.8139018571430854,exp5,5.501640899662595,0.6405379499441376,NA,NA,4.4777957455697415,7.999999911140519,NA,7.085972668770982,NA,-0.6209105321910116,1.0979536052860221,5.941344336606553,6.652284743047452,9.7142907310791e-10,-24.15748773036369,0.9999986984266298,7.085972668770982,NA,4.4777957455697415,5.117453001789582,5.599265037948751,6.149918099132673,6.068604730844018,6.068604730844018,6.330570838844852,10|10|10|7.5|7.5|7.5|3.16227766016838|3.16227766016838|3.16227766016838|1|1|1|0.316227766016838|0.316227766016838|0.316227766016838|0.1|0.1|0.1|0.0316227766016838|0.0316227766016838|0.0316227766016838|0.01|0.01|0.01,3.50336589880405|4.89430923293488|4.6544074295555|2.37415143825045|2.89755117245465|4.10500294969286|-0.515629120886846|0.0302968632592154|-0.30664234234788|-0.274101636137611|-0.58308100356657|-0.00588607719484757|-0.754217868366207|-0.064461073772356|-0.714935994898793|-0.312236358799445|0.209037181663297|-0.473937390378344|1.33555254220054|0.69544826047418|1.38435373847495|0.0083788564513636|0.48478259935861|-0.629458781058711,dt4,Definitive_rep2
Ca-074-Me,Nucleus_DNA_Radial,Mahalanobis distance (cutoff = 1),19,0.8139018571430854,exp5,21.524332458536897,2.4677819579845295,NA,NA,17.518694161768373,2.7965006179920953,NA,5.420933153123144,NA,0.48384678408407256,1.0979536052860221,2.072625192015504,2.5603619893673395,1.3813576126848023e-12,-52.57534633737103,0.9999999999515911,5.420933153123144,NA,17.518694161768373,2.1366043490513,2.7638397142100333,3.614545242710469,2.0798432093339043,2.0798432093339043,2.321885517800467,10|10|10|7.5|7.5|7.5|3.16227766016838|3.16227766016838|3.16227766016838|1|1|1|0.316227766016838|0.316227766016838|0.316227766016838|0.1|0.1|0.1|0.0316227766016838|0.0316227766016838|0.0316227766016838|0.01|0.01|0.01,17.7325523078687|17.5721282821386|15.9618317652724|12.3527549002895|14.498343854039|16.3139975371315|1.90660877339915|3.39863082183075|1.88436433611187|0.307597688881928|1.52627191703025|1.85590708095458|-0.0751651457295509|0.693145565796661|0.732715037719734|0.412453289998919|3.41679214625415|1.70452759252063|1.7558898869905|2.58844973512247|2.45926014943757|9.08940927695138|2.95601835418998|2.6028649728224,dt4,Definitive_rep2
Ca-074-Me,Nucleus_DNA_Axial,Mahalanobis distance (cutoff = 1),19,0.8139018571430854,exp5,27.794036336026466,2.1587604856657685,NA,NA,22.621617791394335,3.0910925953725794,NA,6.568425533292232,NA,0.3880826792412129,1.0979536052860221,2.6463990268242403,2.976010203785077,3.6816712383650517e-14,-50.15881224260296,0.9999999999697258,6.568425533292232,NA,22.621617791394335,2.8290935342118226,3.5709370242234684,4.552146755534,2.5374004330429867,2.5374004330429867,2.801325668221774,10|10|10|7.5|7.5|7.5|3.16227766016838|3.16227766016838|3.16227766016838|1|1|1|0.316227766016838|0.316227766016838|0.316227766016838|0.1|0.1|0.1|0.0316227766016838|0.0316227766016838|0.0316227766016838|0.01|0.01|0.01,22.9733663633279|20.3555606325048|19.7759672746923|11.2253625177386|15.674847551133|15.27192108583|1.30917722878507|1.51854870716205|1.64856503969224|0.724390063878489|1.86404081405936|2.70461328921012|-0.429737195205823|0.606082267260033|0.377627039654635|0.369532652373107|2.83470901076776|1.39764202094798|1.4287064299011|1.47953853379097|1.07947308477795|7.51275749415805|1.79313398185771|2.43777519492982,dt4,Definitive_rep2
Ca-074-Me,Nucleus_DNA_Compactness,Mahalanobis distance (cutoff = 1),17,0.8139018571430854,exp5,46.35746122581316,1.8858862282873161,NA,NA,37.7304237841279,3.092876779735321,NA,7.456396901518975,NA,0.330771857917317,1.0979536052860221,2.6104423187021157,2.771226241791881,9.986040449431831e-18,-48.47942475341718,0.9999999999962474,7.456396901518975,NA,37.7304237841279,3.2131135197189713,4.055109752515064,5.168634890001574,2.436836712067986,2.436836712067986,2.6878333874850364,10|10|10|7.5|7.5|7.5|3.16227766016838|3.16227766016838|3.16227766016838|1|1|1|0.316227766016838|0.316227766016838|0.316227766016838|0.1|0.1|0.1|0.0316227766016838|0.0316227766016838|0.0316227766016838|0.01|0.01|0.01,31.4420198253264|31.789369515272|25.6052441280202|20.8775007587784|17.5508868494017|18.9282590529313|1.22736545231759|2.19865321047337|2.02800165912975|0.241580197860265|2.98384893062787|0.178726478923603|-0.568076007476146|0.801471527476376|0.139520775577987|0.629554009044495|2.98302875466588|0.567868178162075|2.39240718987972|2.09327802113097|1.54802737809235|3.76779704556453|0.867659441770052|1.709468542883,dt4,Definitive_rep2
Ca-074-Me,Nucleus_position_position,Mahalanobis distance (cutoff = 1),24,0.8139018571430854,exp4,8.035339856427697,3.224117636196932,NA,NA,6.539978031922356,NA,NA,0.04313253801353607,NA,0.8669116700755719,1.0979536052860221,0.0037540933915270252,0.02429234363044506,1.7755663796177306e-8,-61.35048591736606,0.999999982072042,0.04313253801353607,NA,6.539978031922356,0.0031918328921474804,0.006556279206193693,0.013885575790354402,0.008270186549694813,0.008270186549694813,0.01143626281329233,10|10|10|7.5|7.5|7.5|3.16227766016838|3.16227766016838|3.16227766016838|1|1|1|0.316227766016838|0.316227766016838|0.316227766016838|0.1|0.1|0.1|0.0316227766016838|0.0316227766016838|0.0316227766016838|0.01|0.01|0.01,5.9584483833011|5.43321018925331|4.966320183902|6.20631785878924|9.57377045426142|7.23240570049387|5.87062438141274|3.40986867720949|2.79459944301601|9.25915778061219|3.9953305313775|15.3214014365714|13.5096812227021|7.37777047707823|10.6091427977448|4.66108510197629|2.17123124656459|4.1559483438951|2.73127735146662|2.4561319331123|4.734123932202|2.51578078099691|0.913585292806762|6.95429238180317,dt4,Definitive_rep2
Ca-074-Me,Nuclei_Shape_Morph,Mahalanobis distance (cutoff = 1),7,0.8139018571430854,exp5,15.895110158165792,0.7672068621387388,NA,NA,12.93705967722506,4.890577681432992,NA,6.312096904287983,NA,-0.6866689132997092,1.0979536052860221,4.025522801507905,4.294830169490602,1.7774850329610446e-19,-25.311833496406564,0.9999999998845504,6.312096904287983,NA,12.93705967722506,3.7064719067557124,4.294208015894253,5.006367681202783,3.890112794462771,3.890112794462771,4.145582934679661,10|10|10|7.5|7.5|7.5|3.16227766016838|3.16227766016838|3.16227766016838|1|1|1|0.316227766016838|0.316227766016838|0.316227766016838|0.1|0.1|0.1|0.0316227766016838|0.0316227766016838|0.0316227766016838|0.01|0.01|0.01,12.8033703745229|13.997990663296|10.7819072549763|8.25480517673672|10.420363791008|10.7235050674601|0.0588919047016626|0.122257286738132|0.795416783716473|-0.165328039603627|0.350119630604683|0.71048250195759|-0.665789860220136|-0.406616491352609|-0.235980151918092|-0.615989914235665|0.240558271233094|-0.315878411903609|-0.205330408247293|-0.321873546966665|-0.220587361470957|1.16483046736136|-0.29371981813588|-0.0968330720203912,dt4,Definitive_rep2
Tetrandrine,Ring_Mito_Texture,Mahalanobis distance (cutoff = 1),14,0.8139018571430854,exp5,7.023225020766024,1.1807349483033798,NA,NA,5.716215887535251,7.99908191219693,NA,0.46372955378791325,NA,-0.11230983568983986,1.0979536052860221,0.35823419683536906,0.4833279644408605,9.504056654126982e-12,-37.61990377746608,0.9999999993921922,0.46372955378791325,NA,5.716215887535251,0.33489058903956875,0.36642457278722373,0.4024644941979661,0.38410591326282467,0.38410591326282467,0.40019824931131254,11.1111111111111|11.1111111111111|11.1111111111111|3.7037037037037|3.7037037037037|3.7037037037037|1.23456790123457|1.23456790123457|1.23456790123457|0.411522633744856|0.411522633744856|0.411522633744856|0.137174211248285|0.137174211248285|0.137174211248285|0.0316227766016838|0.0316227766016838|0.0316227766016838|0.01|0.01|0.01|0.00316227766016838|0.00316227766016838|0.00316227766016838,4.19067244017989|5.80364049480508|4.6979525370098|7.82947854972481|8.0706416098769|5.53365956790078|6.84801568981034|4.72225181511021|5.67009764442578|1.13558798615363|4.47595676347731|0.695247459995167|-0.00120321409472235|-0.524944507609808|0.27198601663003|-0.0814163675852162|0.951753400667858|-0.0839425486046436|-0.447883826200255|0.662629131950683|-0.347234763614162|1.72356834815343|1.50965657791832|0.439372994352553,dt4,Definitive_rep2
Tetrandrine,Ring_AGP_Texture,Mahalanobis distance (cutoff = 1),11,0.8139018571430854,exp5,36.625262780146485,5.238331675912666,NA,NA,29.809369395114746,7.999862420748329,NA,1.5101215696942436,NA,0.4979195624955821,1.0979536052860221,1.0015198755778527,1.1219638489508466,1.2227776904951919e-11,-66.31210237174663,0.999999999890856,1.5101215696942436,NA,29.809369395114746,1.0905959272500587,1.1932781966233494,1.3106318347023727,1.009677809450734,1.009677809450734,1.0488185414089626,11.1111111111111|11.1111111111111|11.1111111111111|3.7037037037037|3.7037037037037|3.7037037037037|1.23456790123457|1.23456790123457|1.23456790123457|0.411522633744856|0.411522633744856|0.411522633744856|0.137174211248285|0.137174211248285|0.137174211248285|0.0316227766016838|0.0316227766016838|0.0316227766016838|0.01|0.01|0.01|0.00316227766016838|0.00316227766016838|0.00316227766016838,15.1055188371905|36.1101319744233|18.3272255338949|29.6204081018437|44.4500406779707|29.5144717330129|4.834487469125|3.52520465755877|3.25029899370299|-0.446538218141506|-0.119048432343097|-0.210797177920465|-0.452226842131925|-0.0815276959174789|0.272765722529903|-0.296335647928995|7.2353201255268|0.305725316624536|-0.447118402697678|1.14878994627213|-0.37027652844039|-0.37746039549368|-0.179855508431018|-0.0833352072741262,dt4,Definitive_rep2
Tetrandrine,Ring_ER_Texture,Mahalanobis distance (cutoff = 1),18,0.8139018571430854,pow,9.745740068372376,5.099583799867154,2.284310295580066,NA,NA,0.5169762312543491,NA,NA,NA,0.35946294926801237,1.0979536052860221,0.18601994871163255,0.3374373091816604,6.867708509889807e-7,-54.54632837186433,0.9999991834635663,2.9071515519481634,NA,7.932075940882056,0.033817598705866946,0.12925060493666155,0.49399482860368543,0.13585272337493595,0.13585272337493595,0.24241176924749783,11.1111111111111|11.1111111111111|11.1111111111111|3.7037037037037|3.7037037037037|3.7037037037037|1.23456790123457|1.23456790123457|1.23456790123457|0.411522633744856|0.411522633744856|0.411522633744856|0.137174211248285|0.137174211248285|0.137174211248285|0.0316227766016838|0.0316227766016838|0.0316227766016838|0.01|0.01|0.01|0.00316227766016838|0.00316227766016838|0.00316227766016838,8.50605951527685|8.69369391866826|7.81054524480715|2.58759647001439|3.74798753683573|1.13675393138374|3.22993941599847|5.3846746746997|4.0707582589478|0.0220039631724502|1.29669035406809|0.238145851662314|0.176396220598146|2.26360561810349|-0.182005954309968|3.1171271394149|24.3546189013344|1.55600002625248|-0.00964545952131224|1.35039083074498|0.595300548634352|1.22078432338002|1.45263696074569|1.50264988026768,dt4,Definitive_rep2
Tetrandrine,Ring_Mito_Intensity,Mahalanobis distance (cutoff = 1),18,0.8139018571430854,exp5,25.311676911716123,1.9715513822712685,NA,NA,20.601220845851508,1.3913330529898515,NA,2.545224851981372,NA,0.1530931109353592,1.0979536052860221,0.37208533276094624,0.45205634623614593,2.5535222126120463e-16,-46.298330979384886,0.9999999999989984,2.545224851981372,NA,20.601220845851508,0.39174699540740976,0.6571957084422079,1.1270291503491994,0.3294460858447945,0.3294460858447945,0.4106457310888368,11.1111111111111|11.1111111111111|11.1111111111111|3.7037037037037|3.7037037037037|3.7037037037037|1.23456790123457|1.23456790123457|1.23456790123457|0.411522633744856|0.411522633744856|0.411522633744856|0.137174211248285|0.137174211248285|0.137174211248285|0.0316227766016838|0.0316227766016838|0.0316227766016838|0.01|0.01|0.01|0.00316227766016838|0.00316227766016838|0.00316227766016838,27.6154650226798|19.2184293471857|20.7999269644619|13.6988334748986|13.6176215985686|15.6418927244564|4.75961574141025|4.53765231730422|4.55329584723151|0.454502946193234|0.754128306485166|1.54483312638743|0.478483537596918|0.332139436074225|0.645968501208995|3.23419182933971|1.47816948627313|1.04244022921515|0.861512014021609|3.24471356456087|-0.346078227386045|1.86965028198336|2.73822625403133|1.28799832933189,dt4,Definitive_rep2
Tetrandrine,Ring_AGP_Intensity,Mahalanobis distance (cutoff = 1),10,0.8139018571430854,hill,59.50922316011673,3.9636402288289045,NA,NA,48.434667247161315,3.6038304344408494,NA,3.0446529506844753,NA,-0.03987182324776018,1.0979536052860221,1.0421731869868525,1.1108080688004018,6.413728948089105e-20,-54.48760123542144,0.9999999999999515,3.0446529506844753,NA,48.434667247161315,1.344949590108527,1.6548253562238788,2.072414700450802,0.9843825599873657,0.9843825599873657,1.0714229134096998,11.1111111111111|11.1111111111111|11.1111111111111|3.7037037037037|3.7037037037037|3.7037037037037|1.23456790123457|1.23456790123457|1.23456790123457|0.411522633744856|0.411522633744856|0.411522633744856|0.137174211248285|0.137174211248285|0.137174211248285|0.0316227766016838|0.0316227766016838|0.0316227766016838|0.01|0.01|0.01|0.00316227766016838|0.00316227766016838|0.00316227766016838,35.316476125605|60.5145158039194|47.981325126998|29.1240414294869|32.7457258916461|32.9998213012117|2.07698403758397|0.601038413760252|2.52269673605363|-0.263069629757652|-0.00619881328780547|-0.517341242053144|-0.059827825154758|-0.699432773154831|-0.554108252285818|-0.0878265602023565|6.59926653790542|-0.552560369818333|0.821243191490158|0.0848861909424361|-0.143120612977473|0.413036260394093|0.374696063387948|-0.327288291889446,dt4,Definitive_rep2
Tetrandrine,Ring_ER_Intensity,Mahalanobis distance (cutoff = 1),8,0.8139018571430854,exp5,7.945626481774376,2.9540579205843933,NA,NA,6.466960149681444,7.999997324924847,NA,3.9295817449952386,NA,-0.44713256591981065,1.0979536052860221,3.179259072747134,3.5157565461907683,9.558971320116234e-9,-37.04296515787078,0.999985360856864,3.9295817449952386,NA,6.466960149681444,2.8379234186911932,3.105116126188767,3.4104851822545093,3.201379969159826,3.201379969159826,3.33388566923204,11.1111111111111|11.1111111111111|11.1111111111111|3.7037037037037|3.7037037037037|3.7037037037037|1.23456790123457|1.23456790123457|1.23456790123457|0.411522633744856|0.411522633744856|0.411522633744856|0.137174211248285|0.137174211248285|0.137174211248285|0.0316227766016838|0.0316227766016838|0.0316227766016838|0.01|0.01|0.01|0.00316227766016838|0.00316227766016838|0.00316227766016838,7.41804541423022|6.48773065074921|5.35581378971414|3.21761417454164|1.90163851184531|1.9791836992802|-0.527455373601915|-0.368334627871031|0.0242412856514395|-0.602138821258752|-0.487950604329115|-0.0974425135455674|-0.614285916054304|2.19970606751998|-0.622767695769912|0.587020974913548|14.0671351317479|0.421814452194321|-0.505091931913365|-0.59912813833135|-0.483359181482017|-0.224028122360322|-0.296034596750942|-0.392212134211035,dt4,Definitive_rep2
Tetrandrine,Cytoplasm_Mito_Texture,Mahalanobis distance (cutoff = 1),11,0.8139018571430854,exp4,32.94996344538407,1.6756561678189419,NA,NA,26.818036440994874,NA,NA,3.453532798283608,NA,0.15624351924318952,1.0979536052860221,0.1824828591194564,0.2377554084967273,9.130078726618919e-18,-45.36752833696971,0.9999999999996244,3.453532798283608,NA,26.818036440994874,0.255563435108141,0.5249476686530481,1.1117892343824631,0.15355299267803096,0.15355299267803096,0.20827676448246443,11.1111111111111|11.1111111111111|11.1111111111111|3.7037037037037|3.7037037037037|3.7037037037037|1.23456790123457|1.23456790123457|1.23456790123457|0.411522633744856|0.411522633744856|0.411522633744856|0.137174211248285|0.137174211248285|0.137174211248285|0.0316227766016838|0.0316227766016838|0.0316227766016838|0.01|0.01|0.01|0.00316227766016838|0.00316227766016838|0.00316227766016838,20.4807688576228|27.2119987875432|24.1879027406296|9.89434814086649|13.0800730436972|14.4966435822504|8.72639211323392|6.12837133079841|8.41154901502405|0.683359040882225|4.57400313280912|2.03601255132671|-0.234865700921495|-0.497753916966082|0.494939362988296|-0.107570459651167|0.133989150531975|-0.363069166469795|-0.361898505057904|-0.0540629007115649|0.0884720591562402|0.56610560032086|-0.0595970563327256|-0.391958839829188,dt4,Definitive_rep2
Tetrandrine,Cytoplasm_AGP_Texture,Mahalanobis distance (cutoff = 1),10,0.8139018571430854,hill,59.419091900973086,2.4809191703879323,NA,NA,48.36130924795766,5.281490955704575,NA,1.9133329984284944,NA,0.19583704304583016,1.0979536052860221,0.8892400008290111,1.0097935968196556,9.865111123508953e-25,-50.673330051106035,0.9999999999999879,1.9133329984284944,NA,48.36130924795766,1.0956472397691381,1.2621583151554205,1.4716218846158065,0.8857481184848599,0.8857481184848599,0.9384680271592962,11.1111111111111|11.1111111111111|11.1111111111111|3.7037037037037|3.7037037037037|3.7037037037037|1.23456790123457|1.23456790123457|1.23456790123457|0.411522633744856|0.411522633744856|0.411522633744856|0.137174211248285|0.137174211248285|0.137174211248285|0.0316227766016838|0.0316227766016838|0.0316227766016838|0.01|0.01|0.01|0.00316227766016838|0.00316227766016838|0.00316227766016838,43.2005423604805|55.9089004848282|48.6052083485483|40.6456997058348|50.5741061930129|46.5997158733436|5.24879608287629|4.68790676819058|2.7832891305442|-0.669660039030175|-0.55919409196968|-0.577089589551177|-0.601736882569637|-0.674602629826481|-0.15373690512806|-0.520359472993298|1.86537016185733|-0.75117145464696|-0.476668876136875|-0.740971193025921|-0.510936787999526|0.372875715590983|-0.275693551470765|-0.487004654297189,dt4,Definitive_rep2
Tetrandrine,Cytoplasm_ER_Texture,Mahalanobis distance (cutoff = 1),12,0.8139018571430854,exp4,8.019404039560714,1.8822298627344116,NA,NA,6.527007840979225,NA,NA,3.051329326917169,NA,-0.03153468527219155,1.0979536052860221,0.5427795027368717,1.1580253769785482,4.21704619486574e-8,-42.442836222352376,0.9999979791140758,3.051329326917169,NA,6.527007840979225,0.225800144368319,0.4638114968110118,0.9823086370883817,0.5863021858985464,0.5863021858985464,0.8108019020701118,11.1111111111111|11.1111111111111|11.1111111111111|3.7037037037037|3.7037037037037|3.7037037037037|1.23456790123457|1.23456790123457|1.23456790123457|0.411522633744856|0.411522633744856|0.411522633744856|0.137174211248285|0.137174211248285|0.137174211248285|0.0316227766016838|0.0316227766016838|0.0316227766016838|0.01|0.01|0.01|0.00316227766016838|0.00316227766016838|0.00316227766016838,5.79160739538131|7.6202398781343|5.12943700385022|2.81638296999869|5.64731518594926|3.27845760679678|1.26997385858481|2.01370962040747|3.96468378381378|-0.36390165883243|-0.0240271543683145|-0.132613450307936|-0.122799020794091|2.85841369381543|-0.576188074282312|0.811456107051278|7.67651855235908|1.415431905819|-0.253593042014717|-0.137424256158706|-0.373941837094071|-0.0293819682594584|-0.660599585666927|-0.259477465982146,dt4,Definitive_rep2
Tetrandrine,Cytoplasm_Mito_Intensity,Mahalanobis distance (cutoff = 1),19,0.8139018571430854,poly1,46.44800293540163,2.427956815458939,3.402370426473982,NA,NA,NA,NA,NA,NA,0.41063159091365653,1.0979536052860221,0.30715038922176635,0.33648118029283797,5.0175405348759804e-18,-52.130763321097184,0.9999999999994947,5.555555555555549,NA,37.80411584971087,0.555555555555555,1.11111111111111,2.22222222222222,0.23921612144582557,0.23921612144582557,0.3227025478304187,11.1111111111111|11.1111111111111|11.1111111111111|3.7037037037037|3.7037037037037|3.7037037037037|1.23456790123457|1.23456790123457|1.23456790123457|0.411522633744856|0.411522633744856|0.411522633744856|0.137174211248285|0.137174211248285|0.137174211248285|0.0316227766016838|0.0316227766016838|0.0316227766016838|0.01|0.01|0.01|0.00316227766016838|0.00316227766016838|0.00316227766016838,46.160706698307|37.4077806800723|37.0224441797745|11.959064587552|11.9244632994938|15.5630809248276|4.72575054563996|3.56210281180293|5.00153514758878|0.277347795218319|1.68384237458059|1.89825873017219|0.385631880713703|0.497507349281847|0.537216055652452|3.85317466030776|0.900805201475211|2.24879114389634|1.53154720448664|4.40836546828281|-0.421170589191847|1.28402626103783|3.29679325102965|2.26066816856044,dt4,Definitive_rep2
Tetrandrine,Cytoplasm_AGP_Intensity,Mahalanobis distance (cutoff = 1),10,0.8139018571430854,hill,74.62487166943976,5.775165427479323,NA,NA,60.737321640821435,3.759754661683448,NA,3.3347195805936343,NA,-0.02474032092796636,1.0979536052860221,1.1274328469942245,1.1845809820742716,4.3963787905934555e-22,-55.170548870466256,0.999999999999964,3.3347195805936343,NA,60.737321640821435,1.5238530350291233,1.858894992528077,2.3063570024811457,1.0628643372239581,1.0628643372239581,1.1524088690727836,11.1111111111111|11.1111111111111|11.1111111111111|3.7037037037037|3.7037037037037|3.7037037037037|1.23456790123457|1.23456790123457|1.23456790123457|0.411522633744856|0.411522633744856|0.411522633744856|0.137174211248285|0.137174211248285|0.137174211248285|0.0316227766016838|0.0316227766016838|0.0316227766016838|0.01|0.01|0.01|0.00316227766016838|0.00316227766016838|0.00316227766016838,49.8371498364168|85.8323196744177|60.3010673765347|32.0920946868852|37.3176809020366|36.2203265936303|1.61721456988459|0.630267041467355|1.97401275851563|-0.434831997115417|-0.15688814633026|-0.617478176364197|-0.120623726837779|-0.65376536526373|-0.67275016859644|-0.221123179368054|3.00718311117115|-0.600219553878183|1.21158461885693|-0.00171923569164401|-0.355887675869279|0.084002322531167|-0.360898222081106|-0.41410306494194,dt4,Definitive_rep2
Tetrandrine,Cytoplasm_ER_Intensity,Mahalanobis distance (cutoff = 1),14,0.8139018571430854,poly1,26.725399019992768,4.103689542796242,1.9576666705735914,NA,NA,NA,NA,NA,NA,0.34166903362319434,1.0979536052860221,0.5144979547736407,0.6113782237020438,2.34199191140746e-13,-53.31187440533519,0.9999999978453492,5.55555555555555,NA,21.751851895262106,0.555555555555555,1.11111111111111,2.22222222222222,0.4157509903892955,0.4157509903892955,0.5608480860351597,11.1111111111111|11.1111111111111|11.1111111111111|3.7037037037037|3.7037037037037|3.7037037037037|1.23456790123457|1.23456790123457|1.23456790123457|0.411522633744856|0.411522633744856|0.411522633744856|0.137174211248285|0.137174211248285|0.137174211248285|0.0316227766016838|0.0316227766016838|0.0316227766016838|0.01|0.01|0.01|0.00316227766016838|0.00316227766016838|0.00316227766016838,21.5197681437008|24.4926260746033|19.327474440973|6.09388592781559|8.58713036868419|8.99302375388731|1.55540246254936|0.49781673658605|2.93880785220549|-0.118378389022671|-0.0542659239962651|0.464945153340709|-0.111021818763569|3.9179221926149|-0.487244435134866|1.0265849651685|18.8687947330652|1.98390975419524|-0.421602451718741|-0.261701042398306|-0.408651708772514|0.366526735870941|2.07722104552513|0.966987379652837,dt4,Definitive_rep2
Tetrandrine,Cytoplasm_Mito_Profile,Mahalanobis distance (cutoff = 1),16,0.8139018571430854,exp5,37.29903815363617,1.6464665675602426,NA,NA,30.357756422895275,1.3036717722935856,NA,3.6145098654475736,NA,0.025231668020976674,1.0979536052860221,0.35184745926383654,0.4126820546502278,2.6129492837399393e-19,-43.42603885974851,0.9999999999999697,3.6145098654475736,NA,30.357756422895275,0.49054642842115226,0.8520746914977283,1.5151961300124555,0.3013490664869892,0.3013490664869892,0.3805379667236095,11.1111111111111|11.1111111111111|11.1111111111111|3.7037037037037|3.7037037037037|3.7037037037037|1.23456790123457|1.23456790123457|1.23456790123457|0.411522633744856|0.411522633744856|0.411522633744856|0.137174211248285|0.137174211248285|0.137174211248285|0.0316227766016838|0.0316227766016838|0.0316227766016838|0.01|0.01|0.01|0.00316227766016838|0.00316227766016838|0.00316227766016838,28.8442301743985|29.2141578537545|28.4307145139041|17.3313331786633|15.74772649904|13.4886762245073|5.33553369713328|3.63615495099222|4.0812829484564|1.64374439954946|2.93788968159227|1.40531902994737|0.485918118448563|-0.160816541763891|0.5429988338473|-0.032003168520903|4.1943018446894|0.275963949102186|0.0218002666746782|-0.26741124033932|0.0607487444070535|4.72708333892044|2.19705992884413|2.68707828579693,dt4,Definitive_rep2
Tetrandrine,Cytoplasm_AGP_Profile,Mahalanobis distance (cutoff = 1),12,0.8139018571430854,exp5,87.6736645293465,2.6748238410981573,NA,NA,71.35775838297496,2.8413327842469442,NA,3.160670555471243,NA,-0.20428718469019697,1.0979536052860221,0.8200021562321638,0.8417651755278707,1.1804951146917265e-27,-46.328140816606144,0.9999999999999999,3.160670555471243,NA,71.35775838297496,1.2641812664898335,1.6286742454737517,2.1209781459561423,0.7462566473787038,0.7462566473787038,0.8297614484006333,11.1111111111111|11.1111111111111|11.1111111111111|3.7037037037037|3.7037037037037|3.7037037037037|1.23456790123457|1.23456790123457|1.23456790123457|0.411522633744856|0.411522633744856|0.411522633744856|0.137174211248285|0.137174211248285|0.137174211248285|0.0316227766016838|0.0316227766016838|0.0316227766016838|0.01|0.01|0.01|0.00316227766016838|0.00316227766016838|0.00316227766016838,75.0679791410157|71.3697147729835|67.7637181467537|47.5533229895315|42.5150440543677|47.576721135329|3.75067419893096|3.29934446618808|2.91550866113228|0.977374282896337|-0.0860449976880138|0.330327225038078|0.285844185174961|-0.320449597485736|-0.129667556615143|0.692621018101585|10.8536460202589|0.108833033254429|-0.280636438983584|-0.197138758313161|-0.306755621122127|1.27402159230082|-0.540983835597395|-0.418946791757896,dt4,Definitive_rep2
Tetrandrine,Cytoplasm_ER_Profile,Mahalanobis distance (cutoff = 1),15,0.8139018571430854,pow,22.39457203500316,4.692008234408474,4.2058326406741795,NA,NA,0.608996660729789,NA,NA,NA,0.17569149862509223,1.0979536052860221,0.10013287399653208,0.12187271734992089,4.452841339902105e-14,-52.18308703349852,0.999999999984728,3.5600217610770613,NA,18.22698376921368,0.0811722387725265,0.2533450143479781,0.7907099430242746,0.06741586894022593,0.06741586894022593,0.11021675622787001,11.1111111111111|11.1111111111111|11.1111111111111|3.7037037037037|3.7037037037037|3.7037037037037|1.23456790123457|1.23456790123457|1.23456790123457|0.411522633744856|0.411522633744856|0.411522633744856|0.137174211248285|0.137174211248285|0.137174211248285|0.0316227766016838|0.0316227766016838|0.0316227766016838|0.01|0.01|0.01|0.00316227766016838|0.00316227766016838|0.00316227766016838,19.2418401512832|18.2167226536199|17.424716884399|8.2962719543947|11.6264849524819|8.04501660163323|5.58215049793642|4.84331916095401|10.0899451837758|0.738777478061737|3.15058514459397|0.338148532271292|0.628609451657274|1.7277137710322|0.312147420833161|2.20565289914922|22.3197208747461|1.06051065959462|1.38333836314866|0.0164464531121359|0.310523097280361|0.305705689796475|0.703610040390325|0.455086174057924,dt4,Definitive_rep2
Tetrandrine,Cytoplasm_DNA_Profile,Mahalanobis distance (cutoff = 1),20,0.8139018571430854,exp2,46.921954904959314,5.603719782964085,11.38263021091968,7.551655890395839,NA,NA,NA,NA,NA,0.8941772777078767,1.0979536052860221,0.6586353840861506,0.7668294187084996,9.649326164581236e-10,-68.16980469813475,0.9999999981063042,7.4376429278570395,NA,38.18986623793049,1.1711343244496992,2.1847942230713597,3.877278827111024,0.521540968926355,0.521540968926355,0.6953988713412078,11.1111111111111|11.1111111111111|11.1111111111111|3.7037037037037|3.7037037037037|3.7037037037037|1.23456790123457|1.23456790123457|1.23456790123457|0.411522633744856|0.411522633744856|0.411522633744856|0.137174211248285|0.137174211248285|0.137174211248285|0.0316227766016838|0.0316227766016838|0.0316227766016838|0.01|0.01|0.01|0.00316227766016838|0.00316227766016838|0.00316227766016838,55.3763052629079|38.9124901338985|27.9275077465088|7.41118841774223|6.24543882316081|5.71277333671702|3.72523098226341|4.03284105931969|3.87699081083772|1.18331756128123|1.75364666521425|-0.0187152049271502|2.94297861489824|0.333875666378846|1.69371543031623|4.22400260913921|16.9578401925517|2.81824769106278|1.15723507644611|0.440345180392524|0.0563310237767675|1.18292078478671|2.75132045065158|2.38958269916511,dt4,Definitive_rep2
Tetrandrine,Membrane_AGP_Texture,Mahalanobis distance (cutoff = 1),10,0.8139018571430854,exp5,49.625085555839064,5.365692152422186,NA,NA,40.389949294781914,7.999986015587593,NA,1.5012267815990241,NA,0.2942867288817689,1.0979536052860221,0.9743833159506119,1.0395929793141292,3.4511285538567962e-22,-58.25497649027661,0.9999999999999539,1.5012267815990241,NA,40.389949294781914,1.0841776444849016,1.1862539678093824,1.302914915797035,0.965899065384538,0.965899065384538,1.0031780203967442,11.1111111111111|11.1111111111111|11.1111111111111|3.7037037037037|3.7037037037037|3.7037037037037|1.23456790123457|1.23456790123457|1.23456790123457|0.411522633744856|0.411522633744856|0.411522633744856|0.137174211248285|0.137174211248285|0.137174211248285|0.0316227766016838|0.0316227766016838|0.0316227766016838|0.01|0.01|0.01|0.00316227766016838|0.00316227766016838|0.00316227766016838,37.5308797156223|64.1981719926662|40.950834935873|38.461364243953|47.4703783079465|47.5172176106881|5.04263002302196|6.44119407133444|4.96521593654516|-0.645388551158993|-0.487031241303805|-0.33846659360964|-0.667667744333707|-0.734233089578133|-0.101586686610556|-0.403647574941101|2.34914150098491|-0.720719006689858|-0.501386165281977|-0.614815177395907|-0.679134664241351|-0.263035968586731|-0.550409757640025|-0.43894660194893,dt4,Definitive_rep2
Tetrandrine,Membrane_AGP_Intensity,Mahalanobis distance (cutoff = 1),11,0.8139018571430854,exp5,46.788758107554244,6.504413778987143,NA,NA,38.081457117156994,7.999647686963433,NA,1.754523150755945,NA,0.40204027692203326,1.0979536052860221,1.0898123233405743,1.528401116582899,8.085340413763785e-18,-60.53819873333171,0.9999999999954574,1.754523150755945,NA,38.081457117156994,1.2670894343659658,1.386392346949516,1.5227417426868688,1.13727449205211,1.13727449205211,1.1812023849583122,11.1111111111111|11.1111111111111|11.1111111111111|3.7037037037037|3.7037037037037|3.7037037037037|1.23456790123457|1.23456790123457|1.23456790123457|0.411522633744856|0.411522633744856|0.411522633744856|0.137174211248285|0.137174211248285|0.137174211248285|0.0316227766016838|0.0316227766016838|0.0316227766016838|0.01|0.01|0.01|0.00316227766016838|0.00316227766016838|0.00316227766016838,30.3055535683481|67.9470753734863|34.275277771098|39.8194632279531|43.195379962972|37.6262194325293|1.79677177424833|1.07498039161408|1.78170004397911|-0.435066680141738|-0.212538303903893|-0.673621561026216|-0.0758010312972074|-0.694983488752003|-0.71546969880853|0.115293835648848|2.94890556683827|-0.457706291424608|2.63847833945777|0.170855605987947|-0.536159120307809|-0.510307718959119|-0.389233149583845|-0.672233808118438,dt4,Definitive_rep2
Tetrandrine,Nucleus_RNA_Profile,Mahalanobis distance (cutoff = 1),16,0.8139018571430854,exp4,10.16821219121132,4.390904418523586,NA,NA,8.275926786251855,NA,NA,1.1674917837473142,NA,0.6334301490146081,1.0979536052860221,0.13488272954852032,0.4135282940121426,2.834133241467059e-7,-59.34657088322693,0.9999991940782115,1.1674917837473142,NA,8.275926786251855,0.08639507082813352,0.17746236270127105,0.3758484057384212,0.17436922043150002,0.17436922043150002,0.2397378408707068,11.1111111111111|11.1111111111111|11.1111111111111|3.7037037037037|3.7037037037037|3.7037037037037|1.23456790123457|1.23456790123457|1.23456790123457|0.411522633744856|0.411522633744856|0.411522633744856|0.137174211248285|0.137174211248285|0.137174211248285|0.0316227766016838|0.0316227766016838|0.0316227766016838|0.01|0.01|0.01|0.00316227766016838|0.00316227766016838|0.00316227766016838,7.69943881596128|12.2007857258681|6.19804047270335|6.37999020556071|11.6991689032421|6.65574477038666|4.8496251492862|2.26761036548665|9.04962224617507|-0.266086176826757|2.83694848104962|0.0319950028628283|-0.0495661159516266|2.82994570256281|-0.269444163414244|0.459099632807554|19.2906860524287|1.22504296654975|-0.397359543389961|-0.460494964219095|0.744037737264939|0.932891311866306|3.18205393420825|1.26234364566558,dt4,Definitive_rep2
Tetrandrine,Nucleus_RNA_Radial,Mahalanobis distance (cutoff = 1),13,0.8139018571430854,exp2,5.389539188603167,4.566974394075346,1.0162967095865124e-4,1.0410736520563786,NA,NA,NA,NA,NA,0.08986701102182465,1.0979536052860221,9.482662055712492,9.919408855677656,0.0012258604361473511,-49.44939363614776,0.9987245191417764,10.389517963650183,NA,4.386555954749555,7.992791342101038,8.71416749201845,9.435664179371637,9.357570172380953,9.357570172380953,9.669196077390488,11.1111111111111|11.1111111111111|11.1111111111111|3.7037037037037|3.7037037037037|3.7037037037037|1.23456790123457|1.23456790123457|1.23456790123457|0.411522633744856|0.411522633744856|0.411522633744856|0.137174211248285|0.137174211248285|0.137174211248285|0.0316227766016838|0.0316227766016838|0.0316227766016838|0.01|0.01|0.01|0.00316227766016838|0.00316227766016838|0.00316227766016838,4.7809773245394|3.72490829184531|4.61261411075064|-0.161464954785485|-0.511612983168121|-0.271233930281592|0.335953589385193|-0.25570938524579|-0.501781703145754|0.768060895121003|-0.115318993575103|1.04495299091116|0.283861102560955|2.52637523043427|0.974107227512189|2.30740922460841|21.6581345083407|1.77670029142475|-0.265005734811191|0.433099472495547|2.06289425257227|1.9808197576319|1.34525084408381|1.4907959663313,dt4,Definitive_rep2
Tetrandrine,Nucleus_RNA_Compactness,Mahalanobis distance (cutoff = 1),10,0.8139018571430854,exp2,11.26993616002999,4.6315636767846105,1.483460615035217,5.635142784082212,NA,NA,NA,NA,NA,-0.4803552331579629,1.0979536052860221,2.997993175608921,3.2960554550101113,2.5136445817471055e-10,-39.44118178789729,0.9999959967013895,7.9395970365637485,NA,9.172621970532422,1.5180397506693835,2.7127140751521077,4.5361775877088295,2.464721866079062,2.464721866079062,3.121642482011103,11.1111111111111|11.1111111111111|11.1111111111111|3.7037037037037|3.7037037037037|3.7037037037037|1.23456790123457|1.23456790123457|1.23456790123457|0.411522633744856|0.411522633744856|0.411522633744856|0.137174211248285|0.137174211248285|0.137174211248285|0.0316227766016838|0.0316227766016838|0.0316227766016838|0.01|0.01|0.01|0.00316227766016838|0.00316227766016838|0.00316227766016838,9.14775168048353|10.2535254947326|7.47773577143257|1.58174058124011|1.14436190559843|1.43995813975765|-0.128335932832039|0.990602459802233|0.105266443046857|0.526267968255478|-0.475583983990803|0.563331364787683|-0.428191953875294|2.15349012652016|-0.492298493360824|0.507823099453535|22.4265712247476|0.397760552466877|-0.189535969781366|-0.0102675811359835|-0.328520090270567|0.335509001886323|0.958553532063702|-0.371429187014226,dt4,Definitive_rep2
Tetrandrine,Nucleus_RNA_Symmetry,Mahalanobis distance (cutoff = 1),19,0.8139018571430854,poly1,7.900832168997607,5.6709930121284895,0.5787451777790691,NA,NA,NA,NA,NA,NA,0.52435896261446,1.0979536052860221,1.5195257919713736,2.571700717882497,2.5352305016521266e-4,-58.36210777760081,0.9997378653480952,5.55555555555555,NA,6.430501975322984,0.555555555555555,1.11111111111111,2.22222222222222,1.4063216220071648,1.4063216220071648,1.8971278680876653,11.1111111111111|11.1111111111111|11.1111111111111|3.7037037037037|3.7037037037037|3.7037037037037|1.23456790123457|1.23456790123457|1.23456790123457|0.411522633744856|0.411522633744856|0.411522633744856|0.137174211248285|0.137174211248285|0.137174211248285|0.0316227766016838|0.0316227766016838|0.0316227766016838|0.01|0.01|0.01|0.00316227766016838|0.00316227766016838|0.00316227766016838,5.04082339480162|7.75505703707192|7.11581954578884|1.52061340424632|0.547632604007654|0.774497484427773|1.96441469233343|1.18549258344781|1.60546159699295|1.89945403655654|0.635176320102519|1.15161148291682|0.0595067893935469|4.37333991510495|1.52230107310949|2.6824579459257|26.4696808324987|1.85227436185382|0.235578903230036|0.996488877225123|1.38478448625544|2.05527059501728|3.9869882548362|1.69260588706469,dt4,Definitive_rep2
Tetrandrine,Cell_Mito_Radial,Mahalanobis distance (cutoff = 1),15,0.8139018571430854,hill,16.966307850475893,1.5689047867255561,NA,NA,13.80890946836364,1.790719378468414,NA,2.1733373176021376,NA,0.1288501040728156,1.0979536052860221,0.4576045036582042,0.6752207475089383,2.3673467664077365e-13,-44.046058338132475,0.9999999998024475,2.1733373176021376,NA,13.80890946836364,0.41978473182564335,0.637154745189747,1.0021111454767742,0.4626109258506669,0.4626109258506669,0.5535783813191418,11.1111111111111|11.1111111111111|11.1111111111111|3.7037037037037|3.7037037037037|3.7037037037037|1.23456790123457|1.23456790123457|1.23456790123457|0.411522633744856|0.411522633744856|0.411522633744856|0.137174211248285|0.137174211248285|0.137174211248285|0.0316227766016838|0.0316227766016838|0.0316227766016838|0.01|0.01|0.01|0.00316227766016838|0.00316227766016838|0.00316227766016838,11.6608366920308|13.2443011009661|16.8544182149856|8.2091478187661|9.71713958285513|13.0628927485807|4.36010333222248|2.5416763729967|4.52384815757191|-0.148067311642369|0.885619776390304|0.256913746013188|-0.347746380359091|-0.306119655787453|0.945639704401309|-0.329260993975711|3.12578558941856|-0.165662199149981|-0.594573751025991|-0.200743984150846|0.226491405643795|1.74381801154469|3.35592846082779|1.0608768111392,dt4,Definitive_rep2
Tetrandrine,Cell_Mito_Axial,Mahalanobis distance (cutoff = 1),8,0.8139018571430854,pow,11.06786194659796,1.147076395394599,0.43881350416647535,NA,NA,1.254933194816794,NA,NA,NA,-0.3838335635240715,1.0979536052860221,1.9026674488087545,2.2626096245228298,1.039502332016367e-10,-33.23172546645541,0.9999997717780468,6.39558364451834,NA,9.008153392939363,1.0209982945264775,1.773790497519635,3.0816238831722758,1.6360249041516972,1.6360249041516972,2.076780532835062,11.1111111111111|11.1111111111111|11.1111111111111|3.7037037037037|3.7037037037037|3.7037037037037|1.23456790123457|1.23456790123457|1.23456790123457|0.411522633744856|0.411522633744856|0.411522633744856|0.137174211248285|0.137174211248285|0.137174211248285|0.0316227766016838|0.0316227766016838|0.0316227766016838|0.01|0.01|0.01|0.00316227766016838|0.00316227766016838|0.00316227766016838,8.02005829862298|9.17602733444665|13.019226293601|1.59916163778319|2.71809521605396|3.40436021990187|0.403948347897836|-0.579458853963736|0.324893217195121|0.485696837368678|-0.641390383565165|0.485558802884192|-0.661449490494628|0.27681348610919|0.00454147880641398|0.369950105537524|2.64531681811914|1.28371023558373|-0.429035679616764|-0.107231774477916|-0.271036757016507|0.376249935215846|0.768853794076445|0.0186062555623449,dt4,Definitive_rep2
Tetrandrine,Cell_Mito_Compactness,Mahalanobis distance (cutoff = 1),17,0.8139018571430854,exp4,6.9907546438451265,0.9893126701383028,NA,NA,5.6897881874571965,NA,NA,0.6786607561607365,NA,-0.15108460744841323,1.0979536052860221,0.14440234246344688,0.2953650167976947,5.491223346698017e-12,-35.089983081843464,0.9999999983041815,0.6786607561607365,NA,5.6897881874571965,0.05022129055896782,0.10315853433618868,0.21847996430564262,0.15114484462744449,0.15114484462744449,0.2099126737123009,11.1111111111111|11.1111111111111|11.1111111111111|3.7037037037037|3.7037037037037|3.7037037037037|1.23456790123457|1.23456790123457|1.23456790123457|0.411522633744856|0.411522633744856|0.411522633744856|0.137174211248285|0.137174211248285|0.137174211248285|0.0316227766016838|0.0316227766016838|0.0316227766016838|0.01|0.01|0.01|0.00316227766016838|0.00316227766016838|0.00316227766016838,3.78890464053445|4.48474467805556|7.32447862805307|5.78225484184382|5.91384702302929|6.10450495122443|2.88293937434334|4.11912446919952|4.56600836750614|0.462493238757926|1.47982510252904|3.58435271319667|0.44111598774013|1.12619322658694|1.88192522139289|0.415551757277648|-0.110500419336485|1.72439444895491|0.476092545460692|0.216993486561048|-0.270229811353248|1.06325421775657|1.26566117134236|1.24187248110861,dt4,Definitive_rep2
Tetrandrine,Cell_AGP_Radial,Mahalanobis distance (cutoff = 1),10,0.8139018571430854,hill,43.66448757575654,1.4112721668592298,NA,NA,35.53860752910943,2.9179494467180254,NA,4.910909243654341,NA,-0.41239397358145524,1.0979536052860221,1.4559245152877052,1.5611099890261193,1.829224533746616e-21,-35.71071521424397,0.9999999999990583,4.910909243654341,NA,35.53860752910943,1.7902960082436097,2.3127935995884155,3.053740196293266,1.3568369026779328,1.3568369026779328,1.507669236570423,11.1111111111111|11.1111111111111|11.1111111111111|3.7037037037037|3.7037037037037|3.7037037037037|1.23456790123457|1.23456790123457|1.23456790123457|0.411522633744856|0.411522633744856|0.411522633744856|0.137174211248285|0.137174211248285|0.137174211248285|0.0316227766016838|0.0316227766016838|0.0316227766016838|0.01|0.01|0.01|0.00316227766016838|0.00316227766016838|0.00316227766016838,32.7051349036563|31.9681106451631|37.8313308456347|11.8286416737746|10.8208076233008|9.95139491852328|1.05927908956202|0.418058745268347|0.421273278742747|-0.266833443324558|0.534808670597564|-0.102651192338511|-0.390484197013174|-0.0969749354548171|-0.299103298566017|-0.146274497391432|2.44990403048055|-0.0122487999774561|0.0679386399125852|-0.290494253387669|-0.529424893420968|2.05034208913812|2.4372572311595|0.454696424559764,dt4,Definitive_rep2
Tetrandrine,Cell_AGP_Axial,Mahalanobis distance (cutoff = 1),8,0.8139018571430854,pow,8.755986223624296,1.1454724396535239,0.21790819755911628,NA,NA,1.4483315245558193,NA,NA,NA,-0.3917588723661033,1.0979536052860221,2.7579281989890934,3.3979184747577587,7.364441692681107e-9,-33.49313836301061,0.9999726733555796,6.885118736193872,NA,7.126513448527086,1.4043060931614846,2.2662501015564516,3.657243636422817,2.4839524692476966,2.4839524692476966,3.054288007741718,11.1111111111111|11.1111111111111|11.1111111111111|3.7037037037037|3.7037037037037|3.7037037037037|1.23456790123457|1.23456790123457|1.23456790123457|0.411522633744856|0.411522633744856|0.411522633744856|0.137174211248285|0.137174211248285|0.137174211248285|0.0316227766016838|0.0316227766016838|0.0316227766016838|0.01|0.01|0.01|0.00316227766016838|0.00316227766016838|0.00316227766016838,7.10269280835548|8.84043999348015|5.72499928862653|4.69835178104501|1.22363128944922|1.53378833322133|-0.0542170554993947|0.753811809910069|-0.168293040210817|-0.241947082827788|-0.471720008455231|-0.692484387174366|-0.478980335922172|-0.240512361404267|-0.599025608868537|0.251021247814734|3.42645527618725|-0.515269237011847|-0.534188115768824|-0.295871641949302|-0.604437519513751|0.265879163991639|0.941340389562249|-0.255282561898314,dt4,Definitive_rep2
Tetrandrine,Cell_AGP_Compactness,Mahalanobis distance (cutoff = 1),18,0.8139018571430854,exp5,50.574992568385284,3.135393502789891,NA,NA,41.163080376406526,3.0816378382029854,NA,1.8508047431085892,NA,0.7482426024120374,1.0979536052860221,0.5930683207243028,0.7127672385950647,9.351944097189272e-19,-59.2879646104153,0.999999999999905,1.8508047431085892,NA,41.163080376406526,0.7951046206853472,1.0043138544637702,1.2812297047657306,0.585445114014491,0.585445114014491,0.6459089298262247,11.1111111111111|11.1111111111111|11.1111111111111|3.7037037037037|3.7037037037037|3.7037037037037|1.23456790123457|1.23456790123457|1.23456790123457|0.411522633744856|0.411522633744856|0.411522633744856|0.137174211248285|0.137174211248285|0.137174211248285|0.0316227766016838|0.0316227766016838|0.0316227766016838|0.01|0.01|0.01|0.00316227766016838|0.00316227766016838|0.00316227766016838,35.7417011099189|44.640901484299|37.3864519932631|41.2055529627611|42.7841753305566|41.5348992031774|8.22521621645621|6.09697339053733|7.44742504212572|2.04346792331993|4.29118227622046|1.91321280538962|0.804201976085893|-0.218274023359458|4.34381304851099|0.469543613153945|10.4483852098037|-0.304557656190791|0.203293522496843|0.301610724416879|0.834856984125643|3.31492248963608|3.22578203296039|1.18667764809316,dt4,Definitive_rep2
Tetrandrine,Cell_AGP_Symmetry,Mahalanobis distance (cutoff = 1),21,0.8139018571430854,exp4,28.53893718351044,2.556435949903173,NA,NA,23.227893974549,NA,NA,1.8068003270415758,NA,0.6576679336923932,1.0979536052860221,0.10504175583702698,0.15293018542465758,1.6132489186528414e-14,-56.081926741212854,0.9999999999990531,1.8068003270415758,NA,23.227893974549,0.1337042747538829,0.2746392389478475,0.5816597871263577,0.09297564337160774,0.09297564337160774,0.12622088494780098,11.1111111111111|11.1111111111111|11.1111111111111|3.7037037037037|3.7037037037037|3.7037037037037|1.23456790123457|1.23456790123457|1.23456790123457|0.411522633744856|0.411522633744856|0.411522633744856|0.137174211248285|0.137174211248285|0.137174211248285|0.0316227766016838|0.0316227766016838|0.0316227766016838|0.01|0.01|0.01|0.00316227766016838|0.00316227766016838|0.00316227766016838,22.3753532768538|16.538146854554|27.5189921085747|16.3252142773849|20.2165159939102|17.7858520609378|9.99525924902441|5.43350019199207|9.61226838774476|3.94100900991042|1.88168765307098|1.16794297495835|0.175064941466405|1.98488197926468|1.33053690172383|3.69966356246455|6.30745215237055|1.80210764496613|1.42822323104493|0.0234521075088144|1.8027309984301|2.71651648891732|1.15086978700842|0.488277018707353,dt4,Definitive_rep2
Tetrandrine,Cell_ER_Radial,Mahalanobis distance (cutoff = 1),10,0.8139018571430854,exp2,5.26248279431254,3.193982301033197,0.6216816861331727,5.379259116516408,NA,NA,NA,NA,NA,-0.4344411957430282,1.0979536052860221,5.166093602028302,5.859997764133687,4.61576700095012e-6,-38.055367523555724,0.9999296285383849,8.024434622966433,NA,4.28314451947451,1.5923021324084818,2.819342656524928,4.659659585790218,4.501893846901257,4.501893846901257,5.473069653338662,11.1111111111111|11.1111111111111|11.1111111111111|3.7037037037037|3.7037037037037|3.7037037037037|1.23456790123457|1.23456790123457|1.23456790123457|0.411522633744856|0.411522633744856|0.411522633744856|0.137174211248285|0.137174211248285|0.137174211248285|0.0316227766016838|0.0316227766016838|0.0316227766016838|0.01|0.01|0.01|0.00316227766016838|0.00316227766016838|0.00316227766016838,4.8279203309751|4.0193887351779|4.07943904179879|0.10785222073166|0.703789140988343|0.640178512591328|-0.111124041227325|0.910109475957543|0.486840537327274|0.497513064037103|0.0551169119829771|0.832437102030908|-0.185733726706997|0.936830855192587|-0.136398332896354|1.59715277800937|15.2589581756365|1.38461948698131|-0.659683028295316|-0.0663771424524895|0.124793315978145|0.467459201420079|1.83898853272534|0.684981530531688,dt4,Definitive_rep2
Tetrandrine,Cell_ER_Axial,Mahalanobis distance (cutoff = 1),7,0.8139018571430854,pow,3.0193476728823634,2.65245922032213,5.772374512143793e-4,NA,NA,3.4703367616278213,NA,NA,NA,-0.4438011543508036,1.0979536052860221,8.013859186305826,9.721741699989632,0.0025025031412356795,-36.66753044996127,0.9852020146157432,9.099420790505059,NA,2.4574526783196085,4.6865933963884245,5.722700505751754,6.987869078586719,8.081042997016961,8.081042997016961,8.809093149547602,11.1111111111111|11.1111111111111|11.1111111111111|3.7037037037037|3.7037037037037|3.7037037037037|1.23456790123457|1.23456790123457|1.23456790123457|0.411522633744856|0.411522633744856|0.411522633744856|0.137174211248285|0.137174211248285|0.137174211248285|0.0316227766016838|0.0316227766016838|0.0316227766016838|0.01|0.01|0.01|0.00316227766016838|0.00316227766016838|0.00316227766016838,2.1518690283398|4.13089332154128|2.10109527242193|0.713725935623115|-0.223416131369055|-0.222110796448789|-0.292507629624478|0.572552920325665|-0.0061079246204897|-0.2463377212747|-0.213747078314729|-0.608352908406368|-0.515780765807301|1.60767292123755|-0.594100487762523|0.65830547949568|12.5495067240098|0.820475887799995|-0.360287562496071|-0.0827641823784789|-0.553457233430367|0.14710675788651|1.39244119977782|0.388276934182734,dt4,Definitive_rep2
Tetrandrine,Cell_ER_Compactness,Mahalanobis distance (cutoff = 1),19,0.8139018571430854,poly1,13.140026388002902,5.6427540256343285,0.9625222692094249,NA,NA,NA,NA,NA,NA,0.9510750993055763,1.0979536052860221,0.9103586632931163,1.4863206716100943,6.733203784279957e-5,-67.22917004269102,0.9999320804905073,5.55555555555555,NA,10.69469188010471,0.555555555555555,1.11111111111111,2.22222222222222,0.8455927547646145,0.8455927547646145,1.140704626177465,11.1111111111111|11.1111111111111|11.1111111111111|3.7037037037037|3.7037037037037|3.7037037037037|1.23456790123457|1.23456790123457|1.23456790123457|0.411522633744856|0.411522633744856|0.411522633744856|0.137174211248285|0.137174211248285|0.137174211248285|0.0316227766016838|0.0316227766016838|0.0316227766016838|0.01|0.01|0.01|0.00316227766016838|0.00316227766016838|0.00316227766016838,13.7441596077922|9.34940963456731|8.81719195501452|3.994281455847|3.65479730867494|3.54025092571907|1.738997928665|3.60445734495519|2.13399511587664|1.34309022751468|1.19833889755956|0.0044378429883235|0.412802409046222|4.06212782717059|0.493546088674506|4.31016324836708|23.4250945803286|5.20421599882919|0.632715774410503|0.628345002343527|3.01567167109078|5.81928356076258|8.94235267816985|3.00694195468534,dt4,Definitive_rep2
Tetrandrine,Nucleus_DNA_Radial,Mahalanobis distance (cutoff = 1),9,0.8139018571430854,poly1,2.321209884275093,4.269394328992404,0.17003133320673475,NA,NA,NA,NA,NA,NA,-0.5379208673458684,1.0979536052860221,4.800391118427513,9.72885248809925,0.001739200442202518,-37.59698636917988,0.9907734939632185,5.55555555555555,NA,1.8892370356303843,0.5555555555555551,1.1111111111111103,2.2222222222222205,4.786775718293596,4.786775718293596,6.45736044397806,11.1111111111111|11.1111111111111|11.1111111111111|3.7037037037037|3.7037037037037|3.7037037037037|1.23456790123457|1.23456790123457|1.23456790123457|0.411522633744856|0.411522633744856|0.411522633744856|0.137174211248285|0.137174211248285|0.137174211248285|0.0316227766016838|0.0316227766016838|0.0316227766016838|0.01|0.01|0.01|0.00316227766016838|0.00316227766016838|0.00316227766016838,1.16322662565168|2.58658300126856|1.81783480129046|0.678967466140264|1.61719398297956|-0.244816068035823|0.560559129778804|0.52232984510471|0.0606006252138781|0.353418519606224|0.0250896663742853|0.184671296311508|0.191311859756291|-0.582302323729325|-0.14672735374684|0.00950270298375822|20.685344410101|-0.0613894562636046|-0.191273334024417|0.890684940589468|0.131140081831054|0.853354328131948|1.28327078300056|1.74978110214437,dt4,Definitive_rep2
Tetrandrine,Nucleus_DNA_Compactness,Mahalanobis distance (cutoff = 1),12,0.8139018571430854,poly1,3.6377300039956593,3.6046797517057567,0.2664679685433474,NA,NA,NA,NA,NA,NA,0.07454071348350237,1.0979536052860221,3.0785614705553246,6.281986310774996,0.0048169633202751125,-47.728360913305714,0.9940938293671217,5.55555555555555,NA,2.9607552060371907,0.555555555555555,1.11111111111111,2.22222222222222,3.0544078584465386,3.0544078584465386,4.120396201044381,11.1111111111111|11.1111111111111|11.1111111111111|3.7037037037037|3.7037037037037|3.7037037037037|1.23456790123457|1.23456790123457|1.23456790123457|0.411522633744856|0.411522633744856|0.411522633744856|0.137174211248285|0.137174211248285|0.137174211248285|0.0316227766016838|0.0316227766016838|0.0316227766016838|0.01|0.01|0.01|0.00316227766016838|0.00316227766016838|0.00316227766016838,4.14231584718471|2.77024366721937|2.75905762373782|0.127587640558417|-0.0533423500319323|0.53052179301059|0.17116786540157|0.342442488709355|1.28825031191541|1.53089660437744|-0.437927401489268|1.58039818265642|0.31416911684325|0.357426270875618|2.16699809050076|0.560952606091541|16.7952939910461|0.303045936298294|0.6985683624777|0.674966064725121|0.888729353900965|2.40100118332898|1.25551582863206|2.63767904152782,dt4,Definitive_rep2
Tetrandrine,Nucleus_DNA_Symmetry,Mahalanobis distance (cutoff = 1),16,0.8139018571430854,poly1,3.9290948631648885,4.016664279963858,0.28781078454191367,NA,NA,NA,NA,NA,NA,0.20110233746898118,1.0979536052860221,2.862378515499377,5.692574760405588,0.004382329522711789,-50.94094780099262,0.9952198889148343,5.55555555555555,NA,3.1978976060212596,0.555555555555555,1.11111111111111,2.22222222222222,2.827906044029971,2.827906044029971,3.8148452533964305,11.1111111111111|11.1111111111111|11.1111111111111|3.7037037037037|3.7037037037037|3.7037037037037|1.23456790123457|1.23456790123457|1.23456790123457|0.411522633744856|0.411522633744856|0.411522633744856|0.137174211248285|0.137174211248285|0.137174211248285|0.0316227766016838|0.0316227766016838|0.0316227766016838|0.01|0.01|0.01|0.00316227766016838|0.00316227766016838|0.00316227766016838,3.63019079968983|3.23251154501396|2.57877048311593|1.79392888746243|1.13066866575762|0.694497338793735|-0.0682768488569334|0.135516482548851|0.177836868199392|1.14423210412905|-0.155778592075517|1.1208764687421|1.32459821701242|0.632073202721397|2.14174399378209|2.46825413224444|18.623453533368|-0.367188562650438|-0.266932472155095|1.4738146440113|1.46656764529169|1.84051372933245|3.22651637656976|2.51054705812781,dt4,Definitive_rep2
Fluphenazine,NA_Position_Position,Mahalanobis distance (cutoff = 1),21,0.8139018571430854,exp2,38.80024315238206,2.7793237588314583,0.31688091175941,2.409317993623567,NA,NA,NA,NA,NA,0.3718224920974831,1.0979536052860221,3.567499555984891,3.6516574237083215,2.1072295089170378e-10,-50.87088126735526,0.9999999879082923,9.464916800525808,NA,31.57958995932704,4.310033839904938,5.769780898767774,7.327353095289275,3.0649882435084757,3.0649882435084757,3.604922348272816,11.1111111111111|11.1111111111111|11.1111111111111|3.7037037037037|3.7037037037037|3.7037037037037|1.23456790123457|1.23456790123457|1.23456790123457|0.411522633744856|0.411522633744856|0.411522633744856|0.137174211248285|0.137174211248285|0.137174211248285|0.0316227766016838|0.0316227766016838|0.0316227766016838|0.01|0.01|0.01|0.00316227766016838|0.00316227766016838|0.00316227766016838,31.7256716550551|32.1266913786008|19.7209958561638|-0.0471401685244582|2.42941352954035|0.310152794082954|1.15765346123914|0.372272440752011|1.09493031440661|1.39934580780787|1.51536028320602|1.90627268471356|1.11006064224326|0.920452950116729|0.8570831503457|2.06373057562595|2.33866385371151|0.888753619941487|1.27179848903951|0.829544948099923|1.67161634002811|1.57338842157135|1.95245827853764|2.65986405053098,dt4,Definitive_rep2
Fluphenazine,Ring_Mito_Texture,Mahalanobis distance (cutoff = 1),16,0.8139018571430854,pow,3.7156691100012074,2.0678244558581658,1.4685147215071148,NA,NA,0.30000336568427066,NA,NA,NA,0.28042712345772886,1.0979536052860221,0.16011667011411834,1.2442688534848152,0.0019345553682891745,-48.9629617662664,0.9979831280543113,1.102390416316503,NA,3.024189989159178,5.117283664898968e-4,0.005157765030083659,0.05198566631752104,0.13984771274544877,0.13984771274544877,0.3793356602357536,11.1111111111111|11.1111111111111|11.1111111111111|3.7037037037037|3.7037037037037|3.7037037037037|1.23456790123457|1.23456790123457|1.23456790123457|0.411522633744856|0.411522633744856|0.411522633744856|0.137174211248285|0.137174211248285|0.137174211248285|0.0316227766016838|0.0316227766016838|0.0316227766016838|0.01|0.01|0.01|0.00316227766016838|0.00316227766016838|0.00316227766016838,3.86404221960974|3.41755176573104|2.34113087533535|2.91246229482413|2.03127138095661|1.1708083908579|1.99646763671348|1.26492346441009|3.66304959149778|-0.129181375201989|-0.113710721607106|0.482439246914373|-0.0417794600608974|-0.278848862382613|-0.426365454200502|0.584024010066369|0.985675929775417|0.855494477113433|0.246182749010808|3.64086026760019|1.8662573338151|5.05797676555541|6.4513285575524|3.93025369647875,dt4,Definitive_rep2
Fluphenazine,Ring_AGP_Texture,Mahalanobis distance (cutoff = 1),11,0.8139018571430854,exp2,15.473972079387048,1.3348033517586362,0.1669041473968152,2.562085521326522,NA,NA,NA,NA,NA,-0.08146881242749208,1.0979536052860221,5.098364296735401,5.333366268552656,3.352305550566397e-9,-39.41645778950346,0.9999987282381569,9.368501113848682,NA,12.59429461279337,4.004428702782302,5.496808039351313,7.1182434439313464,4.537338183115356,4.537338183115356,5.188979678496204,11.1111111111111|11.1111111111111|11.1111111111111|3.7037037037037|3.7037037037037|3.7037037037037|1.23456790123457|1.23456790123457|1.23456790123457|0.411522633744856|0.411522633744856|0.411522633744856|0.137174211248285|0.137174211248285|0.137174211248285|0.0316227766016838|0.0316227766016838|0.0316227766016838|0.01|0.01|0.01|0.00316227766016838|0.00316227766016838|0.00316227766016838,9.63377312510016|13.092585826581|12.9766503638991|0.43737854061412|0.603686922804409|0.246918452984418|0.586900742633111|-0.277453626193622|2.17258851644836|0.523747378521465|-0.326684583895729|0.785818431902308|1.06777343700008|0.408928123865094|-0.258416471625671|0.811388247994573|0.554177952104973|1.3878754351319|-0.0203843886404655|3.70739717647988|0.874986016865382|1.16856615330371|0.816790409695893|2.66976228835397,dt4,Definitive_rep2
Fluphenazine,Ring_Mito_Intensity,Mahalanobis distance (cutoff = 1),7,0.8139018571430854,exp2,12.003102396047156,2.1378851046896066,0.5969563711894614,3.8925279432739592,NA,NA,NA,NA,NA,-0.20206006765632228,1.0979536052860221,3.9140436426590424,4.260419339858934,7.244174476260352e-6,-45.74079957518032,0.9999926313454595,8.630955758446845,NA,9.769347331621399,2.3272712272121203,3.7736587498700263,5.65322893015202,3.3480000300381354,3.3480000300381354,4.062012021891168,11.1111111111111|11.1111111111111|11.1111111111111|3.7037037037037|3.7037037037037|3.7037037037037|1.23456790123457|1.23456790123457|1.23456790123457|0.411522633744856|0.411522633744856|0.411522633744856|0.137174211248285|0.137174211248285|0.137174211248285|0.0316227766016838|0.0316227766016838|0.0316227766016838|0.01|0.01|0.01|0.00316227766016838|0.00316227766016838|0.00316227766016838,9.44162324209771|10.9350802460467|4.42701558710527|0.777249978044477|0.78356006092788|1.23950310167942|0.570953749893146|0.0570968372911456|0.468021283416878|-0.0635240909761694|-0.306248705315898|-0.282886018972769|0.564952656095432|0.164426130389256|-0.236830351523025|-0.215783543001905|0.290842569521611|-0.514670514034776|-0.727911921562821|0.44726237420567|-0.413563203545353|5.39648306591313|4.67558009279898|5.13847949607707,dt4,Definitive_rep2
Fluphenazine,Ring_AGP_Intensity,Mahalanobis distance (cutoff = 1),6,0.8139018571430854,pow,4.08172191301627,1.2083666713386707,3.142541359728835e-7,NA,NA,6.71679095161408,NA,NA,NA,-0.5503220348832475,1.0979536052860221,9.035069912109906,9.891302984211231,2.3456964977469435e-4,-31.084535061907474,0.9983359215955288,10.021666776586452,NA,3.322121045345569,7.113106946420854,7.886364951940538,8.743682981807408,9.011866397962287,9.011866397962287,9.422605403709124,11.1111111111111|11.1111111111111|11.1111111111111|3.7037037037037|3.7037037037037|3.7037037037037|1.23456790123457|1.23456790123457|1.23456790123457|0.411522633744856|0.411522633744856|0.411522633744856|0.137174211248285|0.137174211248285|0.137174211248285|0.0316227766016838|0.0316227766016838|0.0316227766016838|0.01|0.01|0.01|0.00316227766016838|0.00316227766016838|0.00316227766016838,5.56592220281589|3.43015938899284|2.23119756427289|-0.0337987870050573|-0.0658994445021833|-0.0788323789142256|0.146861875330655|-0.536404344477208|0.723691569334804|-0.519426252003048|-0.500519196682137|-0.111960992108937|-0.522233133874446|-0.0914093215053053|-0.549050014351264|0.549478648478927|4.83454732240915|-0.0433312550506686|0.0222337500128869|1.41295322034861|0.415352397716754|0.254785978437877|0.917537778104605|0.305615755058913,dt4,Definitive_rep2
Fluphenazine,Ring_ER_Intensity,Mahalanobis distance (cutoff = 1),7,0.8139018571430854,exp2,14.19784254154118,3.8028695207949323,1.54352070076998e-5,0.8214610430696964,NA,NA,NA,NA,NA,-0.053116884563216664,1.0979536052860221,9.09028030247319,9.422736415340816,5.554428764734985e-6,-51.230608618382945,0.9999798245019604,10.54171880241391,NA,11.55565041198547,8.65025460035092,9.21963703402834,9.789024953783887,8.931715497609034,8.931715497609034,9.177626983747984,11.1111111111111|11.1111111111111|11.1111111111111|3.7037037037037|3.7037037037037|3.7037037037037|1.23456790123457|1.23456790123457|1.23456790123457|0.411522633744856|0.411522633744856|0.411522633744856|0.137174211248285|0.137174211248285|0.137174211248285|0.0316227766016838|0.0316227766016838|0.0316227766016838|0.01|0.01|0.01|0.00316227766016838|0.00316227766016838|0.00316227766016838,25.7010369978779|12.1519429759089|8.01497797145626|-0.498496103388533|-0.378158741799008|-0.569287644827086|-0.169772189722805|0.135140954902263|-0.446536336335407|-0.601257707426732|-0.445324110645459|-0.55641785619319|-0.545711873304667|-0.308221593689448|-0.467066111036998|-0.373118572441749|11.0961885393606|-0.63505735233105|-0.533158020719867|-0.0435974765571081|-0.236129954700365|2.16745618934587|0.849697515449469|1.49113539037186,dt4,Definitive_rep2
Fluphenazine,Cytoplasm_Mito_Texture,Mahalanobis distance (cutoff = 1),14,0.8139018571430854,poly1,12.838858775083319,0.6455331047567158,0.9404613900574309,NA,NA,NA,NA,NA,NA,-0.6747836984277901,1.0979536052860221,1.1055400655950773,1.2337729921839862,1.385031915987882e-16,-23.72793051773957,0.9999999982402593,5.55555555555555,NA,10.44957100063811,0.555555555555555,1.11111111111111,2.22222222222222,0.8654282522894248,0.8654282522894248,1.167462712338434,11.1111111111111|11.1111111111111|11.1111111111111|3.7037037037037|3.7037037037037|3.7037037037037|1.23456790123457|1.23456790123457|1.23456790123457|0.411522633744856|0.411522633744856|0.411522633744856|0.137174211248285|0.137174211248285|0.137174211248285|0.0316227766016838|0.0316227766016838|0.0316227766016838|0.01|0.01|0.01|0.00316227766016838|0.00316227766016838|0.00316227766016838,10.541739494927|11.4577301549858|10.001883147258|3.0348809581267|2.94966910392648|3.67863058947309|1.02768960858246|0.882795452743387|1.36179613802149|0.398511239063453|0.282873983909772|0.0475466524591737|1.31430295606367|1.03799123995|-0.0194917187260191|-0.095221336922771|0.92609765030702|0.174187528342236|-0.194939078023835|0.609276811097476|0.0814040276722587|0.792434200490523|1.34822255107948|1.43732106201962,dt4,Definitive_rep2
Fluphenazine,Cytoplasm_AGP_Texture,Mahalanobis distance (cutoff = 1),7,0.8139018571430854,pow,15.252926050621525,0.9368713496196669,0.002227068070314378,NA,NA,3.582275763292685,NA,NA,NA,-0.6104260249500335,1.0979536052860221,5.557176507592157,5.722977086471007,2.7994441516712243e-12,-28.39018312267541,0.999996632241389,9.15639076084763,NA,12.414384839467006,4.8147324990623455,5.842588981251276,7.089873842521194,5.193042826781895,5.193042826781895,5.645663902507253,11.1111111111111|11.1111111111111|11.1111111111111|3.7037037037037|3.7037037037037|3.7037037037037|1.23456790123457|1.23456790123457|1.23456790123457|0.411522633744856|0.411522633744856|0.411522633744856|0.137174211248285|0.137174211248285|0.137174211248285|0.0316227766016838|0.0316227766016838|0.0316227766016838|0.01|0.01|0.01|0.00316227766016838|0.00316227766016838|0.00316227766016838,12.268833600786|15.673440932298|12.2263739869503|0.474686966943361|0.48148474492678|-0.308856495756423|-0.177755865078497|-0.688053544012656|0.415717264706568|-0.432153425475237|1.52879942387904|-0.0553723052451843|-0.0386296670548031|-0.0367620322743347|-0.429932694767144|0.377622921453198|1.25327448259652|-0.0442296250649854|-0.0154854580733401|1.90823578958805|0.293255989107901|0.337166901500249|0.841636802669436|0.557554336932091,dt4,Definitive_rep2
Fluphenazine,Cytoplasm_ER_Texture,Mahalanobis distance (cutoff = 1),9,0.8139018571430854,exp2,10.60292093593668,2.113907775750132,0.8462906912010457,4.599621726942188,NA,NA,NA,NA,NA,-0.15244508272446966,1.0979536052860221,3.6098540338236513,4.225933514660138,2.066651749450858e-6,-45.04461979696705,0.999994677020329,8.316362527550426,NA,8.629737040900165,1.8951115187601728,3.2333292599846173,5.113255724150093,3.0993445276091798,3.0993445276091798,3.8258077548703464,11.1111111111111|11.1111111111111|11.1111111111111|3.7037037037037|3.7037037037037|3.7037037037037|1.23456790123457|1.23456790123457|1.23456790123457|0.411522633744856|0.411522633744856|0.411522633744856|0.137174211248285|0.137174211248285|0.137174211248285|0.0316227766016838|0.0316227766016838|0.0316227766016838|0.01|0.01|0.01|0.00316227766016838|0.00316227766016838|0.00316227766016838,15.6837963298578|9.09715137044881|6.41075337075715|0.703780677483927|1.44137223552426|1.01898967608694|0.455449201906238|0.169840837387072|-0.0791430580243664|0.284283966650136|-0.164431865613969|1.14292576371491|-0.17856976276995|-0.245329755919683|-0.225650991905608|-0.37289325981665|4.81224772020923|-0.0216214591161618|-0.0938269167783017|0.335553318241191|-0.0118580556273928|4.62656621745375|0.751089595344634|2.27392639732354,dt4,Definitive_rep2
Fluphenazine,Cytoplasm_Mito_Intensity,Mahalanobis distance (cutoff = 1),10,0.8139018571430854,pow,15.191776328791736,2.507115055055772,0.1163510016005311,NA,NA,1.9377441606509473,NA,NA,NA,-0.059849959650347825,1.0979536052860221,3.0096721396550485,3.339796267178725,1.0943340287753576e-8,-48.92021421601124,0.9999999668922017,7.7697446710087,NA,12.364614967305958,2.367787636650658,3.3860509749447276,4.842216855706867,2.7288009238927375,2.7288009238927375,3.18468395665543,11.1111111111111|11.1111111111111|11.1111111111111|3.7037037037037|3.7037037037037|3.7037037037037|1.23456790123457|1.23456790123457|1.23456790123457|0.411522633744856|0.411522633744856|0.411522633744856|0.137174211248285|0.137174211248285|0.137174211248285|0.0316227766016838|0.0316227766016838|0.0316227766016838|0.01|0.01|0.01|0.00316227766016838|0.00316227766016838|0.00316227766016838,12.3011498200058|16.2014596912086|11.5411432465168|1.0980838300722|1.27939396822367|2.33702743917483|-0.0855227658807197|0.245149210960265|-0.193514907584422|-0.260485067373868|-0.528586068547934|-0.0764688766375203|0.389982490466172|0.117992028744839|-0.514023583734767|-0.207033784417247|-0.0938690405551659|-0.327737255473282|-0.666495017945221|1.59256771545854|0.0191766309086497|5.5847695085755|6.75335832040899|7.31839499246457,dt4,Definitive_rep2
Fluphenazine,Cytoplasm_AGP_Intensity,Mahalanobis distance (cutoff = 1),4,0.8139018571430854,pow,9.49210470337105,0.9333193448972709,5.7087634616501526e-8,NA,NA,7.775600542400842,NA,NA,NA,-0.7688409715440095,1.0979536052860221,8.566763431482348,8.75336452990154,1.6174857204946903e-9,-25.400858691256232,0.9999736997990463,10.163488417185523,NA,7.725641646270312,7.558495639691748,8.263234180840488,9.033681089772411,8.318813903245111,8.318813903245111,8.645336695044948,11.1111111111111|11.1111111111111|11.1111111111111|3.7037037037037|3.7037037037037|3.7037037037037|1.23456790123457|1.23456790123457|1.23456790123457|0.411522633744856|0.411522633744856|0.411522633744856|0.137174211248285|0.137174211248285|0.137174211248285|0.0316227766016838|0.0316227766016838|0.0316227766016838|0.01|0.01|0.01|0.00316227766016838|0.00316227766016838|0.00316227766016838,7.68067822438528|8.19464341951601|5.4809498034001|-0.310362316793598|-0.217319264179334|-0.408076806312547|-0.196220242846868|-0.481312318580868|0.390593995212519|-0.350867370625293|-0.0428572972279938|-0.0299888385629754|-0.687490953251442|-0.113832356695185|-0.597461044273228|0.540598184661437|3.52308802280706|0.0839010427405604|0.139136307662535|0.711811351093781|0.426737865666046|-0.400167792063816|0.579743239386953|-0.159888438341391,dt4,Definitive_rep2
Fluphenazine,Cytoplasm_ER_Intensity,Mahalanobis distance (cutoff = 1),8,0.8139018571430854,pow,12.223694195393634,3.925750578698169,0.004725649960222801,NA,NA,3.1779002269764822,NA,NA,NA,0.19945335430193933,1.0979536052860221,5.301216987872555,5.818959144874817,1.127135931098994e-5,-56.53969132977508,0.9999856199338644,8.93370117784413,NA,9.948887406780031,4.328707417543746,5.383742765327864,6.69592175385857,5.054102201708411,5.054102201708411,5.5533531824801425,11.1111111111111|11.1111111111111|11.1111111111111|3.7037037037037|3.7037037037037|3.7037037037037|1.23456790123457|1.23456790123457|1.23456790123457|0.411522633744856|0.411522633744856|0.411522633744856|0.137174211248285|0.137174211248285|0.137174211248285|0.0316227766016838|0.0316227766016838|0.0316227766016838|0.01|0.01|0.01|0.00316227766016838|0.00316227766016838|0.00316227766016838,19.6336455093843|10.0324970207749|9.22894449063116|-0.0726517254590267|0.285265499424283|0.743177751423189|-0.13312074879995|0.0833852441339994|-0.57045280019525|-0.599217339299981|0.157314125635164|-0.520871407252772|-0.291039122419276|-0.517573247764545|-0.338655369485512|-0.470228392657527|14.6985606664508|-0.301435718953016|-0.450165098876542|1.19608831753395|0.229199782734999|4.39797545039199|3.35973113089954|5.00611583306714,dt4,Definitive_rep2
Fluphenazine,Cytoplasm_Mito_Profile,Mahalanobis distance (cutoff = 1),23,0.8139018571430854,exp2,22.149318490444685,2.7064185171034034,6.379163661077056,8.280664614093517,NA,NA,NA,NA,NA,0.6830082296616422,1.0979536052860221,1.2466628233849049,1.3970174833602709,1.4994092563383105e-8,-56.89642135673565,0.9999999808548801,7.294156536788316,NA,18.02737145382661,1.0944303301996736,2.060953871823626,3.709826398645114,0.9943458362229409,0.9943458362229409,1.315055033179436,11.1111111111111|11.1111111111111|11.1111111111111|3.7037037037037|3.7037037037037|3.7037037037037|1.23456790123457|1.23456790123457|1.23456790123457|0.411522633744856|0.411522633744856|0.411522633744856|0.137174211248285|0.137174211248285|0.137174211248285|0.0316227766016838|0.0316227766016838|0.0316227766016838|0.01|0.01|0.01|0.00316227766016838|0.00316227766016838|0.00316227766016838,17.3910910242291|19.3574557758897|17.546659906582|2.59603175761736|2.56577697142238|3.49310126542589|2.19798748927724|2.20797400850542|1.96822995176997|3.34574832670364|2.49746330042742|2.52025913377101|4.82192548133561|3.14970652032944|0.885606163599569|1.23090184309402|1.51703456532041|2.10429075786101|0.996384193004881|1.70927947173737|0.563907781689926|2.74646893839268|7.55583128154694|6.33531404410362,dt4,Definitive_rep2
Fluphenazine,Cytoplasm_AGP_Profile,Mahalanobis distance (cutoff = 1),21,0.8139018571430854,exp2,18.19820443456872,2.2758151663441772,1.060935784650798,4.106957704574805,NA,NA,NA,NA,NA,0.5683436390268437,1.0979536052860221,2.819210554607853,3.0352799584710057,9.487241971814805e-8,-53.357726308538346,0.9999998498610106,8.53011378997575,NA,14.811552385965012,2.1745345405686174,3.5888060367179926,5.474319045033114,2.338381507360482,2.338381507360482,2.91775764302887,11.1111111111111|11.1111111111111|11.1111111111111|3.7037037037037|3.7037037037037|3.7037037037037|1.23456790123457|1.23456790123457|1.23456790123457|0.411522633744856|0.411522633744856|0.411522633744856|0.137174211248285|0.137174211248285|0.137174211248285|0.0316227766016838|0.0316227766016838|0.0316227766016838|0.01|0.01|0.01|0.00316227766016838|0.00316227766016838|0.00316227766016838,14.6509731040964|15.1547306511847|14.673832558879|1.2824313414874|0.536377611098995|0.925423042681568|3.28487883781496|1.41458219470567|4.47812923638154|0.757430882726732|2.16950994654128|1.90003012337036|0.586907162369895|1.81468779659256|1.24823548078056|1.74079317777274|6.79740502205342|2.45844680427027|1.18941365604911|1.57067553083945|1.31572880599742|3.21728163853016|2.92130205620366|1.96492469111235,dt4,Definitive_rep2
Fluphenazine,Cytoplasm_ER_Profile,Mahalanobis distance (cutoff = 1),16,0.8139018571430854,poly1,9.461992932465563,4.0162587803081715,0.693102025800763,NA,NA,NA,NA,NA,NA,0.48037795318318943,1.0979536052860221,1.2274637707310023,2.206801698465472,7.764699417858999e-5,-57.37330599689428,0.9999152540081223,5.55555555555555,NA,7.70113362000847,0.555555555555555,1.11111111111111,2.22222222222222,1.1742886715743739,1.1742886715743739,1.5841154179538304,11.1111111111111|11.1111111111111|11.1111111111111|3.7037037037037|3.7037037037037|3.7037037037037|1.23456790123457|1.23456790123457|1.23456790123457|0.411522633744856|0.411522633744856|0.411522633744856|0.137174211248285|0.137174211248285|0.137174211248285|0.0316227766016838|0.0316227766016838|0.0316227766016838|0.01|0.01|0.01|0.00316227766016838|0.00316227766016838|0.00316227766016838,17.3006008145084|5.54533002488522|8.67003342356016|1.30240677424645|3.41087642654148|0.847416936457064|2.40978773623895|-0.548853623272242|1.125856586944|1.09368632746925|3.30021742990779|2.51721936108155|-0.424117565718224|-0.296355153027868|-0.643557737058532|0.896687274895065|15.9221947157002|1.99851737851877|1.6257835717791|1.71811577460077|0.467827886234995|0.714066113656245|-0.268935312303366|-0.366769494006524,dt4,Definitive_rep2
Fluphenazine,Cytoplasm_DNA_Profile,Mahalanobis distance (cutoff = 1),17,0.8139018571430854,pow,6.109331684956552,2.3391523926205684,2.412270773376214,NA,NA,0.30039439499911136,NA,NA,NA,0.30703710712810983,1.0979536052860221,0.03895150321441583,0.16280532556144559,5.869512604754285e-6,-48.82439234277472,0.9999934505750735,1.1057109317708291,NA,4.972396404289233,5.184235041041639e-4,0.005209554315871413,0.05234997247455334,0.02686694643785956,0.02686694643785956,0.07278174921303775,11.1111111111111|11.1111111111111|11.1111111111111|3.7037037037037|3.7037037037037|3.7037037037037|1.23456790123457|1.23456790123457|1.23456790123457|0.411522633744856|0.411522633744856|0.411522633744856|0.137174211248285|0.137174211248285|0.137174211248285|0.0316227766016838|0.0316227766016838|0.0316227766016838|0.01|0.01|0.01|0.00316227766016838|0.00316227766016838|0.00316227766016838,6.66614131556368|4.9157174576396|5.72363740382463|2.62844492257611|2.50530564370519|1.32656604799014|2.89855465900937|0.563196465052559|3.95097588113328|1.57024790798793|2.64500688306713|4.21568934174671|0.116411294778807|-0.40419016495157|-0.24285715490101|0.737829385679124|10.372237922296|0.631263236403653|0.437265597753812|2.46687436365035|1.06413458127616|2.14448029326548|1.61120435393795|2.09819333105602,dt4,Definitive_rep2
Fluphenazine,Membrane_AGP_Texture,Mahalanobis distance (cutoff = 1),5,0.8139018571430854,pow,7.138777748427444,0.8468233674146566,0.014208066522891905,NA,NA,2.497386767457993,NA,NA,NA,-0.5713615717525024,1.0979536052860221,5.321857299896427,6.263904287923791,5.941403509681679e-7,-27.691868696916583,0.9998361338405752,8.418204947595049,NA,5.81026446717683,3.348119421014225,4.419151960749764,5.83279793714249,5.057671961400164,5.057671961400164,5.701772102370951,11.1111111111111|11.1111111111111|11.1111111111111|3.7037037037037|3.7037037037037|3.7037037037037|1.23456790123457|1.23456790123457|1.23456790123457|0.411522633744856|0.411522633744856|0.411522633744856|0.137174211248285|0.137174211248285|0.137174211248285|0.0316227766016838|0.0316227766016838|0.0316227766016838|0.01|0.01|0.01|0.00316227766016838|0.00316227766016838|0.00316227766016838,5.94423567724902|8.56062035280425|4.18845943993702|0.549845696513037|0.790755400761488|-0.329252170641849|-0.118232286365936|-0.683746273670475|0.44608551309653|-0.0700231834866294|1.60342450056879|-0.143229635589749|1.00762102765351|-0.436470863468127|-0.363170997217385|-0.58124360666621|0.402281055216237|0.148370957077237|-0.599528266201686|0.119761459075214|-0.514776549784826|-0.0517153842346068|-0.632689307789801|-0.326092801692787,dt4,Definitive_rep2
Fluphenazine,Membrane_AGP_Intensity,Mahalanobis distance (cutoff = 1),5,0.8139018571430854,pow,7.7904690446661755,0.9513511308439232,4.303624049506617e-7,NA,NA,6.854649748743186,NA,NA,NA,-0.7222049415645545,1.0979536052860221,8.445583542325785,8.781496375838307,1.1037470874851573e-6,-27.060819897919355,0.9999028260956554,10.042487871331403,NA,6.340677223469519,7.177198231324187,7.940925399807382,8.785920936403038,8.235510181657714,8.235510181657714,8.60314970932399,11.1111111111111|11.1111111111111|11.1111111111111|3.7037037037037|3.7037037037037|3.7037037037037|1.23456790123457|1.23456790123457|1.23456790123457|0.411522633744856|0.411522633744856|0.411522633744856|0.137174211248285|0.137174211248285|0.137174211248285|0.0316227766016838|0.0316227766016838|0.0316227766016838|0.01|0.01|0.01|0.00316227766016838|0.00316227766016838|0.00316227766016838,7.28770582865588|6.11862702610701|3.19513586236331|0.197847573675129|-0.126456716155115|-0.286881816816985|0.317203143071809|-0.497941514762685|1.23460048892995|-0.207296001984674|-0.205617221992617|0.0403842370005468|-0.691170086878482|-0.479019310876608|-0.627287726342078|0.0979856914089572|2.67119668448124|-0.205819494015407|-0.15205334988548|0.557761373009598|0.197467181894175|0.234575369111295|-0.206489193128489|0.153769157159424,dt4,Definitive_rep2
Fluphenazine,Nucleus_DNA_Texture,Mahalanobis distance (cutoff = 1),9,0.8139018571430854,exp2,6.22516842009337,2.268661590794412,2.9243856956577195e-9,0.5223137728144918,NA,NA,NA,NA,NA,6.623319532567291e-4,1.0979536052860221,10.208711328210025,10.495290996762678,0.0017832645542973083,-45.08991933791559,0.99809045440275,10.749070792418577,NA,5.066676138142481,9.546398890696896,9.908439206676197,10.270479524162843,10.156007887907665,10.156007887907665,10.3123696068861,11.1111111111111|11.1111111111111|11.1111111111111|3.7037037037037|3.7037037037037|3.7037037037037|1.23456790123457|1.23456790123457|1.23456790123457|0.411522633744856|0.411522633744856|0.411522633744856|0.137174211248285|0.137174211248285|0.137174211248285|0.0316227766016838|0.0316227766016838|0.0316227766016838|0.01|0.01|0.01|0.00316227766016838|0.00316227766016838|0.00316227766016838,2.50569886623793|6.19384969224145|5.18014661173089|0.234526800822425|-0.0566630147592107|-0.572846254459052|0.21258979894448|-0.26411048955483|2.22836068359164|-0.684765964349989|0.000860464813190354|0.425082017654015|-0.625317228116427|-0.396239396867201|-0.657247383426898|1.52388397958282|9.30133995057512|0.176481978931429|1.40600130731806|3.96169984911894|0.790070975645403|0.106680796157842|0.756103359405543|0.915322569389814,dt4,Definitive_rep2
Fluphenazine,Nucleus_RNA_Texture,Mahalanobis distance (cutoff = 1),8,0.8139018571430854,exp2,7.972321506716651,3.1744237014380765,0.002507276656740451,1.413806398328879,NA,NA,NA,NA,NA,0.15480213469768778,1.0979536052860221,8.313760574767858,9.370655312798315,0.01094271499900656,-52.22545101820318,0.9887038583811781,10.13168118102482,NA,6.488687280058443,6.88606355691108,7.860607898799075,8.837860183918213,8.179885766335309,8.179885766335309,8.602004155421989,11.1111111111111|11.1111111111111|11.1111111111111|3.7037037037037|3.7037037037037|3.7037037037037|1.23456790123457|1.23456790123457|1.23456790123457|0.411522633744856|0.411522633744856|0.411522633744856|0.137174211248285|0.137174211248285|0.137174211248285|0.0316227766016838|0.0316227766016838|0.0316227766016838|0.01|0.01|0.01|0.00316227766016838|0.00316227766016838|0.00316227766016838,16.9677711437714|7.12239613633239|2.98496841660542|0.273588205583798|0.163193034729067|-0.577965658410054|1.38546836943058|0.424516319778996|1.75799146637725|0.2815648037148|2.674959983507|2.34468257889514|-0.356320293693503|-0.0868609029035703|-0.329613856821384|-0.430797661934628|9.96091858927399|-0.0193917150010549|-0.618152311357304|-0.379568894162252|-0.692460333942242|0.154969988887254|-0.442984630324442|-0.384463995188864,dt4,Definitive_rep2
Fluphenazine,Nucleus_RNA_Profile,Mahalanobis distance (cutoff = 1),17,0.8139018571430854,poly1,9.662200501403714,6.154933214365851,0.7077674638963207,NA,NA,NA,NA,NA,NA,0.8522941539637374,1.0979536052860221,1.1566938466265764,2.2284366013431467,0.001369760633629013,-67.00951808060515,0.9985795824374378,5.55555555555555,NA,7.864082932181334,0.555555555555555,1.11111111111111,2.22222222222222,1.1499565869593464,1.1499565869593464,1.5512914358081582,11.1111111111111|11.1111111111111|11.1111111111111|3.7037037037037|3.7037037037037|3.7037037037037|1.23456790123457|1.23456790123457|1.23456790123457|0.411522633744856|0.411522633744856|0.411522633744856|0.137174211248285|0.137174211248285|0.137174211248285|0.0316227766016838|0.0316227766016838|0.0316227766016838|0.01|0.01|0.01|0.00316227766016838|0.00316227766016838|0.00316227766016838,21.4601407148558|7.44695222252653|7.25163473553152|1.44232420081206|3.60369749136833|-0.22228920965143|3.75506690658451|-0.369262656869368|1.85998446359277|1.08218042480138|0.565237709125262|3.10939312833863|-0.348276405550698|-0.155071341384207|-0.681145416884626|0.22853587993831|25.0035943587264|1.89920036673496|1.59185181642167|5.60777899492607|1.4111476964581|3.46867605819007|2.57915365433217|3.30232036419219,dt4,Definitive_rep2
Fluphenazine,Nucleus_RNA_Radial,Mahalanobis distance (cutoff = 1),14,0.8139018571430854,pow,4.374037188984055,3.8426320080879406,1.7287301783245344,NA,NA,0.3000000477610397,NA,NA,NA,0.4721853617161528,1.0979536052860221,0.07837350437011424,0.9999233524722551,0.0080922702202,-58.23641392490034,0.991456453975596,1.1023622471352894,NA,3.5600369913270424,5.116718549175519e-4,0.00515732722813348,0.051982581966195554,0.08118633318008939,0.08118633318008939,0.22021962730278324,11.1111111111111|11.1111111111111|11.1111111111111|3.7037037037037|3.7037037037037|3.7037037037037|1.23456790123457|1.23456790123457|1.23456790123457|0.411522633744856|0.411522633744856|0.411522633744856|0.137174211248285|0.137174211248285|0.137174211248285|0.0316227766016838|0.0316227766016838|0.0316227766016838|0.01|0.01|0.01|0.00316227766016838|0.00316227766016838|0.00316227766016838,14.3800038948096|4.41955717288486|3.91314189197214|1.55202955514792|1.17720937790542|-0.212795437576451|3.69627758145665|0.61596579868834|0.473456116953544|1.59505567856005|6.15774171772177|0.737749541846832|0.850024769063889|0.734355970852021|1.35134919535743|0.525805920306733|13.9572351809955|2.25416694139007|0.0462483885907917|0.760070734171643|0.69799220135529|3.88222790189086|1.36505886415532|0.486105582439565,dt4,Definitive_rep2
Fluphenazine,Nucleus_RNA_Axial,Mahalanobis distance (cutoff = 1),12,0.8139018571430854,pow,7.509326479737742,2.826369491043181,1.2461978126003593e-6,NA,NA,6.397837071776675,NA,NA,NA,0.4209582451467443,1.0979536052860221,8.09340908226126,9.005572514318729,0.0027244303849759174,-53.34383081864172,0.9972081812719703,9.970240909068659,NA,6.111854767752296,6.956692843081995,7.75273013463983,8.639856020137945,8.107717050632576,8.107717050632576,8.496103977791021,11.1111111111111|11.1111111111111|11.1111111111111|3.7037037037037|3.7037037037037|3.7037037037037|1.23456790123457|1.23456790123457|1.23456790123457|0.411522633744856|0.411522633744856|0.411522633744856|0.137174211248285|0.137174211248285|0.137174211248285|0.0316227766016838|0.0316227766016838|0.0316227766016838|0.01|0.01|0.01|0.00316227766016838|0.00316227766016838|0.00316227766016838,9.31203120733007|5.9598580021661|4.19493742409008|-0.129157134903237|-0.0145965270072178|-0.415041525247661|1.43196987604077|-0.444750012083707|-0.151026539519928|1.05960918709904|2.5404352420628|-0.436269487892276|0.703352918909362|0.0753682877424982|0.477074188567638|0.288514689458105|10.9015691228029|0.511358183871108|1.83533290718035|2.00138305083152|0.19877788181194|2.72790168893273|5.06363229206502|2.67139630260268,dt4,Definitive_rep2
Fluphenazine,Nucleus_RNA_Compactness,Mahalanobis distance (cutoff = 1),6,0.8139018571430854,pow,10.878513757006356,4.3345517743539785,0.0045744048445886774,NA,NA,3.142991598377548,NA,NA,NA,-0.39305008155493026,1.0979536052860221,5.507247810536214,5.997115843226561,3.787494580842535e-7,-49.87363004170651,0.9999775957254312,8.912084933241228,NA,8.854042549784076,4.283621702406636,5.340590563256328,6.658362840098203,5.199409352417936,5.199409352417936,5.718994513171915,11.1111111111111|11.1111111111111|11.1111111111111|3.7037037037037|3.7037037037037|3.7037037037037|1.23456790123457|1.23456790123457|1.23456790123457|0.411522633744856|0.411522633744856|0.411522633744856|0.137174211248285|0.137174211248285|0.137174211248285|0.0316227766016838|0.0316227766016838|0.0316227766016838|0.01|0.01|0.01|0.00316227766016838|0.00316227766016838|0.00316227766016838,19.2497389996714|9.44168586129286|7.70710615293296|0.444647272207719|0.457118521525893|-0.0883512153847843|1.17861824460371|-0.596583509609745|-0.0669554834274393|-0.100242055723009|5.52997209067514|0.105572198683447|0.488928812568518|0.381895528248294|-0.367977753152364|-0.151072427758767|17.5350392377546|-0.125510200265692|-0.0796885256578932|-0.119257726819853|0.326846281255235|0.531643285070348|0.334998715289379|-0.310839265932646,dt4,Definitive_rep2
Fluphenazine,Cell_DNA_Radial,Mahalanobis distance (cutoff = 1),11,0.8139018571430854,exp2,6.779948786564153,3.5772298828017255,1.8395531162045868e-5,0.8810328816724331,NA,NA,NA,NA,NA,0.30828092955339226,1.0979536052860221,9.523899461748865,9.91350632102021,0.003316061661904835,-56.732450062374795,0.9966740850301447,10.50042859019843,NA,5.518212908719572,8.47182827473299,9.08248436397473,9.693155137184396,9.424857980091337,9.424857980091337,9.688601983659046,11.1111111111111|11.1111111111111|11.1111111111111|3.7037037037037|3.7037037037037|3.7037037037037|1.23456790123457|1.23456790123457|1.23456790123457|0.411522633744856|0.411522633744856|0.411522633744856|0.137174211248285|0.137174211248285|0.137174211248285|0.0316227766016838|0.0316227766016838|0.0316227766016838|0.01|0.01|0.01|0.00316227766016838|0.00316227766016838|0.00316227766016838,4.33443105064597|5.77554637983769|6.32851000032447|-0.130593273729035|-0.410667480004962|-0.083972490056198|0.553074292808975|-0.290205965670935|-0.0251435367069947|-0.065904870473503|1.04350030755173|0.565810398725371|-0.420686088620474|0.0494119227258989|-0.486334032055254|0.590412666200689|12.8282429783692|1.09113329947323|-0.446518150831835|2.00016781989215|1.26883885145784|6.17821456554515|6.0470680441439|7.47857097140137,dt4,Definitive_rep2
Fluphenazine,Cell_Mito_Axial,Mahalanobis distance (cutoff = 1),7,0.8139018571430854,exp2,6.037105241887229,1.166305076310092,9.11435703812297e-6,0.8418994057612147,NA,NA,NA,NA,NA,-0.2379119938024003,1.0979536052860221,9.690713460775218,10.115315166958853,0.0014875275520026038,-35.95992511202747,0.9981878343336863,10.527552473344564,NA,4.913611168140271,8.589035561077875,9.17258014436798,9.75613253561365,9.59744729760307,9.59744729760307,9.849478876310478,11.1111111111111|11.1111111111111|11.1111111111111|3.7037037037037|3.7037037037037|3.7037037037037|1.23456790123457|1.23456790123457|1.23456790123457|0.411522633744856|0.411522633744856|0.411522633744856|0.137174211248285|0.137174211248285|0.137174211248285|0.0316227766016838|0.0316227766016838|0.0316227766016838|0.01|0.01|0.01|0.00316227766016838|0.00316227766016838|0.00316227766016838,1.88956321978007|4.78169614377568|6.25363840610064|-0.536052128599253|-0.0485487355194159|-0.390913995396787|0.234461545538797|-0.652014079582047|-0.0228180524704679|-0.322199229482325|-0.186971045400011|-0.708264872841021|0.014240150042904|-0.691128442003851|-0.529934980390746|-0.35517190813985|1.80933365152041|-0.553320865426169|-0.639553964861554|0.188655154601188|0.30307444212961|1.62066625852113|3.09533864023783|1.70722338337061,dt4,Definitive_rep2
Fluphenazine,Cell_AGP_Radial,Mahalanobis distance (cutoff = 1),16,0.8139018571430854,poly1,6.221045707643974,3.8943121167105765,0.45569885893411094,NA,NA,NA,NA,NA,NA,0.703107958514567,1.0979536052860221,1.7783836181895063,3.8479252432111215,0.011519553377174405,-61.70091806872593,0.9879907192681017,5.55555555555555,NA,5.06332065482345,0.555555555555555,1.11111111111111,2.22222222222222,1.7860519972483992,1.7860519972483992,2.4093841442880906,11.1111111111111|11.1111111111111|11.1111111111111|3.7037037037037|3.7037037037037|3.7037037037037|1.23456790123457|1.23456790123457|1.23456790123457|0.411522633744856|0.411522633744856|0.411522633744856|0.137174211248285|0.137174211248285|0.137174211248285|0.0316227766016838|0.0316227766016838|0.0316227766016838|0.01|0.01|0.01|0.00316227766016838|0.00316227766016838|0.00316227766016838,3.95526180226518|6.08639734769316|6.06582447230161|0.398106209895049|0.379035011874854|0.56870561714028|1.92307403542963|-0.0306039044681705|1.55341916060643|-0.189071102452375|1.33188195041907|0.267264144880884|1.67113247010568|1.34882089625663|0.336293327288855|1.99312268793894|3.72709459564435|0.879641842081256|0.559530634738601|2.961013119307|2.09167634263876|9.15747624935259|11.6613335878383|9.77231400769222,dt4,Definitive_rep2
Fluphenazine,Cell_AGP_Axial,Mahalanobis distance (cutoff = 1),8,0.8139018571430854,exp2,8.494316623244458,1.4651016516659436,0.010093102634406855,1.7013286032842605,NA,NA,NA,NA,NA,-0.0663645133570511,1.0979536052860221,7.743204418953416,8.36499361113331,3.081519067204608e-5,-40.859337223482704,0.9999408599132388,9.934318335649357,NA,6.913540074820046,6.060868259449458,7.215833467056182,8.382820163794278,7.48977954742344,7.48977954742344,7.993695400301687,11.1111111111111|11.1111111111111|11.1111111111111|3.7037037037037|3.7037037037037|3.7037037037037|1.23456790123457|1.23456790123457|1.23456790123457|0.411522633744856|0.411522633744856|0.411522633744856|0.137174211248285|0.137174211248285|0.137174211248285|0.0316227766016838|0.0316227766016838|0.0316227766016838|0.01|0.01|0.01|0.00316227766016838|0.00316227766016838|0.00316227766016838,4.27214669216404|6.87226329047261|9.09259292662675|-0.38057952170065|-0.177792922903095|0.80804985347865|0.562644139757448|-0.528763778730375|-0.0664916631494794|0.0132432490719634|1.18511102045711|0.375620919423214|0.480748212146594|-0.0991162545341162|-0.530056168704022|0.111507937951033|4.41975890588928|-0.354947549316938|-0.631668271855731|0.639857903232691|0.10928446086259|1.27366837129693|2.99180601286406|2.29253668260759,dt4,Definitive_rep2
Fluphenazine,Cell_AGP_Compactness,Mahalanobis distance (cutoff = 1),24,0.8139018571430854,pow,10.288093259372218,3.452690865844674,4.066114326215672,NA,NA,0.30000009486700385,NA,NA,NA,0.8625106314648358,1.0979536052860221,0.00694379549739934,0.027043014215099043,6.724921841183246e-6,-61.93333775661513,0.9999932651543333,1.1023626470644325,NA,8.373498210264307,5.116726572013995e-4,0.00515733344360126,0.051982625755237016,0.0046914697063784065,0.0046914697063784065,0.012725707737874431,11.1111111111111|11.1111111111111|11.1111111111111|3.7037037037037|3.7037037037037|3.7037037037037|1.23456790123457|1.23456790123457|1.23456790123457|0.411522633744856|0.411522633744856|0.411522633744856|0.137174211248285|0.137174211248285|0.137174211248285|0.0316227766016838|0.0316227766016838|0.0316227766016838|0.01|0.01|0.01|0.00316227766016838|0.00316227766016838|0.00316227766016838,11.2020588668846|9.75155778124056|8.1575151307182|4.30696685764278|5.29380790738759|5.82281948875487|2.00580188627048|0.87699508189702|1.66457477975849|2.23458910846355|2.75161369483693|3.4840416339052|3.45225551885959|2.07322651985181|1.43337775572815|2.36512990220346|6.89893158902119|4.24421386403173|2.68100094878904|3.08364563020468|3.025166749875|11.5127267223696|6.68568461451736|7.32141883692308,dt4,Definitive_rep2
Fluphenazine,Cell_ER_Radial,Mahalanobis distance (cutoff = 1),8,0.8139018571430854,exp2,7.020452803883789,3.667883742862708,6.610592012812444e-5,0.9774733022639834,NA,NA,NA,NA,NA,0.42226833167331734,1.0979536052860221,9.223415049496541,9.801719008438315,0.007878803976773263,-59.457996479881835,0.9920533623939931,10.433589555958495,NA,5.713959575066396,8.18307762991493,8.860497427267592,9.53797375280753,9.206252125734173,9.206252125734173,9.49885149224473,11.1111111111111|11.1111111111111|11.1111111111111|3.7037037037037|3.7037037037037|3.7037037037037|1.23456790123457|1.23456790123457|1.23456790123457|0.411522633744856|0.411522633744856|0.411522633744856|0.137174211248285|0.137174211248285|0.137174211248285|0.0316227766016838|0.0316227766016838|0.0316227766016838|0.01|0.01|0.01|0.00316227766016838|0.00316227766016838|0.00316227766016838,11.4475007478182|5.25784775893441|4.83002477963084|-0.428767953608017|-0.375360627132139|-0.215360440134671|0.624991521238492|-0.655860470886867|0.0438412481581381|-0.398331944186402|-0.263171235061528|-0.578440093528556|-0.42455840562454|-0.692108395849865|-0.747091965058438|-0.37747544360749|11.9031704035331|-0.004873341840676|-0.389945728445952|1.2201073525874|0.150578372103877|7.3503484013378|6.54221207559428|6.7615721537118,dt4,Definitive_rep2
Fluphenazine,Cell_ER_Axial,Mahalanobis distance (cutoff = 1),8,0.8139018571430854,pow,7.339159877339484,2.1164692460560532,9.8886891277379e-8,NA,NA,7.440615758524467,NA,NA,NA,0.072892661986748,1.0979536052860221,8.54125205530563,9.236689886151487,2.949395157526767e-4,-46.41463490006298,0.9996242003117297,10.122780458869931,NA,5.973355854036625,7.4285207202975325,8.153799190823436,8.949889722002423,8.499958466714686,8.499958466714686,8.84891619158543,11.1111111111111|11.1111111111111|11.1111111111111|3.7037037037037|3.7037037037037|3.7037037037037|1.23456790123457|1.23456790123457|1.23456790123457|0.411522633744856|0.411522633744856|0.411522633744856|0.137174211248285|0.137174211248285|0.137174211248285|0.0316227766016838|0.0316227766016838|0.0316227766016838|0.01|0.01|0.01|0.00316227766016838|0.00316227766016838|0.00316227766016838,3.93663170850627|5.99379537539629|8.57113205848549|-0.563362522027301|-0.35505306506547|-0.20187115352587|0.30572592704463|-0.629532029174509|-0.33932790183257|-0.394421569327651|0.434516784825961|-0.49318389156537|-0.596689333665922|-0.485975562330699|-0.729922615875224|-0.309372114757387|7.86442647164237|-0.197497177904659|-0.387971416608546|0.885026828783447|0.236067459518478|2.84328748583221|3.90942086209474|2.73179653034054,dt4,Definitive_rep2
Fluphenazine,Nucleus_DNA_Radial,Mahalanobis distance (cutoff = 1),20,0.8139018571430854,exp2,15.04700932385916,4.1829822162330474,0.9175270237735523,4.171490363444995,NA,NA,NA,NA,NA,0.7834191031993115,1.0979536052860221,3.0843467915114506,3.6378134267687092,1.5006097836948998e-4,-62.2894528013253,0.9998489531769258,8.500714346098137,NA,12.246788833138291,2.1326898823335054,3.5370456476178616,5.423192634582629,2.648980878980648,2.648980878980648,3.282674825927135,11.1111111111111|11.1111111111111|11.1111111111111|3.7037037037037|3.7037037037037|3.7037037037037|1.23456790123457|1.23456790123457|1.23456790123457|0.411522633744856|0.411522633744856|0.411522633744856|0.137174211248285|0.137174211248285|0.137174211248285|0.0316227766016838|0.0316227766016838|0.0316227766016838|0.01|0.01|0.01|0.00316227766016838|0.00316227766016838|0.00316227766016838,7.83062856363089|12.9205565345311|14.0845861486588|0.906114217043206|0.66542823629689|0.836823297753444|2.07557900034494|0.554033557055606|2.02921073334291|1.47547794796773|1.85337541170068|1.45857128236165|1.75199363108932|1.17478803908768|0.352297222326236|1.31299576759106|16.071996340868|2.55099623763287|-0.175968630130588|2.44128272939798|0.976445446259573|4.15281299165054|8.39886087793693|4.18555388441006,dt4,Definitive_rep2
Fluphenazine,Nucleus_DNA_Compactness,Mahalanobis distance (cutoff = 1),10,0.8139018571430854,exp2,8.147597333354398,2.428449139180075,0.5729078040879136,4.38879116837286,NA,NA,NA,NA,NA,-0.3086033117510354,1.0979536052860221,4.507631519881706,4.936285486864296,1.4366711189139867e-7,-39.11255224488167,0.9999968850155708,8.404862293277445,NA,6.631344600871195,2.0040532688720667,3.3747391493895096,5.259751010186911,3.8798510436867533,3.8798510436867533,4.697629450620593,11.1111111111111|11.1111111111111|11.1111111111111|3.7037037037037|3.7037037037037|3.7037037037037|1.23456790123457|1.23456790123457|1.23456790123457|0.411522633744856|0.411522633744856|0.411522633744856|0.137174211248285|0.137174211248285|0.137174211248285|0.0316227766016838|0.0316227766016838|0.0316227766016838|0.01|0.01|0.01|0.00316227766016838|0.00316227766016838|0.00316227766016838,7.40461963707689|6.68107535801084|5.76334794170221|0.785702295559639|0.597022396870459|0.426954703153158|1.65600863673016|0.0495418457428682|0.490134824134144|0.486498681807984|2.11824931624562|2.12020261592343|-0.145869578989683|-0.316006986614967|0.120403417153875|0.648633314881879|11.2011102115291|0.0404790486166069|0.628057115391181|0.869005029082663|0.162634050853972|0.50035698967434|1.01457164433979|0.830751690766865,dt4,Definitive_rep2
Fluphenazine,Nucleus_DNA_Symmetry,Mahalanobis distance (cutoff = 1),15,0.8139018571430854,exp2,11.323811856437304,2.658055417120682,0.3743224801007791,3.425716742035181,NA,NA,NA,NA,NA,0.46370494729122225,1.0979536052860221,4.4895789539456645,4.956797071111013,2.6965513484114285e-5,-53.937425736426746,0.9999718802944458,8.867745498582824,NA,9.216471499893212,2.7490998439342915,4.254386559994914,6.094592294549306,3.9570373446103173,3.9570373446103173,4.691338089232039,11.1111111111111|11.1111111111111|11.1111111111111|3.7037037037037|3.7037037037037|3.7037037037037|1.23456790123457|1.23456790123457|1.23456790123457|0.411522633744856|0.411522633744856|0.411522633744856|0.137174211248285|0.137174211248285|0.137174211248285|0.0316227766016838|0.0316227766016838|0.0316227766016838|0.01|0.01|0.01|0.00316227766016838|0.00316227766016838|0.00316227766016838,8.13092249147485|9.83208910526667|9.61710932363701|0.670808872331794|0.405744674687272|0.16114235518971|0.626508961217722|0.0499294054911484|2.0581771966966|2.26224541935199|1.8291597036595|1.3943512801257|1.80622034098173|0.169146944198074|1.11663000633808|0.192368561782851|8.67319467024346|1.47494956727404|1.49133212791156|4.36444630606799|0.416747909050997|0.473511167607219|6.25115995980779|3.34206775446659,dt4,Definitive_rep2
Berberine Chloride,NA_Position_Position,Mahalanobis distance (cutoff = 1),21,0.8139018571430854,exp2,22.90595984948489,2.9572367525577996,8.9294441178541e-5,8.16389325695288,NA,NA,NA,NA,NA,0.5250537170302351,1.0979536052860221,75.60324388679955,78.00888655694652,4.1899791013174686e-5,-54.607728893600964,0.9999576078712492,94.34125950847111,NA,18.6432032611407,75.54390439675942,81.20229299628676,86.8608770857526,74.43646459033162,74.43646459033162,76.88020518213459,100|100|100|75|75|75|33.3333333333333|33.3333333333333|33.3333333333333|11.1111111111111|11.1111111111111|11.1111111111111|3.7037037037037|3.7037037037037|3.7037037037037|1.23456790123457|1.23456790123457|1.23456790123457|0.411522633744856|0.411522633744856|0.411522633744856|0.137174211248285|0.137174211248285|0.137174211248285,24.0063034937214|18.0054038372363|7.0558438328736|0.844497777668703|0.930349488920795|0.789088096924373|0.590802229557956|1.17990671306505|1.20819129549265|1.24601340032534|1.94697452395616|0.557391894868918|1.58848178415461|0.949378823493358|1.18560066723734|1.71846237493398|0.92477728822639|1.82369386957466|1.9540115168579|2.20757771708841|2.13005707988389|1.89959044413694|1.74333683888573|2.40336993371403,dt4,Definitive_rep2
Berberine Chloride,Ring_AGP_Texture,Mahalanobis distance (cutoff = 1),16,0.8139018571430854,poly1,16.752255485461593,1.5648809289804584,0.1363469185095263,NA,NA,NA,NA,NA,NA,0.12400360842277819,1.0979536052860221,7.47079874887229,8.719789152741729,1.196117343381722e-14,-43.768884049486104,0.9999999999499957,50,NA,13.63469185095263,5,10,20,5.96934544645554,5.96934544645554,8.052647007268524,100|100|100|75|75|75|33.3333333333333|33.3333333333333|33.3333333333333|11.1111111111111|11.1111111111111|11.1111111111111|3.7037037037037|3.7037037037037|3.7037037037037|1.23456790123457|1.23456790123457|1.23456790123457|0.411522633744856|0.411522633744856|0.411522633744856|0.137174211248285|0.137174211248285|0.137174211248285,15.3380434224525|13.6124109402841|12.8612083574687|11.6247989861968|9.77591937890352|6.12580080754886|2.19484499603296|3.82665619708918|7.18669583555155|0.715238747495146|2.31376679045015|2.11873992340465|1.00646653597836|4.31580140294669|0.478645245186678|0.563560070832884|-0.374691133157581|1.36377648444466|-0.0745984963513471|1.26237832381333|0.582784363653591|-0.330614697407245|1.74990363031418|0.362410423386146,dt4,Definitive_rep2
Berberine Chloride,Ring_ER_Texture,Mahalanobis distance (cutoff = 1),22,0.8139018571430854,hill,11.113372748600115,2.0352403445048766,NA,NA,9.04519471920899,0.300000000506367,NA,16.769773700582725,NA,0.4711289570186306,1.0979536052860221,0.007784372758182996,0.06673598554565821,1.3669901221862957e-8,-51.0753040127331,0.9999999862752719,16.769773700582725,NA,9.04519471920899,9.162525705905667e-4,0.011059076000372021,0.1650671175948004,0.007496763780141107,0.007496763780141107,0.022860507769916816,100|100|100|75|75|75|33.3333333333333|33.3333333333333|33.3333333333333|11.1111111111111|11.1111111111111|11.1111111111111|3.7037037037037|3.7037037037037|3.7037037037037|1.23456790123457|1.23456790123457|1.23456790123457|0.411522633744856|0.411522633744856|0.411522633744856|0.137174211248285|0.137174211248285|0.137174211248285,4.13306300936748|5.85331885318984|5.42165342705706|7.85093852301445|6.65893580893935|4.76388698826084|8.25679633670806|4.24786740699486|10.1346469096309|4.29674279181997|2.7776534904097|2.02528832791844|3.27634021909307|3.34379380377577|-0.142848127485083|3.82990403292127|1.79145871651278|1.38788952236248|0.629031002705225|3.35738152714764|3.14967376226344|3.23681079911105|5.9685129508055|3.20587888937413,dt4,Definitive_rep2
Berberine Chloride,Ring_Mito_Intensity,Mahalanobis distance (cutoff = 1),18,0.8139018571430854,exp5,42.30965968751024,5.80960886641167,NA,NA,34.43591059475652,2.499082205931792,NA,35.63226364271013,NA,0.7322427571909476,1.0979536052860221,9.66953060436495,11.318559237664951,3.730412237899092e-16,-66.62956241640612,0.9999999999999926,35.63226364271013,NA,34.43591059475652,12.571044259126277,16.767341007742594,22.63990781411607,9.263947313067938,9.263947313067938,10.460530273995314,100|100|100|75|75|75|33.3333333333333|33.3333333333333|33.3333333333333|11.1111111111111|11.1111111111111|11.1111111111111|3.7037037037037|3.7037037037037|3.7037037037037|1.23456790123457|1.23456790123457|1.23456790123457|0.411522633744856|0.411522633744856|0.411522633744856|0.137174211248285|0.137174211248285|0.137174211248285,33.5257122974828|33.9689365876321|32.4120327614327|55.1885674966528|46.40582811299|46.8873603123747|12.8880788894551|14.5826628154384|17.2473790476235|2.54176143431716|2.98822304077599|1.90195394790498|0.37416018634922|0.384376396080269|0.222629524050666|0.137074755103291|0.313880829535653|1.42428347586034|1.37015501636981|1.15990045540097|0.277411416501269|2.19129152768227|2.95348516966741|2.23931709730584,dt4,Definitive_rep2
Berberine Chloride,Cytoplasm_Mito_Texture,Mahalanobis distance (cutoff = 1),18,0.8139018571430854,poly2,41.74813165876629,6.0896739542658365,-137.0382565648553,-164.92835245019185,NA,NA,NA,NA,NA,0.8153320282024292,1.0979536052860221,1.2156920172521108,1.4939777879500908,1.6090091970389124e-16,-65.83716673669821,0.9999999999999998,23.914819750396035,NA,33.97888188932392,2.070712319157299,4.196189684574538,8.630477457319174,0.9854354871253198,0.9854354871253198,1.332169972752552,100|100|100|75|75|75|33.3333333333333|33.3333333333333|33.3333333333333|11.1111111111111|11.1111111111111|11.1111111111111|3.7037037037037|3.7037037037037|3.7037037037037|1.23456790123457|1.23456790123457|1.23456790123457|0.411522633744856|0.411522633744856|0.411522633744856|0.137174211248285|0.137174211248285|0.137174211248285,29.864960742912|35.6247989971333|30.3538181722673|55.1707588049956|41.3320913437521|51.8057798825322|19.0247202140248|21.2124949367754|20.918477643114|8.8959992339251|13.7543221994483|7.3773423060997|3.55571601001874|1.82128292019277|3.83891295290018|0.205956910649433|1.34849564580225|1.90986448788428|-0.595330813781729|0.389703234193977|0.00341249954781153|0.496008650152043|0.502196256278618|1.5162590304999,dt4,Definitive_rep2
Berberine Chloride,Cytoplasm_ER_Intensity,Mahalanobis distance (cutoff = 1),16,0.8139018571430854,pow,3.7977564863084563,1.2671984250534984,0.4070443654082131,NA,NA,0.4402287031436059,NA,NA,NA,-0.3186473920372048,1.0979536052860221,6.693526043642054,14.405910146918401,1.2381767828913957e-7,-34.97862813368987,0.9999987696065933,20.710774798050622,NA,3.091001057183651,0.11082807189812169,0.5351227705327244,2.5837892389380452,4.8258872660715015,4.8258872660715015,9.525885797676944,100|100|100|75|75|75|33.3333333333333|33.3333333333333|33.3333333333333|11.1111111111111|11.1111111111111|11.1111111111111|3.7037037037037|3.7037037037037|3.7037037037037|1.23456790123457|1.23456790123457|1.23456790123457|0.411522633744856|0.411522633744856|0.411522633744856|0.137174211248285|0.137174211248285|0.137174211248285,2.68099298915496|6.40007630053983|3.45081530009637|3.35747498662918|1.92142738403474|2.74848754711109|2.0068011875582|1.08098451906897|1.89717445163477|1.54583849431359|0.652371293641734|0.369204183788134|1.90385110971796|0.850781732155186|0.00391391509755956|-0.0958334254172675|-0.176262996997736|0.583211358802784|0.75899192130306|0.81577095404887|1.26835688289179|1.27807793655113|4.52063790994636|0.614474076267709,dt4,Definitive_rep2
Berberine Chloride,Cytoplasm_AGP_Profile,Mahalanobis distance (cutoff = 1),7,0.8139018571430854,pow,2.9499836112472617,0.4766899271455777,2.0160043826201999e-4,NA,NA,2.037950085398423,NA,NA,NA,-1.2100391538790212,1.0979536052860221,63.909638705283186,73.33176919691813,3.088451247393977e-9,-12.46316340992511,0.9998743885108307,71.16850560029302,NA,2.400997139735812,22.99316173645912,32.30805753544507,45.39656588673974,58.81181969601216,58.81181969601216,68.11771489232038,100|100|100|75|75|75|33.3333333333333|33.3333333333333|33.3333333333333|11.1111111111111|11.1111111111111|11.1111111111111|3.7037037037037|3.7037037037037|3.7037037037037|1.23456790123457|1.23456790123457|1.23456790123457|0.411522633744856|0.411522633744856|0.411522633744856|0.137174211248285|0.137174211248285|0.137174211248285,2.78915007058565|1.93288995532231|2.38060355971043|1.42603912970838|2.13077076346548|0.88222115889717|0.400383966818805|0.170791548565824|0.107015176926134|-0.142091586621424|0.340493816665264|-0.215275322509186|-0.235056837326211|0.00902020412945526|-0.0270044548191523|0.508385923167897|0.0473667810988051|-0.0259255976893898|-0.287909477509551|-0.0801959067893659|-0.315430486730199|-0.330597311825825|0.482740233280263|1.77536855208716,dt4,Definitive_rep2
Berberine Chloride,Cytoplasm_ER_Profile,Mahalanobis distance (cutoff = 1),21,0.8139018571430854,exp5,4.559622383726207,1.22824646584794,NA,NA,3.711085125985942,0.3000000031774156,NA,1.8157395323098409,NA,0.02571410782323115,1.0979536052860221,0.05151114351821074,0.6516966601579454,9.7341784784468e-8,-39.823251901342346,0.999999895292067,1.8157395323098409,NA,3.711085125985942,3.089138376833573e-4,0.003403258982975906,0.04151928171412446,0.0587108624806116,0.0587108624806116,0.1875271453794543,100|100|100|75|75|75|33.3333333333333|33.3333333333333|33.3333333333333|11.1111111111111|11.1111111111111|11.1111111111111|3.7037037037037|3.7037037037037|3.7037037037037|1.23456790123457|1.23456790123457|1.23456790123457|0.411522633744856|0.411522633744856|0.411522633744856|0.137174211248285|0.137174211248285|0.137174211248285,3.14492596806994|3.08171775383919|3.59414939618843|0.924342509949458|3.07008767528104|5.64063392437133|4.37222920835618|1.57747898285085|4.71191192113669|2.38692772337662|3.14926180872109|1.08777566833095|2.86784960279049|2.22145997331408|1.1711147832993|4.1278952030385|1.38816326130015|-0.125631488510363|-0.186142026828879|1.96910251779995|2.58980848364356|1.5082116634069|0.844456565125198|0.708921254416369,dt4,Definitive_rep2
Berberine Chloride,Cytoplasm_DNA_Profile,Mahalanobis distance (cutoff = 1),14,0.8139018571430854,pow,2.3666775111562903,1.0624729693175352,0.4838503110480131,NA,NA,0.3000000494394449,NA,NA,NA,-0.3260758483146194,1.0979536052860221,7.434643462735316,38.655178570391385,3.364477558121323e-5,-33.473048849865584,0.9998469827450783,9.921260352464397,NA,1.9262432215888798,0.004605046951529199,0.046415947046337974,0.4678432517377538,5.660697214494978,5.660697214494978,15.354759539702838,100|100|100|75|75|75|33.3333333333333|33.3333333333333|33.3333333333333|11.1111111111111|11.1111111111111|11.1111111111111|3.7037037037037|3.7037037037037|3.7037037037037|1.23456790123457|1.23456790123457|1.23456790123457|0.411522633744856|0.411522633744856|0.411522633744856|0.137174211248285|0.137174211248285|0.137174211248285,2.13341260631487|3.08611815648448|1.34115827521617|2.68640318341828|2.06300746556003|1.33353661768079|0.974913887287801|0.385925321154384|1.28442124667449|1.43000415316018|0.0903418601074739|-0.253389935060738|1.53059704930291|0.124285987859113|0.72290082169625|0.517383883179273|0.709287831838105|0.909137948024459|0.36870841292482|2.83116234035874|0.0321322917803144|1.80002336815198|3.54755769287516|0.310760237107773,dt4,Definitive_rep2
Berberine Chloride,Nucleus_RNA_Intensity,Mahalanobis distance (cutoff = 1),7,0.8139018571430854,poly1,2.556602613542698,0.6222657847583185,0.020808236151392677,NA,NA,NA,NA,NA,NA,-0.699715930573532,1.0979536052860221,43.316352629264706,68.13158318942428,2.5635244704820093e-6,-22.822647912909733,0.9973255639222696,50,NA,2.0808236151392676,5,10,20,39.11440889181814,39.11440889181814,52.76533759506267,100|100|100|75|75|75|33.3333333333333|33.3333333333333|33.3333333333333|11.1111111111111|11.1111111111111|11.1111111111111|3.7037037037037|3.7037037037037|3.7037037037037|1.23456790123457|1.23456790123457|1.23456790123457|0.411522633744856|0.411522633744856|0.411522633744856|0.137174211248285|0.137174211248285|0.137174211248285,2.27149668769236|1.73505148823201|2.80223317409592|1.8205270356006|0.799555115900863|0.530961902813447|2.01427959319287|0.854444307877626|0.607889352190758|0.622392399749057|-0.307705950996801|0.545040119178628|1.64326442083601|0.0667038464378746|-0.137177663704824|-0.733454726762965|-0.699265256211265|0.0319469138304282|-0.441148192736172|-0.672890549316588|0.513087964205207|0.052426703804713|0.229410279640601|0.124025574900698,dt4,Definitive_rep2
Berberine Chloride,Nucleus_RNA_Profile,Mahalanobis distance (cutoff = 1),16,0.8139018571430854,poly1,7.422277892676039,1.374852041121675,0.06041005761081095,NA,NA,NA,NA,NA,NA,-0.001091347517093124,1.0979536052860221,16.157844236062516,21.011932274198674,6.133245583376977e-9,-40.81683330727111,0.9999998963725739,50,NA,6.041005761081094,5.000000000000001,10.000000000000002,20.000000000000004,13.472952838194777,13.472952838194777,18.175013378724756,100|100|100|75|75|75|33.3333333333333|33.3333333333333|33.3333333333333|11.1111111111111|11.1111111111111|11.1111111111111|3.7037037037037|3.7037037037037|3.7037037037037|1.23456790123457|1.23456790123457|1.23456790123457|0.411522633744856|0.411522633744856|0.411522633744856|0.137174211248285|0.137174211248285|0.137174211248285,6.55375550191215|6.3789701748933|6.53528848163528|4.32394844075159|3.5577480079355|2.47479354763961|1.72474217660056|2.18631260283924|3.27822098731241|0.955964190309433|-0.336981263701574|0.276751218448724|3.72178559409084|0.610893043068118|0.0176343677471454|0.438603459359599|-0.261756549153234|0.148759422931708|0.550257111491314|1.84615920114097|2.30841933653671|1.51243213282979|3.31403213820964|1.38077433206027,dt4,Definitive_rep2
Berberine Chloride,Nucleus_RNA_Radial,Mahalanobis distance (cutoff = 1),19,0.8139018571430854,pow,11.27126141184771,1.5123272035897937,1.4840504636604952,NA,NA,0.395547946447215,NA,NA,NA,0.26800456564413644,1.0979536052860221,0.36254232866145836,0.625989238028721,1.1284762944707693e-12,-45.1650808436796,0.9999999999394346,17.336222498777403,NA,9.173700595448047,0.0513825853167586,0.2963885893849264,1.709649200717333,0.2190119156789278,0.2190119156789278,0.4668269951459642,100|100|100|75|75|75|33.3333333333333|33.3333333333333|33.3333333333333|11.1111111111111|11.1111111111111|11.1111111111111|3.7037037037037|3.7037037037037|3.7037037037037|1.23456790123457|1.23456790123457|1.23456790123457|0.411522633744856|0.411522633744856|0.411522633744856|0.137174211248285|0.137174211248285|0.137174211248285,6.67373637358585|9.2901875996326|10.5079781383711|9.60609390944344|8.56246479601548|7.32552334799107|7.91471650116246|4.29962140509264|3.1630169985782|6.76170298482511|3.62269035350891|3.3961913990738|4.19642362027559|2.90891446979012|1.44584692944687|0.273097703389065|0.446616806434167|2.42161641468781|1.15316459431481|-0.0771249946501761|3.83909991650154|0.274287592036966|0.207203324465844|2.53370939724046,dt4,Definitive_rep2
Berberine Chloride,Nucleus_RNA_Axial,Mahalanobis distance (cutoff = 1),17,0.8139018571430854,exp4,4.965364137330257,1.4612762742518164,NA,NA,4.04131909276477,NA,NA,3.01428891906192,NA,0.20262037763175303,1.0979536052860221,0.6669279851815676,3.132803262435692,7.904561121185044e-9,-43.873326863045506,0.9999999624868006,3.01428891906192,NA,4.04131909276477,0.22305913265011593,0.4581812402345476,0.9703842891536905,0.9779744902646688,0.9779744902646688,1.3786138841260813,100|100|100|75|75|75|33.3333333333333|33.3333333333333|33.3333333333333|11.1111111111111|11.1111111111111|11.1111111111111|3.7037037037037|3.7037037037037|3.7037037037037|1.23456790123457|1.23456790123457|1.23456790123457|0.411522633744856|0.411522633744856|0.411522633744856|0.137174211248285|0.137174211248285|0.137174211248285,2.63440515773603|2.76584990913859|3.84083405442148|7.00251315203296|5.99687751841349|5.11088069499458|3.09899246157757|4.82643487383002|2.83993046806277|7.22076353314691|3.49942488782813|2.27074955835555|4.62201394009277|3.20807641346752|0.969206254424263|0.515934457446098|-0.151288051479284|0.478599619784716|-0.172516945315561|0.0407025443612236|2.48356833792944|0.581563835286956|1.38779550568479|0.456791221232792,dt4,Definitive_rep2
Berberine Chloride,Nucleus_RNA_Compactness,Mahalanobis distance (cutoff = 1),16,0.8139018571430854,exp4,8.500295512153627,1.347283556595167,NA,NA,6.918406303606872,NA,NA,15.717055371252691,NA,-0.13029494498372424,1.0979536052860221,2.9385040936786884,5.268769469615369,6.638609394016755e-13,-38.691316247885084,0.9999999999599748,15.717055371252691,NA,6.918406303606872,1.1630712360567363,2.389041036277547,5.059761692906563,2.8379588779255016,2.8379588779255016,3.9183935571244737,100|100|100|75|75|75|33.3333333333333|33.3333333333333|33.3333333333333|11.1111111111111|11.1111111111111|11.1111111111111|3.7037037037037|3.7037037037037|3.7037037037037|1.23456790123457|1.23456790123457|1.23456790123457|0.411522633744856|0.411522633744856|0.411522633744856|0.137174211248285|0.137174211248285|0.137174211248285,6.52147140048404|7.39893475018483|9.12407608344236|7.17284826364569|4.24404563563739|5.27555757379044|6.23269782881956|4.17971875265342|5.50713392507491|2.83459099379726|3.23173768420946|1.76844653239841|3.28526322590659|1.38815988548642|0.615789599266762|0.0185147575668724|-0.382549599309525|0.571662289135713|-0.264703530900246|0.140243209184953|4.51509002439033|0.433537994201599|0.0476746464701999|0.983414378664879,dt4,Definitive_rep2
Berberine Chloride,Nucleus_RNA_Symmetry,Mahalanobis distance (cutoff = 1),23,0.8139018571430854,pow,10.106704221718147,2.19496944977982,2.0662429324891205,NA,NA,0.3000001071857811,NA,NA,NA,0.46210823639605914,1.0979536052860221,0.08217731443729122,0.18889529784388165,6.655830966113625e-10,-52.12068808148748,0.9999999993085432,9.921264764856543,NA,8.22586533565226,0.0046050558030761345,0.046416015621197085,0.46784373485942593,0.04480254414022907,0.04480254414022907,0.12152781430192527,100|100|100|75|75|75|33.3333333333333|33.3333333333333|33.3333333333333|11.1111111111111|11.1111111111111|11.1111111111111|3.7037037037037|3.7037037037037|3.7037037037037|1.23456790123457|1.23456790123457|1.23456790123457|0.411522633744856|0.411522633744856|0.411522633744856|0.137174211248285|0.137174211248285|0.137174211248285,3.00352247140254|7.72752339652566|8.13779982512076|9.54388910156737|7.24153954872288|7.82842223330599|6.783827201782|5.12395813847626|2.36634478623943|8.80888753365799|4.78816711741825|2.80825769554942|7.5041009695218|3.98956499332159|2.58260244607397|1.08754468796602|3.6127201795414|2.20693104051134|1.59542499793754|0.763752707976377|3.44018832733621|2.23903990864909|2.25715478686645|5.16160697787531,dt4,Definitive_rep2
Berberine Chloride,Cell_DNA_Radial,Mahalanobis distance (cutoff = 1),14,0.8139018571430854,poly1,8.181886981304128,1.228636880119771,0.06659253009018262,NA,NA,NA,NA,NA,NA,-0.19328284697415848,1.0979536052860221,14.866364208869689,18.739570066590325,3.7854186007711485e-11,-36.700699298412644,0.9999999791260108,50,NA,6.659253009018262,5,10,20,12.222119448545694,12.222119448545694,16.48763913608814,100|100|100|75|75|75|33.3333333333333|33.3333333333333|33.3333333333333|11.1111111111111|11.1111111111111|11.1111111111111|3.7037037037037|3.7037037037037|3.7037037037037|1.23456790123457|1.23456790123457|1.23456790123457|0.411522633744856|0.411522633744856|0.411522633744856|0.137174211248285|0.137174211248285|0.137174211248285,4.53015576307753|7.57831464959458|6.75683791990211|5.52430986057178|5.06768606046223|3.85191467610786|2.39844681686072|2.14495679830079|4.38306532142027|0.920450873958648|0.278214801389455|-0.372462022506329|-0.229707725234913|1.09368360969612|-0.549687147125866|-0.473978511644576|-0.0944979508258184|-0.101224741903067|-0.315487347600341|0.602680700286504|-0.100374232849547|1.48931282528992|4.07972600323595|1.37719288359275,dt4,Definitive_rep2
Berberine Chloride,Cell_Mito_Radial,Mahalanobis distance (cutoff = 1),19,0.8139018571430854,exp5,42.46252879735111,3.5914680038706224,NA,NA,34.56033104715581,1.7121516685410338,NA,26.374366443705963,NA,0.9516203199768276,1.0979536052860221,3.9233583580560483,4.9520443663241265,1.6918023613195155e-16,-63.9847541288072,0.9999999999999968,26.374366443705963,NA,34.56033104715581,5.764306263219619,8.776764215148003,13.604528252784966,3.6839383198021385,3.6839383198021385,4.3985974829428836,100|100|100|75|75|75|33.3333333333333|33.3333333333333|33.3333333333333|11.1111111111111|11.1111111111111|11.1111111111111|3.7037037037037|3.7037037037037|3.7037037037037|1.23456790123457|1.23456790123457|1.23456790123457|0.411522633744856|0.411522633744856|0.411522633744856|0.137174211248285|0.137174211248285|0.137174211248285,32.1077719482394|26.7163706365704|31.4931939949474|39.6363166925188|38.3719658167425|38.9390240115949|13.3127652030394|22.5468162102272|22.3095945437507|6.0456385872097|5.59389431541294|5.0810438109542|2.02080228057985|1.68474937982314|1.19734216946119|-0.0893261710011116|0.0201238917371952|0.15609541086591|0.132154726372703|0.760170137793896|0.953283734455332|2.60361319615978|5.53010643831568|5.98926253845994,dt4,Definitive_rep2
Berberine Chloride,Cell_Mito_Axial,Mahalanobis distance (cutoff = 1),13,0.8139018571430854,exp4,10.747997589200933,1.832712914362869,NA,NA,8.747815198420044,NA,NA,31.830078317249736,NA,0.34293914873745945,1.0979536052860221,4.355556961651446,8.9673727345711,2.7399544492527437e-9,-48.34106738606906,0.9999999943675133,31.830078317249736,NA,8.747815198420044,2.3554443028774372,4.83827036882017,10.246996472787746,4.4845430280955965,4.4845430280955965,6.158773122690076,100|100|100|75|75|75|33.3333333333333|33.3333333333333|33.3333333333333|11.1111111111111|11.1111111111111|11.1111111111111|3.7037037037037|3.7037037037037|3.7037037037037|1.23456790123457|1.23456790123457|1.23456790123457|0.411522633744856|0.411522633744856|0.411522633744856|0.137174211248285|0.137174211248285|0.137174211248285,5.55869170696349|6.7738088692119|12.5594976261774|10.8722019957001|4.63536954069743|8.82542108935777|3.21169549202143|5.07161895692649|5.73017324038719|2.29182061920753|-0.305559589274425|1.8769932672607|0.542465495668145|0.687644417713136|-0.710170228542805|-0.473471147498806|-0.444867431607467|-0.249717103981428|-0.422277789453926|0.0657080365683423|0.429505649607332|0.813335923609357|2.73223495397612|2.89076629237246,dt4,Definitive_rep2
Berberine Chloride,Cell_Mito_Compactness,Mahalanobis distance (cutoff = 1),21,0.8139018571430854,hill,40.03905392186429,3.2455758278428872,NA,NA,32.58786034525748,1.2768795905777588,NA,8.232024391006574,NA,0.721696840966886,1.0979536052860221,0.508919370396312,0.6994064031450923,3.0110734615486986e-20,-59.09851230964358,1,8.232024391006574,NA,32.58786034525748,0.8204252160239435,1.4729325079094502,2.779699357850113,0.4667768840036471,0.4667768840036471,0.5942698216726696,100|100|100|75|75|75|33.3333333333333|33.3333333333333|33.3333333333333|11.1111111111111|11.1111111111111|11.1111111111111|3.7037037037037|3.7037037037037|3.7037037037037|1.23456790123457|1.23456790123457|1.23456790123457|0.411522633744856|0.411522633744856|0.411522633744856|0.137174211248285|0.137174211248285|0.137174211248285,31.601041535502|28.9348729073995|30.685805241415|41.9773621834293|33.5065784817848|37.3760768152161|23.4400696850337|23.944042628498|27.6026007146152|22.6467335429715|18.0988138886995|20.2926310940273|6.83445363240467|9.26284668256914|10.1356775803306|0.821114250577496|1.6823203332411|3.91948653004531|-0.61126082101615|-0.119845172969379|-0.415489686714999|0.882297710542898|2.07787981215743|1.18052946588054,dt4,Definitive_rep2
Berberine Chloride,Cell_AGP_Radial,Mahalanobis distance (cutoff = 1),14,0.8139018571430854,poly1,9.627866873988266,1.2840960739774456,0.07836138729065442,NA,NA,NA,NA,NA,NA,-0.2831205991887676,1.0979536052860221,12.891050271798997,15.305625314477675,1.809675699588646e-13,-35.56488865265127,0.9999999999111742,50,NA,7.836138729065442,5,10,20,10.3865166925159,10.3865166925159,14.011411018203948,100|100|100|75|75|75|33.3333333333333|33.3333333333333|33.3333333333333|11.1111111111111|11.1111111111111|11.1111111111111|3.7037037037037|3.7037037037037|3.7037037037037|1.23456790123457|1.23456790123457|1.23456790123457|0.411522633744856|0.411522633744856|0.411522633744856|0.137174211248285|0.137174211248285|0.137174211248285,7.27656286662574|8.54594191330458|6.86672978921422|6.74992239671773|6.48876449892173|5.38024947267189|3.00741251361568|2.04829611863389|3.14920981039708|0.167189327070119|1.38228491309271|-0.0504262649515808|-0.0735239729210743|1.58563663651415|0.329620929128142|0.301611326200238|0.244620916799572|-0.194083388893865|-0.323661163851812|0.427856340413635|-0.157992008147943|1.50316238661654|4.63316830005588|2.8730231439512,dt4,Definitive_rep2
Berberine Chloride,Cell_AGP_Axial,Mahalanobis distance (cutoff = 1),10,0.8139018571430854,hill,6.604040988876866,0.9886478974528629,NA,NA,5.37504122549594,4.207816331060861,NA,36.65040583734747,NA,-0.7189574610788625,1.0979536052860221,23.776182503156985,30.475212442897416,1.2533731647485928e-13,-25.956457162856488,0.9999999986714343,36.65040583734747,NA,5.37504122549594,18.20451912815461,21.742037102096454,26.363159057201724,24.332976622947264,24.332976622947264,26.529524661370353,100|100|100|75|75|75|33.3333333333333|33.3333333333333|33.3333333333333|11.1111111111111|11.1111111111111|11.1111111111111|3.7037037037037|3.7037037037037|3.7037037037037|1.23456790123457|1.23456790123457|1.23456790123457|0.411522633744856|0.411522633744856|0.411522633744856|0.137174211248285|0.137174211248285|0.137174211248285,5.80799573399785|9.40177679195372|4.92563648113021|5.25098988615579|5.02869541140683|4.69344537595488|2.25617156800006|1.15662135642643|2.85341922256504|-0.407991565068264|-0.249668210998554|-0.409507468901022|-0.515733906110079|-0.116649992841026|-0.518862261266836|-0.48829143615672|0.481008535781575|-0.109849364363747|-0.374671789661824|0.116796075719737|0.0894897408013922|0.615766058566064|1.56270399890997|-0.133073892293219,dt4,Definitive_rep2
Berberine Chloride,Cell_AGP_Symmetry,Mahalanobis distance (cutoff = 1),21,0.8139018571430854,pow,6.523336098624724,1.7144054995147167,1.1194502872605376,NA,NA,0.3380184911825749,NA,NA,NA,0.4062544429233097,1.0979536052860221,0.5501953697843192,1.8551666958415907,4.25237146884666e-7,-48.342256748478206,0.9999994195003077,12.865522604367976,NA,5.309355365439192,0.014158244195623644,0.11004795243076076,0.8553710238976096,0.3894556322126477,0.3894556322126477,0.9442515042838172,100|100|100|75|75|75|33.3333333333333|33.3333333333333|33.3333333333333|11.1111111111111|11.1111111111111|11.1111111111111|3.7037037037037|3.7037037037037|3.7037037037037|1.23456790123457|1.23456790123457|1.23456790123457|0.411522633744856|0.411522633744856|0.411522633744856|0.137174211248285|0.137174211248285|0.137174211248285,6.09166741315105|6.36355118688315|7.75275090253968|7.05990889053904|3.6455206344889|3.46766779491888|2.2786775522365|0.636649152707193|3.17843585929122|1.7207868131275|1.23533043489094|0.455333138833958|1.95196770600983|1.50786093881308|3.90323924977523|2.10470567506458|0.864469272439405|1.17643441881147|-0.134379986892218|1.25744214621202|2.68671437027511|3.70452755976234|3.48766203222448|3.42536881607298,dt4,Definitive_rep2
Berberine Chloride,Cell_ER_Radial,Mahalanobis distance (cutoff = 1),16,0.8139018571430854,poly1,8.659783655753074,1.1551607983655772,0.07048213999874764,NA,NA,NA,NA,NA,NA,-0.11257403931592527,1.0979536052860221,13.763439895500253,17.71709179680993,1.0390320388301052e-11,-37.17757931771012,0.9999999980102303,50,NA,7.048213999874764,5,10,20,11.547632593981215,11.547632593981215,15.577756369280658,100|100|100|75|75|75|33.3333333333333|33.3333333333333|33.3333333333333|11.1111111111111|11.1111111111111|11.1111111111111|3.7037037037037|3.7037037037037|3.7037037037037|1.23456790123457|1.23456790123457|1.23456790123457|0.411522633744856|0.411522633744856|0.411522633744856|0.137174211248285|0.137174211248285|0.137174211248285,5.34935596176732|8.83457369207962|6.821268221704|6.22923871812284|4.72930394852614|4.65660008405103|3.45429731501258|1.96212817453883|3.54953974895765|0.751251484545675|0.787859111395161|0.751647804995414|2.06500979436481|1.3935983665494|-0.0466525717546901|-0.186842063108855|0.0379528222777922|0.0145802893451614|0.23539982769207|0.828739459992303|1.27818707355148|1.57275963816367|3.37490162931976|0.883097630147726,dt4,Definitive_rep2
Berberine Chloride,Cell_ER_Axial,Mahalanobis distance (cutoff = 1),12,0.8139018571430854,poly1,7.5837185077617235,1.0011862408035623,0.06172402577517655,NA,NA,NA,NA,NA,NA,-0.21682448086435646,1.0979536052860221,15.435276757685378,20.65768259771498,3.386460943864841e-11,-34.340696469849156,0.9999999797162764,50,NA,6.172402577517655,5,10,20,13.186143433152589,13.186143433152589,17.78810749132284,100|100|100|75|75|75|33.3333333333333|33.3333333333333|33.3333333333333|11.1111111111111|11.1111111111111|11.1111111111111|3.7037037037037|3.7037037037037|3.7037037037037|1.23456790123457|1.23456790123457|1.23456790123457|0.411522633744856|0.411522633744856|0.411522633744856|0.137174211248285|0.137174211248285|0.137174211248285,3.98210142293703|8.00572644675767|5.65595431779557|5.74808946917309|4.02373183109019|4.7619144632529|3.32328445611691|1.55595826154716|3.24327085395689|-0.007446015596695|0.330904318618528|0.067486802749713|-0.3998392276203|0.439840752346428|-0.454510981930785|-0.0717203498381642|-0.173534173101006|0.128893696003193|-0.0367228002552549|0.501172405478554|1.20543386279852|1.14743825676532|2.36132899557158|0.554139419268915,dt4,Definitive_rep2
Berberine Chloride,Cell_ER_Compactness,Mahalanobis distance (cutoff = 1),24,0.8139018571430854,pow,11.535004323475306,2.488570516144218,2.358249047762783,NA,NA,0.3000000666676803,NA,NA,NA,0.7118995902776228,1.0979536052860221,0.04891580578369106,0.13028196343816875,5.266675877942698e-10,-56.46764444743635,0.999999999344865,9.92126166887223,NA,9.38836144103007,0.004605049592327943,0.04641596750518334,0.46784339587385926,0.02883643586101011,0.02883643586101011,0.07821943065962085,100|100|100|75|75|75|33.3333333333333|33.3333333333333|33.3333333333333|11.1111111111111|11.1111111111111|11.1111111111111|3.7037037037037|3.7037037037037|3.7037037037037|1.23456790123457|1.23456790123457|1.23456790123457|0.411522633744856|0.411522633744856|0.411522633744856|0.137174211248285|0.137174211248285|0.137174211248285,7.41556845876777|8.87022783792136|7.05221776414076|13.0999571141099|8.39185465697694|10.9768616794992|10.4976785077462|4.97320028714352|6.81186768275923|5.62781232150714|4.01469818214814|2.29957578771526|7.78496942178018|3.47257878118165|2.14583047918305|1.00244630381577|1.59916314398986|3.43687909961607|2.0634804649471|1.74330473740337|7.74374420031426|4.35566546008431|5.15737100276854|3.40864931787751,dt4,Definitive_rep2
Berberine Chloride,Cell_ER_Symmetry,Mahalanobis distance (cutoff = 1),22,0.8139018571430854,pow,10.731011674083923,3.6901080225113176,2.1938776431466733,NA,NA,0.3000001521580349,NA,NA,NA,0.8519412059982424,1.0979536052860221,0.0573990098434258,0.18867571238262965,1.4364392699256833e-7,-62.505042699905346,0.999999854263467,9.92126820118243,NA,8.733990330561035,0.004605062696579446,0.046416069026645294,0.4678441111098415,0.03668874458651584,0.03668874458651584,0.0995189527217675,100|100|100|75|75|75|33.3333333333333|33.3333333333333|33.3333333333333|11.1111111111111|11.1111111111111|11.1111111111111|3.7037037037037|3.7037037037037|3.7037037037037|1.23456790123457|1.23456790123457|1.23456790123457|0.411522633744856|0.411522633744856|0.411522633744856|0.137174211248285|0.137174211248285|0.137174211248285,7.62636095515785|10.6245221240619|12.1779993292402|6.77980892727484|20.186510122273|7.19674892703659|6.23776947827137|1.73489177041851|4.55665329563173|2.31020290826309|3.74219076455185|5.32721378592709|5.89195650013117|3.75845854830937|0.744418807042869|1.94368649240486|0.649609707827193|3.20243654387958|1.73249060684702|2.62623257170817|9.02962161314021|4.84446207991726|7.83204263717841|2.04804267023279,dt4,Definitive_rep2
Berberine Chloride,Nucleus_DNA_Profile,Mahalanobis distance (cutoff = 1),9,0.8139018571430854,poly1,1.694293991833683,0.8817475012484557,0.01378989026499806,NA,NA,NA,NA,NA,NA,-0.584891889296042,1.0979536052860221,60.429828559807376,114.81079645428913,5.473332500726017e-4,-26.97909544262124,0.9736764978668722,50,NA,1.3789890264998061,5,10,20,59.02163407412726,59.02163407412726,79.62018436599767,100|100|100|75|75|75|33.3333333333333|33.3333333333333|33.3333333333333|11.1111111111111|11.1111111111111|11.1111111111111|3.7037037037037|3.7037037037037|3.7037037037037|1.23456790123457|1.23456790123457|1.23456790123457|0.411522633744856|0.411522633744856|0.411522633744856|0.137174211248285|0.137174211248285|0.137174211248285,1.09542437921295|1.73672032617903|1.20762062570663|1.61049334441267|0.814463007927815|0.577567992348537|1.33052346317653|0.497440409823321|1.41508193930747|-0.134727769469797|-0.348641492375435|-0.449223736679733|-0.515170367304954|0.310784141221327|-0.670239021720065|-0.249598859957801|-0.478553118098135|0.454027313495074|0.00394270031677157|1.25209866750446|-0.554590023095557|0.40447107813204|3.39492368077471|0.711969498701542,dt4,Definitive_rep2
Berberine Chloride,Nucleus_DNA_Radial,Mahalanobis distance (cutoff = 1),16,0.8139018571430854,exp4,5.328979805804039,1.3026856676993968,NA,NA,4.337266560621906,NA,NA,6.002509045109747,NA,-0.10545900744725667,1.0979536052860221,1.5667517214554252,4.369714523350753,1.7105960245051295e-10,-38.8059193790763,0.9999999995626268,6.002509045109747,NA,4.337266560621906,0.4441891594596515,0.9123999432885744,1.932376301436341,1.7997460654524435,1.7997460654524435,2.5276460867681747,100|100|100|75|75|75|33.3333333333333|33.3333333333333|33.3333333333333|11.1111111111111|11.1111111111111|11.1111111111111|3.7037037037037|3.7037037037037|3.7037037037037|1.23456790123457|1.23456790123457|1.23456790123457|0.411522633744856|0.411522633744856|0.411522633744856|0.137174211248285|0.137174211248285|0.137174211248285,2.02588737336318|3.69660327312609|5.89705808039541|8.14543136274568|7.16835498894558|4.30078384559868|3.42428998219582|4.24270616946259|3.75569196923259|4.11633111218177|3.55323296565629|1.84892693198517|1.6648105902581|2.04603340997472|0.332847315436564|0.512990550475969|0.326700142812027|0.726340568094696|0.190616260477438|1.22038805104133|0.132906091811867|0.013022382545131|1.84098977119695|0.646523102054728,dt4,Definitive_rep2
Berberine Chloride,Nucleus_DNA_Axial,Mahalanobis distance (cutoff = 1),17,0.8139018571430854,poly2,3.782088944859423,1.3581158565345048,-14.29358722819233,-106.19823023917719,NA,NA,NA,NA,NA,-0.12748453169109553,1.0979536052860221,8.398090962313487,9.59961586532856,3.1703622287493634e-5,-37.2894449953746,0.9781187293448619,13.035402385337521,NA,3.0782492161014168,1.156122024848191,2.338569054783739,4.790212760799385,6.4373177875261005,6.4373177875261005,8.904114505537205,100|100|100|75|75|75|33.3333333333333|33.3333333333333|33.3333333333333|11.1111111111111|11.1111111111111|11.1111111111111|3.7037037037037|3.7037037037037|3.7037037037037|1.23456790123457|1.23456790123457|1.23456790123457|0.411522633744856|0.411522633744856|0.411522633744856|0.137174211248285|0.137174211248285|0.137174211248285,0.89278817441588|0.280593782839437|0.835259456231023|6.99846933955806|3.71225130701905|2.47244030460494|3.00780019328991|2.46547845452018|1.13029486083071|4.00995126700292|1.37324972361497|1.38191094009328|2.90650382266261|1.94303629875123|0.958270837834989|0.375651252177145|0.113725020962747|0.821489386853415|0.476340038917201|-0.0361667240802476|-0.0105116930987484|0.289647745448989|2.28992454636405|1.23134275543167,dt4,Definitive_rep2
Berberine Chloride,Nucleus_DNA_Symmetry,Mahalanobis distance (cutoff = 1),21,0.8139018571430854,exp4,4.755106257808472,1.5849319353812348,NA,NA,3.870189814143022,NA,NA,1.3108892655005793,NA,0.24969598854901232,1.0979536052860221,0.2741312101886972,1.520496729427147,1.898822993042104e-8,-45.372519970621504,0.9999999792733973,1.3108892655005793,NA,3.870189814143022,0.09700656785544853,0.19925922351999745,0.42201208385089517,0.44652014575819443,0.44652014575819443,0.631001971818145,100|100|100|75|75|75|33.3333333333333|33.3333333333333|33.3333333333333|11.1111111111111|11.1111111111111|11.1111111111111|3.7037037037037|3.7037037037037|3.7037037037037|1.23456790123457|1.23456790123457|1.23456790123457|0.411522633744856|0.411522633744856|0.411522633744856|0.137174211248285|0.137174211248285|0.137174211248285,2.15179011927307|4.5958412041139|5.03903964617438|8.09055010055978|3.80043651652814|3.17273065808288|4.38840279730382|4.04501704275733|1.74298929550042|5.46890147052396|2.71607703250185|3.07358557700995|5.44520720232749|4.26031675944331|0.755719131403637|0.612757821680316|0.911570812247816|1.61220591291419|1.84838581903548|1.44111623645429|1.06755349083672|0.251715059901058|2.05921055542442|3.16544072701502,dt4,Definitive_rep2
Berberine Chloride,Nuclei_Shape_Morph,Mahalanobis distance (cutoff = 1),7,0.8139018571430854,poly2,1.8936327842514153,0.6335760072575264,-6.635492595634591,-118.4551543956838,NA,NA,NA,NA,NA,-0.813678097902578,1.0979536052860221,22.39138844076029,29.119450052762055,8.511582107558335e-5,-19.184888707087666,0.9792293728332238,15.887784733085226,NA,1.5412312398492585,1.39204251766014,2.8184268518324953,5.785285098877201,16.956982720356752,16.956982720356752,24.787218603787874,100|100|100|75|75|75|33.3333333333333|33.3333333333333|33.3333333333333|11.1111111111111|11.1111111111111|11.1111111111111|3.7037037037037|3.7037037037037|3.7037037037037|1.23456790123457|1.23456790123457|1.23456790123457|0.411522633744856|0.411522633744856|0.411522633744856|0.137174211248285|0.137174211248285|0.137174211248285,0.760008230751595|0.192807318123198|1.1764532489812|3.61287701409412|2.48729980043632|1.31672910733569|1.41715215029148|1.294622789387|0.0682959058505491|0.933285730502574|0.376481059989605|0.351136478553601|0.390044418348833|0.184953436935111|0.230348684288072|-0.36223374702176|-0.372754512483283|-0.292710816422026|-0.274078407826489|-0.418772784561809|-0.440665279912356|-0.614949103477844|-0.469145049315556|-0.560051762358372,dt4,Definitive_rep2
Rapamycin,NA_Position_Position,Mahalanobis distance (cutoff = 1),11,0.8139018571430854,pow,2.576210575617789,1.147294613116371,0.8535799186987423,NA,NA,0.30000016151438863,NA,NA,NA,-0.13298525052913973,1.0979536052860221,0.9355097455384103,8.305753428611755,5.494314045324698e-4,-36.94995685008335,0.9984359825174467,1.9842537832201204,NA,2.0967825718869757,9.210128261509789e-4,0.009283216027501534,0.09356883787754597,0.8532825629475973,0.8532825629475973,2.314545928309536,20|20|20|15|15|15|6.32455532033676|6.32455532033676|6.32455532033676|2|2|2|0.632455532033676|0.632455532033676|0.632455532033676|0.2|0.2|0.2|0.0632455532033676|0.0632455532033676|0.0632455532033676|0.02|0.02|0.02,2.38057878963359|0.23135124042353|2.04720703509665|4.48358338556022|0.425659481668127|2.83755966241888|2.52162606342309|2.42757103357567|0.761100359169747|0.820665155660176|0.392527897641627|0.15288061095819|0.237102066333793|2.2677625387876|-0.636609688987084|0.773779490228036|1.10173024506818|0.968125664182317|-0.00769803986587392|0.560097137189097|0.176415928315137|3.28453641323117|0.611140747293128|-0.0169637338831345,dt4,Definitive_rep2
Rapamycin,Ring_Mito_Texture,Mahalanobis distance (cutoff = 1),24,0.8139018571430854,exp5,18.963154784253344,1.7862342699844758,NA,NA,15.434146896195582,0.30000000015013906,NA,1.938991388194847,NA,0.38843191561274804,1.0979536052860221,7.22792574292315e-4,0.0016955912513745984,2.977692156766438e-15,-48.45746087829225,0.9999999999999969,1.938991388194847,NA,15.434146896195582,3.2988278761678227e-4,0.003634270953635407,0.04433759643713014,3.9581475587243835e-4,3.9581475587243835e-4,0.001108957877651589,20|20|20|15|15|15|6.32455532033676|6.32455532033676|6.32455532033676|2|2|2|0.632455532033676|0.632455532033676|0.632455532033676|0.2|0.2|0.2|0.0632455532033676|0.0632455532033676|0.0632455532033676|0.02|0.02|0.02,10.920043076142|10.8594066524655|12.8393111261218|12.8619153737516|11.6581882325473|13.1621193040822|9.53984268097376|9.40881317276361|11.9143826718032|3.55965975558674|4.992913911635|6.19663824449873|5.20476989298849|4.7860663862712|4.18132762343923|3.86467675124494|3.8825251215808|5.16434509410896|5.07310046863021|4.44390885872359|4.7616572691496|6.62583663142697|4.22327842734446|3.4552678577956,dt4,Definitive_rep2
Rapamycin,Ring_ER_Texture,Mahalanobis distance (cutoff = 1),24,0.8139018571430854,exp3,30.541985515934147,2.895993826291607,0.6823372750587353,0.4829122628725599,NA,0.34567232467362674,NA,NA,NA,0.7244408137682861,1.0979536052860221,0.39924766179375903,0.4570099811599157,5.4075773168110814e-14,-57.67508570988487,0.9999999999991149,11.103355543498589,NA,24.858178732256018,0.5368588664799863,1.6694565681565594,4.214238537402956,0.23990141572668175,0.23990141572668175,0.4278401011011791,20|20|20|15|15|15|6.32455532033676|6.32455532033676|6.32455532033676|2|2|2|0.632455532033676|0.632455532033676|0.632455532033676|0.2|0.2|0.2|0.0632455532033676|0.0632455532033676|0.0632455532033676|0.02|0.02|0.02,23.8239137179049|23.832703102011|29.5817203784879|27.4209108050565|18.7535724044699|15.0555570401875|5.24469764892064|5.89519251042297|5.15223594916634|3.06020839244005|2.53213612426121|3.55689369192876|1.90478704901046|2.87799453869507|1.56987741607565|2.01191749795909|3.84260321665664|3.7662968906329|1.97527594618427|3.66332887132036|3.18191628763241|1.57490829062471|2.72437908735244|3.3630975524309,dt4,Definitive_rep2
Rapamycin,Ring_ER_Intensity,Mahalanobis distance (cutoff = 1),10,0.8139018571430854,exp5,6.003120140079075,0.8409255874025295,NA,NA,4.885950630663418,3.9606539765427753,NA,8.66024728191899,NA,-0.5621924793393349,1.0979536052860221,5.788356675911693,8.28806066453393,3.1601430980008626e-11,-27.450848681126832,0.9999999407013663,8.66024728191899,NA,4.885950630663418,4.48777172597859,5.382220477058255,6.505003048145172,6.180597597183834,6.180597597183834,6.724756963188895,20|20|20|15|15|15|6.32455532033676|6.32455532033676|6.32455532033676|2|2|2|0.632455532033676|0.632455532033676|0.632455532033676|0.2|0.2|0.2|0.0632455532033676|0.0632455532033676|0.0632455532033676|0.02|0.02|0.02,3.63094793141483|4.62616226082002|5.79798994126275|5.43330014158512|4.31570203412149|5.15447838582119|1.07648309865355|1.23975756294493|0.0169581903569516|0.397502337060137|0.576305236844196|0.598118133507599|0.619198834318395|0.285046222355422|2.8931564684386|0.31574323108131|-0.0138793334901429|-0.0948322019603205|0.404659418968258|0.135234445845415|0.0856817854689162|1.50949808592808|0.346194001123559|0.72959447492423,dt4,Definitive_rep2
Rapamycin,Cytoplasm_Mito_Texture,Mahalanobis distance (cutoff = 1),15,0.8139018571430854,exp5,12.857891085957869,2.0616618535224114,NA,NA,10.465061433804632,2.0394699756372154,NA,3.8225659772011085,NA,0.20290542816071463,1.0979536052860221,1.2465916324720465,1.9399847068427791,1.6194692561280563e-11,-47.69303104528659,0.9999999999765508,3.8225659772011085,NA,10.465061433804632,1.0663859972904588,1.5177422745938873,2.1927928915243697,1.3338663944090636,1.3338663944090636,1.5559302818743213,20|20|20|15|15|15|6.32455532033676|6.32455532033676|6.32455532033676|2|2|2|0.632455532033676|0.632455532033676|0.632455532033676|0.2|0.2|0.2|0.0632455532033676|0.0632455532033676|0.0632455532033676|0.02|0.02|0.02,11.0496345243827|7.20174733375651|11.1909184433748|10.3532629332528|11.3171325249117|3.53968946410995|6.39437816913235|9.17918673191644|10.6568243463387|0.655860884104658|1.72508344124171|2.23518671938595|1.58561246876406|0.792315995706969|0.56068389081134|0.410203045210285|0.523074805489644|0.722352174904029|0.496706661921079|0.672127017951202|1.97684564228092|4.60883814934959|1.2710143203598|0.0214195918376603,dt4,Definitive_rep2
Rapamycin,Cytoplasm_AGP_Texture,Mahalanobis distance (cutoff = 1),14,0.8139018571430854,poly2,2.8817574888277937,0.9777120179890574,-10.942670308315346,-21.775905587697203,NA,NA,NA,NA,NA,-0.21473886039496565,1.0979536052860221,2.272634980976054,2.75401412967429,1.2808652642645936e-4,-32.16545139944623,0.9770635407727111,2.65823687327476,NA,2.3454677719929355,0.23593012910071434,0.47720557477110864,0.9773625350404024,1.7622821867893177,1.7622821867893177,2.4636572460788733,20|20|20|15|15|15|6.32455532033676|6.32455532033676|6.32455532033676|2|2|2|0.632455532033676|0.632455532033676|0.632455532033676|0.2|0.2|0.2|0.0632455532033676|0.0632455532033676|0.0632455532033676|0.02|0.02|0.02,0.593772890946274|0.665158051941206|1.93655746700525|1.75723216852655|2.64376123681178|1.64090298571877|2.1822605612347|2.42872977612268|4.01983417662412|0.0579522475308315|0.261175359467339|1.51685629752842|-0.259910554349199|0.343459728919288|0.720108769070384|0.495182941742264|0.886061096758618|2.10077869433741|0.981264779857095|0.339771715608912|1.78548943269244|1.89367334211754|1.63146683156574|-0.69376476756267,dt4,Definitive_rep2
Rapamycin,Cytoplasm_ER_Texture,Mahalanobis distance (cutoff = 1),18,0.8139018571430854,poly1,12.384847971458983,2.1493834577098796,0.504002538220262,NA,NA,NA,NA,NA,NA,0.3837844859515234,1.0979536052860221,1.9099404259634511,2.584229706516711,2.154200124888098e-9,-50.610794407277865,0.9999999928522291,10,NA,10.08005076440524,1,2,4,1.6148765044262328,1.6148765044262328,2.178468404470988,20|20|20|15|15|15|6.32455532033676|6.32455532033676|6.32455532033676|2|2|2|0.632455532033676|0.632455532033676|0.632455532033676|0.2|0.2|0.2|0.0632455532033676|0.0632455532033676|0.0632455532033676|0.02|0.02|0.02,10.1321438695764|5.6358228146379|11.0019700077244|12.9827309556793|8.40713604566013|5.19092722183124|2.22391209422768|4.70535267452656|1.37312554345122|1.31696792798724|2.06133157838796|2.46998860112096|1.6505496567197|0.585151502663439|6.05111150854019|0.0768745927277066|0.687750071461915|0.246231226430349|0.142665364488304|1.06277441384349|1.05378858030593|1.92151001955073|1.8418189194761|0.696306715030829,dt4,Definitive_rep2
Rapamycin,Cytoplasm_AGP_Intensity,Mahalanobis distance (cutoff = 1),9,0.8139018571430854,poly1,3.114465541635047,0.562004911547137,0.12674346441724552,NA,NA,NA,NA,NA,NA,-0.7108112651721223,1.0979536052860221,7.3520213647266095,10.609617250642303,5.497658803651504e-8,-21.53793553731717,0.9996836827702581,10,NA,2.53486928834491,1,2,4,6.421647545183724,6.421647545183724,8.662802538452844,20|20|20|15|15|15|6.32455532033676|6.32455532033676|6.32455532033676|2|2|2|0.632455532033676|0.632455532033676|0.632455532033676|0.2|0.2|0.2|0.0632455532033676|0.0632455532033676|0.0632455532033676|0.02|0.02|0.02,2.20793528126266|2.91996686570968|2.78362621402073|1.36500844256741|0.995532217619291|2.9852387307311|0.598604397881823|1.46008400409129|-0.168597802391312|0.500360589945225|0.276384993863355|1.20672451083339|0.567966124166768|0.452607831596906|0.960305917429252|-0.512652435786577|0.801603029690143|-0.455312870505774|0.225698405485225|-0.160653184258492|-0.00887127692584921|0.388610472316258|0.216328319007812|0.223886121080725,dt4,Definitive_rep2
Rapamycin,Cytoplasm_ER_Intensity,Mahalanobis distance (cutoff = 1),19,0.8139018571430854,poly1,10.026899703894227,1.44281086169939,0.4080456145193482,NA,NA,NA,NA,NA,NA,0.12441129817789334,1.0979536052860221,2.429431226276023,3.0304131779259174,1.0951318833901497e-10,-42.63714439979801,0.99999999508558,10,NA,8.160912290386964,1.0000000000000002,2.0000000000000004,4.000000000000001,1.994634492278051,1.994634492278051,2.6907619300830907,20|20|20|15|15|15|6.32455532033676|6.32455532033676|6.32455532033676|2|2|2|0.632455532033676|0.632455532033676|0.632455532033676|0.2|0.2|0.2|0.0632455532033676|0.0632455532033676|0.0632455532033676|0.02|0.02|0.02,6.80175139717616|8.89817641304894|8.20554307061017|6.68828941426797|6.06683244650176|7.10463290745653|1.5830031341348|1.50399622058229|0.525925421201219|0.648066842750223|1.52282681102891|1.26312545149053|1.35318766052602|1.10564480303968|4.23211107294492|0.879896924509858|0.746754299577469|1.03730053052724|1.0547375333508|0.780754954780095|1.79574446476358|2.1523978826672|0.80834351915878|3.0850633709326,dt4,Definitive_rep2
Rapamycin,Cytoplasm_Mito_Profile,Mahalanobis distance (cutoff = 1),24,0.8139018571430854,pow,22.98326381049879,2.6648120246882527,7.6150843031232425,NA,NA,0.3000000209483306,NA,NA,NA,0.7489884512314592,1.0979536052860221,0.0011567817930187856,0.002063540343912713,7.761803259793309e-16,-57.55434339185151,0.9999999999999992,1.9842516350922237,NA,18.70612109857443,9.210085168646389e-4,0.009283182642526411,0.09356860267467994,5.794170966194463e-4,5.794170966194463e-4,0.0015716811371121796,20|20|20|15|15|15|6.32455532033676|6.32455532033676|6.32455532033676|2|2|2|0.632455532033676|0.632455532033676|0.632455532033676|0.2|0.2|0.2|0.0632455532033676|0.0632455532033676|0.0632455532033676|0.02|0.02|0.02,15.51324839943|16.7316600943011|17.9910908804315|15.3861339615352|21.2197657966023|19.829748950521|11.6751947000035|17.5159806190231|17.585172204679|8.48484407985602|8.29899901000234|9.20088311599931|5.88313345444608|5.61071955518387|6.01984361236822|4.37037968716548|4.87217336783101|7.35218835075534|4.84303892545668|4.71263541936717|5.89016139255207|9.83660508584108|3.56583331041893|5.5318646589904,dt4,Definitive_rep2
Rapamycin,Cytoplasm_AGP_Profile,Mahalanobis distance (cutoff = 1),18,0.8139018571430854,exp4,2.7749848480904955,0.9850543463990753,NA,NA,2.258565321404777,NA,NA,0.10088700543725956,NA,-0.31197077212888835,1.0979536052860221,0.04575913388339985,0.2042394634285568,6.200644609945375e-9,-33.14239361979133,0.9999999433778977,0.10088700543725956,NA,2.258565321404777,0.007465697062478692,0.015335136914871027,0.03247836145930793,0.06503914710094463,0.06503914710094463,0.09690411173551383,20|20|20|15|15|15|6.32455532033676|6.32455532033676|6.32455532033676|2|2|2|0.632455532033676|0.632455532033676|0.632455532033676|0.2|0.2|0.2|0.0632455532033676|0.0632455532033676|0.0632455532033676|0.02|0.02|0.02,0.894620168080231|0.667669004998946|1.94087366163805|1.31406265961545|1.5347558001836|3.08935038702728|4.55283306806399|4.62224280233296|2.7882606873362|2.25533475811995|2.40644002666469|2.67409163730563|2.1514127042972|1.8552430720843|3.92616949879743|0.430746324097198|1.83284334974899|1.62251098087582|1.07814928095872|1.35720862416965|0.723116455412651|0.12837596751059|0.0955139227538029|0.810520520821925,dt4,Definitive_rep2
Rapamycin,Cytoplasm_ER_Profile,Mahalanobis distance (cutoff = 1),24,0.8139018571430854,exp3,16.782339807086586,2.259416505152301,1.7641808910732208,1.516007331828805,NA,0.3000000530802973,NA,NA,NA,0.3295933200660443,1.0979536052860221,0.12168291371416168,0.15188104130517666,2.194183017099404e-12,-50.59599352595374,0.9999999999974855,7.013882807639228,NA,13.659177536194102,0.03660668047455102,0.23741323016069224,1.2139163670008744,0.059915351419221885,0.059915351419221885,0.13484367429093239,20|20|20|15|15|15|6.32455532033676|6.32455532033676|6.32455532033676|2|2|2|0.632455532033676|0.632455532033676|0.632455532033676|0.2|0.2|0.2|0.0632455532033676|0.0632455532033676|0.0632455532033676|0.02|0.02|0.02,14.0049449178544|13.7953201504602|13.5776471409957|17.0803917119311|11.866073917649|6.23235260265911|4.64544917012386|5.49976129568628|5.97168193812264|2.64399622613793|3.67882417935667|2.58801198451636|2.77991267566626|1.31713627441021|3.06361277666597|1.70292389653785|2.98221502518118|1.90072713102133|1.64172189116541|3.08359561597718|2.89595317444173|1.85448747559296|1.54994410663515|6.75379213198271,dt4,Definitive_rep2
Rapamycin,Cytoplasm_DNA_Profile,Mahalanobis distance (cutoff = 1),24,0.8139018571430854,pow,6.903328612906544,1.742902424352573,2.287291686859373,NA,NA,0.30000002798902603,NA,NA,NA,0.3876849104208704,1.0979536052860221,0.04776844666187048,0.17588606558680012,9.010273916647453e-8,-48.378953460861126,0.9999998991488519,1.9842517426879929,NA,5.618631978513636,9.210087327084848e-4,0.009283184314716319,0.09356861445555019,0.03192775870365834,0.03192775870365834,0.08660471916068722,20|20|20|15|15|15|6.32455532033676|6.32455532033676|6.32455532033676|2|2|2|0.632455532033676|0.632455532033676|0.632455532033676|0.2|0.2|0.2|0.0632455532033676|0.0632455532033676|0.0632455532033676|0.02|0.02|0.02,8.77707596852943|8.4935524886222|6.42115912170121|4.17830818399958|3.87329067322266|5.25795621346697|1.9038041315209|1.27629604423175|1.18582955154677|1.53188096743547|2.97143212416754|2.43217043421275|2.79083040337505|2.10152048965232|2.14362891212231|3.24448000104309|2.62653416133473|0.82549654695666|1.79540228873578|3.95025423351121|3.05029828091941|0.957931933989421|1.20192328368251|3.94704117351961,dt4,Definitive_rep2
Rapamycin,Membrane_AGP_Intensity,Mahalanobis distance (cutoff = 1),18,0.8139018571430854,pow,3.106308384035908,0.670918760157004,1.029218227970041,NA,NA,0.30000010793144205,NA,NA,NA,-0.5731960796550523,1.0979536052860221,0.7532779291737136,2.283423999496837,6.781371339809324e-9,-25.248682983125065,0.9999983063234642,1.9842529643664857,NA,2.528230162625962,9.210111834747136e-4,0.009283203301336793,0.09356874821956636,0.4573149051550635,0.4573149051550635,1.2404759997421595,20|20|20|15|15|15|6.32455532033676|6.32455532033676|6.32455532033676|2|2|2|0.632455532033676|0.632455532033676|0.632455532033676|0.2|0.2|0.2|0.0632455532033676|0.0632455532033676|0.0632455532033676|0.02|0.02|0.02,2.4068693760847|3.15055271852174|3.20910710495773|1.50025510936101|1.3028851858224|3.12658276123208|1.3933923962229|1.77222160627299|0.327522052952199|1.2959364790949|0.64053332648697|1.58044117934555|0.98783309733334|1.17400185089883|0.87864557543241|-0.0543706660304504|1.38177111600203|0.382079226438981|0.92070709543575|0.407200865836456|1.02494100398639|1.09188705781269|0.690462359499169|1.84168033437855,dt4,Definitive_rep2
Rapamycin,Nucleus_DNA_Texture,Mahalanobis distance (cutoff = 1),13,0.8139018571430854,poly1,12.268564697750021,0.9712763397877255,0.49927037959894194,NA,NA,NA,NA,NA,NA,-0.31684147167031407,1.0979536052860221,2.052120631775442,2.4052035448414704,9.557324121405766e-16,-32.77329866983953,0.9999999998626729,9.999999999999998,NA,9.985407591978838,1,2,4,1.630182543168059,1.630182543168059,2.1991162507337116,20|20|20|15|15|15|6.32455532033676|6.32455532033676|6.32455532033676|2|2|2|0.632455532033676|0.632455532033676|0.632455532033676|0.2|0.2|0.2|0.0632455532033676|0.0632455532033676|0.0632455532033676|0.02|0.02|0.02,10.6874962818188|7.9960926573058|10.3704769444271|8.9404770263659|6.19438420986721|7.30359830647074|3.16709766468249|3.455795259203|0.459046879276921|0.877620959500437|-0.110196887011202|2.34290964917323|0.408161017402545|-0.268166588893016|1.41110095889781|-0.312301176438027|0.882486552510656|-0.338844127968563|-0.0864203184293812|-0.079395416642142|-0.172365898955389|0.13333206238158|-0.170620815991354|1.08830094921468,dt4,Definitive_rep2
Rapamycin,Nucleus_RNA_Intensity,Mahalanobis distance (cutoff = 1),24,0.8139018571430854,hill,8.314977510989948,1.9920132529504764,NA,NA,6.767575638297708,0.3000000000322701,NA,0.08140317482936238,NA,0.14854873301367935,1.0979536052860221,1.0919729693783407e-4,9.460694904141449e-4,6.227373350131559e-12,-45.75471121891937,0.9999999999937627,0.08140317482936238,NA,6.767575638297708,4.4476370621612644e-06,5.3682530412346096e-5,8.012622933341093e-4,1.07134996391094e-4,1.07134996391094e-4,3.420379401137619e-4,20|20|20|15|15|15|6.32455532033676|6.32455532033676|6.32455532033676|2|2|2|0.632455532033676|0.632455532033676|0.632455532033676|0.2|0.2|0.2|0.0632455532033676|0.0632455532033676|0.0632455532033676|0.02|0.02|0.02,3.85017182529227|6.91191975343266|6.10011466097168|6.0249664455029|8.11767382021901|8.23015579831946|5.87539875078718|3.40403191580851|4.60790847745022|3.80267099442615|4.52607861868013|4.43883165105503|1.96799090059918|3.29670848225139|4.83686764123581|4.25214467580178|3.72446785957147|3.22832954737309|3.066950384361|4.91039571874551|2.98255939380004|3.07436944308188|3.44735808765961|10.3797407662397,dt4,Definitive_rep2
Rapamycin,Nucleus_DNA_Intensity,Mahalanobis distance (cutoff = 1),13,0.8139018571430854,exp4,10.997230730344873,0.9812001213483147,NA,NA,8.950666514858701,NA,NA,8.522038590592224,NA,-0.42606272354723906,1.0979536052860221,1.3681955658894018,1.938169083675241,2.2456134142645486e-13,-31.32185748170882,0.999999999882324,8.522038590592224,NA,8.950666514858701,0.6306358107901299,1.2953762282281116,2.743483648025937,1.1721199389198567,1.1721199389198567,1.608994660576266,20|20|20|15|15|15|6.32455532033676|6.32455532033676|6.32455532033676|2|2|2|0.632455532033676|0.632455532033676|0.632455532033676|0.2|0.2|0.2|0.0632455532033676|0.0632455532033676|0.0632455532033676|0.02|0.02|0.02,7.53843862974206|4.11761368121435|7.45888876477779|7.48518519094212|4.07423809634666|6.68438706846981|4.45644980718644|3.1631415881963|2.09333630602957|1.16163852590027|0.272843850025015|1.62392967487284|0.523099224805893|0.0914306434530464|1.2247774954821|-0.0291776055202181|0.911477589293256|-0.0653060425766534|0.0632766906997655|0.0373387771600935|0.396782592603664|0.608733468660139|-0.021432357836449|0.803168661678876,dt4,Definitive_rep2
Rapamycin,Nucleus_RNA_Texture,Mahalanobis distance (cutoff = 1),24,0.8139018571430854,pow,16.33396037517137,1.8408375198592795,5.411959440588586,NA,NA,0.3000000040573477,NA,NA,NA,0.5151060945950496,1.0979536052860221,0.0036693111648634616,0.006683753692554263,5.166121398027378e-15,-50.4476109911395,0.9999999999999943,1.984251376964557,NA,13.294240683853545,9.210079990445459e-4,0.009283178630859505,0.09356857441178254,0.0018088048953510778,0.0018088048953510778,0.004906421835063033,20|20|20|15|15|15|6.32455532033676|6.32455532033676|6.32455532033676|2|2|2|0.632455532033676|0.632455532033676|0.632455532033676|0.2|0.2|0.2|0.0632455532033676|0.0632455532033676|0.0632455532033676|0.02|0.02|0.02,9.45963205917602|12.444977385522|11.918185650739|14.6424895918|13.0209095160964|14.8375112240724|10.8746345529463|7.5595795086831|8.71541642625111|4.67236689738968|4.92004728100149|6.46230576204271|4.10081519310632|5.07900260459735|4.97670705175205|3.25210768326832|5.38989051659752|5.33452405229656|4.32117087756543|5.00291766422063|4.11949908435542|4.38672199926795|3.65951965269942|3.49254648582345,dt4,Definitive_rep2
Rapamycin,Nucleus_RNA_Profile,Mahalanobis distance (cutoff = 1),24,0.8139018571430854,pow,16.944897429475077,3.9268376337684505,5.614381966638528,NA,NA,0.30000002239977164,NA,NA,NA,0.9789128312297191,1.0979536052860221,0.0030260439187414206,0.006570384802655987,2.360359263110338e-10,-64.35943988444241,0.9999999997622823,1.9842516572731166,NA,13.791483486948858,9.210085613608953e-4,0.009283182987248739,0.09356860510330905,0.001600419449063818,0.001600419449063818,0.004341171605209528,20|20|20|15|15|15|6.32455532033676|6.32455532033676|6.32455532033676|2|2|2|0.632455532033676|0.632455532033676|0.632455532033676|0.2|0.2|0.2|0.0632455532033676|0.0632455532033676|0.0632455532033676|0.02|0.02|0.02,13.6664278610328|13.646419885377|14.1179188554887|14.8583997430543|17.37589879748|11.7658867212092|6.85149121086165|4.86264063946387|10.6087963589801|5.46920723673892|4.22732443181935|5.48480048082834|3.14793668846962|4.69023053274949|2.98668397464641|4.07817411932879|4.68195105248823|6.49044711546078|4.78388171664524|7.01214685746087|7.71260040206025|4.11527533859665|6.98586765747369|15.6129799926755,dt4,Definitive_rep2
Rapamycin,Nucleus_RNA_Compactness,Mahalanobis distance (cutoff = 1),24,0.8139018571430854,exp3,27.80362567450597,3.446326641677999,1.6871024928651197,0.7591616280734839,NA,0.30000033550047406,NA,NA,NA,0.8859812908594795,1.0979536052860221,0.06721855321984811,0.08739895637398373,3.6245897930222896e-12,-62.14157392460457,0.9999999999916719,8.201746056391514,NA,22.62942257179158,0.08216295228368412,0.44287419434143005,1.8373029726043024,0.033947905998620624,0.033947905998620624,0.07595081187077765,20|20|20|15|15|15|6.32455532033676|6.32455532033676|6.32455532033676|2|2|2|0.632455532033676|0.632455532033676|0.632455532033676|0.2|0.2|0.2|0.0632455532033676|0.0632455532033676|0.0632455532033676|0.02|0.02|0.02,18.3192459032356|20.8173623109507|23.8473159217384|24.9693501690739|21.2204431978746|20.41482278243|7.41585225556722|5.81226986100437|4.83930590914241|5.08841753234052|4.59048600908306|3.42983013994524|2.50638370972799|2.39584214740768|2.778844120246|2.94018601986693|2.59634591420673|2.62241260611135|2.26039837026508|4.5911682680616|3.06022920281901|2.99664580513842|2.90378890661029|11.5674085077706,dt4,Definitive_rep2
Rapamycin,Cell_Mito_Radial,Mahalanobis distance (cutoff = 1),24,0.8139018571430854,hill,17.593790683958755,2.283048108179933,NA,NA,14.319618911860744,0.3000000001194725,NA,1.7256554710642211,NA,0.6867978784111106,1.0979536052860221,1.7982697090634936e-4,0.001024901081153379,1.8284612704758302e-11,-55.15356172787616,0.9999999999815858,1.7256554710642211,NA,14.319618911860744,9.428488836721026e-5,0.001138009085002421,0.016985856694227777,1.4807056577094944e-4,1.4807056577094944e-4,4.31135244517664e-4,20|20|20|15|15|15|6.32455532033676|6.32455532033676|6.32455532033676|2|2|2|0.632455532033676|0.632455532033676|0.632455532033676|0.2|0.2|0.2|0.0632455532033676|0.0632455532033676|0.0632455532033676|0.02|0.02|0.02,8.63764969468774|9.85968289002929|14.1944223216484|12.3236063898231|11.8758045969116|8.13094113229683|10.4619109152105|8.26236148889937|7.42698635802189|3.13814559242773|3.32656838894799|3.95142069291602|5.72816570945729|5.09187087615809|3.00128081184935|2.91895425599807|5.37643911403499|7.12435581666871|5.09343960971727|4.23499837100255|4.39650565104935|5.12525598376305|4.89914501643947|5.74396336719003,dt4,Definitive_rep2
Rapamycin,Cell_Mito_Compactness,Mahalanobis distance (cutoff = 1),24,0.8139018571430854,hill,23.47956525331344,2.532839010655038,NA,NA,19.110061764584067,0.30000000016917766,NA,1.3237098433787635,NA,0.7049922398636206,1.0979536052860221,6.171058340597327e-5,2.067162816939649e-4,3.246913917439306e-14,-56.59893000410054,0.9999999999999676,1.3237098433787635,NA,19.110061764584067,7.232372690217775e-5,8.729400826290928e-4,0.013029452343531044,4.1288880532259874e-5,4.1288880532259874e-5,1.1799337146039353e-4,20|20|20|15|15|15|6.32455532033676|6.32455532033676|6.32455532033676|2|2|2|0.632455532033676|0.632455532033676|0.632455532033676|0.2|0.2|0.2|0.0632455532033676|0.0632455532033676|0.0632455532033676|0.02|0.02|0.02,11.9803334228947|13.6156291783108|15.1170240504945|18.3975997080302|15.3190038854214|9.64852814296268|12.8796379531766|12.414682244248|11.6132343126807|4.45805548870527|8.36310767569629|8.02944706702578|8.07294076953384|6.1933187197366|7.68033064241277|4.41378544108235|6.8723972288415|7.29723503922268|5.89285954945145|5.60804056169022|10.1130170619559|8.40171613050203|5.92133764636506|6.61661209306781,dt4,Definitive_rep2
Rapamycin,Cell_ER_Radial,Mahalanobis distance (cutoff = 1),24,0.8139018571430854,hill,12.515432344674535,1.7570658885437416,NA,NA,10.186333628279243,0.30000000004668337,NA,0.5202265120622541,NA,0.40683508947884794,1.0979536052860221,1.665223429748397e-4,0.0010964770956992892,1.7780481517512197e-12,-48.63946257265131,0.9999999999982171,0.5202265120622541,NA,10.186333628279243,2.842369135734771e-5,3.4307108566046074e-4,0.005120658857280764,1.5086609688791134e-4,1.5086609688791134e-4,4.5343758690365523e-4,20|20|20|15|15|15|6.32455532033676|6.32455532033676|6.32455532033676|2|2|2|0.632455532033676|0.632455532033676|0.632455532033676|0.2|0.2|0.2|0.0632455532033676|0.0632455532033676|0.0632455532033676|0.02|0.02|0.02,7.3376225288929|10.5751335110327|8.7880314220926|8.88733409293226|10.0570919777785|6.47856205532771|6.90364710822223|4.72751102581904|6.20595732967174|5.6358396485061|4.97358589463287|4.27351167374532|3.91887884385137|3.62463555322555|2.27901277837053|2.70872439590093|5.05687608859692|5.3595271148159|3.88644784309897|5.72090714467099|4.64529549317166|3.6239533700479|4.38713643841756|6.94946152023034,dt4,Definitive_rep2
Amperozide,Ring_AGP_Texture,Mahalanobis distance (cutoff = 1),12,0.8139018571430854,exp5,13.721687529307243,4.431335596314218,NA,NA,11.16810696324028,4.36163165880034,NA,17.808835427185763,NA,0.2650028931713874,1.0979536052860221,9.388163290772658,15.369128635015278,3.6916408729026515e-9,-48.39012525422648,0.9999999915087937,17.808835427185763,NA,11.16810696324028,9.803537204744403,11.562645017650407,13.733410954486882,10.717601274867754,10.717601274867754,11.515158048220053,75|75|75|33.3333333333333|33.3333333333333|33.3333333333333|11.1111111111111|11.1111111111111|11.1111111111111|3.7037037037037|3.7037037037037|3.7037037037037|1.23456790123457|1.23456790123457|1.23456790123457|0.411522633744856|0.411522633744856|0.411522633744856|0.137174211248285|0.137174211248285|0.137174211248285,11.0056739900934|9.66125240841227|10.0296575195991|12.4365621915324|29.5917164382665|18.0813918422242|0.42216756022527|1.65625941851267|0.775303622743444|0.214571313201054|-0.0282609091047151|0.587240935845228|0.451808023327303|3.0242161338378|0.563920830336816|1.22428179120643|-0.0924296088754397|0.15428774689241|1.28998813560433|2.22248523672361|0.971257742748664,dt4,Definitive_rep2
Amperozide,Ring_Mito_Intensity,Mahalanobis distance (cutoff = 1),11,0.8139018571430854,pow,23.686955476570528,3.4168273977088224,0.010728728144586742,NA,NA,1.7356942441695637,NA,NA,NA,0.33361772346972157,1.0979536052860221,13.733174205047147,15.273881916637777,4.851262694424887e-9,-49.859606834649,0.9999999940710155,50.30675929932531,NA,19.27885705244633,13.350207067143504,19.903200762311698,29.672753283342523,12.110268994983365,12.110268994983365,14.389929250162458,75|75|75|33.3333333333333|33.3333333333333|33.3333333333333|11.1111111111111|11.1111111111111|11.1111111111111|3.7037037037037|3.7037037037037|3.7037037037037|1.23456790123457|1.23456790123457|1.23456790123457|0.411522633744856|0.411522633744856|0.411522633744856|0.137174211248285|0.137174211248285|0.137174211248285,20.9282758514545|19.409897860695|16.1439167449029|5.45373054159879|4.45521718050373|4.58059500701191|-0.145644935084167|1.06656898293896|0.0665613488794905|0.259313117927037|0.494834433068028|0.294717517221314|0.0561700610924722|0.161356111718044|-0.0616394866789118|0.368025014278378|0.107074216918795|2.33877491034204|6.84811117003733|10.0309434662505|8.79641139870061,dt4,Definitive_rep2
Amperozide,Ring_AGP_Intensity,Mahalanobis distance (cutoff = 1),10,0.8139018571430854,hill,17.6900531777935,0.8884790391776946,NA,NA,14.39796713436607,4.074136318559939,NA,36.138039303536765,NA,-0.3836645688713758,1.0979536052860221,18.54426890329899,20.85241830095419,1.3350544196214155e-14,-26.97990216430948,0.9999999986333593,36.138039303536765,NA,14.39796713436607,17.54258127928203,21.073904271689475,25.71511566757603,18.10970459015937,18.10970459015937,19.591855576005965,75|75|75|33.3333333333333|33.3333333333333|33.3333333333333|11.1111111111111|11.1111111111111|11.1111111111111|3.7037037037037|3.7037037037037|3.7037037037037|1.23456790123457|1.23456790123457|1.23456790123457|0.411522633744856|0.411522633744856|0.411522633744856|0.137174211248285|0.137174211248285|0.137174211248285,14.6117255607805|13.7476641984692|12.2242509224189|4.88018128984651|6.80545105563046|6.10819035311611|-0.130963935864128|0.498410887160349|0.0212563508424468|-0.0620747503466677|-0.404600616739131|-0.41892964648479|1.05353252774674|1.45244258325814|0.357175482548673|0.683266865994367|0.142207036629092|0.479511381265107|0.970011397748324|2.46031474914734|0.145993001719732,dt4,Definitive_rep2
Amperozide,Ring_ER_Intensity,Mahalanobis distance (cutoff = 1),7,0.8139018571430854,pow,38.34271274900194,1.2612508993189606,1.2034456187982158e-6,NA,NA,3.953912626743424,NA,NA,NA,-0.47673320610569336,1.0979536052860221,31.95286075376688,32.35827986092406,3.223262010266257e-17,-28.476836576104656,0.9999999065999309,62.939972998520766,NA,31.207205114316537,35.15705726484921,41.89355618131043,49.92084622712069,29.821236417811367,29.821236417811367,32.1667728817905,75|75|75|33.3333333333333|33.3333333333333|33.3333333333333|11.1111111111111|11.1111111111111|11.1111111111111|3.7037037037037|3.7037037037037|3.7037037037037|1.23456790123457|1.23456790123457|1.23456790123457|0.411522633744856|0.411522633744856|0.411522633744856|0.137174211248285|0.137174211248285|0.137174211248285,35.938967829113|31.3119050819189|30.7405436538434|3.69223560283117|1.13641501967624|0.877819529902709|-0.154939765312801|-0.548346652889766|-0.494544744802848|-0.612770376259748|-0.672430635845432|-0.642290791857881|-0.678517482843812|-0.245723411495308|-0.570639603202893|0.0833462836709058|-0.613622089928012|-0.131458940707778|0.383289515016785|1.17076814602645|0.332704222968102,dt4,Definitive_rep2
Amperozide,Cytoplasm_Mito_Texture,Mahalanobis distance (cutoff = 1),14,0.8139018571430854,hill,61.34864275821859,1.9521491831057205,NA,NA,49.93177427412181,3.484509214811922,NA,37.85766030408244,NA,0.2820826819375657,1.0979536052860221,12.385107286368063,13.10648598899538,8.651568190527851e-19,-42.439987816902445,0.9999999999990187,37.85766030408244,NA,49.93177427412181,16.261902641596297,20.15120390001765,25.43149597258062,11.671585737208833,11.671585737208833,12.739844956402099,75|75|75|33.3333333333333|33.3333333333333|33.3333333333333|11.1111111111111|11.1111111111111|11.1111111111111|3.7037037037037|3.7037037037037|3.7037037037037|1.23456790123457|1.23456790123457|1.23456790123457|0.411522633744856|0.411522633744856|0.411522633744856|0.137174211248285|0.137174211248285|0.137174211248285,45.562741395825|46.6678407661435|44.9542420836203|20.2481349089027|19.2771590041883|19.0666072277543|-0.173328960332918|1.9517261057678|0.466516779077735|-0.356271435753845|0.065704602049407|-0.409157406531124|-0.108172339441421|1.33525913288793|-0.230245567619244|1.95714253268657|1.74926908848724|4.39098813774263|3.19965963504432|5.19490728647998|3.12601687044036,dt4,Definitive_rep2
Amperozide,Cytoplasm_AGP_Texture,Mahalanobis distance (cutoff = 1),10,0.8139018571430854,exp5,22.737877393903567,4.544550746190958,NA,NA,18.50640063838989,7.999999867828012,NA,28.029245515752887,NA,-0.1674339066892973,1.0979536052860221,12.413054674084032,21.60392975719802,2.8016432385655185e-15,-42.10492401571148,0.9999999999860563,28.029245515752887,NA,18.50640063838989,20.242576856370793,22.14843065201503,24.32659173663404,19.912725463838473,19.912725463838473,20.692722618067272,75|75|75|33.3333333333333|33.3333333333333|33.3333333333333|11.1111111111111|11.1111111111111|11.1111111111111|3.7037037037037|3.7037037037037|3.7037037037037|1.23456790123457|1.23456790123457|1.23456790123457|0.411522633744856|0.411522633744856|0.411522633744856|0.137174211248285|0.137174211248285|0.137174211248285,17.7355182202535|19.5638545900785|18.381594768532|16.5698451993877|37.2971119256285|22.4720522467293|-0.54964980675969|-0.0127174730584688|-0.461230020442488|-0.328245606776661|0.122169018052369|0.172874641730527|-0.205764933604007|1.00865969785041|0.055616232772984|0.452024491139274|-0.0529185926561762|-0.0932287455435189|0.950250638713307|1.33745188956901|1.6168931087646,dt4,Definitive_rep2
Amperozide,Cytoplasm_ER_Texture,Mahalanobis distance (cutoff = 1),9,0.8139018571430854,hill,16.99520128348772,2.32253170686052,NA,NA,13.832425887151205,4.542533563592767,NA,25.4784985995658,NA,-0.4063614215867557,1.0979536052860221,12.503645959719917,16.231209519574175,1.3976762560968801e-12,-34.73794206439686,0.9999999996193925,25.4784985995658,NA,13.832425887151205,13.32499759567296,15.707442800876459,18.777400219717812,13.839671188688973,13.839671188688973,14.854427685717159,75|75|75|33.3333333333333|33.3333333333333|33.3333333333333|11.1111111111111|11.1111111111111|11.1111111111111|3.7037037037037|3.7037037037037|3.7037037037037|1.23456790123457|1.23456790123457|1.23456790123457|0.411522633744856|0.411522633744856|0.411522633744856|0.137174211248285|0.137174211248285|0.137174211248285,13.8774687131336|13.2605929272471|14.0163267675664|1.07669489627347|14.4443173330439|10.4348967434492|0.0969977914928234|1.24068636853037|-0.14697530733753|-0.348948578989753|-0.12449801582205|0.0669518855700315|0.0434265146827655|0.847433527780011|-0.617328098008323|0.506691883405662|-0.290796593851515|-0.316128029990883|0.806377167742096|1.73712350767771|-0.109478133111503,dt4,Definitive_rep2
Amperozide,Cytoplasm_Mito_Intensity,Mahalanobis distance (cutoff = 1),10,0.8139018571430854,hill,25.151955969440003,2.841627001585791,NA,NA,20.47122367430833,3.6316254565218378,NA,34.95900471141604,NA,0.10335128320994821,1.0979536052860221,14.97442654767388,16.79953775201459,2.073344666284722e-11,-45.08231364735203,0.9999999999669991,34.95900471141604,NA,20.47122367430833,15.539713672201248,19.089739177772724,23.865830264478745,14.54624781899355,14.54624781899355,15.859576015990756,75|75|75|33.3333333333333|33.3333333333333|33.3333333333333|11.1111111111111|11.1111111111111|11.1111111111111|3.7037037037037|3.7037037037037|3.7037037037037|1.23456790123457|1.23456790123457|1.23456790123457|0.411522633744856|0.411522633744856|0.411522633744856|0.137174211248285|0.137174211248285|0.137174211248285,20.8517783386651|19.0623041761827|18.2378319703291|9.26508828046047|10.1471276696337|8.67779468237035|-0.0678689172848936|0.811464388848077|0.252967604408549|-0.520480649164793|-0.37237123038858|-0.238232515156892|0.663089963334259|0.514654344551961|-0.515795262621253|0.447011419141441|-0.0123275758027588|1.69983871291917|5.34466138858275|7.56332987203229|8.61152730948006,dt4,Definitive_rep2
Amperozide,Cytoplasm_AGP_Intensity,Mahalanobis distance (cutoff = 1),10,0.8139018571430854,exp5,23.903456884674984,0.8878993419678519,NA,NA,19.45506795057664,7.9999942139795035,NA,36.70771502644513,NA,-0.3902061191299123,1.0979536052860221,26.118052100094726,27.702997332742537,2.4118392039550354e-16,-27.07868644513037,0.9999999992424002,36.70771502644513,NA,19.45506795057664,26.510116774772275,29.006065999734343,31.8586351929805,25.912082587390586,25.912082587390586,26.92570693950113,75|75|75|33.3333333333333|33.3333333333333|33.3333333333333|11.1111111111111|11.1111111111111|11.1111111111111|3.7037037037037|3.7037037037037|3.7037037037037|1.23456790123457|1.23456790123457|1.23456790123457|0.411522633744856|0.411522633744856|0.411522633744856|0.137174211248285|0.137174211248285|0.137174211248285,19.82946287008|19.8026184878383|17.9708209926561|4.28074139182558|7.42577301392991|5.37336686610009|-0.139993440818386|0.206148584173868|-0.294663419502175|-0.113951424521475|-0.143750465631968|-0.192315795034015|0.932912068525365|1.35071737463457|0.75179914977273|0.174656652662974|0.178282056512257|0.666042971045247|0.889321808929733|1.92323408357757|0.361732485597937,dt4,Definitive_rep2
Amperozide,Cytoplasm_ER_Intensity,Mahalanobis distance (cutoff = 1),10,0.8139018571430854,pow,43.47300142337817,2.31342641039066,0.0018791681887674761,NA,NA,2.279832716059789,NA,NA,NA,0.26562635911330723,1.0979536052860221,16.041243081957095,16.658752722834674,9.497781069967525e-15,-43.89277308742119,0.9999999991626474,55.337670835046644,NA,35.38275659407149,20.15543623387903,27.316974038299403,37.02311683806755,14.338085381903051,14.338085381903051,16.35001409001615,75|75|75|33.3333333333333|33.3333333333333|33.3333333333333|11.1111111111111|11.1111111111111|11.1111111111111|3.7037037037037|3.7037037037037|3.7037037037037|1.23456790123457|1.23456790123457|1.23456790123457|0.411522633744856|0.411522633744856|0.411522633744856|0.137174211248285|0.137174211248285|0.137174211248285,37.2405102761048|35.221822505132|33.9289956647671|11.7054863564231|5.8547252589236|4.68393459728347|0.114545740629578|-0.605027640667136|-0.407118258895983|-0.65527399091766|-0.60473265119166|-0.118886465103321|-0.652071733380684|1.03796071517003|-0.462309971839974|0.429252778688465|-0.311509159887335|0.579282283323772|2.25302910403835|3.68532036957936|6.66354377270988,dt4,Definitive_rep2
Amperozide,Cytoplasm_AGP_Profile,Mahalanobis distance (cutoff = 1),17,0.8139018571430854,pow,61.26620639886326,3.2839477920598354,0.07716744676156675,NA,NA,1.498809107195867,NA,NA,NA,0.7621901736890926,1.0979536052860221,5.732907598269691,6.036598287506774,7.399226957537743e-15,-52.69778036960902,0.9999999999543346,47.22969512512168,NA,49.86467916814639,10.162926138299337,16.13856406130012,25.62778144959263,4.815416998621938,4.815416998621938,5.88000103823164,75|75|75|33.3333333333333|33.3333333333333|33.3333333333333|11.1111111111111|11.1111111111111|11.1111111111111|3.7037037037037|3.7037037037037|3.7037037037037|1.23456790123457|1.23456790123457|1.23456790123457|0.411522633744856|0.411522633744856|0.411522633744856|0.137174211248285|0.137174211248285|0.137174211248285,49.0168789100769|50.1775129116597|50.197521218352|6.66682593091013|23.9526603621055|16.1839351686289|0.614260945449331|2.55817902909295|0.532909884018635|2.63797622638077|1.58015567633963|1.13527884886122|0.497080917094249|1.17362176532018|2.52803940108705|2.09019970548814|0.354953668584107|2.398077748636|3.11146664692528|5.4662410294963|0.858701594803837,dt4,Definitive_rep2
Amperozide,Cytoplasm_ER_Profile,Mahalanobis distance (cutoff = 1),14,0.8139018571430854,pow,62.662971039283946,2.615766083594901,0.21751838327808976,NA,NA,1.2640051294809451,NA,NA,NA,0.64188871307983,1.0979536052860221,3.497651219917296,3.7087607485929213,1.9521886788687453e-17,-48.83605290312579,0.9999999999942868,43.341664669993726,NA,51.00150850297658,7.010831959261691,12.131799757766505,20.99330952699699,2.8404106286955595,2.8404106286955595,3.5994675843701383,75|75|75|33.3333333333333|33.3333333333333|33.3333333333333|11.1111111111111|11.1111111111111|11.1111111111111|3.7037037037037|3.7037037037037|3.7037037037037|1.23456790123457|1.23456790123457|1.23456790123457|0.411522633744856|0.411522633744856|0.411522633744856|0.137174211248285|0.137174211248285|0.137174211248285,51.2275584047696|52.0287196263523|49.2244410705524|14.0650146119777|26.3979291659195|21.0190163813503|2.82608382894694|5.9595451111383|1.72703751069706|0.71435918135613|0.386854939531974|-0.403372678221036|2.72759194426728|4.23420409008651|0.386492761942281|2.56782846430874|1.15561701381736|0.782540456723924|1.57216585299813|-0.0279815047407901|0.68189199381313,dt4,Definitive_rep2
Amperozide,Cytoplasm_DNA_Profile,Mahalanobis distance (cutoff = 1),16,0.8139018571430854,pow,62.22783555157784,1.8395023969146482,0.03133921930157057,NA,NA,1.7111273236598423,NA,NA,NA,0.4889175968928636,1.0979536052860221,7.835299880340278,8.151445331829933,3.5244429454552474e-18,-43.88366595987037,0.9999999999951752,50.019150246113554,NA,50.647350921423715,13.023456452932178,19.527705472081806,29.280343692362756,6.7087032654301835,6.7087032654301835,7.991326456438656,75|75|75|33.3333333333333|33.3333333333333|33.3333333333333|11.1111111111111|11.1111111111111|11.1111111111111|3.7037037037037|3.7037037037037|3.7037037037037|1.23456790123457|1.23456790123457|1.23456790123457|0.411522633744856|0.411522633744856|0.411522633744856|0.137174211248285|0.137174211248285|0.137174211248285,49.02332736699|50.4898374694818|52.4242615638473|12.0319911450333|14.5522560024338|12.5284967014285|-0.0376833923033726|2.21217284882448|0.306148667650502|1.97292530612771|1.08872726882445|-0.506362704254779|3.10184867294158|3.41664883357694|-0.135061205201945|1.95636824276172|1.64123850729551|0.636686129795782|1.87659271670143|3.36441747164894|2.84586969140951,dt4,Definitive_rep2
Amperozide,Membrane_AGP_Texture,Mahalanobis distance (cutoff = 1),7,0.8139018571430854,exp5,24.007202005887812,1.6536388542700058,NA,NA,19.539506297401296,7.999997083277029,NA,31.07364737823727,NA,-0.38663252730461806,1.0979536052860221,22.29152379735046,23.460855755214872,5.42088083961625e-17,-32.8091827394646,0.9999999999396706,31.07364737823727,NA,19.539506297401296,22.44122567095966,24.554084670778188,26.96882782080391,21.922852715548686,21.922852715548686,22.780329057620136,75|75|75|33.3333333333333|33.3333333333333|33.3333333333333|11.1111111111111|11.1111111111111|11.1111111111111|3.7037037037037|3.7037037037037|3.7037037037037|1.23456790123457|1.23456790123457|1.23456790123457|0.411522633744856|0.411522633744856|0.411522633744856|0.137174211248285|0.137174211248285|0.137174211248285,20.2490099310541|19.6270413182168|17.6570052366658|9.99571378796944|19.740067642836|13.8883120430067|-0.453063510583088|0.861411240493971|-0.393587948072732|-0.0745172488964946|0.0286275908208943|0.319068420347139|0.0872557542698904|-0.245066341520985|-0.539524773107222|-0.284320202793549|-0.731365270788843|-0.543792277961145|-0.629220472987292|0.684392755024409|0.0551923845817544,dt4,Definitive_rep2
Amperozide,Membrane_AGP_Intensity,Mahalanobis distance (cutoff = 1),9,0.8139018571430854,hill,22.533990277507666,1.740571363960123,NA,NA,18.34045653570772,4.492342334723104,NA,27.029868325637615,NA,-0.1407084351631693,1.0979536052860221,12.93903453682903,16.04503141191277,1.3077926579283961e-14,-36.62073279859943,0.9999999997008002,27.029868325637615,NA,18.34045653570772,14.034342471642944,16.57404719375142,19.852936797854433,13.648629651838688,13.648629651838688,14.642305832653797,75|75|75|33.3333333333333|33.3333333333333|33.3333333333333|11.1111111111111|11.1111111111111|11.1111111111111|3.7037037037037|3.7037037037037|3.7037037037037|1.23456790123457|1.23456790123457|1.23456790123457|0.411522633744856|0.411522633744856|0.411522633744856|0.137174211248285|0.137174211248285|0.137174211248285,19.6896100853912|16.5740497889893|18.1581969252836|7.71329268715359|17.7540958136307|13.1163994946276|0.183829327886685|0.891745624202525|-0.0317981341002854|0.11584245619104|-0.464386869153077|-0.505861258881188|1.83366376485181|0.647540200112966|0.0219550913010294|0.0430723371893279|0.250076756192723|0.341219070101323|-0.0453308685179169|1.70304056075342|-0.323552101594648,dt4,Definitive_rep2
Amperozide,Nucleus_DNA_Texture,Mahalanobis distance (cutoff = 1),9,0.8139018571430854,exp5,26.74722852743273,0.8015315977006938,NA,NA,21.76961897190801,7.999985885307915,NA,37.06636663933701,NA,-0.546591969047005,1.0979536052860221,26.296070473634714,27.38921345579662,1.9799314190659093e-18,-23.979711679974994,0.9999999999228943,37.06636663933701,NA,21.76961897190801,26.769123993945808,29.289461704605724,32.1699042738413,25.792752624338362,25.792752624338362,26.798894776483014,75|75|75|33.3333333333333|33.3333333333333|33.3333333333333|11.1111111111111|11.1111111111111|11.1111111111111|3.7037037037037|3.7037037037037|3.7037037037037|1.23456790123457|1.23456790123457|1.23456790123457|0.411522633744856|0.411522633744856|0.411522633744856|0.137174211248285|0.137174211248285|0.137174211248285,22.4456486688761|21.7000786288113|21.2460626773839|4.60945604600331|6.48871575038903|5.59483593798048|-0.535622452375129|-0.322951508789185|-0.100575442238932|-0.500181749172786|-0.331753334230783|-0.456882213518627|1.56955503979676|2.41643349133455|0.0447289604333309|0.973926071416874|0.32501486914455|0.400357119011465|0.288650366430988|0.10204398829912|-0.6340062622367,dt4,Definitive_rep2
Amperozide,Nucleus_DNA_Intensity,Mahalanobis distance (cutoff = 1),6,0.8139018571430854,exp5,14.95069772619594,0.7005580876918367,NA,NA,12.16840064493578,7.999991365457788,NA,36.61596236819625,NA,-0.6492733242463911,1.0979536052860221,27.828292982238832,29.72032419040805,5.404746884700352e-14,-21.57374289192282,0.9999999608687287,36.61596236819625,NA,12.16840064493578,26.443850427986263,28.933561549060403,31.779001434436623,27.45381535589173,27.45381535589173,28.545161917496607,75|75|75|33.3333333333333|33.3333333333333|33.3333333333333|11.1111111111111|11.1111111111111|11.1111111111111|3.7037037037037|3.7037037037037|3.7037037037037|1.23456790123457|1.23456790123457|1.23456790123457|0.411522633744856|0.411522633744856|0.411522633744856|0.137174211248285|0.137174211248285|0.137174211248285,13.3861617661693|11.0164833735709|12.1716633332263|1.34673500816511|3.4108840458641|3.89385205633806|-0.630801559174965|-0.229220691783323|0.303227098326894|-0.732767931289252|-0.685735989362641|-0.727806794127912|0.026748497814062|-0.188510392259207|-0.199870287621521|-0.550893385743131|-0.312866770659018|-0.329842851568994|-0.212228634688518|-0.160949300361549|-0.564868420589082,dt4,Definitive_rep2
Amperozide,Nucleus_RNA_Texture,Mahalanobis distance (cutoff = 1),8,0.8139018571430854,exp5,20.378224304952337,1.2204273807157242,NA,NA,16.585874607079067,7.999997295644537,NA,32.48112213502752,NA,-0.18895243470358883,1.0979536052860221,23.66895449778631,24.842126939411806,2.8612238250703168e-15,-32.39374585403252,0.9999999970466606,32.48112213502752,NA,16.585874607079067,23.457696784132384,25.666257275270546,28.190375687731514,23.401411166364916,23.401411166364916,24.321030296388617,75|75|75|33.3333333333333|33.3333333333333|33.3333333333333|11.1111111111111|11.1111111111111|11.1111111111111|3.7037037037037|3.7037037037037|3.7037037037037|1.23456790123457|1.23456790123457|1.23456790123457|0.411522633744856|0.411522633744856|0.411522633744856|0.137174211248285|0.137174211248285|0.137174211248285,17.7602647991541|16.6163594245762|15.2281322093693|12.860709682975|9.52734026637982|8.67307164487766|-0.569546963955152|2.77228019965095|-0.636748979009381|-0.144668069476787|-0.605093926847383|-0.731194053681838|0.120835003229892|-0.280864741556921|-0.599078731141298|-0.333574123271995|-0.719108613880261|0.231430801872061|-0.590016491512253|-0.418544625333581|2.27364372435265,dt4,Definitive_rep2
Amperozide,Nucleus_RNA_Profile,Mahalanobis distance (cutoff = 1),16,0.8139018571430854,poly1,38.98204079186466,3.4780014073635597,0.42303407194301546,NA,NA,NA,NA,NA,NA,0.9797126237881915,1.0979536052860221,2.4050672209508694,2.827478401592981,3.4344808252163338e-12,-55.574627557966686,0.9999999976229769,37.5,NA,31.72755539572616,3.7500000000000004,7.500000000000001,15.000000000000002,1.9239628935910429,1.9239628935910429,2.5954259434543165,75|75|75|33.3333333333333|33.3333333333333|33.3333333333333|11.1111111111111|11.1111111111111|11.1111111111111|3.7037037037037|3.7037037037037|3.7037037037037|1.23456790123457|1.23456790123457|1.23456790123457|0.411522633744856|0.411522633744856|0.411522633744856|0.137174211248285|0.137174211248285|0.137174211248285,32.3744933068553|33.2900835752144|28.6607815060344|13.2245316060598|23.5857379217976|15.5909613003466|1.16002408792263|3.90169983964181|0.894185821655194|0.0129452772593494|-0.447995276167559|-0.551123277188123|1.10379314473842|5.97994487723766|0.204306472438362|2.48776942933316|-0.0530699676706657|2.92468022596407|2.12377253621352|3.81264444476054|7.03202454269086,dt4,Definitive_rep2
Amperozide,Nucleus_RNA_Radial,Mahalanobis distance (cutoff = 1),15,0.8139018571430854,exp2,18.832757214502983,2.7578502174234183,2.911713504514264,40.87504383400723,NA,NA,NA,NA,NA,0.562206765947993,1.0979536052860221,12.483850065762695,13.810906974220906,4.357126985042663e-8,-48.111687957481756,0.9999993096263388,52.72141684197615,NA,15.328016072008817,9.550799938648002,17.287242874204733,29.39855847142404,10.075301608394334,10.075301608394334,13.078643969174195,75|75|75|33.3333333333333|33.3333333333333|33.3333333333333|11.1111111111111|11.1111111111111|11.1111111111111|3.7037037037037|3.7037037037037|3.7037037037037|1.23456790123457|1.23456790123457|1.23456790123457|0.411522633744856|0.411522633744856|0.411522633744856|0.137174211248285|0.137174211248285|0.137174211248285,15.5656895098308|14.1206759948278|16.2814283454055|13.3352912811132|3.14064529206978|2.32375130174664|-0.130930267223869|3.39740921747149|0.242702192087883|1.61951072377078|4.18374750163541|0.643190367140122|0.277452912050643|1.72478950354057|0.661864758483106|3.72377524072206|0.715416580403758|1.72695837667805|2.0152571770721|1.72846727427883|3.14690311598134,dt4,Definitive_rep2
Amperozide,Nucleus_RNA_Axial,Mahalanobis distance (cutoff = 1),14,0.8139018571430854,pow,15.893932838743343,1.4907477612170983,0.006081501041148239,NA,NA,1.7747647463695415,NA,NA,NA,0.15136626026039196,1.0979536052860221,17.8720962371624,19.612407047915536,1.1315969433034398e-9,-38.14578579865067,0.9999998446446063,50.75097838801317,NA,12.936101454760678,13.867221693584925,20.49303599759795,30.284691027412073,15.784160461911048,15.784160461911048,18.68432295033131,75|75|75|33.3333333333333|33.3333333333333|33.3333333333333|11.1111111111111|11.1111111111111|11.1111111111111|3.7037037037037|3.7037037037037|3.7037037037037|1.23456790123457|1.23456790123457|1.23456790123457|0.411522633744856|0.411522633744856|0.411522633744856|0.137174211248285|0.137174211248285|0.137174211248285,13.0943045235623|13.4072814125964|12.2158186113543|3.96837379816697|2.7493893050308|2.97527545399902|-0.296027142926363|0.38680908106702|-0.582312775064309|-0.0267423996676449|0.646805604459325|1.27183498098296|0.705925924231448|3.30053413274813|0.232610483345227|2.46532764364667|1.58661348399939|1.95623504927391|1.81911642773939|3.47989858886161|1.54816020747686,dt4,Definitive_rep2
Amperozide,Nucleus_RNA_Compactness,Mahalanobis distance (cutoff = 1),12,0.8139018571430854,pow,23.540055466962638,1.9267718802175693,0.013032418108865358,NA,NA,1.6892005495814364,NA,NA,NA,-0.07464294680414249,1.0979536052860221,13.35823056611158,14.2286725996967,2.998624940858922e-13,-38.08847421379874,0.9999999957634806,49.756830085308216,NA,19.159294861812132,12.730829032304332,19.189570070798258,28.925029043094725,11.55996970234648,11.55996970234648,13.80140347630411,75|75|75|33.3333333333333|33.3333333333333|33.3333333333333|11.1111111111111|11.1111111111111|11.1111111111111|3.7037037037037|3.7037037037037|3.7037037037037|1.23456790123457|1.23456790123457|1.23456790123457|0.411522633744856|0.411522633744856|0.411522633744856|0.137174211248285|0.137174211248285|0.137174211248285,20.6174514387465|18.7347872950494|18.6226576111839|10.8390740570887|4.88398446277987|4.23833997026274|0.978745912933321|1.40022794058804|-0.0847375468099344|0.0734790615190812|0.0800437776427189|0.135905792346945|-0.576181080857499|0.475560627386595|-0.224941626128736|0.206172083661198|-0.289782453388434|1.61572639089774|1.39863686980903|1.82788661064836|5.43291212425983,dt4,Definitive_rep2
Amperozide,Cell_DNA_Radial,Mahalanobis distance (cutoff = 1),11,0.8139018571430854,exp5,16.739150535583725,2.8396192122264603,NA,NA,13.624025707909265,7.999995815341232,NA,34.11448991762978,NA,0.2511147863483606,1.0979536052860221,24.918769893058624,27.441397262352798,1.5181069243445694e-8,-45.718567384729354,0.9999999815679138,34.11448991762978,NA,13.624025707909265,24.637304983290154,26.956926957398764,29.607975302195157,25.207651099558255,25.207651099558255,26.205059345859286,75|75|75|33.3333333333333|33.3333333333333|33.3333333333333|11.1111111111111|11.1111111111111|11.1111111111111|3.7037037037037|3.7037037037037|3.7037037037037|1.23456790123457|1.23456790123457|1.23456790123457|0.411522633744856|0.411522633744856|0.411522633744856|0.137174211248285|0.137174211248285|0.137174211248285,12.67949456704|14.9743336674938|13.3960954439123|8.99061957516488|5.67064208803233|4.77896999387908|-0.651401167733408|-0.57645747042216|-0.604023098506377|-0.176236091536741|0.0803392141112341|-0.566017226498985|-0.113662065959652|0.916842764647051|0.209506623944653|1.65435622638624|-0.141665485616121|0.524536646600801|3.18290431860236|6.93920411279149|9.60307811377447,dt4,Definitive_rep2
Amperozide,Cell_Mito_Axial,Mahalanobis distance (cutoff = 1),8,0.8139018571430854,pow,42.55362970878021,1.6451941559319012,1.235738318429805e-5,NA,NA,3.4385981203633436,NA,NA,NA,0.03995709546907416,1.0979536052860221,27.038024879502355,27.919492521962013,6.672022053808215e-15,-38.387276157482276,0.999999990732783,61.307960279038184,NA,34.63447824815538,31.383449602427795,38.392383459980465,46.96663771544591,25.196494709138165,25.196494709138165,27.48841547808559,75|75|75|33.3333333333333|33.3333333333333|33.3333333333333|11.1111111111111|11.1111111111111|11.1111111111111|3.7037037037037|3.7037037037037|3.7037037037037|1.23456790123457|1.23456790123457|1.23456790123457|0.411522633744856|0.411522633744856|0.411522633744856|0.137174211248285|0.137174211248285|0.137174211248285,34.8045722889868|38.4980771506781|32.351593668273|4.47709410308059|1.40597569939496|1.7956075646161|-0.544355183136719|-0.585034082017666|-0.145428476562431|-0.372413328994441|-0.618656120292929|-0.677048436764327|-0.285940459351944|0.161078977336192|-0.685839585119937|-0.324476860931326|-0.551588353868107|0.105707629660492|0.595731106483984|3.9762770264899|3.40432656145902,dt4,Definitive_rep2
Amperozide,Cell_Mito_Compactness,Mahalanobis distance (cutoff = 1),12,0.8139018571430854,poly1,11.395516231383766,3.942870953751036,0.12366442431769895,NA,NA,NA,NA,NA,NA,0.5277458413301848,1.0979536052860221,7.345143559777736,10.892049048182853,9.674178145613647e-6,-53.41348545218041,0.9999902631597758,37.5,NA,9.274831823827421,3.7500000000000004,7.500000000000001,15.000000000000002,6.581535972319236,6.581535972319236,8.87849202665865,75|75|75|33.3333333333333|33.3333333333333|33.3333333333333|11.1111111111111|11.1111111111111|11.1111111111111|3.7037037037037|3.7037037037037|3.7037037037037|1.23456790123457|1.23456790123457|1.23456790123457|0.411522633744856|0.411522633744856|0.411522633744856|0.137174211248285|0.137174211248285|0.137174211248285,8.58005183829519|11.9306745976981|7.55184154628294|8.80219581495446|3.57514780824101|4.39128022190364|1.20967561405785|1.23478450181522|0.794410402761343|-0.0333855850858581|-0.024613054541468|-0.0705013713353388|-0.345177526055866|-0.0749491470593131|-0.36254463241593|0.990752088527412|0.514978142584193|0.119551605673951|10.8779080048124|10.8263289532262|7.5059072888601,dt4,Definitive_rep2
Amperozide,Cell_AGP_Radial,Mahalanobis distance (cutoff = 1),14,0.8139018571430854,pow,20.011015805086576,3.853438379822784,0.02134899558472305,NA,NA,1.5372637594826253,NA,NA,NA,0.5936032011471524,1.0979536052860221,12.147689264260004,14.004988089558454,1.0184461712008928e-7,-51.98930907708213,0.9999998950157448,47.77924774706809,NA,16.287002927079598,10.683974723017792,16.7708396847982,26.325508158236946,10.680148472895235,10.680148472895235,12.976300756961553,75|75|75|33.3333333333333|33.3333333333333|33.3333333333333|11.1111111111111|11.1111111111111|11.1111111111111|3.7037037037037|3.7037037037037|3.7037037037037|1.23456790123457|1.23456790123457|1.23456790123457|0.411522633744856|0.411522633744856|0.411522633744856|0.137174211248285|0.137174211248285|0.137174211248285,16.7499488886135|17.2750320278428|14.3130229418816|6.07196595107307|3.95629254839963|5.12849192108649|-0.591137124164282|0.294502279127512|-0.245010456354105|0.709965482602247|1.28913001721402|-0.0315551018229568|-0.535539568856062|2.22327589916507|1.52585148394849|2.14293180774158|0.0630785259719868|2.20224524416026|4.27154730138522|13.5605133332694|8.94108582728844,dt4,Definitive_rep2
Amperozide,Cell_AGP_Axial,Mahalanobis distance (cutoff = 1),8,0.8139018571430854,pow,61.345680210105584,2.4385268426225557,4.3597797342908565e-4,NA,NA,2.697987301138004,NA,NA,NA,0.3670702175744408,1.0979536052860221,17.846568378521475,18.68617764456286,2.0747126835433735e-15,-46.05015131840402,0.9999999992894975,58.007680344964065,NA,49.929363050710755,24.70807052034511,31.945860927479064,41.30383348054242,16.308915706193964,16.308915706193964,18.222736017083623,75|75|75|33.3333333333333|33.3333333333333|33.3333333333333|11.1111111111111|11.1111111111111|11.1111111111111|3.7037037037037|3.7037037037037|3.7037037037037|1.23456790123457|1.23456790123457|1.23456790123457|0.411522633744856|0.411522633744856|0.411522633744856|0.137174211248285|0.137174211248285|0.137174211248285,50.104673437608|56.7843350134186|44.7716930052931|9.974690183158|4.57613014210733|5.48132840383997|-0.634059790358473|-0.65858366408109|-0.642660327965189|0.41481448433481|-0.457846243923839|0.642383053639159|-0.655846036823683|0.323545311927125|0.0575441803565605|0.430804513053353|-0.694356361085686|-0.261539375194071|0.626511968537202|3.88956933892555|3.29530573774112,dt4,Definitive_rep2
Amperozide,Cell_AGP_Compactness,Mahalanobis distance (cutoff = 1),21,0.8139018571430854,pow,16.767228864491145,3.259177867272473,3.2146134501834753,NA,NA,0.33487149806445204,NA,NA,NA,0.90087790877177,1.0979536052860221,0.028188255896221,0.06204946577364123,6.402250332829346e-9,-53.78620509389709,0.9999999934756746,9.464974281677467,NA,13.646878711952489,0.009770107304277036,0.07741785936378814,0.6134553860884935,0.016540564797873285,0.016540564797873285,0.040438462305069874,75|75|75|33.3333333333333|33.3333333333333|33.3333333333333|11.1111111111111|11.1111111111111|11.1111111111111|3.7037037037037|3.7037037037037|3.7037037037037|1.23456790123457|1.23456790123457|1.23456790123457|0.411522633744856|0.411522633744856|0.411522633744856|0.137174211248285|0.137174211248285|0.137174211248285,14.8378208165087|15.4032886354505|11.5183789800853|9.77463273279322|13.4181282484418|11.5439245900146|4.35515667726962|4.9675349732627|3.59661533287751|4.65440974569669|5.47065158711269|2.60519366982001|1.33978534512416|2.37409951886136|5.73335767733324|5.77970849265442|1.18638243522786|4.40289187121794|4.62860025047258|11.6333800591862|7.55828577040346,dt4,Definitive_rep2
Amperozide,Cell_ER_Radial,Mahalanobis distance (cutoff = 1),9,0.8139018571430854,pow,33.91666263194369,2.8168723038586316,0.0010387730502568486,NA,NA,2.3596372894568556,NA,NA,NA,0.3605014186266616,1.0979536052860221,18.415023207246232,19.96299865207708,4.8778567530630345e-11,-47.971318772826585,0.9999999977265823,55.90962423630878,NA,27.604834704234456,21.071362890597,28.26619277774477,37.91770177833018,16.84540475764334,16.84540475764334,19.124043719283527,75|75|75|33.3333333333333|33.3333333333333|33.3333333333333|11.1111111111111|11.1111111111111|11.1111111111111|3.7037037037037|3.7037037037037|3.7037037037037|1.23456790123457|1.23456790123457|1.23456790123457|0.411522633744856|0.411522633744856|0.411522633744856|0.137174211248285|0.137174211248285|0.137174211248285,27.9759889730134|34.5450308150031|24.0467584466737|4.67105630204814|3.77358127911122|4.08625115690288|0.236999642802404|-0.160755044989236|-0.661848081497395|-0.695786939928825|-0.590137285972985|-0.545588039997944|-0.555512486403389|0.765063436247558|-0.512818858224445|0.158425192813289|-0.338655825688318|0.311583953594113|3.13409458688677|6.82047841148897|6.71653456762467,dt4,Definitive_rep2
Amperozide,Cell_ER_Axial,Mahalanobis distance (cutoff = 1),9,0.8139018571430854,pow,49.32638658073179,2.8809600344184925,4.839691131904287e-4,NA,NA,2.6232922581201548,NA,NA,NA,0.42416024149890785,1.0979536052860221,18.587876151579007,19.408789050918745,1.476952263573737e-13,-48.61495243403861,0.9999999975884352,57.58488651631652,NA,40.146837644215374,23.939117559077392,31.178906924164426,40.60819011338586,16.96909940008472,16.96909940008472,19.020389140895215,75|75|75|33.3333333333333|33.3333333333333|33.3333333333333|11.1111111111111|11.1111111111111|11.1111111111111|3.7037037037037|3.7037037037037|3.7037037037037|1.23456790123457|1.23456790123457|1.23456790123457|0.411522633744856|0.411522633744856|0.411522633744856|0.137174211248285|0.137174211248285|0.137174211248285,40.4837459652183|47.5777876473005|38.0411880009453|12.2098044897831|4.51014728756317|4.33891710322182|-0.665934617154113|-0.71650836179548|-0.670559525728391|-0.685564236079038|-0.731664938741718|-0.698802520050545|-0.451825933899328|0.69158602696515|-0.456576756140651|-0.0573802548528777|-0.328138384416203|0.246076440943199|1.12994858844249|4.86078752582038|5.37279526899806,dt4,Definitive_rep2
Amperozide,Nucleus_DNA_Profile,Mahalanobis distance (cutoff = 1),8,0.8139018571430854,pow,7.9498327986444854,1.1142749269709589,1.7713257857510454e-5,NA,NA,2.9666399161754766,NA,NA,NA,-0.1304402819055153,1.0979536052860221,39.046218149643074,43.81120774347904,2.320898677906496e-6,-32.09637296827677,0.9999612898574113,59.37307790426125,NA,6.470383678793759,27.321709679230153,34.51275053057666,43.59646461258285,37.2878263926306,37.2878263926306,41.246938180183626,75|75|75|33.3333333333333|33.3333333333333|33.3333333333333|11.1111111111111|11.1111111111111|11.1111111111111|3.7037037037037|3.7037037037037|3.7037037037037|1.23456790123457|1.23456790123457|1.23456790123457|0.411522633744856|0.411522633744856|0.411522633744856|0.137174211248285|0.137174211248285|0.137174211248285,7.91876535864017|5.3568725433082|6.39407167146001|1.34185433112473|0.334132587678603|0.367972230470325|-0.743418260966356|-0.733222378385327|-0.755001353499333|-0.683024626083268|-0.748170154714214|-0.731374419444395|0.223500487551917|1.20763992584967|-0.0418043491480358|0.494025058903529|-0.391596044671409|0.22296465582188|2.16341804303583|2.37818170221019|2.53505607210787,dt4,Definitive_rep2
Amperozide,Nucleus_DNA_Radial,Mahalanobis distance (cutoff = 1),17,0.8139018571430854,poly1,27.264025853050015,2.2173460873339956,0.29586988366659334,NA,NA,NA,NA,NA,NA,0.597737391169241,1.0979536052860221,3.425379940602775,4.049514535950685,2.619673148028509e-12,-46.9494768782306,0.9999999973048512,37.5,NA,22.1902412749945,3.7499999999999996,7.499999999999999,14.999999999999998,2.75087767317422,2.75087767317422,3.7109339811120226,75|75|75|33.3333333333333|33.3333333333333|33.3333333333333|11.1111111111111|11.1111111111111|11.1111111111111|3.7037037037037|3.7037037037037|3.7037037037037|1.23456790123457|1.23456790123457|1.23456790123457|0.411522633744856|0.411522633744856|0.411522633744856|0.137174211248285|0.137174211248285|0.137174211248285,20.3121110521188|24.7948720347259|22.4509937294177|9.00535834729139|11.5805549838387|9.41905120956059|-0.273389796054557|2.05952303317069|0.578155928512802|0.594298843738074|2.19484772878143|1.41471481038792|0.781841587310924|2.90706674592124|1.65404832200139|4.10782987806833|1.11268335615651|1.25613120699578|3.017903712639|5.45211496892997|1.17900773674365,dt4,Definitive_rep2
Amperozide,Nucleus_DNA_Axial,Mahalanobis distance (cutoff = 1),9,0.8139018571430854,pow,15.019007332196988,0.7463726697781542,7.740394827472257e-5,NA,NA,2.7724161637849623,NA,NA,NA,-0.5593117784688201,1.0979536052860221,30.90502254996278,31.995526733505955,3.099963891062628e-13,-23.341407843312613,0.9999993050727846,58.40914985967469,NA,12.223997960120744,25.455678435281424,32.6862467136196,41.970624626638305,28.226123190710346,28.226123190710346,31.4445982247895,75|75|75|33.3333333333333|33.3333333333333|33.3333333333333|11.1111111111111|11.1111111111111|11.1111111111111|3.7037037037037|3.7037037037037|3.7037037037037|1.23456790123457|1.23456790123457|1.23456790123457|0.411522633744856|0.411522633744856|0.411522633744856|0.137174211248285|0.137174211248285|0.137174211248285,12.8188894957007|11.8483380344955|12.0835457910389|1.22482315224634|1.33803451812519|1.48620142469365|-0.649983985662088|-0.543667147124317|-0.72300145449673|-0.390261760347651|0.235655687147827|0.398846734338548|0.626109908548806|1.90256243814179|-0.00221749862277665|1.43061363577465|0.592268599427956|0.180304022230292|1.50211251096776|0.735425831396205|0.218846638266398,dt4,Definitive_rep2
Amperozide,Nucleus_DNA_Compactness,Mahalanobis distance (cutoff = 1),12,0.8139018571430854,exp5,22.05869016613113,1.2161591023537996,NA,NA,17.95360889235804,3.022781173648918,NA,34.30169934663324,NA,-0.15676539891161645,1.0979536052860221,14.589882074276058,16.854286121853498,1.2159141194969267e-14,-32.35561778235673,0.9999999991989844,34.30169934663324,NA,17.95360889235804,14.495549427280515,18.393107102797618,23.576093943362867,14.021975315157599,14.021975315157599,15.52420820307371,75|75|75|33.3333333333333|33.3333333333333|33.3333333333333|11.1111111111111|11.1111111111111|11.1111111111111|3.7037037037037|3.7037037037037|3.7037037037037|1.23456790123457|1.23456790123457|1.23456790123457|0.411522633744856|0.411522633744856|0.411522633744856|0.137174211248285|0.137174211248285|0.137174211248285,17.3217719211991|17.6262808440142|19.5647597183802|4.57508427781052|9.62944607325866|8.27780823254071|-0.0723275237501937|1.34619303101168|0.0621918627196293|0.419304400540473|1.10019297542735|-0.516403021740745|1.1679893588231|1.41833879887663|-0.279322936784755|0.825206793439916|0.0567140088250377|0.561295076381836|2.05195736435383|0.119552760233409|-0.0412940557273987,dt4,Definitive_rep2
Amperozide,Nucleus_DNA_Symmetry,Mahalanobis distance (cutoff = 1),18,0.8139018571430854,poly1,24.17343303699442,1.9146107783762563,0.26233069389778363,NA,NA,NA,NA,NA,NA,0.474227706763502,1.0979536052860221,3.8611786423653927,4.570805961370111,1.914254098459981e-12,-44.13834773424844,0.9999999977873406,37.5,NA,19.674802042333773,3.7500000000000004,7.500000000000001,15.000000000000002,3.1025795916211765,3.1025795916211765,4.185379869096967,75|75|75|33.3333333333333|33.3333333333333|33.3333333333333|11.1111111111111|11.1111111111111|11.1111111111111|3.7037037037037|3.7037037037037|3.7037037037037|1.23456790123457|1.23456790123457|1.23456790123457|0.411522633744856|0.411522633744856|0.411522633744856|0.137174211248285|0.137174211248285|0.137174211248285,22.4014568359453|20.1343291215459|18.04930634857|8.93948122478169|8.66938148996425|7.80010477671567|1.56462315196895|2.00279447073007|0.0692365116432226|1.00727523674101|3.45102249312774|0.286458635475178|1.89025985483846|4.78266853375722|0.460265115407743|3.06015125810523|2.00823224094528|1.21132608914874|3.15974805729051|1.28930727473294|1.11358739940106,dt4,Definitive_rep2
Fenbendazole,Ring_Mito_Texture,Mahalanobis distance (cutoff = 1),8,0.8139018571430854,exp2,21.152471385409548,0.5779926548185723,1.222456860590249,0.23307071886892372,NA,NA,NA,NA,NA,-0.726604660645684,1.0979536052860221,0.1478158590800422,0.15161813411309338,4.645677943867692e-16,-16.266337438658937,0.9999998779267844,0.4858649478844234,NA,17.216035743750805,0.12424316461151388,0.204852165192788,0.3121673481144622,0.11893613159155811,0.11893613159155811,0.14937069818506257,0.632455532033676|0.632455532033676|0.632455532033676|0.2|0.2|0.2|0.0632455532033676|0.0632455532033676|0.0632455532033676|0.02|0.02|0.02|0.00632455532033676|0.00632455532033676|0.00632455532033676|0.002|0.002|0.002,16.0056188384784|17.3817213073732|17.5693313909885|2.69367381625658|1.22983621258523|1.46448664122398|1.41302028574023|-0.24238115854595|0.470970912372052|0.724575913733651|0.299686460285366|-0.347697554939264|-0.385246803045535|0.199741137245294|0.345143960009572|-0.145241327014344|0.815802787862864|0.227377448650968,dt4,Definitive_rep2
Fenbendazole,Ring_AGP_Texture,Mahalanobis distance (cutoff = 1),7,0.8139018571430854,exp2,7.865004006484599,1.4431423676494266,0.5471709507832048,0.24884916827381864,NA,NA,NA,NA,NA,-0.11959078737951823,1.0979536052860221,0.2522114830508517,0.3029437685271676,3.259119616847465e-5,-29.834471964311987,0.9997085396735683,0.4788291271947413,NA,6.401341367315623,0.11460803020304987,0.19277850048614234,0.300089615148956,0.22676808958434577,0.22676808958434577,0.2739356779189383,0.632455532033676|0.632455532033676|0.632455532033676|0.2|0.2|0.2|0.0632455532033676|0.0632455532033676|0.0632455532033676|0.02|0.02|0.02|0.00632455532033676|0.00632455532033676|0.00632455532033676|0.002|0.002|0.002,9.35456648306904|6.50242485011788|4.48885476147474|0.862918697571966|1.32356611146272|-0.272039669406099|0.0142597044251336|-0.455023297218002|0.633984212739222|1.65740521038432|0.445932209079888|-0.67230159545059|-0.490992549424579|0.295656718681617|0.0850295020736725|4.3431312244952|-0.642237644750464|-0.512642896439533,dt4,Definitive_rep2
Fenbendazole,Ring_Mito_Intensity,Mahalanobis distance (cutoff = 1),5,0.8139018571430854,exp4,1.45355438902957,1.448433621939434,NA,NA,1.1830506166896497,NA,NA,0.07429822335358591,NA,-0.7878855698401104,1.0979536052860221,0.13151284926116819,0.6377795315036605,0.004072151000681009,-20.825611145148322,0.9195324563538726,0.07429822335358591,NA,1.1830506166896497,0.005498111728404963,0.011293559787216311,0.02391868549773564,0.12483866736308753,0.12483866736308753,0.28212963630427185,0.632455532033676|0.632455532033676|0.632455532033676|0.2|0.2|0.2|0.0632455532033676|0.0632455532033676|0.0632455532033676|0.02|0.02|0.02|0.00632455532033676|0.00632455532033676|0.00632455532033676|0.002|0.002|0.002,7.04743451621407|1.2417151845807|0.705235647866991|1.47524715199623|1.11665797351864|0.758681846160833|0.544027075517312|0.401480658194637|1.56007041672522|-0.00762050099413591|-0.377021017593078|-0.374234450231166|-0.656012442493672|0.206237167622317|-0.242180178503639|-0.339288332679696|0.273936969104197|0.448576495476699,dt4,Definitive_rep2
Fenbendazole,Cytoplasm_ER_Texture,Mahalanobis distance (cutoff = 1),16,0.8139018571430854,pow,4.0069451119166395,2.1542345173318576,3.741764541521346,NA,NA,0.3000001053928295,NA,NA,NA,-0.13346059878397223,1.0979536052860221,0.00882845275933401,0.03723393736132363,5.118297571498696e-5,-31.501729910008898,0.9999182622147064,0.06274758698658364,NA,3.2612600680593613,2.9124928441617364e-5,2.935606450798557e-4,0.002958903487520994,0.006189459471972066,0.006189459471972066,0.01678903509297907,0.632455532033676|0.632455532033676|0.632455532033676|0.2|0.2|0.2|0.0632455532033676|0.0632455532033676|0.0632455532033676|0.02|0.02|0.02|0.00632455532033676|0.00632455532033676|0.00632455532033676|0.002|0.002|0.002,4.34790742620593|3.55624956263579|2.26167898439396|1.82475502951479|2.8311621343465|1.38839265067186|1.84810883674873|0.949659662195531|0.319053429305348|1.42928094574572|3.59640670545826|1.12987067674105|0.878067260494158|0.609111929992368|1.42968774586395|8.92491435132276|1.29098531142358|1.61795789876149,dt4,Definitive_rep2
Fenbendazole,Cytoplasm_Mito_Intensity,Mahalanobis distance (cutoff = 1),8,0.8139018571430854,poly1,5.447335021887007,0.6981958116848418,7.010130936064501,NA,NA,NA,NA,NA,NA,-0.6284236995392525,1.0979536052860221,0.12705379723372526,0.19288440143341465,1.271718864871192e-7,-18.77372951871191,0.9999367760292941,0.31622776601683794,NA,4.4335960907944045,0.0316227766016838,0.0632455532033676,0.1264911064067352,0.11610365976987175,0.11610365976987175,0.15662383702955698,0.632455532033676|0.632455532033676|0.632455532033676|0.2|0.2|0.2|0.0632455532033676|0.0632455532033676|0.0632455532033676|0.02|0.02|0.02|0.00632455532033676|0.00632455532033676|0.00632455532033676|0.002|0.002|0.002,5.6735532397474|4.07533886346968|2.59154977847834|1.33164921660559|2.38027843872906|1.55301075654345|0.77226117249608|0.234330813878721|1.2899454485017|0.595137284011543|0.0707664173813793|-0.0818787610894841|-0.440225133597744|0.234989649575284|-0.0323444502183839|-0.466238588213031|0.52488721054966|0.926458767349722,dt4,Definitive_rep2
Fenbendazole,Cytoplasm_Mito_Profile,Mahalanobis distance (cutoff = 1),11,0.8139018571430854,poly1,7.410198787840479,2.478374983348926,9.53612428027852,NA,NA,NA,NA,NA,NA,0.21228394434705483,1.0979536052860221,0.09238779462475495,0.14550246325598964,6.956335561310167e-5,-37.81653804164432,0.9999089615036956,0.316227766016838,NA,6.031174555222806,0.0316227766016838,0.0632455532033676,0.1264911064067352,0.08534933409228952,0.08534933409228952,0.11513625169049857,0.632455532033676|0.632455532033676|0.632455532033676|0.2|0.2|0.2|0.0632455532033676|0.0632455532033676|0.0632455532033676|0.02|0.02|0.02|0.00632455532033676|0.00632455532033676|0.00632455532033676|0.002|0.002|0.002,13.8202456573941|5.31307909355901|5.85718788336437|2.09826126510297|1.57406774173577|1.59646497317703|2.76028031658878|0.451155364679136|2.19420133084078|0.636014528493037|0.352896743923606|0.376876091485496|-0.115576025274657|0.0729338971376313|0.7950119437279|5.62486478216146|2.37095429227538|2.04593552749694,dt4,Definitive_rep2
Fenbendazole,Cytoplasm_AGP_Profile,Mahalanobis distance (cutoff = 1),8,0.8139018571430854,pow,5.101541918680427,6.468269099996029,205.964638489791,NA,NA,8.521481268483202,NA,NA,NA,0.11554334249451502,1.0979536052860221,0.5239445639753695,0.5637424459839873,0.038276158553491105,-46.378980784198966,0.961337910503281,0.5830475546885715,NA,4.152154441907299,0.4449933168203347,0.4827024531324245,0.5236070957760799,0.5223731941710165,0.5223731941710165,0.5410505573777066,0.632455532033676|0.632455532033676|0.632455532033676|0.2|0.2|0.2|0.0632455532033676|0.0632455532033676|0.0632455532033676|0.02|0.02|0.02|0.00632455532033676|0.00632455532033676|0.00632455532033676|0.002|0.002|0.002,24.4559289227572|3.93043794233548|4.12769500572687|-0.322399928929069|-0.376083371351946|-0.219844068405309|1.5570083349946|0.717747732969337|1.24012686041572|0.0414057670893136|0.535943785831761|0.571772680450758|0.226219901011968|0.453874504181935|-0.0552034608149035|18.0813818886338|2.70636372666382|0.944310153509453,dt4,Definitive_rep2
Fenbendazole,Cytoplasm_DNA_Profile,Mahalanobis distance (cutoff = 1),15,0.8139018571430854,exp2,46.07624437542674,6.223635951520447,2.270265622287531,0.22088640687592614,NA,NA,NA,NA,NA,0.686009632916508,1.0979536052860221,0.08515307932146102,0.0898866009739765,2.3503902960747045e-10,-47.630301725864236,0.9999999552967034,0.49161071008369556,NA,37.50154086733846,0.13299319099549772,0.21542170745902858,0.3223789299331346,0.0676762643795564,0.0676762643795564,0.08713689257340432,0.632455532033676|0.632455532033676|0.632455532033676|0.2|0.2|0.2|0.0632455532033676|0.0632455532033676|0.0632455532033676|0.02|0.02|0.02|0.00632455532033676|0.00632455532033676|0.00632455532033676|0.002|0.002|0.002,40.5269673836065|37.5223271545166|32.1479489310616|3.30476908066439|3.74801302330671|1.6450079515434|2.08023402852873|0.529646808781838|3.26983681873555|1.65974547246455|0.250495428719718|0.44655702595549|2.74637359071336|1.10088176415615|0.999921654447541|25.0308853890228|2.87247307232285|1.83069296914968,dt4,Definitive_rep2
Fenbendazole,Membrane_AGP_Texture,Mahalanobis distance (cutoff = 1),7,0.8139018571430854,poly1,4.511142813691835,2.208610520239003,5.805352831835088,NA,NA,NA,NA,NA,NA,0.15220186384486128,1.0979536052860221,0.13054699560360555,0.3346905160468042,0.011548018402842494,-34.90561113316825,0.9850396017722858,0.316227766016838,NA,3.671627513901468,0.0316227766016838,0.0632455532033676,0.1264911064067352,0.14019851690664747,0.14019851690664747,0.18912779930706744,0.632455532033676|0.632455532033676|0.632455532033676|0.2|0.2|0.2|0.0632455532033676|0.0632455532033676|0.0632455532033676|0.02|0.02|0.02|0.00632455532033676|0.00632455532033676|0.00632455532033676|0.002|0.002|0.002,11.785725746529|2.54071565262969|4.82238846765516|0.428355211822707|-0.553958836085891|0.194856104026366|1.63001698082485|0.986418676204652|2.2088405477453|-0.383810527648087|-0.679204490549993|-0.544111706475123|-0.523432876988335|-0.719683071343041|-0.451246340621321|2.62968988821281|0.0318657910405166|-0.519963434249201,dt4,Definitive_rep2
Fenbendazole,Membrane_AGP_Intensity,Mahalanobis distance (cutoff = 1),13,0.8139018571430854,poly1,6.228516659849706,3.115516280401,8.015427203866082,NA,NA,NA,NA,NA,NA,0.8491159065086885,1.0979536052860221,0.09130318956892639,0.25451255707901327,0.0342028533117324,-45.60997043806505,0.963451905978122,0.316227766016838,NA,5.069401276698323,0.0316227766016838,0.0632455532033676,0.1264911064067352,0.10154191865787465,0.10154191865787465,0.1369800482694729,0.632455532033676|0.632455532033676|0.632455532033676|0.2|0.2|0.2|0.0632455532033676|0.0632455532033676|0.0632455532033676|0.02|0.02|0.02|0.00632455532033676|0.00632455532033676|0.00632455532033676|0.002|0.002|0.002,9.03394669418577|4.61017188425171|3.62316723105402|0.371298112123466|1.40482198055886|0.412105050093561|0.950701834419326|0.781781066263534|-0.482281476796545|4.27259515703919|4.59078627773824|2.01762195303295|6.25057073027461|2.18291566902901|2.13344348459537|7.86050525996034|1.91776028926955|0.0874089398042563,dt4,Definitive_rep2
Fenbendazole,Nucleus_RNA_Texture,Mahalanobis distance (cutoff = 1),15,0.8139018571430854,exp2,16.536094529276347,4.1593298888446375,1.2877436227062713,0.2594035587997646,NA,NA,NA,NA,NA,0.6624471373148046,1.0979536052860221,0.14884452140399612,0.1803530636275528,2.3884427367582987e-4,-45.96311631394518,0.9997582899098886,0.4743681824113813,NA,13.458758047271633,0.10905340462802171,0.18559482895012097,0.2926755484836783,0.12706339684433487,0.12706339684433487,0.159948198875606,0.632455532033676|0.632455532033676|0.632455532033676|0.2|0.2|0.2|0.0632455532033676|0.0632455532033676|0.0632455532033676|0.02|0.02|0.02|0.00632455532033676|0.00632455532033676|0.00632455532033676|0.002|0.002|0.002,16.9713609866112|13.2952809734134|7.21862359187297|0.926953608140943|1.63372498013303|0.734219855160323|2.04637870000656|0.907406860722314|0.800019908158658|1.36805497573334|1.27884041910788|1.67071539512318|0.831769909416408|1.04516774120573|1.78125769407292|14.7909192553715|5.21921857963123|0.188611939213968,dt4,Definitive_rep2
Fenbendazole,Cell_DNA_Radial,Mahalanobis distance (cutoff = 1),11,0.8139018571430854,exp2,24.251962809428633,7.98087732371899,0.8413628207111982,0.1978243563186369,NA,NA,NA,NA,NA,0.17832505916865116,1.0979536052860221,0.16120825134449163,0.16964093313128276,2.1813002787100514e-7,-49.294561570419226,0.9999996691561546,0.5032607223503675,NA,19.738717569959004,0.15353507505153471,0.2389278828083306,0.344031614280449,0.13386640036556366,0.13386640036556366,0.16519675980254322,0.632455532033676|0.632455532033676|0.632455532033676|0.2|0.2|0.2|0.0632455532033676|0.0632455532033676|0.0632455532033676|0.02|0.02|0.02|0.00632455532033676|0.00632455532033676|0.00632455532033676|0.002|0.002|0.002,41.1487059565764|18.4642563730096|20.5583108875868|1.2383664325353|1.68739283705199|1.08064719163203|1.46624464053743|-0.0349154392198898|1.08954403842768|0.938056197214372|-0.113968361978757|0.431050336313175|-0.502054364051438|-0.251182146142802|-0.468353019395469|25.8618706031922|3.70185494388161|0.0753014088948978,dt4,Definitive_rep2
Fenbendazole,Cell_Mito_Radial,Mahalanobis distance (cutoff = 1),16,0.8139018571430854,exp4,2.320495503305537,0.8035816474278703,NA,NA,1.8886555996325551,NA,NA,0.004214266492733221,NA,-0.571879199732054,1.0979536052860221,9.593054901669985e-4,0.010695273060357459,2.368858299241974e-7,-20.103387808471112,0.9999991107730928,0.004214266492733221,NA,1.8886555996325551,3.118581708212849e-4,6.405815434972707e-4,0.0013566907833532519,0.00342768845717601,0.00342768845717601,0.005293766357435882,0.632455532033676|0.632455532033676|0.632455532033676|0.2|0.2|0.2|0.0632455532033676|0.0632455532033676|0.0632455532033676|0.02|0.02|0.02|0.00632455532033676|0.00632455532033676|0.00632455532033676|0.002|0.002|0.002,2.47600740607557|1.41074460815356|1.62526638636039|2.35318651543182|1.73274596487101|1.04022292792674|2.66990087193369|1.20302556717812|2.4480529577873|2.186969354698|1.98116315011062|1.5182743835259|0.265734063717327|1.06351720414849|1.17877805776312|3.09118604163579|1.45917648310022|0.619246457387618,dt4,Definitive_rep2
Fenbendazole,Cell_Mito_Axial,Mahalanobis distance (cutoff = 1),9,0.8139018571430854,exp4,1.8554178012875284,1.0725145556606763,NA,NA,1.5101279942442596,NA,NA,0.026475863569786665,NA,-0.09923574824596962,1.0979536052860221,0.017292432338507854,0.19310055811158827,0.026228503382829258,-27.435704945048304,0.9301196608574847,0.026475863569786665,NA,1.5101279942442596,0.0019592292983903244,0.0040244131642366765,0.008523324319519139,0.02957467682482608,0.02957467682482608,0.04959840187575368,0.632455532033676|0.632455532033676|0.632455532033676|0.2|0.2|0.2|0.0632455532033676|0.0632455532033676|0.0632455532033676|0.02|0.02|0.02|0.00632455532033676|0.00632455532033676|0.00632455532033676|0.002|0.002|0.002,0.960652319180689|4.02345426049784|0.225929537686999|2.92035331159164|0.967887414310972|1.19968699352804|2.90799858148821|0.173458302807117|2.59253109665598|0.31568294006629|0.256218420517585|0.594108661655874|-0.569095111700512|-0.0439856234754701|-0.297702137138276|1.40921936685686|0.194430477464165|1.18438627144849,dt4,Definitive_rep2
Fenbendazole,Cell_Mito_Compactness,Mahalanobis distance (cutoff = 1),4,0.8139018571430854,pow,3.19634913161838,1.2103598361436447,95.68102638813596,NA,NA,7.868520588050183,NA,NA,NA,-0.641300253216682,1.0979536052860221,0.5504419208909257,0.5857855743566844,0.0010330424655347777,-21.32892851040967,0.9890466791341473,0.5791252315593276,NA,2.6015144943018877,0.43219903565502465,0.471999243244227,0.515464559714903,0.5456248623320363,0.5456248623320363,0.5667835020104989,0.632455532033676|0.632455532033676|0.632455532033676|0.2|0.2|0.2|0.0632455532033676|0.0632455532033676|0.0632455532033676|0.02|0.02|0.02|0.00632455532033676|0.00632455532033676|0.00632455532033676|0.002|0.002|0.002,7.34094269062067|2.66185484164348|2.29520078100238|0.585904307350452|-0.357932931897491|-0.340769173065355|-0.431634402263874|-0.508648274251103|-0.452009949096155|-0.472610779082342|-0.653026287980097|-0.564914360981014|-0.526236346697293|-0.376384573935905|0.118875852035554|0.955623158208666|-0.459256889311656|-0.217037183138402,dt4,Definitive_rep2
Fenbendazole,Cell_AGP_Radial,Mahalanobis distance (cutoff = 1),14,0.8139018571430854,poly1,8.277548329258126,2.5847823549535685,10.6523093190623,NA,NA,NA,NA,NA,NA,0.4733791879069214,1.0979536052860221,0.07880866034504465,0.13980796732035275,2.271233907716038e-4,-40.27204493013792,0.9997416544893224,0.316227766016838,NA,6.737111957774832,0.031622776601683805,0.06324555320336761,0.12649110640673522,0.07640614187635432,0.07640614187635432,0.10307188539120196,0.632455532033676|0.632455532033676|0.632455532033676|0.2|0.2|0.2|0.0632455532033676|0.0632455532033676|0.0632455532033676|0.02|0.02|0.02|0.00632455532033676|0.00632455532033676|0.00632455532033676|0.002|0.002|0.002,14.1292546463388|5.32477144771805|6.89427544487905|1.06711122684439|2.2766920161021|0.797706010645463|2.64867866711442|1.3115388392101|2.576830188186|1.01344814737332|1.53700789828279|1.73402816270118|0.282206946248811|0.32899333008873|0.599737040240625|6.30248982170612|2.33361830810758|1.70478267261857,dt4,Definitive_rep2
Fenbendazole,Cell_AGP_Axial,Mahalanobis distance (cutoff = 1),9,0.8139018571430854,poly1,3.1108540590163845,1.2086276546529737,4.003332673513123,NA,NA,NA,NA,NA,NA,-0.6736800767558706,1.0979536052860221,0.22823476480841023,0.33894967281527105,7.925211990114796e-5,-23.573089566065253,0.9998735251297775,0.316227766016838,NA,2.5319298959345407,0.031622776601683805,0.06324555320336761,0.12649110640673522,0.2033060760920591,0.2033060760920591,0.27425989664818773,0.632455532033676|0.632455532033676|0.632455532033676|0.2|0.2|0.2|0.0632455532033676|0.0632455532033676|0.0632455532033676|0.02|0.02|0.02|0.00632455532033676|0.00632455532033676|0.00632455532033676|0.002|0.002|0.002,2.10869646956729|2.96150100524687|2.35931721596397|0.824844634039804|1.19463099873869|0.568635259652762|0.294241913210941|0.828092550233076|1.96896474361457|0.480478961248254|0.444926081544769|0.0755744602662152|-0.0980702686555789|0.170086263676515|0.18957934943685|4.00241844699168|2.47570682499256|0.1237530440034,dt4,Definitive_rep2
Fenbendazole,Cell_AGP_Compactness,Mahalanobis distance (cutoff = 1),15,0.8139018571430854,poly1,8.322006710454682,10.772270952262232,10.709522446608357,NA,NA,NA,NA,NA,NA,0.7076612858346669,1.0979536052860221,0.07757346386932075,0.14739085618826406,0.00674039950719955,-55.83250469813664,0.9931577808314037,0.316227766016838,NA,6.773296716796284,0.0316227766016838,0.0632455532033676,0.1264911064067352,0.07599795987176285,0.07599795987176285,0.10252124786700807,0.632455532033676|0.632455532033676|0.632455532033676|0.2|0.2|0.2|0.0632455532033676|0.0632455532033676|0.0632455532033676|0.02|0.02|0.02|0.00632455532033676|0.00632455532033676|0.00632455532033676|0.002|0.002|0.002,41.7283981960978|6.25680553733194|6.81593761005389|1.46571095672458|2.497187357233|0.563684531678342|3.46257967796119|1.14052765765586|4.4904253148764|0.17753870899128|1.06263312876961|1.00017648804267|1.68142543522111|1.84774479662278|0.364827412821508|28.8096495633659|1.65370851783743|1.57470817809706,dt4,Definitive_rep2
Fenbendazole,Cell_AGP_Symmetry,Mahalanobis distance (cutoff = 1),18,0.8139018571430854,pow,11.61883784146675,2.0974753703905074,10.849900253062916,NA,NA,0.3000000720010148,NA,NA,NA,0.5053828575737862,1.0979536052860221,3.018263629059657e-4,8.016767691102185e-4,4.252588549337887e-8,-38.93195536101459,0.9999999560346179,0.06274757084969915,NA,9.456593697014146,2.912489606996412e-5,2.93560394289638e-4,0.0029589017206609345,1.780280955894551e-4,1.780280955894551e-4,4.8290489499145306e-4,0.632455532033676|0.632455532033676|0.632455532033676|0.2|0.2|0.2|0.0632455532033676|0.0632455532033676|0.0632455532033676|0.02|0.02|0.02|0.00632455532033676|0.00632455532033676|0.00632455532033676|0.002|0.002|0.002,12.0860817164347|10.9219007867818|8.06823213063447|4.33652296095259|7.50761459997077|4.25272384212545|4.53863262107085|4.18042198935742|3.81310474301326|3.59210263491648|4.20243456804873|2.20612021659133|1.42887939066122|2.33360210191343|3.2898141902844|6.50996716935181|4.43596927422113|6.16233119358343,dt4,Definitive_rep2
Fenbendazole,Cell_ER_Radial,Mahalanobis distance (cutoff = 1),14,0.8139018571430854,pow,6.309984109427304,7.4927861282500485,6.26108554586485,NA,NA,0.4324738943725164,NA,NA,NA,0.3567459195377467,1.0979536052860221,0.010955374579975027,0.03356388614689557,0.0028625479482807204,-49.46829898964835,0.9971177784102183,0.12734000715437377,NA,5.1357077852062405,6.20421119272793e-4,0.0030814256873640017,0.015304418195622014,0.008935976133850313,0.008935976133850313,0.01785524483796447,0.632455532033676|0.632455532033676|0.632455532033676|0.2|0.2|0.2|0.0632455532033676|0.0632455532033676|0.0632455532033676|0.02|0.02|0.02|0.00632455532033676|0.00632455532033676|0.00632455532033676|0.002|0.002|0.002,30.4501288214237|5.33623396966977|5.38453871206016|1.74247437030871|3.53608545132757|1.6432056104383|3.12864840590722|1.43417789897751|1.45867128755904|1.6115870468618|2.90638942176198|1.23276916450748|-0.110349310472877|0.31285149169122|0.0466524199716942|19.099676460132|3.62225722951104|0.433058157562232,dt4,Definitive_rep2
Fenbendazole,Nucleus_DNA_Profile,Mahalanobis distance (cutoff = 1),7,0.8139018571430854,pow,34.00569849759693,4.751001420534275,88.61534565003242,NA,NA,2.540006962914145,NA,NA,NA,-0.4345665505969743,1.0979536052860221,0.17516822423890893,0.18001654623606203,2.481878589915736e-12,-36.1866808341587,0.9999999423240062,0.48140940905695684,NA,27.67730116064197,0.19445309773908412,0.25546434089662423,0.33561835850676336,0.15778239296176974,0.15778239296176974,0.17751873932094567,0.632455532033676|0.632455532033676|0.632455532033676|0.2|0.2|0.2|0.0632455532033676|0.0632455532033676|0.0632455532033676|0.02|0.02|0.02|0.00632455532033676|0.00632455532033676|0.00632455532033676|0.002|0.002|0.002,28.5236504064642|27.2919615391603|20.8178460172272|1.48970767870017|1.87608670162647|0.936825317716506|0.547204111446719|0.340081958373121|0.333340349399414|0.650364160461177|0.736375435080326|-0.0494669425111278|-0.603164194482794|0.444793154441521|-0.210333827678832|18.8645350235437|0.321218194236818|-0.198226573902331,dt4,Definitive_rep2
Fenbendazole,Nucleus_DNA_Radial,Mahalanobis distance (cutoff = 1),13,0.8139018571430854,poly1,15.596635427845078,9.393020069771724,20.071182710804134,NA,NA,NA,NA,NA,NA,0.2696445206955007,1.0979536052860221,0.049427506446428945,0.061555076526021615,2.3183809482783287e-6,-51.23068301295187,0.9999974419545029,0.316227766016838,NA,12.694130539906748,0.031622776601683805,0.06324555320336761,0.12649110640673522,0.040550767180499506,0.040550767180499506,0.05470298492649383,0.632455532033676|0.632455532033676|0.632455532033676|0.2|0.2|0.2|0.0632455532033676|0.0632455532033676|0.0632455532033676|0.02|0.02|0.02|0.00632455532033676|0.00632455532033676|0.00632455532033676|0.002|0.002|0.002,39.3829912494895|12.4890388895047|13.2177535783726|3.86050043101063|3.6092448974691|2.68137789703607|1.59134502329137|0.902376201336187|0.530456860736416|1.55159287129024|-0.0609716845122006|-0.0927496770940155|-0.0797738302692967|0.66213647900773|1.46545490992845|29.3275980505707|3.16154230302425|1.20584965823462,dt4,Definitive_rep2
Fenbendazole,Nucleus_DNA_Axial,Mahalanobis distance (cutoff = 1),6,0.8139018571430854,pow,14.130711485308913,1.4726472724701738,50.21890021375792,NA,NA,3.2172242793070476,NA,NA,NA,-0.1763082263970401,1.0979536052860221,0.2898898886460503,0.32064038173061105,3.116169710982898e-7,-29.898794830356053,0.9999787681684036,0.5098727022896936,NA,11.501012320646051,0.2492497976335803,0.3091740598461503,0.3835052232310126,0.2776694001704598,0.2776694001704598,0.30474685997613055,0.632455532033676|0.632455532033676|0.632455532033676|0.2|0.2|0.2|0.0632455532033676|0.0632455532033676|0.0632455532033676|0.02|0.02|0.02|0.00632455532033676|0.00632455532033676|0.00632455532033676|0.002|0.002|0.002,14.7484824726897|7.49147247375662|11.4137868029877|0.0790083359411526|-0.121906541139618|0.993878003366947|0.590602873863272|-0.649515489956757|-0.3432650754704|0.743446363479591|-0.395592402267564|-0.403786708262353|-0.187481998161431|-0.457666611680832|-0.261750718048494|2.87302368745503|-0.0997775189875064|1.16257802646306,dt4,Definitive_rep2
Fenbendazole,Nucleus_DNA_Compactness,Mahalanobis distance (cutoff = 1),10,0.8139018571430854,exp2,33.70754499324505,4.863627510764559,0.27010825723850773,0.13658365430258976,NA,NA,NA,NA,NA,0.08349039414229464,1.0979536052860221,0.21946283444843773,0.2243932973326736,1.7476242800680062e-10,-40.887807392379614,0.9999999365506835,0.5391081343258346,NA,27.43463346973626,0.24649934594417455,0.3294477509928127,0.41785788903608734,0.1897966024750355,0.1897966024750355,0.2215834166404626,0.632455532033676|0.632455532033676|0.632455532033676|0.2|0.2|0.2|0.0632455532033676|0.0632455532033676|0.0632455532033676|0.02|0.02|0.02|0.00632455532033676|0.00632455532033676|0.00632455532033676|0.002|0.002|0.002,28.2989073887122|27.4014519635366|21.56638231355|0.929728276677962|1.06551575726743|0.242595930254426|1.20678449157374|0.0124405014100039|1.50491348306542|1.13919563797974|-0.249079139921017|-0.333523876332172|0.0342184673005559|-0.28048854783232|0.733721477830901|19.4299762705862|2.74711545148169|0.537796484069689,dt4,Definitive_rep2
Fenbendazole,Nucleus_DNA_Symmetry,Mahalanobis distance (cutoff = 1),15,0.8139018571430854,poly1,13.487671737840365,6.431197799938239,17.357174567934777,NA,NA,NA,NA,NA,NA,0.6636348556803127,1.0979536052860221,0.05307577889528874,0.07713893858099588,5.347075578263423e-5,-50.32102998113248,0.9999428732406777,0.316227766016838,NA,10.977641075964579,0.0316227766016838,0.0632455532033676,0.1264911064067352,0.046891379351952124,0.046891379351952124,0.06325647074578342,0.632455532033676|0.632455532033676|0.632455532033676|0.2|0.2|0.2|0.0632455532033676|0.0632455532033676|0.0632455532033676|0.02|0.02|0.02|0.00632455532033676|0.00632455532033676|0.00632455532033676|0.002|0.002|0.002,32.142933990884|10.3499488122552|11.1017154205611|2.47032260125549|2.68369390429965|3.18624604833316|3.34845600519526|1.31755189162318|3.33766423632689|2.72583508810107|-0.205748978569612|0.123273751566156|1.09690845516193|0.908315210697393|0.464387638337318|16.2178560359729|3.08609306075776|2.34003369176508,dt4,Definitive_rep2
Latrunculin B,Ring_Mito_Texture,Mahalanobis distance (cutoff = 1),13,0.8139018571430854,poly1,62.1104457829809,3.1275467515323285,15.985885049721206,NA,NA,NA,NA,NA,NA,0.7393976064673802,1.0979536052860221,0.06379279340120736,0.07275330651440083,2.4020203060018185e-15,-44.287913090716536,0.9999999999520637,1.58113883008419,NA,50.551807170753065,0.158113883008419,0.316227766016838,0.632455532033676,0.05091378141476626,0.05091378141476626,0.06868269112851969,3.16227766016838|3.16227766016838|3.16227766016838|1|1|1|0.316227766016838|0.316227766016838|0.316227766016838|0.1|0.1|0.1|0.0316227766016838|0.0316227766016838|0.0316227766016838|0.01|0.01|0.01,50.4131656513734|47.0237472091181|60.4118806939434|13.1630530425634|19.9500856081388|18.4978492433589|4.00404016455184|7.61809869649518|4.83054851016494|0.947889286898981|0.190683533834133|3.12442048064598|0.341046263931862|2.21402792193287|0.0124103103270378|0.63701704536479|0.238892203920535|4.68825315872013,dt4,Definitive_rep2
Latrunculin B,Ring_AGP_Texture,Mahalanobis distance (cutoff = 1),8,0.8139018571430854,pow,19.526733729885258,1.2837134099311285,1.5360677492255492,NA,NA,2.0295825453639473,NA,NA,NA,-0.18199202425921218,1.0979536052860221,0.8142956381309137,0.8769106706371083,3.807970318969442e-11,-28.075818652335673,0.999998615157593,2.2473921552703637,NA,15.892844846692139,0.7227143873995401,1.0169224612608398,1.4308989972343011,0.7312924670770569,0.7312924670770569,0.8475192444234698,3.16227766016838|3.16227766016838|3.16227766016838|1|1|1|0.316227766016838|0.316227766016838|0.316227766016838|0.1|0.1|0.1|0.0316227766016838|0.0316227766016838|0.0316227766016838|0.01|0.01|0.01,14.9053032167546|19.5236185116674|15.987443342661|0.208622651175374|1.95033823033673|2.12443126896312|-0.467895649230609|0.976727905081966|-0.676837985172278|0.2456867842108|-0.626121448245036|0.567154167643913|-0.46334451392301|0.837758330554924|-0.211428281775792|-0.617793882351391|0.205464735929281|3.0521532071879,dt4,Definitive_rep2
Latrunculin B,Ring_Mito_Intensity,Mahalanobis distance (cutoff = 1),12,0.8139018571430854,exp2,64.25591631443507,2.407678969679694,39.22752701864923,3.7324492057983516,NA,NA,NA,NA,NA,0.6217659275098422,1.0979536052860221,0.09932009898701684,0.10614304399474982,2.4181667040115153e-15,-41.187368492253114,0.9999999998603971,1.9064776989347723,NA,52.29800962074938,0.2408628469404592,0.46712007569665537,0.882228584152463,0.07664927754773103,0.07664927754773103,0.10303359774093569,3.16227766016838|3.16227766016838|3.16227766016838|1|1|1|0.316227766016838|0.316227766016838|0.316227766016838|0.1|0.1|0.1|0.0316227766016838|0.0316227766016838|0.0316227766016838|0.01|0.01|0.01,50.4375417017076|52.2419251706955|58.5488515790268|7.95163267276309|9.10517075807505|15.7521182392702|6.25439043799485|5.43819441187425|4.83553429210807|2.33065767914874|0.703300213645158|0.75294153309509|0.689368780284575|1.47035063955075|0.0442199624280462|0.65419697575295|0.653552458924828|2.37929530786343,dt4,Definitive_rep2
Latrunculin B,Cytoplasm_Mito_Texture,Mahalanobis distance (cutoff = 1),18,0.8139018571430854,exp2,59.89770023630847,3.609512947998129,4.226547014508874,1.2506635104008486,NA,NA,NA,NA,NA,0.7480647945255046,1.0979536052860221,0.28282121044750175,0.29435809304590943,1.5711235266347859e-12,-44.707739440418706,0.9999999884238724,2.3913815749448033,NA,48.750849460931285,0.5694871058834151,0.9593444362297497,1.4958029584293322,0.2202540867804743,0.2202540867804743,0.28882019658883584,3.16227766016838|3.16227766016838|3.16227766016838|1|1|1|0.316227766016838|0.316227766016838|0.316227766016838|0.1|0.1|0.1|0.0316227766016838|0.0316227766016838|0.0316227766016838|0.01|0.01|0.01,48.989160210476|47.1039432588174|61.8325811057241|2.85323020834849|3.06594370261819|6.76000455245843|3.77364847109246|4.29126775409681|3.67526438322895|2.60328500095576|1.07110176735292|0.883696416910747|1.12353206807955|1.87422624142845|0.984953772267664|1.16496907835418|2.32104421255917|3.01928749792655,dt4,Definitive_rep2
Latrunculin B,Cytoplasm_AGP_Texture,Mahalanobis distance (cutoff = 1),7,0.8139018571430854,pow,44.73544580240881,4.395728313228696,3.09612084656374,NA,NA,2.1408118109442156,NA,NA,NA,0.19561911781499042,1.0979536052860221,0.6008946727812094,0.6396743752798374,1.5718319703634836e-10,-43.175297374612846,0.999999864446818,2.287626506915843,NA,36.41026241870438,0.7803197516793214,1.0786672173380412,1.4910848575289581,0.535747178056612,0.535747178056612,0.6161551767004875,3.16227766016838|3.16227766016838|3.16227766016838|1|1|1|0.316227766016838|0.316227766016838|0.316227766016838|0.1|0.1|0.1|0.0316227766016838|0.0316227766016838|0.0316227766016838|0.01|0.01|0.01,28.5482310011947|52.4359437083899|36.723526257084|2.83841785106223|4.61818795839021|2.58264911348449|-0.306046763362672|-0.431625948983435|-0.577161581973213|-0.695537315049138|-0.619791344758268|0.62585613405103|-0.638642713243368|0.011390197182907|-0.143477544311665|-0.583638551164686|-0.146968426163667|4.77776313388257,dt4,Definitive_rep2
Latrunculin B,Cytoplasm_Mito_Intensity,Mahalanobis distance (cutoff = 1),16,0.8139018571430854,poly1,28.009384733956697,2.3074004954473466,7.209009676648283,NA,NA,NA,NA,NA,NA,0.6585457061397071,1.0979536052860221,0.13731864541251557,0.18272800069114808,9.395756745160537e-10,-41.15631423116273,0.9999999369556972,1.58113883008419,NA,22.79689025240254,0.158113883008419,0.316227766016838,0.632455532033676,0.11290064705829281,0.11290064705829281,0.152302972881637,3.16227766016838|3.16227766016838|3.16227766016838|1|1|1|0.316227766016838|0.316227766016838|0.316227766016838|0.1|0.1|0.1|0.0316227766016838|0.0316227766016838|0.0316227766016838|0.01|0.01|0.01,17.6588984665045|23.7762539145724|25.8255300023162|2.79025157596388|4.04245582994505|6.21122848919704|4.16867253649375|5.0283329583957|3.67919314854859|3.178043543195|1.03608000853586|0.778852931990055|1.22691582053794|1.54673525588573|0.15834534762723|1.69286407772844|0.89469455926027|1.93951834710377,dt4,Definitive_rep2
Latrunculin B,Cytoplasm_AGP_Intensity,Mahalanobis distance (cutoff = 1),13,0.8139018571430854,exp2,38.1460098282943,3.277727151452755,0.26033037514412716,0.6602301596519073,NA,NA,NA,NA,NA,0.8324440473676786,1.0979536052860221,1.0748845471341404,1.1081994770675123,4.39568112998406e-9,-46.15563824504627,0.9999998753236284,2.7101082908126406,NA,31.047108241847113,1.281251486159443,1.6896900664322922,2.1212809201760434,0.9358168205896175,0.9358168205896175,1.09071732693913,3.16227766016838|3.16227766016838|3.16227766016838|1|1|1|0.316227766016838|0.316227766016838|0.316227766016838|0.1|0.1|0.1|0.0316227766016838|0.0316227766016838|0.0316227766016838|0.01|0.01|0.01,30.9853168830151|32.7883142341708|29.4075316465171|0.490158862919976|0.338595065902989|1.15507328457078|0.438569781287147|1.34999577608763|0.457976141598252|1.14270182068113|1.63290475346865|6.51945347858375|1.6014733464463|7.36101516348469|4.15315681610151|0.24300861481463|6.86317450848575|4.36678750384368,dt4,Definitive_rep2
Latrunculin B,Cytoplasm_AGP_Profile,Mahalanobis distance (cutoff = 1),13,0.8139018571430854,exp2,81.64511258793978,5.958165300731026,2.4933590033306294,0.9525877934247111,NA,NA,NA,NA,NA,0.9271391947459737,1.0979536052860221,0.3432043197757663,0.35348698100122705,1.7856615721384698e-11,-52.02107759972165,0.999999992496286,2.535835893919033,NA,66.45110876198048,0.8068106452130435,1.2372802422826323,1.757847795075565,0.2690960623061695,0.2690960623061695,0.3475868698833316,3.16227766016838|3.16227766016838|3.16227766016838|1|1|1|0.316227766016838|0.316227766016838|0.316227766016838|0.1|0.1|0.1|0.0316227766016838|0.0316227766016838|0.0316227766016838|0.01|0.01|0.01,53.553605773734|66.3354174178392|68.6165290227008|3.80695326358989|4.55378421940187|5.52840827803187|1.00853001237056|0.501264639665838|0.116011454813752|0.797805714827538|0.0092778021384885|4.83648398016623|-0.0899034816961629|4.7566408882517|2.08727391260458|1.42306318855744|4.27120073412681|19.988515291865,dt4,Definitive_rep2
Latrunculin B,Membrane_AGP_Texture,Mahalanobis distance (cutoff = 1),7,0.8139018571430854,pow,70.11039769102783,1.4021981984460101,5.923432647839883,NA,NA,1.9675620306902966,NA,NA,NA,-0.1779176988363358,1.0979536052860221,0.42076710930391387,0.42802775602432613,7.86325021891342e-20,-29.025949154058786,0.9999999999201515,2.223328090958504,NA,57.06298288576783,0.6898590510963709,0.9811983552128504,1.3955752421343675,0.3646646388276884,0.3646646388276884,0.4245915434236663,3.16227766016838|3.16227766016838|3.16227766016838|1|1|1|0.316227766016838|0.316227766016838|0.316227766016838|0.1|0.1|0.1|0.0316227766016838|0.0316227766016838|0.0316227766016838|0.01|0.01|0.01,56.5237905744484|58.3879647608623|56.7108756138769|6.14202663604588|8.26229253386295|3.41659397090196|0.538939413246213|0.0528643635136422|0.0829339717012413|-0.450391444455491|-0.483175423890426|0.742679360025266|-0.58381532530568|0.0349422456866241|0.332802314170662|-0.441551627210495|0.575328906119605|4.33746365530645,dt4,Definitive_rep2
Latrunculin B,Membrane_AGP_Intensity,Mahalanobis distance (cutoff = 1),13,0.8139018571430854,exp2,74.99684419397035,3.0078012082028454,3.824035707891267,1.1170225985106446,NA,NA,NA,NA,NA,0.7791445287008592,1.0979536052860221,0.2783462122052284,0.287038709867921,9.11694815262762e-14,-44.79058285598673,0.9999999983133881,2.4520020734132206,NA,61.04007076934309,0.6553978877057739,1.065703256545884,1.6010100618669068,0.21554452779699,0.21554452779699,0.2819437061437024,3.16227766016838|3.16227766016838|3.16227766016838|1|1|1|0.316227766016838|0.316227766016838|0.316227766016838|0.1|0.1|0.1|0.0316227766016838|0.0316227766016838|0.0316227766016838|0.01|0.01|0.01,55.7343084755025|62.4189602706417|61.9516377216961|5.00721707483525|6.20484867260201|5.85244422347696|-0.0123060733572684|0.304600030095505|0.109759612845646|0.478832587427883|1.05324727686391|4.48561246581239|1.92645698749284|7.5367607226285|4.3287440488919|-0.174151916314717|5.53450408469722|1.8370226983419,dt4,Definitive_rep2
Latrunculin B,Cell_Mito_Radial,Mahalanobis distance (cutoff = 1),18,0.8139018571430854,exp3,69.58743726863617,3.7678987554312773,2.0400245188333446,0.14914741941347254,NA,0.39673415398565826,NA,NA,NA,0.8738721766484556,1.0979536052860221,0.017330947937937657,0.018408420627252592,3.6475745794493377e-13,-47.48828001526842,0.9999999999897451,1.8236923139948547,NA,56.63734442677093,0.10515354218855939,0.3053243995270717,0.7321048136401813,0.009524647350343219,0.009524647350343219,0.017836640619963446,3.16227766016838|3.16227766016838|3.16227766016838|1|1|1|0.316227766016838|0.316227766016838|0.316227766016838|0.1|0.1|0.1|0.0316227766016838|0.0316227766016838|0.0316227766016838|0.01|0.01|0.01,57.7398901920786|54.8873061591556|57.5569820555875|11.7764442733439|15.4771393446581|13.0057961255897|6.19007155675218|14.0534095091951|6.82068325662182|1.92856558938259|2.27738912962114|7.74156168254936|0.965832588758254|5.0434229082844|4.54609966911676|0.977335366681661|2.00770721885665|11.6063710131719,dt4,Definitive_rep2
Latrunculin B,Cell_Mito_Compactness,Mahalanobis distance (cutoff = 1),12,0.8139018571430854,pow,30.114543801851102,1.852003804616074,10.556978088683906,NA,NA,0.7316174156245612,NA,NA,NA,0.4681355491373611,1.0979536052860221,0.040273860406955374,0.051731308404680695,9.634149886486898e-13,-37.49948803067179,0.9999999996241218,1.2261448696089685,NA,24.510283127343403,0.052687450274412385,0.13588308453889403,0.35044802068873987,0.030113233964220998,0.030113233964220998,0.04533798662833039,3.16227766016838|3.16227766016838|3.16227766016838|1|1|1|0.316227766016838|0.316227766016838|0.316227766016838|0.1|0.1|0.1|0.0316227766016838|0.0316227766016838|0.0316227766016838|0.01|0.01|0.01,27.8391056636748|21.0713596157172|24.6313246103745|12.446927121621|8.82269530467168|8.33367433177219|7.90512675752255|5.69947440774911|7.10681191024305|1.19379975783563|0.402427644675905|1.75446676519243|-0.443025585758288|-0.023432102000851|-0.357202453375395|0.113900229778999|-0.19480457591105|1.2942964111148,dt4,Definitive_rep2
Latrunculin B,Cell_AGP_Radial,Mahalanobis distance (cutoff = 1),17,0.8139018571430854,exp3,67.90744463199168,3.169557845341261,2.0711353470623193,0.11899621969603802,NA,0.3659324061562358,NA,NA,NA,0.8156941067862651,1.0979536052860221,0.011139700156803116,0.011913415655234936,3.5350034538841737e-14,-45.0518757210241,0.9999999999928545,1.73012903923164,NA,55.26999529981927,0.07576167271789053,0.24363185199574852,0.6358494741708818,0.005820028798045138,0.005820028798045138,0.011507580775800025,3.16227766016838|3.16227766016838|3.16227766016838|1|1|1|0.316227766016838|0.316227766016838|0.316227766016838|0.1|0.1|0.1|0.0316227766016838|0.0316227766016838|0.0316227766016838|0.01|0.01|0.01,58.5216934204003|53.9546843629756|54.5916014877874|14.239275990571|17.2395458923784|14.3133789862249|7.50329419357181|11.5878321564785|6.58069276426154|1.71034552595237|0.849603525953199|6.34138147873281|-0.00714724247687959|4.9990634560812|1.61157215600571|1.71214748284741|3.61586586588909|10.7813648353122,dt4,Definitive_rep2
Latrunculin B,Cell_AGP_Axial,Mahalanobis distance (cutoff = 1),14,0.8139018571430854,poly1,37.37183801878735,3.24927629993007,9.618702605236123,NA,NA,NA,NA,NA,NA,0.8793672101622106,1.0979536052860221,0.10398853550479271,0.1269712948562456,8.986876902964057e-11,-46.141089179627784,0.9999999918126495,1.58113883008419,NA,30.417008368341587,0.158113883008419,0.316227766016838,0.632455532033676,0.08461659441472101,0.08461659441472101,0.11414778586545864,3.16227766016838|3.16227766016838|3.16227766016838|1|1|1|0.316227766016838|0.316227766016838|0.316227766016838|0.1|0.1|0.1|0.0316227766016838|0.0316227766016838|0.0316227766016838|0.01|0.01|0.01,24.0195004341875|29.2480851606748|32.7119110139844|12.8795203895803|12.2858310211259|9.71022615847194|3.22461345429564|7.65796167663799|2.03021046629136|-0.472607041237356|-0.0379580801519744|2.46709784266147|-0.675864676421785|2.99545798579553|0.390563884096336|3.23823151966648|1.66688882706403|8.84172015862622,dt4,Definitive_rep2
Latrunculin B,Cell_AGP_Compactness,Mahalanobis distance (cutoff = 1),16,0.8139018571430854,exp4,80.70145051045787,5.11034627878437,NA,NA,65.68306044460246,NA,NA,1.37348848322837,NA,0.9875136134770206,1.0979536052860221,0.03045385008360574,0.036870758873514604,1.1007495183780441e-13,-50.04895193751316,0.9999999999965551,1.37348848322837,NA,65.68306044460246,0.10163894636523063,0.20877449826186184,0.44216453075544204,0.024707167801997082,0.024707167801997082,0.03340300410164354,3.16227766016838|3.16227766016838|3.16227766016838|1|1|1|0.316227766016838|0.316227766016838|0.316227766016838|0.1|0.1|0.1|0.0316227766016838|0.0316227766016838|0.0316227766016838|0.01|0.01|0.01,54.7358837235339|50.0133981436325|55.0141307986669|21.5649596560403|25.9109947476786|27.0326601795051|9.00735320637829|12.9997628671027|6.47725226668004|1.76140022553385|0.856323426324877|3.7051943320625|-0.275215211780073|7.61301905524901|2.32443610487098|0.620657310410449|2.92817224889823|18.9794957725231,dt4,Definitive_rep2
Latrunculin B,Nucleus_DNA_Profile,Mahalanobis distance (cutoff = 1),13,0.8139018571430854,exp5,65.75749530931365,4.189167507088916,NA,NA,53.52014755332811,2.12844823329411,NA,0.9316055201809913,NA,0.7703512523320659,1.0979536052860221,0.16927461830211246,0.18903728886953647,8.365058184178149e-14,-47.760141220736564,0.9999999999611288,0.9316055201809913,NA,53.52014755332811,0.2741381567024594,0.38445469970844737,0.54697118834423,0.15540324711234546,0.15540324711234546,0.1790988190038975,3.16227766016838|3.16227766016838|3.16227766016838|1|1|1|0.316227766016838|0.316227766016838|0.316227766016838|0.1|0.1|0.1|0.0316227766016838|0.0316227766016838|0.0316227766016838|0.01|0.01|0.01,42.7082425849641|59.4798690173134|52.9385313131562|28.6636477474565|28.5377010360497|32.3126198970593|2.49961193585603|5.86362990585773|2.58635264980879|-0.0322691249135618|0.0180965315008592|2.13795981442735|-0.570399413716383|2.49600816935903|0.242233131796605|-0.252224220991228|0.880451734037057|11.6480518597528,dt4,Definitive_rep2
Latrunculin B,Nucleus_DNA_Axial,Mahalanobis distance (cutoff = 1),11,0.8139018571430854,exp2,38.09047697800471,1.2688134997144973,10.628245362136639,2.3161614622126128,NA,NA,NA,NA,NA,-0.13282715687282742,1.0979536052860221,0.22338221566495473,0.2336799679547255,4.1532378015263475e-16,-28.532878100472143,0.9999999998983857,2.0834760874585685,NA,31.001909951863972,0.3153313021402658,0.5928312869200408,1.064429825867375,0.17090619195465706,0.17090619195465706,0.22770288126112484,3.16227766016838|3.16227766016838|3.16227766016838|1|1|1|0.316227766016838|0.316227766016838|0.316227766016838|0.1|0.1|0.1|0.0316227766016838|0.0316227766016838|0.0316227766016838|0.01|0.01|0.01,27.3524487529501|30.9305852583732|32.1002415478851|5.60497862422975|4.74013224012632|5.80680686054105|4.01877589760979|2.64489500059692|2.53493431433833|0.587911843467702|1.34762028133696|-0.270594344306243|0.118363368858309|0.129412950708233|-0.350242013679884|1.83309620366579|-0.593086213207135|0.205788453511527,dt4,Definitive_rep2
Latrunculin B,Nucleus_position_position,Mahalanobis distance (cutoff = 1),18,0.8139018571430854,pow,17.03795212440584,3.3605485878208836,9.423808609341325,NA,NA,0.33552595137156316,NA,NA,NA,0.8295948681891807,1.0979536052860221,0.0010919289134178327,0.002681764900465347,1.243623225600782e-7,-45.990709647684525,0.999999864370993,0.4006928450063995,NA,13.86722087596889,4.1919509623209263e-4,0.003308297876009514,0.026109167151013895,6.759106231946116e-4,6.759106231946116e-4,0.0016495910369114836,3.16227766016838|3.16227766016838|3.16227766016838|1|1|1|0.316227766016838|0.316227766016838|0.316227766016838|0.1|0.1|0.1|0.0316227766016838|0.0316227766016838|0.0316227766016838|0.01|0.01|0.01,14.4720730532624|19.1440331569775|14.1555894786251|3.01730450203159|6.66763834349374|6.2051673209177|5.46238902360856|16.032833721568|5.75291367598001|6.10177318304545|5.1070291283266|4.35808467859574|1.91293714328269|4.6474538979056|0.923401244066913|3.75722192077617|2.63970884544933|4.617200906358,dt4,Definitive_rep2
Latrunculin B,Cell_position_position,Mahalanobis distance (cutoff = 1),18,0.8139018571430854,exp3,37.17100877779846,3.714417041925006,3.4117527623149284,0.20000093242792133,NA,0.3000010368703511,NA,NA,NA,0.9547831270883385,1.0979536052860221,0.0025155410784499094,0.003224321376059509,7.350578730228708e-10,-48.07831766090705,0.9999999990822424,1.1558423781125429,NA,30.253553076132096,0.007077089546921755,0.04398237802514539,0.21372258627900106,0.0011714776077703178,0.0011714776077703178,0.002838460928375033,3.16227766016838|3.16227766016838|3.16227766016838|1|1|1|0.316227766016838|0.316227766016838|0.316227766016838|0.1|0.1|0.1|0.0316227766016838|0.0316227766016838|0.0316227766016838|0.01|0.01|0.01,30.5497013370766|40.3327484503671|29.2041916783715|7.64492594775655|12.5564733316041|9.87062365767175|6.44699064505293|14.7726673091386|9.01260049508667|6.73899605419747|4.76291848859051|4.68710251021519|2.03836645072968|4.79421297306366|0.924896225027517|3.78919967971762|3.889622555453|4.43427774266484,dt4,Definitive_rep2
Latrunculin B,Nuclei_Shape_Morph,Mahalanobis distance (cutoff = 1),9,0.8139018571430854,hill,32.063280713088155,0.8321314228895758,NA,NA,26.096363718482518,2.024431763923473,NA,1.058097103475037,NA,-0.4674167422422154,1.0979536052860221,0.2116711106479082,0.23803551025429717,9.506307653549308e-19,-21.758192290749115,0.9999999999974046,1.058097103475037,NA,26.096363718482518,0.2470956018357794,0.35740645118383224,0.5334927192577726,0.19382349693142975,0.19382349693142975,0.22597050397543328,3.16227766016838|3.16227766016838|3.16227766016838|1|1|1|0.316227766016838|0.316227766016838|0.316227766016838|0.1|0.1|0.1|0.0316227766016838|0.0316227766016838|0.0316227766016838|0.01|0.01|0.01,22.7380876832446|25.45935537743|23.538607936025|11.6348280555905|12.2064383627437|14.3520881417924|1.97881118804426|3.06316667208757|1.90709916932477|-0.506241951373661|-0.0434735393560669|-0.244828456034734|-0.327423392312546|-0.727122293902699|-0.386233556857907|0.0899066093512149|-0.685760352780287|-0.566797752024408,dt4,Definitive_rep2
Taxol (Paclitaxel),Ring_ER_Texture,Mahalanobis distance (cutoff = 1),12,0.8139018571430854,exp4,28.160599237730892,4.658707799089827,NA,NA,22.919964017851328,NA,NA,0.017751443164207625,NA,0.6658253777955074,1.0979536052860221,0.001072074857526395,0.0015130056555880294,6.060836593084519e-8,-31.016523095365926,0.999999939244387,0.017751443164207625,NA,22.919964017851328,0.0013136171156175236,0.0026982742740735447,0.005714688279354651,9.259636316436067e-4,9.259636316436067e-4,0.0012571706814537074,0.137174211248285|0.137174211248285|0.137174211248285|0.0316227766016838|0.0316227766016838|0.0316227766016838|0.01|0.01|0.01|0.00316227766016838|0.00316227766016838|0.00316227766016838,22.2795731866041|22.4276106354647|23.4828638681962|15.8185218094906|16.07222834159|18.865353241468|4.94414050694115|5.8475788921395|7.02587959271226|5.16915249752745|5.5328373240053|17.8059679999665,dt4,Definitive_rep2
Taxol (Paclitaxel),Ring_Mito_Intensity,Mahalanobis distance (cutoff = 1),12,0.8139018571430854,pow,8.201859532570356,2.6144954034778065,15.370349242639822,NA,NA,0.4198305456659236,NA,NA,NA,0.26324102506184577,1.0979536052860221,0.001220809988415802,0.0029398413304466834,2.0170341553270074e-4,-25.426930078931687,0.9997911555862052,0.026317527957539135,NA,6.675508705585731,1.0922742584915627e-4,5.693234566602345e-4,0.0029674708140717547,9.128774065017274e-4,9.128774065017274e-4,0.0018624716160512336,0.137174211248285|0.137174211248285|0.137174211248285|0.0316227766016838|0.0316227766016838|0.0316227766016838|0.01|0.01|0.01|0.00316227766016838|0.00316227766016838|0.00316227766016838,5.90667061221128|6.84256606596006|14.812140028403|2.86606898993248|4.24994627511224|3.88195516263798|1.10686608845594|1.22680731892987|1.14353169122884|4.23816750526169|1.83242348224986|2.89649055383499,dt4,Definitive_rep2
Taxol (Paclitaxel),Ring_AGP_Intensity,Mahalanobis distance (cutoff = 1),10,0.8139018571430854,exp4,10.03421959562311,1.9002077866219016,NA,NA,8.166869963859188,NA,NA,0.02646128110906546,NA,0.1344907710898382,1.0979536052860221,0.004140244801910485,0.007559013191951528,3.322979570245952e-5,-23.621525909219393,0.9999635987184436,0.02646128110906546,NA,8.166869963859188,0.0019581501878180745,0.004022196585097012,0.008518629815720394,0.004007733801124886,0.004007733801124886,0.005511730985418837,0.137174211248285|0.137174211248285|0.137174211248285|0.0316227766016838|0.0316227766016838|0.0316227766016838|0.01|0.01|0.01|0.00316227766016838|0.00316227766016838|0.00316227766016838,5.07288095504424|8.05421778658266|12.0897336055997|4.589273829952|4.40420456201173|5.05462161319906|1.69455031494587|0.967423202445287|2.26890726065431|0.66438750321107|0.15693131308127|4.69556959944466,dt4,Definitive_rep2
Taxol (Paclitaxel),Ring_ER_Intensity,Mahalanobis distance (cutoff = 1),7,0.8139018571430854,poly1,7.606617437225278,2.5618444939157037,45.132682028175566,NA,NA,NA,NA,NA,NA,0.48019330926507336,1.0979536052860221,0.016113877793774177,0.03503117974528138,0.00210726681581181,-27.089066594589617,0.9962893755309559,0.0685871056241425,NA,6.191040058734631,0.00685871056241425,0.0137174211248285,0.027434842249657,0.018033536243979038,0.018033536243979038,0.02432724039312772,0.137174211248285|0.137174211248285|0.137174211248285|0.0316227766016838|0.0316227766016838|0.0316227766016838|0.01|0.01|0.01|0.00316227766016838|0.00316227766016838|0.00316227766016838,4.44033368531313|5.248310273117|11.1529531058458|3.31409655117867|2.50533852012622|2.80751723077736|-0.11682558704046|-0.130902638734237|0.200530961508537|-0.183158437998936|0.294850580477024|6.67727548428212,dt4,Definitive_rep2
Taxol (Paclitaxel),Cytoplasm_Mito_Texture,Mahalanobis distance (cutoff = 1),12,0.8139018571430854,poly2,28.73683998927662,2.7364875212202118,-148.0385557041764,-0.16078904093113774,NA,NA,NA,NA,NA,0.9347821831891734,1.0979536052860221,0.0012014979966786757,0.0012625331529286762,6.68899052519793e-7,-28.131344228590827,0.9999993298814382,0.013904062802783966,NA,23.388967435695925,0.0012803679717163364,0.002581800883534362,0.005252257147141337,8.889171591657194e-4,8.889171591657194e-4,0.0012014979966786757,0.137174211248285|0.137174211248285|0.137174211248285|0.0316227766016838|0.0316227766016838|0.0316227766016838|0.01|0.01|0.01|0.00316227766016838|0.00316227766016838|0.00316227766016838,17.8517755692439|22.5532630615276|16.4545083749122|25.7137531541386|20.4133972077616|23.848527472568|11.1117280873772|6.02679826623527|5.8343422355427|6.68376371816546|7.19752961915776|3.2749351689289,dt4,Definitive_rep2
Taxol (Paclitaxel),Cytoplasm_AGP_Texture,Mahalanobis distance (cutoff = 1),10,0.8139018571430854,exp4,2.020501081943501,1.2624457771177349,NA,NA,1.644489582953429,NA,NA,0.007941326690230184,NA,-0.6574811332763166,1.0979536052860221,0.004787394072664145,0.02552143497148463,0.0026736135668005197,-15.32652377455608,0.9967110980114434,0.007941326690230184,NA,1.644489582953429,5.876627925120182e-4,0.0012071062229727278,0.0025565361722639656,0.007825664539857948,0.007825664539857948,0.012620765312963982,0.137174211248285|0.137174211248285|0.137174211248285|0.0316227766016838|0.0316227766016838|0.0316227766016838|0.01|0.01|0.01|0.00316227766016838|0.00316227766016838|0.00316227766016838,1.09735291369901|1.74936506145246|1.9693657807895|1.46611109235688|1.31710578333683|2.01283034107057|0.325047120547767|0.988872683841655|1.0927904821172|1.46117632613312|4.48733013935137|0.0163767463816343,dt4,Definitive_rep2
Taxol (Paclitaxel),Cytoplasm_ER_Texture,Mahalanobis distance (cutoff = 1),12,0.8139018571430854,exp4,8.442493309146895,1.5165181783398503,NA,NA,6.871360983232731,NA,NA,0.009562480815839484,NA,0.09260276059463698,1.0979536052860221,0.0016152155375220368,0.0034194764552189392,1.4001201999257797e-6,-21.573367614139528,0.9999985136163715,0.009562480815839484,NA,6.871360983232731,7.076291404170842e-4,0.0014535266650165465,0.003078431231440155,0.0017392537634500704,0.0017392537634500704,0.0024018355514998048,0.137174211248285|0.137174211248285|0.137174211248285|0.0316227766016838|0.0316227766016838|0.0316227766016838|0.01|0.01|0.01|0.00316227766016838|0.00316227766016838|0.00316227766016838,7.0386945200956|6.38440119715546|5.95161470818698|7.14091787766643|6.5241397303772|9.7288917035481|1.86263211285058|2.91149677056065|2.79065371914699|1.46377026882256|2.12715725282141|4.32540758871508,dt4,Definitive_rep2
Taxol (Paclitaxel),Cytoplasm_AGP_Intensity,Mahalanobis distance (cutoff = 1),9,0.8139018571430854,exp4,18.53536236442811,1.2558180061372979,NA,NA,15.085965851228089,NA,NA,0.0526432836589404,NA,0.011040994387465707,1.0979536052860221,0.004688843521762284,0.006981982822290476,4.027909068924551e-8,-19.944475911510718,0.9999997279880077,0.0526432836589404,NA,15.085965851228089,0.00389563359987127,0.008001941965264188,0.016947352016937693,0.004212151061356629,0.004212151061356629,0.005738965537222041,0.137174211248285|0.137174211248285|0.137174211248285|0.0316227766016838|0.0316227766016838|0.0316227766016838|0.01|0.01|0.01|0.00316227766016838|0.00316227766016838|0.00316227766016838,9.8973030216479|12.5716382260515|14.1663774271778|4.88573431134849|4.76078376522886|7.31167889708405|1.53961213562955|0.64183755663569|2.29617772293666|0.124215670424115|-0.161120784174712|1.87758317752842,dt4,Definitive_rep2
Taxol (Paclitaxel),Cytoplasm_ER_Intensity,Mahalanobis distance (cutoff = 1),7,0.8139018571430854,exp5,5.247689959873718,2.8665400692693233,NA,NA,4.271104604052342,7.999990365501502,NA,0.0276810839169863,NA,-1.4425662492573554,1.0979536052860221,0.024223141130725885,0.02549359251574849,8.753213447846487e-6,-16.041180165525077,0.9999912392168977,0.0276810839169863,NA,4.271104604052342,0.019991128613431133,0.02187331070610954,0.02402441812345959,0.023862789462054734,0.023862789462054734,0.024900114414832503,0.137174211248285|0.137174211248285|0.137174211248285|0.0316227766016838|0.0316227766016838|0.0316227766016838|0.01|0.01|0.01|0.00316227766016838|0.00316227766016838|0.00316227766016838,4.30126199435906|3.08173952891448|4.41551859117466|3.56200060372591|3.83030574312005|3.7040750954723|0.0598583617964965|-0.178152811925459|0.0319994970539875|0.121359888345711|0.151592848517902|9.85180341102377,dt4,Definitive_rep2
Taxol (Paclitaxel),Membrane_AGP_Texture,Mahalanobis distance (cutoff = 1),9,0.8139018571430854,pow,9.251400892460792,0.7326220199971563,35.06413737583752,NA,NA,0.7743854195620676,NA,NA,NA,-0.472220174628159,1.0979536052860221,0.010253231201188323,0.013035552271323754,6.752069795718957e-8,-13.808531888738976,0.9999993997360397,0.05604519724817931,NA,7.529732367549036,0.0028654430039378753,0.007013355349639055,0.017165636584889184,0.007754676302135529,0.007754676302135529,0.011414428363780883,0.137174211248285|0.137174211248285|0.137174211248285|0.0316227766016838|0.0316227766016838|0.0316227766016838|0.01|0.01|0.01|0.00316227766016838|0.00316227766016838|0.00316227766016838,7.75022281494034|8.0513486528817|6.45554080626055|3.12833247470068|2.16114072005057|1.9697545343048|0.237868527392023|0.792933447583091|1.22181192957558|1.69416889244503|1.77102580750283|0.287379271295104,dt4,Definitive_rep2
Taxol (Paclitaxel),Membrane_AGP_Intensity,Mahalanobis distance (cutoff = 1),9,0.8139018571430854,exp4,16.877879805925968,1.1662643946539581,NA,NA,13.736937718680924,NA,NA,0.05631449204871311,NA,-0.23201690625818633,1.0979536052860221,0.005765916948428071,0.007934946023497471,3.582455858531789e-8,-18.222697073859102,0.9999999070168514,0.05631449204871311,NA,13.736937718680924,0.004167305155315723,0.008559976997191061,0.018129217139791723,0.004962174225531719,0.004962174225531719,0.006767871236574089,0.137174211248285|0.137174211248285|0.137174211248285|0.0316227766016838|0.0316227766016838|0.0316227766016838|0.01|0.01|0.01|0.00316227766016838|0.00316227766016838|0.00316227766016838,8.52366485307551|11.4474480989021|13.5058010737417|4.61801448490003|4.51929266600754|4.23990353708174|1.45661913817893|0.338938512920098|1.48422753863668|0.640076459756151|-0.0479417072156697|1.85271676929577,dt4,Definitive_rep2
Taxol (Paclitaxel),Nucleus_DNA_Texture,Mahalanobis distance (cutoff = 1),12,0.8139018571430854,exp5,26.417147588058526,3.08205653471976,NA,NA,21.500965482343812,2.1314159239568715,NA,0.023267272307807486,NA,0.7992868662685235,1.0979536052860221,0.006033445072329002,0.00785279550470012,1.5026677882251757e-6,-30.069788067721518,0.9999984636021083,0.023267272307807486,NA,21.500965482343812,0.006858396900941797,0.009613771534019964,0.013670987204283284,0.0060011689459591845,0.0060011689459591845,0.0069283797452715555,0.137174211248285|0.137174211248285|0.137174211248285|0.0316227766016838|0.0316227766016838|0.0316227766016838|0.01|0.01|0.01|0.00316227766016838|0.00316227766016838|0.00316227766016838,17.1630374224957|21.4506322665482|26.133171546659|17.5773843537335|15.8371594760993|14.3007591846704|1.87615021276503|2.29457162371903|1.77392586852207|1.98345799320165|2.73379554933039|7.84618145312911,dt4,Definitive_rep2
Taxol (Paclitaxel),Nucleus_DNA_Intensity,Mahalanobis distance (cutoff = 1),11,0.8139018571430854,exp5,22.476988708711257,3.083307850158799,NA,NA,18.294062853004252,1.866615149065663,NA,0.03146034702203628,NA,-0.30007320624680606,1.0979536052860221,0.008143809984454421,0.009172479912450175,1.480713453771934e-8,-22.28351198480662,0.9999999849697674,0.03146034702203628,NA,18.294062853004252,0.007797940128726555,0.011467218008050277,0.017141768692463404,0.007313861291154338,0.007313861291154338,0.008623563416704727,0.137174211248285|0.137174211248285|0.137174211248285|0.0316227766016838|0.0316227766016838|0.0316227766016838|0.01|0.01|0.01|0.00316227766016838|0.00316227766016838|0.00316227766016838,19.3987997055631|16.871771556504|18.3202155816665|9.13858207514088|9.73413851368183|8.81174770363747|1.81877738124765|1.26334084526875|0.929773011618301|0.419591358932661|0.901350130314964|10.6315779378313,dt4,Definitive_rep2
Taxol (Paclitaxel),Nucleus_RNA_Texture,Mahalanobis distance (cutoff = 1),12,0.8139018571430854,exp4,15.019810403982143,3.101130480450483,NA,NA,12.224651581738103,NA,NA,0.010006976033646269,NA,0.2586459001896524,1.0979536052860221,0.0011000608236302822,0.0017315962461191994,3.690250106244258e-7,-27.624676661100164,0.9999996306878869,0.010006976033646269,NA,12.224651581738103,7.405220449837645e-4,0.0015210913131447092,0.0032215267300952366,9.946910405952839e-4,9.946910405952839e-4,0.0013586254556774893,0.137174211248285|0.137174211248285|0.137174211248285|0.0316227766016838|0.0316227766016838|0.0316227766016838|0.01|0.01|0.01|0.00316227766016838|0.00316227766016838|0.00316227766016838,13.2452812725967|11.7730577212399|12.3481504983244|9.99722695612861|9.81818106347513|18.3658974489659|6.138203679526|5.24020164217258|6.56059782197585|2.9785765404121|2.89449720118869|9.78113010317293,dt4,Definitive_rep2
Taxol (Paclitaxel),Cell_DNA_Radial,Mahalanobis distance (cutoff = 1),12,0.8139018571430854,exp4,34.04091624410542,4.673824388687187,NA,NA,27.705964949929623,NA,NA,0.021074094365617663,NA,0.9776224407484728,1.0979536052860221,0.0010438768025934136,0.0014981755424913759,1.2529896305057352e-7,-33.300300535080616,0.999999873311339,0.021074094365617663,NA,27.705964949929623,0.0015594952364567302,0.003203327535126782,0.00678434305059979,9.065269307466697e-4,9.065269307466697e-4,0.0012293768008724,0.137174211248285|0.137174211248285|0.137174211248285|0.0316227766016838|0.0316227766016838|0.0316227766016838|0.01|0.01|0.01|0.00316227766016838|0.00316227766016838|0.00316227766016838,26.9828887281709|24.4334633764332|32.645571794155|17.5544469241724|19.5205119630661|17.2575691466695|6.08713131256486|7.04049421105047|6.6781131271093|5.96687500454028|5.94017400141054|16.782926772746,dt4,Definitive_rep2
Taxol (Paclitaxel),Cell_Mito_Radial,Mahalanobis distance (cutoff = 1),8,0.8139018571430854,hill,14.28954376807597,1.6470582574818973,NA,NA,11.630286210564433,2.1890164347456342,NA,0.025966521441307237,NA,0.009969539886315982,1.0979536052860221,0.007495440698062895,0.010938663719984677,1.115826414504962e-6,-21.608420665962303,0.9999987595624601,0.025966521441307237,NA,11.630286210564433,0.006764655129244106,0.009516797327903783,0.013784055479238715,0.007964618310406693,0.007964618310406693,0.009243524968773275,0.137174211248285|0.137174211248285|0.137174211248285|0.0316227766016838|0.0316227766016838|0.0316227766016838|0.01|0.01|0.01|0.00316227766016838|0.00316227766016838|0.00316227766016838,8.91401291850919|12.0469348391851|11.7117971118203|6.67651626572519|6.62341020051557|11.5634831889019|1.21262598373036|0.143941644128322|3.27267980903228|-0.174626773675194|0.0192569367547577|0.11415768814123,dt4,Definitive_rep2
Taxol (Paclitaxel),Cell_Mito_Axial,Mahalanobis distance (cutoff = 1),7,0.8139018571430854,exp5,13.85851362144366,1.4414766217260764,NA,NA,11.27946997373574,3.022323321840254,NA,0.02640132949296635,NA,-0.2457246376571139,1.0979536052860221,0.01303337575497251,0.015389323721646529,8.399887096304334e-8,-19.2153725437754,0.9999999010602604,0.02640132949296635,NA,11.27946997373574,0.01115547771028918,0.014155468854370865,0.018145015575761834,0.012643816509384913,0.012643816509384913,0.014023073531276353,0.137174211248285|0.137174211248285|0.137174211248285|0.0316227766016838|0.0316227766016838|0.0316227766016838|0.01|0.01|0.01|0.00316227766016838|0.00316227766016838|0.00316227766016838,11.544710253505|9.9601073477038|15.4729001277167|8.44545415526875|5.80885464477853|8.12288038481972|0.397872083672065|0.177736130811928|0.593209393251861|-0.0848838084680338|0.861763152796364|0.298391945953522,dt4,Definitive_rep2
Taxol (Paclitaxel),Cell_Mito_Compactness,Mahalanobis distance (cutoff = 1),12,0.8139018571430854,exp4,5.175405940131161,1.9485531843595734,NA,NA,4.212272506142107,NA,NA,0.005938412985529861,NA,-0.05571655089721056,1.0979536052860221,0.001557428384736345,0.004039492906109211,5.1011315946033154e-5,-21.553188426228516,0.9999451371870155,0.005938412985529861,NA,4.212272506142107,4.39446013782485e-4,9.026571439547936e-4,0.0019117419790860015,0.0018394564466149789,0.0018394564466149789,0.0025872601852603033,0.137174211248285|0.137174211248285|0.137174211248285|0.0316227766016838|0.0316227766016838|0.0316227766016838|0.01|0.01|0.01|0.00316227766016838|0.00316227766016838|0.00316227766016838,3.13433645833227|5.29789905820811|2.58509709057493|10.2948989758274|4.72854048380202|4.49148058527241|2.60625463958191|2.20256612578377|2.4687944889195|1.71746165347421|2.17399182074312|1.52938871318185,dt4,Definitive_rep2
Taxol (Paclitaxel),Cell_AGP_Radial,Mahalanobis distance (cutoff = 1),11,0.8139018571430854,exp4,12.670926072895883,1.5813034619092168,NA,NA,10.3128902624527,NA,NA,0.03106794170600638,NA,0.16409307101862664,1.0979536052860221,0.003684639334499754,0.0069472065923562015,1.2636053311858084e-6,-22.018593116174326,0.9999982731657077,0.03106794170600638,NA,10.3128902624527,0.002299045750505839,0.004722423246283452,0.010001643285486262,0.0036847488596339615,0.0036847488596339615,0.00504551330202796,0.137174211248285|0.137174211248285|0.137174211248285|0.0316227766016838|0.0316227766016838|0.0316227766016838|0.01|0.01|0.01|0.00316227766016838|0.00316227766016838|0.00316227766016838,8.76269550069989|9.81582119725631|10.9217054591941|5.4103051100343|3.37629252733216|6.5938096093382|1.40808291920166|0.941261909673403|3.05690572495117|1.87553870913711|0.204934736174533|4.9516252384836,dt4,Definitive_rep2
Taxol (Paclitaxel),Cell_AGP_Axial,Mahalanobis distance (cutoff = 1),6,0.8139018571430854,hill,8.744413022211345,1.057912001698722,NA,NA,7.117093998403994,3.3304148924442867,NA,0.03152494917545094,NA,-0.7256125710394541,1.0979536052860221,0.01678298171952608,0.020821290063855392,4.7614462275830785e-7,-15.07126863559974,0.9999993324366827,0.03152494917545094,NA,7.117093998403994,0.013022433352929744,0.01629786745731762,0.020791131354617777,0.0170499903315723,0.0170499903315723,0.01891363428729582,0.137174211248285|0.137174211248285|0.137174211248285|0.0316227766016838|0.0316227766016838|0.0316227766016838|0.01|0.01|0.01|0.00316227766016838|0.00316227766016838|0.00316227766016838,7.13769183971598|6.58945406615273|9.73787729883951|3.5733246144151|3.1851335879132|5.93487493155701|0.0420344432133347|0.0557443682536796|0.369389050049647|-0.411261426000916|0.0106422701414797|0.315404176052341,dt4,Definitive_rep2
Taxol (Paclitaxel),Cell_AGP_Symmetry,Mahalanobis distance (cutoff = 1),12,0.8139018571430854,pow,14.863028021843197,1.8778697323254667,21.953337896853554,NA,NA,0.3000034395655403,NA,NA,NA,0.5159757853351115,1.0979536052860221,3.038523839142401e-5,8.842610597329485e-5,4.242465608725036e-7,-25.364160936671304,0.9999995688188035,0.013609765969998409,NA,12.097046109747897,6.317649690224215e-6,6.367623184042012e-5,6.417991975194546e-4,1.699389553019425e-5,1.699389553019425e-5,4.6095777115089365e-5,0.137174211248285|0.137174211248285|0.137174211248285|0.0316227766016838|0.0316227766016838|0.0316227766016838|0.01|0.01|0.01|0.00316227766016838|0.00316227766016838|0.00316227766016838,9.58043971676987|11.7752119808576|15.0424693307712|9.1964482254341|6.23267860222278|9.5739958592449|3.73120538467276|5.36771321199992|5.02467374588972|2.0832846513387|7.39549726750856|4.72172508901321,dt4,Definitive_rep2
Taxol (Paclitaxel),Cell_ER_Radial,Mahalanobis distance (cutoff = 1),8,0.8139018571430854,exp4,13.009794529133186,4.044064521788043,NA,NA,10.588695928311452,NA,NA,0.04592891972913198,NA,0.16551656888697125,1.0979536052860221,0.005480243792745618,0.009771793708778084,9.634667080881471e-5,-27.04115877956832,0.9998959372577739,0.04592891972913198,NA,10.588695928311452,0.003398766765040324,0.006981337877417447,0.014785809628634055,0.005299586858987511,0.005299586858987511,0.007253650029670589,0.137174211248285|0.137174211248285|0.137174211248285|0.0316227766016838|0.0316227766016838|0.0316227766016838|0.01|0.01|0.01|0.00316227766016838|0.00316227766016838|0.00316227766016838,9.9518102715943|9.70202723345098|6.69316348101318|3.77752400159272|4.11415621085779|5.72619218949632|0.563823660543858|0.183743505384818|1.34165430265706|0.308793975358169|-0.010664660278114|14.0280668540985,dt4,Definitive_rep2
Taxol (Paclitaxel),Cell_ER_Axial,Mahalanobis distance (cutoff = 1),7,0.8139018571430854,exp5,9.208917974187578,1.8719206923154545,NA,NA,7.49515544146961,7.999992012384132,NA,0.030146495062634962,NA,-0.2797952289369442,1.0979536052860221,0.02411421938808654,0.025985037475764416,3.1379287883170934e-5,-21.34068877447161,0.9999675601055306,0.030146495062634962,NA,7.49515544146961,0.02177163662473396,0.023821454649257213,0.02616414970010155,0.024082288431914678,0.024082288431914678,0.025066959261372982,0.137174211248285|0.137174211248285|0.137174211248285|0.0316227766016838|0.0316227766016838|0.0316227766016838|0.01|0.01|0.01|0.00316227766016838|0.00316227766016838|0.00316227766016838,7.51170278724589|7.02485797853454|12.5916427654927|4.54734126975579|4.31603360734214|5.65462899890996|-0.171307911290871|-0.131027146909853|-0.31050701296845|-0.328640134079737|0.392420661469441|3.7965538801117,dt4,Definitive_rep2
Taxol (Paclitaxel),Nucleus_DNA_Profile,Mahalanobis distance (cutoff = 1),12,0.8139018571430854,exp4,45.39140585396286,2.029953933307976,NA,NA,36.94414952287589,NA,NA,0.03407407199376466,NA,0.41847415565025947,1.0979536052860221,0.0013835940268185636,0.0016823582944111176,1.2823360334504734e-11,-25.167783808878337,0.9999999999853065,0.03407407199376466,NA,36.94414952287589,0.0025215011396957,0.005179364349321569,0.010969401082007483,0.0010950988655169193,0.0010950988655169193,0.0014831043892577587,0.137174211248285|0.137174211248285|0.137174211248285|0.0316227766016838|0.0316227766016838|0.0316227766016838|0.01|0.01|0.01|0.00316227766016838|0.00316227766016838|0.00316227766016838,39.8391959604173|33.4444003727635|34.3049954711352|19.3876400141839|16.9689041214811|17.5808937479269|6.23756852384845|5.20004508968956|5.54780848002687|4.24159938608317|2.71805417311185|5.29818169223505,dt4,Definitive_rep2
Taxol (Paclitaxel),Nucleus_DNA_Compactness,Mahalanobis distance (cutoff = 1),12,0.8139018571430854,pow,71.17563031596968,3.966099714922848,240.38035393271167,NA,NA,0.7163276801818841,NA,NA,NA,0.8136439919423855,1.0979536052860221,5.40628403768522e-4,5.40628403768522e-4,4.283132880850601e-11,-31.25274774999872,0.9999999999557518,0.052123292545782435,NA,57.92997769749742,0.002094221847325161,0.005511417565063242,0.014504539533519309,3.559598269970698e-4,3.559598269970698e-4,5.40628403768522e-4,0.137174211248285|0.137174211248285|0.137174211248285|0.0316227766016838|0.0316227766016838|0.0316227766016838|0.01|0.01|0.01|0.00316227766016838|0.00316227766016838|0.00316227766016838,60.5532128728752|58.0729374550518|55.0274572787632|20.6720136705635|21.2488568809138|19.4934278077572|6.99635754764152|7.92992207049747|7.05617209192449|7.94720025914901|5.54161176615764|15.9229307404796,dt4,Definitive_rep2
Taxol (Paclitaxel),Nuclei_Shape_Morph,Mahalanobis distance (cutoff = 1),12,0.8139018571430854,exp4,53.171639454927636,2.611723839572508,NA,NA,43.276496099708154,NA,NA,0.03229464509835852,NA,0.8553760332218563,1.0979536052860221,0.0010356889616940626,0.0013306959335330315,1.297599846822061e-10,-29.368957548357486,0.9999999998545059,0.03229464509835852,NA,43.276496099708154,0.002389822514798951,0.004908885956660515,0.010396553571578052,8.845884498677624e-4,8.845884498677624e-4,0.0011973062917724874,0.137174211248285|0.137174211248285|0.137174211248285|0.0316227766016838|0.0316227766016838|0.0316227766016838|0.01|0.01|0.01|0.00316227766016838|0.00316227766016838|0.00316227766016838,42.3695546612961|41.5978884097253|38.3064813086116|21.9614202045588|23.3877256848951|20.5089052650087|6.11654325949086|6.19234006252004|6.02127624097983|7.46528709547978|7.23565539350324|6.1754845128407,dt4,Definitive_rep2
Etoposide,Ring_Mito_Texture,Mahalanobis distance (cutoff = 1),6,0.8139018571430854,poly1,6.336343928548562,0.8138890198353106,16.308378470056255,NA,NA,NA,NA,NA,NA,-0.4002494261816097,1.0979536052860221,0.057628959636115897,0.08286568556675894,2.9706669690539527e-6,-14.866306623830802,0.9999227913352152,0.158113883008419,NA,5.157162090942988,0.015811388300841903,0.031622776601683805,0.06324555320336761,0.04990697625993211,0.04990697625993211,0.06732451097464841,0.316227766016838|0.316227766016838|0.316227766016838|0.1|0.1|0.1|0.0316227766016838|0.0316227766016838|0.0316227766016838|0.01|0.01|0.01,3.53035945566664|5.11216757622632|6.15144385632176|0.967603234860555|2.06242994115294|3.16974287403423|-0.0573665562936584|0.679621389475107|-0.098418251466766|-0.597584855930393|0.12367444711902|0.093254388083941,dt4,Definitive_rep2
Etoposide,Ring_AGP_Texture,Mahalanobis distance (cutoff = 1),3,0.8139018571430854,poly1,2.8573777779551586,0.8594082400020279,7.354272236528575,NA,NA,NA,NA,NA,NA,-0.4297330578007813,1.0979536052860221,0.10481911653721411,0.2811454369285216,0.010541739798111441,-14.87628825621858,0.9707260284165289,0.158113883008419,NA,2.3256250800370863,0.015811388300841903,0.031622776601683805,0.06324555320336761,0.11067061851483351,0.11067061851483351,0.1492946643765104,0.316227766016838|0.316227766016838|0.316227766016838|0.1|0.1|0.1|0.0316227766016838|0.0316227766016838|0.0316227766016838|0.01|0.01|0.01,1.13940604953361|2.84641303336225|4.54374244732095|0.559760731231541|-0.00906034007910017|0.797499354456679|-0.0892023820294175|-0.138134553220158|-0.4122698116295|-0.555125423367462|-0.690288902803696|-0.126997738376393,dt4,Definitive_rep2
Etoposide,Ring_ER_Texture,Mahalanobis distance (cutoff = 1),8,0.8139018571430854,poly1,5.956786933925795,1.0190611728804317,15.331480879100662,NA,NA,NA,NA,NA,NA,-0.15106744365733343,1.0979536052860221,0.060604660244720686,0.08729684535846233,2.6377342524898186e-5,-17.698109603952823,0.9998491776503394,0.158113883008419,NA,4.84823994812787,0.015811388300841903,0.031622776601683805,0.06324555320336761,0.05308696945593611,0.05308696945593611,0.07161432179605781,0.316227766016838|0.316227766016838|0.316227766016838|0.1|0.1|0.1|0.0316227766016838|0.0316227766016838|0.0316227766016838|0.01|0.01|0.01,3.57536950800258|5.13628785945189|4.86546064782053|1.65568096037743|3.53912457625918|2.63006507605155|-0.0641251071826219|1.27108307349149|-0.272572005610424|-0.573058223996425|0.468661129487573|1.99611693672271,dt4,Definitive_rep2
Etoposide,Ring_Mito_Intensity,Mahalanobis distance (cutoff = 1),8,0.8139018571430854,poly1,9.808114441718036,0.5842182473167356,25.24396468955597,NA,NA,NA,NA,NA,NA,-0.6948908084331245,1.0979536052860221,0.040980298734128714,0.04632364641845468,3.4477270695704423e-10,-11.130492241775645,0.9999997225201647,0.158113883008419,NA,7.982842559186226,0.015811388300841903,0.031622776601683805,0.06324555320336761,0.032241443337140144,0.032241443337140144,0.043493707061802056,0.316227766016838|0.316227766016838|0.316227766016838|0.1|0.1|0.1|0.0316227766016838|0.0316227766016838|0.0316227766016838|0.01|0.01|0.01,7.36872824966465|8.03658544477126|8.14713220290271|2.50608226328043|2.84213358560088|3.52504567363672|0.629231120936162|1.87123118033839|0.129084736324088|0.189524210463421|1.07082172372166|-0.281222232830195,dt4,Definitive_rep2
Etoposide,Ring_AGP_Intensity,Mahalanobis distance (cutoff = 1),3,0.8139018571430854,pow,2.3192912234181677,0.2595788213593262,10.770565854400573,NA,NA,1.5126223929544882,NA,NA,NA,-1.508693586497714,1.0979536052860221,0.20400197399690806,0.24020643151471635,6.264596564391178e-6,-1.3554135900027422,0.9943520070528958,0.19998066487091587,NA,1.8876754339957054,0.04363997370901311,0.06900752832251326,0.10912103194505249,0.18132693995791313,0.18132693995791313,0.2210108989766295,0.316227766016838|0.316227766016838|0.316227766016838|0.1|0.1|0.1|0.0316227766016838|0.0316227766016838|0.0316227766016838|0.01|0.01|0.01,1.77515874762986|1.7663759708225|2.15426282054232|0.366730922758689|0.495512378186229|0.400105566759873|-0.301231384951533|-0.122453761500208|-0.427981338155964|-0.230587073534429|-0.458974046976855|-0.0233607819679271,dt4,Definitive_rep2
Etoposide,Ring_ER_Intensity,Mahalanobis distance (cutoff = 1),5,0.8139018571430854,poly1,2.1716650240973454,0.7407723335011062,5.589395954912442,NA,NA,NA,NA,NA,NA,-0.5693788649358651,1.0979536052860221,0.1418794504377931,0.3046353188368916,0.00561187831972824,-13.082694094400436,0.9564370469937915,0.158113883008419,NA,1.7675221962055125,0.015811388300841903,0.031622776601683805,0.06324555320336761,0.1456153515887094,0.1456153515887094,0.19643510929316899,0.316227766016838|0.316227766016838|0.316227766016838|0.1|0.1|0.1|0.0316227766016838|0.0316227766016838|0.0316227766016838|0.01|0.01|0.01,1.05883899265207|1.61794247465908|2.55922075706939|0.991269365911631|0.43759494867695|2.51639301818606|-0.261172363540817|-0.254162656404021|-0.290364638917781|-0.676910318384192|0.48342433445239|0.347142472345741,dt4,Definitive_rep2
Etoposide,Cytoplasm_Mito_Texture,Mahalanobis distance (cutoff = 1),7,0.8139018571430854,poly1,10.155807871262523,0.7474203519837483,26.138852357350572,NA,NA,NA,NA,NA,NA,-0.5155851947794343,1.0979536052860221,0.038809112045092464,0.04623685084140955,3.5722973480881248e-9,-13.686441359740801,0.9999991259509527,0.158113883008419,NA,8.265830887208931,0.0158113883008419,0.0316227766016838,0.0632455532033676,0.031137627850528257,0.031137627850528257,0.042004659970362616,0.316227766016838|0.316227766016838|0.316227766016838|0.1|0.1|0.1|0.0316227766016838|0.0316227766016838|0.0316227766016838|0.01|0.01|0.01,6.83888124976391|8.21201795558633|8.85247216569959|2.96070966606331|2.58848806700488|4.08766647473953|0.454445614103067|0.437212687698995|0.382775019196801|0.0364876795250502|-0.169394052983616|1.4034211544018,dt4,Definitive_rep2
Etoposide,Cytoplasm_AGP_Texture,Mahalanobis distance (cutoff = 1),3,0.8139018571430854,poly1,3.1356150415118127,1.378903687446747,8.070394759188755,NA,NA,NA,NA,NA,NA,-0.5703628998293953,1.0979536052860221,0.10506402651420636,0.19138115018068635,0.001095411648336829,-16.05813320598652,0.994591385392565,0.158113883008419,NA,2.552082905572257,0.0158113883008419,0.0316227766016838,0.0632455532033676,0.10085031543424769,0.10085031543424769,0.13604707552080014,0.316227766016838|0.316227766016838|0.316227766016838|0.1|0.1|0.1|0.0316227766016838|0.0316227766016838|0.0316227766016838|0.01|0.01|0.01,3.16483390586836|2.06118005243403|7.0813795248161|0.771266459152503|0.516025696952615|0.587884120740642|-0.388693762113412|-0.082642208759922|-0.333025482985523|-0.195077767396774|-0.417575106591828|-0.512945892444282,dt4,Definitive_rep2
Etoposide,Cytoplasm_ER_Texture,Mahalanobis distance (cutoff = 1),6,0.8139018571430854,poly1,3.310587665054516,1.3420452966920082,8.520736438682583,NA,NA,NA,NA,NA,NA,-0.38339837596102644,1.0979536052860221,0.10531495617169453,0.1647941944296648,0.0017018244282772119,-18.234605151629516,0.9956122073608136,0.158113883008419,NA,2.694493448822861,0.0158113883008419,0.0316227766016838,0.0632455532033676,0.09552013056619378,0.09552013056619378,0.1288566561337954,0.316227766016838|0.316227766016838|0.316227766016838|0.1|0.1|0.1|0.0316227766016838|0.0316227766016838|0.0316227766016838|0.01|0.01|0.01,2.48729636324725|2.72305082339529|2.73560772405677|1.52328470075028|0.513450735906243|4.5203271146236|0.0323156261725349|0.124314874502144|-0.308545044500587|-0.671669179674381|0.353424483057104|2.63278281246539,dt4,Definitive_rep2
Etoposide,Cytoplasm_Mito_Intensity,Mahalanobis distance (cutoff = 1),8,0.8139018571430854,poly1,14.495310005661594,0.5732874969701623,37.30779204519482,NA,NA,NA,NA,NA,NA,-0.7048874110303568,1.0979536052860221,0.02823135263922216,0.030733922650314976,3.4815046779287322e-12,-10.94347854403632,0.9999999929077379,0.158113883008419,NA,11.797759733472718,0.0158113883008419,0.0316227766016838,0.0632455532033676,0.021815867745727784,0.021815867745727784,0.02942960558898678,0.316227766016838|0.316227766016838|0.316227766016838|0.1|0.1|0.1|0.0316227766016838|0.0316227766016838|0.0316227766016838|0.01|0.01|0.01,11.0447534386053|11.8522964278204|12.0005882606255|4.06231089608613|4.75484231477615|3.8095088048095|0.420438390752687|1.5383373259175|0.16872154001762|0.240651577307329|0.731060926160092|0.916101122138079,dt4,Definitive_rep2
Etoposide,Cytoplasm_AGP_Intensity,Mahalanobis distance (cutoff = 1),3,0.8139018571430854,poly1,1.6756338453088153,0.5139515887471461,4.312719011891057,NA,NA,NA,NA,NA,NA,-1.154330740951682,1.0979536052860221,0.19961182968098518,0.34330622477877004,8.853149065423807e-4,-7.248972248623918,0.9410287190511399,0.158113883008419,NA,1.3638014985886542,0.015811388300841903,0.031622776601683805,0.06324555320336761,0.18872128114514064,0.18872128114514064,0.2545850082647947,0.316227766016838|0.316227766016838|0.316227766016838|0.1|0.1|0.1|0.0316227766016838|0.0316227766016838|0.0316227766016838|0.01|0.01|0.01,1.19543951870856|1.45286041058068|2.87805935595632|0.0984496519609068|0.695732829587798|0.102146916435402|-0.011204574333434|0.0414622586904398|-0.475363520067662|-0.117110434547666|-0.237234965085729|0.24847378836408,dt4,Definitive_rep2
Etoposide,Cytoplasm_ER_Intensity,Mahalanobis distance (cutoff = 1),8,0.8139018571430854,poly1,16.044034753729125,1.1322246885970086,41.293874496248485,NA,NA,NA,NA,NA,NA,0.009664733278432508,1.0979536052860221,0.024214085474615822,0.02891823185091037,2.999485033161289e-9,-19.29925391931084,0.9999991932081831,0.158113883008419,NA,13.05826968212834,0.0158113883008419,0.0316227766016838,0.0632455532033676,0.019709990091073378,0.019709990091073378,0.02658877663285799,0.316227766016838|0.316227766016838|0.316227766016838|0.1|0.1|0.1|0.0316227766016838|0.0316227766016838|0.0316227766016838|0.01|0.01|0.01,12.4181577692745|15.0257704143778|12.4520285083645|4.1150920668926|4.26394981345969|5.91820836449131|0.0743636633116049|0.645800462469964|-0.0412050017931183|-0.544322365486283|0.82779784866121|2.0443741993909,dt4,Definitive_rep2
Etoposide,Cytoplasm_Mito_Profile,Mahalanobis distance (cutoff = 1),11,0.8139018571430854,pow,5.212660237318464,1.0579405677685596,6.106931164210946,NA,NA,0.31638313381676286,NA,NA,NA,-0.22844285033506528,1.0979536052860221,0.002800427045373323,0.0074308800261944,2.115787519001938e-5,-17.503132608489285,0.99997308045654,0.03536120399649355,NA,4.242593847809414,2.4423184965036177e-5,2.1841137596093356e-4,0.001953206726208717,0.0017122712018991994,0.0017122712018991994,0.004410669728622013,0.316227766016838|0.316227766016838|0.316227766016838|0.1|0.1|0.1|0.0316227766016838|0.0316227766016838|0.0316227766016838|0.01|0.01|0.01,4.26530652059508|3.75937924199391|4.97867995619431|2.42739094494706|2.00840899617988|5.25678199039602|3.26336893739516|2.10684978597277|-0.0549580774706605|1.10914346858835|1.78645150097455|1.61393827321429,dt4,Definitive_rep2
Etoposide,Cytoplasm_ER_Profile,Mahalanobis distance (cutoff = 1),3,0.8139018571430854,pow,3.214203069859333,0.744157249577161,159.30810720926019,NA,NA,3.5691850533393588,NA,NA,NA,-0.9191852904511615,1.0979536052860221,0.23387677960167344,0.2635422210557538,4.103406173814174e-4,-10.801964541227216,0.9957917576772103,0.2604105766316742,NA,2.6160458477935173,0.1366100394775404,0.1658914478752403,0.20144912177313318,0.22799757438145682,0.22799757438145682,0.24794562808749634,0.316227766016838|0.316227766016838|0.316227766016838|0.1|0.1|0.1|0.0316227766016838|0.0316227766016838|0.0316227766016838|0.01|0.01|0.01,2.16892637114187|4.90589366497963|2.70967715505316|0.142228667182617|0.163394460469042|-0.16081255604548|-0.141155053542627|-0.279350754647771|-0.492379798877408|-0.496778721242806|-0.0395955364442087|0.732960556620287,dt4,Definitive_rep2
Etoposide,Cytoplasm_DNA_Profile,Mahalanobis distance (cutoff = 1),11,0.8139018571430854,poly1,17.05907601966611,1.5989374826129468,43.90637112116217,NA,NA,NA,NA,NA,NA,0.17094729012607235,1.0979536052860221,0.02269903506053924,0.028104355711330277,5.1806195099107024e-8,-22.34281585691156,0.9999998809407202,0.158113883008419,NA,13.884413653551322,0.0158113883008419,0.0316227766016838,0.0632455532033676,0.01853721535986375,0.01853721535986375,0.025006703520456194,0.316227766016838|0.316227766016838|0.316227766016838|0.1|0.1|0.1|0.0316227766016838|0.0316227766016838|0.0316227766016838|0.01|0.01|0.01,13.5153579704245|15.0924323318918|10.0336782243202|3.64915965926654|5.37422015615816|4.64457577353533|4.00083031368093|3.54591964177579|2.15829920830008|0.231112157370541|0.905302325175133|1.02321876346775,dt4,Definitive_rep2
Etoposide,Membrane_AGP_Texture,Mahalanobis distance (cutoff = 1),3,0.8139018571430854,exp2,3.8567199485641037,0.5169404678418993,8.183935312021522e-15,0.009417004521914737,NA,NA,NA,NA,NA,-0.8330640562096537,1.0979536052860221,0.30476525126913767,0.3087459399380644,2.0691982732755392e-4,-9.507155902619987,0.997132237621239,0.3097003958831526,NA,3.1389915286171086,0.28801694165033465,0.29454431178401985,0.3010716819177052,0.3035165325839794,0.3035165325839794,0.30633564074440955,0.316227766016838|0.316227766016838|0.316227766016838|0.1|0.1|0.1|0.0316227766016838|0.0316227766016838|0.0316227766016838|0.01|0.01|0.01,1.99297648130286|3.14369907588242|3.77314528730942|-0.160222185919296|-0.298992294944739|0.0647696531304194|0.105454168449948|-0.288558759083253|-0.608990313278637|-0.392824942402488|-0.658937836017822|-0.564071476662089,dt4,Definitive_rep2
Etoposide,Nucleus_DNA_Intensity,Mahalanobis distance (cutoff = 1),11,0.8139018571430854,pow,4.515837436932414,0.6182790680942158,5.264404966501665,NA,NA,0.3120779022231437,NA,NA,NA,-0.6876066946892809,1.0979536052860221,0.004851970583845982,0.009341064510989028,5.263553032132925e-7,-11.407941354129779,0.9999992752029515,0.03430845157637281,NA,3.6754484764755624,2.1432507799504002e-5,1.9754765225962873e-4,0.0018208356800035468,0.002523501984090792,0.002523501984090792,0.006585740252493277,0.316227766016838|0.316227766016838|0.316227766016838|0.1|0.1|0.1|0.0316227766016838|0.0316227766016838|0.0316227766016838|0.01|0.01|0.01,3.73567157678831|3.86316046892373|3.75769876120784|1.97509126115357|1.9791449639867|2.58877288560258|2.38462225634266|2.52984996695032|1.12732730880335|1.47350187303875|1.75418078051241|-0.234562480873077,dt4,Definitive_rep2
Etoposide,Nucleus_RNA_Texture,Mahalanobis distance (cutoff = 1),3,0.8139018571430854,poly1,2.081437166408685,0.6782234086521933,5.357168969079287,NA,NA,NA,NA,NA,NA,-0.9766284119703565,1.0979536052860221,0.1596907545408333,0.2779919852154091,8.276318503570283e-4,-9.913535325065094,0.9828471422632066,0.158113883008419,NA,1.69408557526667,0.0158113883008419,0.0316227766016838,0.0632455532033676,0.15192760613689718,0.15192760613689718,0.2049503406786743,0.316227766016838|0.316227766016838|0.316227766016838|0.1|0.1|0.1|0.0316227766016838|0.0316227766016838|0.0316227766016838|0.01|0.01|0.01,1.8444250039334|1.34393051106891|3.7621554034235|0.54147521383045|-0.161121590392841|0.564132912504553|0.459783017705837|-0.287808040077693|0.378291154704973|-0.417070105569411|0.128710167789078|0.270712883544324,dt4,Definitive_rep2
Etoposide,Nucleus_RNA_Profile,Mahalanobis distance (cutoff = 1),4,0.8139018571430854,poly1,3.1252523668234002,1.145003056140578,8.043723476397542,NA,NA,NA,NA,NA,NA,-0.446432238485601,1.0979536052860221,0.09879293118794581,0.22956935971441775,0.004379161224176828,-16.288922975174792,0.988994535721291,0.158113883008419,NA,2.5436487053983887,0.0158113883008419,0.0316227766016838,0.0632455532033676,0.10118471371265973,0.10118471371265973,0.13649817879837797,0.316227766016838|0.316227766016838|0.316227766016838|0.1|0.1|0.1|0.0316227766016838|0.0316227766016838|0.0316227766016838|0.01|0.01|0.01,3.10640423692003|1.45707122814934|6.01860668579019|0.736293777329472|-0.0300361482636796|0.693962214505292|0.220153415813708|0.400406183553365|0.00203927452698049|-0.62320780731595|-0.00196039410957982|1.0070286107983,dt4,Definitive_rep2
Etoposide,Nucleus_RNA_Radial,Mahalanobis distance (cutoff = 1),10,0.8139018571430854,pow,8.489084154570053,1.2461573289567918,13.842692576250162,NA,NA,0.6035753914015389,NA,NA,NA,-0.12358868016715545,1.0979536052860221,0.012166815177004525,0.01849870240813313,2.2432534269178716e-6,-19.014224484065036,0.9999962572517034,0.10028947382510958,NA,6.909281358848506,0.0022103522853689985,0.006969572564827313,0.021976108540672928,0.009142586315656669,0.009142586315656669,0.015013158464777654,0.316227766016838|0.316227766016838|0.316227766016838|0.1|0.1|0.1|0.0316227766016838|0.0316227766016838|0.0316227766016838|0.01|0.01|0.01,6.32554680064212|8.99338602170245|6.75540982566834|2.79606118250482|3.27933557817676|3.07177102813066|4.91603238551902|2.42507207821697|2.67940003061782|0.904037774785404|-0.282878975408459|0.222990450567603,dt4,Definitive_rep2
Etoposide,Nucleus_RNA_Axial,Mahalanobis distance (cutoff = 1),11,0.8139018571430854,pow,8.587746022100228,1.4875298955284346,10.653505563283037,NA,NA,0.3660826112502241,NA,NA,NA,0.3357280429356604,1.0979536052860221,0.0012435694558631096,0.003517885937548895,2.986795673204773e-5,-22.875882107180658,0.9999670409074932,0.047610120171621466,NA,6.9895824360605205,8.832332411841044e-5,5.866460192174476e-4,0.0038965194675224107,8.891874118350483e-4,8.891874118350483e-4,0.002014359825032613,0.316227766016838|0.316227766016838|0.316227766016838|0.1|0.1|0.1|0.0316227766016838|0.0316227766016838|0.0316227766016838|0.01|0.01|0.01,5.15633970646983|8.80945505678283|6.78991211260056|5.83439615319222|6.2536510300172|3.2103033993721|3.48000907272165|1.41000893355587|0.605308471927654|2.7408254174382|1.14321342930705|3.91698208783595,dt4,Definitive_rep2
Etoposide,Nucleus_RNA_Compactness,Mahalanobis distance (cutoff = 1),10,0.8139018571430854,pow,3.493982618811982,0.7847546491024833,4.482810675478208,NA,NA,0.395315235697023,NA,NA,NA,-0.4950573952149583,1.0979536052860221,0.017824541853208274,0.04860398655430283,9.410392684590623e-5,-14.013124053255382,0.9997258172791449,0.054765425533292916,NA,2.8437589422767333,1.6176319034946383e-4,9.340566937961617e-4,0.005393451410921115,0.01335369075861692,0.01335369075861692,0.028476264756905605,0.316227766016838|0.316227766016838|0.316227766016838|0.1|0.1|0.1|0.0316227766016838|0.0316227766016838|0.0316227766016838|0.01|0.01|0.01,3.03690813929077|4.7546982479416|2.38054670014775|1.65818986029841|1.00199504606496|1.77893606503894|2.33457158072992|0.815600987268434|0.468243511979875|0.587419688346188|1.2059094812552|1.49414244214047,dt4,Definitive_rep2
Etoposide,Nucleus_RNA_Symmetry,Mahalanobis distance (cutoff = 1),12,0.8139018571430854,pow,12.32704270866412,1.554413424287134,15.917269911934113,NA,NA,0.40087528129371053,NA,NA,NA,0.2449030633697194,1.0979536052860221,9.455079744641856e-4,0.0017613094384594822,5.010746023736066e-7,-22.677992659329554,0.9999994728903768,0.05611360907303795,NA,10.033002953663857,1.796911821672842e-4,0.0010126481266910354,0.005706769893339623,6.009070109722571e-4,6.009070109722571e-4,0.0012680239802037299,0.316227766016838|0.316227766016838|0.316227766016838|0.1|0.1|0.1|0.0316227766016838|0.0316227766016838|0.0316227766016838|0.01|0.01|0.01,10.4115340915453|8.06743999530172|12.7108282471697|5.89112742462393|5.9608820835987|6.79348867726237|4.12288176794323|2.86647638940459|1.19477794189466|3.71204242176569|2.71866936984651|5.10714010029228,dt4,Definitive_rep2
Etoposide,Cell_DNA_Radial,Mahalanobis distance (cutoff = 1),8,0.8139018571430854,poly1,13.567847923043754,0.8537098722267971,34.920705291300294,NA,NA,NA,NA,NA,NA,-0.463014875677892,1.0979536052860221,0.028928022498239402,0.03360198412287173,1.9667318071350116e-10,-14.611659898682564,0.9999999112234197,0.158113883008419,NA,11.042896622000265,0.015811388300841903,0.031622776601683805,0.06324555320336761,0.023307142577840508,0.023307142577840508,0.03144133533750684,0.316227766016838|0.316227766016838|0.316227766016838|0.1|0.1|0.1|0.0316227766016838|0.0316227766016838|0.0316227766016838|0.01|0.01|0.01,10.3637461528148|13.3053157231434|10.8631040454059|4.27709490593939|3.76699959452317|3.47601990711546|0.00978225760536688|1.24137026842516|0.386511664524919|-0.0635684210749234|0.688601411583655|1.00044726827432,dt4,Definitive_rep2
Etoposide,Cell_Mito_Radial,Mahalanobis distance (cutoff = 1),11,0.8139018571430854,exp4,15.795874724102513,1.9207291591319318,NA,NA,12.856291773146557,NA,NA,0.1097039259198914,NA,0.1321134473131298,1.0979536052860221,0.011726944519508918,0.0171525687789539,3.5641492043341957e-7,-22.879576491467738,0.9999995753099741,0.1097039259198914,NA,12.856291773146557,0.008118154304736995,0.01667533610289009,0.03531677587305496,0.010350877040706004,0.010350877040706004,0.01412881262592251,0.316227766016838|0.316227766016838|0.316227766016838|0.1|0.1|0.1|0.0316227766016838|0.0316227766016838|0.0316227766016838|0.01|0.01|0.01,11.203530276534|16.8378867832068|9.93334792124853|6.41191518430519|6.08593646934492|5.96313146541535|1.64271572484272|2.80982460820133|0.929356559987205|-0.205986383414947|2.27556531627551|2.80589495259084,dt4,Definitive_rep2
Etoposide,Cell_Mito_Axial,Mahalanobis distance (cutoff = 1),8,0.8139018571430854,poly1,10.25757166512184,1.0562651870555364,26.400770347207335,NA,NA,NA,NA,NA,NA,-0.1928833545703621,1.0979536052860221,0.03714969764295106,0.04658193983920588,6.17823794663812e-8,-17.51226604708887,0.9999980128398287,0.158113883008419,NA,8.348656628020956,0.0158113883008419,0.0316227766016838,0.0632455532033676,0.03082871622453167,0.03082871622453167,0.04158793818689322,0.316227766016838|0.316227766016838|0.316227766016838|0.1|0.1|0.1|0.0316227766016838|0.0316227766016838|0.0316227766016838|0.01|0.01|0.01,7.31850263269675|7.86511572450913|9.2035024702647|3.79786723913718|3.01657858817451|5.35608560455496|0.0206578464994317|0.835009655973466|0.452530833447932|-0.196523033426485|0.793443915851082|1.36042166241175,dt4,Definitive_rep2
Etoposide,Cell_Mito_Compactness,Mahalanobis distance (cutoff = 1),6,0.8139018571430854,poly1,4.562775470044273,0.4843464330392339,11.743596950933808,NA,NA,NA,NA,NA,NA,-0.8565541878552811,1.0979536052860221,0.08320992183668538,0.10782218733782192,4.887540339264909e-7,-9.034746117536283,0.9998066037379343,0.158113883008419,NA,3.7136514287959486,0.015811388300841903,0.031622776601683805,0.06324555320336761,0.06930601080262438,0.06930601080262438,0.0934938085727403,0.316227766016838|0.316227766016838|0.316227766016838|0.1|0.1|0.1|0.0316227766016838|0.0316227766016838|0.0316227766016838|0.01|0.01|0.01,4.16719934590993|3.09456082062432|3.78385097636304|1.18529547464964|1.59121911765171|0.313901671377008|0.349220704320522|1.07619293329943|0.328699948721505|-0.598633560337736|0.018374402382025|-0.416651739453943,dt4,Definitive_rep2
Etoposide,Cell_Mito_Symmetry,Mahalanobis distance (cutoff = 1),12,0.8139018571430854,pow,23.532916989422368,4.343566284712688,32.91300701115212,NA,NA,0.47023951994939717,NA,NA,NA,0.8387643778180021,1.0979536052860221,5.582263084693108e-4,9.831551868222683e-4,1.8088870235776564e-5,-32.49686743645251,0.9999818882403447,0.07241639238295576,NA,19.153484841684932,5.410794626082069e-4,0.002362784779354134,0.010317804129243041,3.8284895728497875e-4,3.8284895728497875e-4,7.236152969334366e-4,0.316227766016838|0.316227766016838|0.316227766016838|0.1|0.1|0.1|0.0316227766016838|0.0316227766016838|0.0316227766016838|0.01|0.01|0.01,7.03224068202948|19.3888169883192|20.8766354652765|10.8734279137007|8.0143820551098|13.4517614039752|5.70682028990329|7.43313574268834|6.43350584014292|2.38539193109653|3.44017713425464|11.3709464802213,dt4,Definitive_rep2
Etoposide,Cell_AGP_Radial,Mahalanobis distance (cutoff = 1),11,0.8139018571430854,pow,11.414074968059445,0.8494473059988091,21.15903487436166,NA,NA,0.7149661884795006,NA,NA,NA,-0.39150181448091637,1.0979536052860221,0.014112994964034736,0.01776487106560897,4.754626998793173e-9,-15.054054441480972,0.9999999443946699,0.11993863903368211,NA,9.289936814073986,0.004789515427931873,0.012627938554920077,0.0332945648774524,0.010495230678497752,0.010495230678497752,0.015952747173647693,0.316227766016838|0.316227766016838|0.316227766016838|0.1|0.1|0.1|0.0316227766016838|0.0316227766016838|0.0316227766016838|0.01|0.01|0.01,9.11870108914332|11.3981066358213|8.68449719357287|5.14437447001168|4.14184981151756|3.72616919692456|1.0576818854188|2.14936211563192|0.843810428506071|0.393260032638237|1.25078781823138|1.57467682157715,dt4,Definitive_rep2
Etoposide,Cell_AGP_Axial,Mahalanobis distance (cutoff = 1),8,0.8139018571430854,poly1,12.942202461961061,1.0568574814207374,33.31042922635402,NA,NA,NA,NA,NA,NA,-0.3374833112744448,1.0979536052860221,0.030292627912071192,0.036459553988905054,6.952379381274221e-9,-16.510434954596757,0.9999998122685839,0.158113883008419,NA,10.53368261931192,0.0158113883008419,0.0316227766016838,0.0632455532033676,0.024433844776132616,0.024433844776132616,0.0329612566030029,0.316227766016838|0.316227766016838|0.316227766016838|0.1|0.1|0.1|0.0316227766016838|0.0316227766016838|0.0316227766016838|0.01|0.01|0.01,7.5160427051428|11.5903823272253|10.2976270691501|3.76324859977049|3.15280563170746|3.84443486661983|0.7542995265225|0.146858571496978|0.376268350528663|1.20046924167597|1.0505079662976|0.255079208890872,dt4,Definitive_rep2
Etoposide,Cell_AGP_Compactness,Mahalanobis distance (cutoff = 1),9,0.8139018571430854,pow,10.942094631322002,0.43493344533091616,22.338171973841046,NA,NA,0.7987502485061884,NA,NA,NA,-1.0757472203287266,1.0979536052860221,0.021940449655904807,0.02441096379281363,7.419898047771908e-12,-7.090444718633295,0.9999999992149208,0.1327772756167302,NA,8.905791141468361,0.0074330655259379095,0.01770289151517992,0.042161927256612636,0.0158158359861223,0.0158158359861223,0.02300707276364872,0.316227766016838|0.316227766016838|0.316227766016838|0.1|0.1|0.1|0.0316227766016838|0.0316227766016838|0.0316227766016838|0.01|0.01|0.01,7.97922792640961|9.01308992347679|9.03483867571011|3.40701477095469|4.35298918858732|3.95816135535694|1.37095996789362|1.01078805493582|0.853523514591397|0.457042683992315|0.540561784998219|0.807117533774389,dt4,Definitive_rep2
Etoposide,Cell_AGP_Symmetry,Mahalanobis distance (cutoff = 1),10,0.8139018571430854,exp4,6.3960535956428854,3.2919652719235564,NA,NA,5.205759899880453,NA,NA,0.016564985634461495,NA,0.41891485068701195,1.0979536052860221,0.002235577306872496,0.011964165703622591,6.182184635508957e-4,-27.625085622146166,0.999379253565958,0.016564985634461495,NA,5.205759899880453,0.0012258185685579627,0.0025179290593109606,0.0053327342671387135,0.004063015781901699,0.004063015781901699,0.005660928476507193,0.316227766016838|0.316227766016838|0.316227766016838|0.1|0.1|0.1|0.0316227766016838|0.0316227766016838|0.0316227766016838|0.01|0.01|0.01,5.60239619455735|15.673166686545|3.5566967433474|5.67525585483789|4.65300381633346|5.60026964629024|3.20218119520891|4.58790197342329|0.750727029675401|0.800254335276843|3.30098308119344|3.56558689041504,dt4,Definitive_rep2
Etoposide,Cell_ER_Radial,Mahalanobis distance (cutoff = 1),8,0.8139018571430854,poly1,12.42956185337219,1.0020265336421017,31.991003204303738,NA,NA,NA,NA,NA,NA,-0.10440711864116511,1.0979536052860221,0.030162831354738757,0.03836400016114447,1.2801322809473463e-8,-17.870769741481553,0.9999988511352679,0.158113883008419,NA,10.116443475934476,0.0158113883008419,0.0316227766016838,0.0632455532033676,0.02544158593418513,0.02544158593418513,0.03432069942521574,0.316227766016838|0.316227766016838|0.316227766016838|0.1|0.1|0.1|0.0316227766016838|0.0316227766016838|0.0316227766016838|0.01|0.01|0.01,9.50202612415359|11.8095151819456|8.97125779283538|4.92544119455382|3.36784642224247|4.4131625955234|-0.00649778982398064|0.910888196383252|0.402463468975|-0.430432270516867|0.431315477958192|1.32850746770662,dt4,Definitive_rep2
Etoposide,Cell_ER_Axial,Mahalanobis distance (cutoff = 1),7,0.8139018571430854,poly1,11.70308068001123,1.0210386180014195,30.121197830709534,NA,NA,NA,NA,NA,NA,-0.3904048861459738,1.0979536052860221,0.03381563205454767,0.03982471011502556,1.0683358384128421e-8,-16.318858426577144,0.9999997103497378,0.158113883008419,NA,9.525159099756502,0.0158113883008419,0.0316227766016838,0.0632455532033676,0.027020899424965304,0.027020899424965304,0.036451193324278194,0.316227766016838|0.316227766016838|0.316227766016838|0.1|0.1|0.1|0.0316227766016838|0.0316227766016838|0.0316227766016838|0.01|0.01|0.01,7.03851725166169|9.80580606007232|9.44194909662182|3.81077441621764|3.35840987705536|5.08852402437094|0.43060169480422|0.761243466198308|0.420566272822132|-0.181806573371978|0.832816491028505|0.5543583683608,dt4,Definitive_rep2
Etoposide,Cell_ER_Compactness,Mahalanobis distance (cutoff = 1),8,0.8139018571430854,poly1,6.884467885373272,1.3499102612491123,17.71913095401269,NA,NA,NA,NA,NA,NA,-0.12411842882641771,1.0979536052860221,0.04831629487668047,0.07697221357768454,1.9492524211962896e-5,-19.582707791449597,0.9997760564265574,0.158113883008419,NA,5.603281197347236,0.0158113883008419,0.0316227766016838,0.0632455532033676,0.045933508773959845,0.045933508773959845,0.06196430333607183,0.316227766016838|0.316227766016838|0.316227766016838|0.1|0.1|0.1|0.0316227766016838|0.0316227766016838|0.0316227766016838|0.01|0.01|0.01,4.20066378514389|9.22378021605423|5.34519302286555|1.83124344119936|3.31907163371061|2.00934962106269|0.280086630424418|1.29285008671114|0.323746011985953|0.325945860054483|0.273771810332956|2.06636786082884,dt4,Definitive_rep2
Etoposide,Cell_ER_Symmetry,Mahalanobis distance (cutoff = 1),11,0.8139018571430854,pow,15.34508816321799,2.9393227536589817,22.08038738557197,NA,NA,0.4949305222510285,NA,NA,NA,0.8681259675390653,1.0979536052860221,0.0015817149314733324,0.00354398841298913,5.709965017665323e-5,-30.163829018480605,0.9999403549089257,0.07794230129519814,NA,12.4893957540675,7.435113639558841e-4,0.0030165767975135036,0.012238865492090521,0.0012698894445737664,0.0012698894445737664,0.0023251618423305543,0.316227766016838|0.316227766016838|0.316227766016838|0.1|0.1|0.1|0.0316227766016838|0.0316227766016838|0.0316227766016838|0.01|0.01|0.01,9.65904078006577|16.8220850410004|12.1528732088445|7.76434702561517|4.64402935348|13.7363888131393|3.69042327491013|3.42239273230837|0.770326438581644|1.31897479357656|5.80108503190197|3.55076608531881,dt4,Definitive_rep2
Etoposide,Nucleus_DNA_Profile,Mahalanobis distance (cutoff = 1),7,0.8139018571430854,exp4,8.057754204963762,0.47043132093681617,NA,NA,6.558221111822512,NA,NA,0.14205927496550025,NA,-0.9836025336610632,1.0979536052860221,0.03301277501864686,0.04346101075245129,8.298505656517926e-9,-8.119948591017144,0.9999996964807162,0.14205927496550025,NA,6.558221111822512,0.010512468946928403,0.02159344924731698,0.04573287175072346,0.02715727421873176,0.02715727421873176,0.037550941642586586,0.316227766016838|0.316227766016838|0.316227766016838|0.1|0.1|0.1|0.0316227766016838|0.0316227766016838|0.0316227766016838|0.01|0.01|0.01,4.29356703887693|5.50714575748853|5.46518425987504|2.55269217862142|2.75775850361868|2.33692494567908|0.0428098344656239|1.16344927365475|0.770413385765454|-0.505838322715471|0.0987763268489315|0.219499358112781,dt4,Definitive_rep2
Etoposide,Nucleus_DNA_Radial,Mahalanobis distance (cutoff = 1),12,0.8139018571430854,pow,11.406759768088278,1.074532400236815,15.363194142891832,NA,NA,0.43749436816228937,NA,NA,NA,-0.04589212133626107,1.0979536052860221,0.0020007301729061035,0.0029453262970139155,4.014185473373317e-8,-18.66904126812887,0.9999999485885642,0.06485188158197969,NA,9.28398295923208,3.358759218755718e-4,0.0016377827418822565,0.007986080974869808,0.0012122660249663398,0.0012122660249663398,0.0024031004784336144,0.316227766016838|0.316227766016838|0.316227766016838|0.1|0.1|0.1|0.0316227766016838|0.0316227766016838|0.0316227766016838|0.01|0.01|0.01,8.37869780335253|9.35604380952048|9.78834857706028|5.89953149817119|7.04187271557314|5.7334744258144|1.76687474288077|1.58831298780857|2.1680173887052|2.91279964931787|2.23947002402469|3.61989837202254,dt4,Definitive_rep2
Etoposide,Nucleus_DNA_Axial,Mahalanobis distance (cutoff = 1),11,0.8139018571430854,exp4,9.602126217719727,1.1417066530495352,NA,NA,7.815188361124395,NA,NA,0.08691814103092207,NA,-0.003897704359065164,1.0979536052860221,0.013960056006204962,0.026200453775091833,2.6360227994186114e-6,-19.239573080839023,0.9999963930308534,0.08691814103092207,NA,7.815188361124395,0.006431992974300438,0.013211826313193278,0.02798139155323582,0.013790484417687621,0.013790484417687621,0.018984068961484385,0.316227766016838|0.316227766016838|0.316227766016838|0.1|0.1|0.1|0.0316227766016838|0.0316227766016838|0.0316227766016838|0.01|0.01|0.01,5.56979429780878|8.18064906937183|7.30565241291838|4.71397732490902|5.44864691003977|3.16141586825259|1.76038953453449|1.08401441998201|0.439765496580829|1.76887269905736|0.885416295360776|2.97671202796987,dt4,Definitive_rep2
Etoposide,Nucleus_DNA_Compactness,Mahalanobis distance (cutoff = 1),12,0.8139018571430854,pow,11.528192357847898,1.1687783294903555,17.472340767704218,NA,NA,0.5400356747541808,NA,NA,NA,-0.07045022428018442,1.0979536052860221,0.005016701073382097,0.0072736742740678725,1.0467339220457432e-7,-19.064178992623635,0.999999838830491,0.08761407316069415,NA,9.382817169555128,0.0012326629780948836,0.004449082730118778,0.01605819067433491,0.0034190497295218066,0.0034190497295218066,0.0059518555514144365,0.316227766016838|0.316227766016838|0.316227766016838|0.1|0.1|0.1|0.0316227766016838|0.0316227766016838|0.0316227766016838|0.01|0.01|0.01,9.63293758353534|10.2437130318336|8.03886693479697|2.95605905903157|6.73181229855787|4.63553463144068|2.49873002054622|5.09569527973454|2.69356759666109|0.88649211001189|1.92341863566952|1.10766176147423,dt4,Definitive_rep2
Etoposide,Nucleus_DNA_Symmetry,Mahalanobis distance (cutoff = 1),12,0.8139018571430854,pow,18.20398205337285,1.2741705798605478,26.30120212753173,NA,NA,0.49847432152074467,NA,NA,NA,0.1540255874293917,1.0979536052860221,0.0014625583299270155,0.001967192446979492,1.9691087637857475e-9,-20.865762734801283,0.9999999968408877,0.0787222114875551,NA,14.81625480063956,7.762040303834791e-4,0.0031180179248424303,0.012525103451003185,9.374610435220822e-4,9.374610435220822e-4,0.001709121679471283,0.316227766016838|0.316227766016838|0.316227766016838|0.1|0.1|0.1|0.0316227766016838|0.0316227766016838|0.0316227766016838|0.01|0.01|0.01,14.3977966907033|16.2741861439386|13.3141285325167|10.3616440521085|8.19192344050218|8.68658885889121|3.80600544767228|6.58744505929583|2.78289125257554|1.78113982220629|1.93442930422656|3.8408908144303,dt4,Definitive_rep2
Etoposide,Nucleus_position_position,Mahalanobis distance (cutoff = 1),12,0.8139018571430854,pow,18.395728894463623,2.2170615101321625,25.58668354493019,NA,NA,0.46544991562086663,NA,NA,NA,0.6239943137762834,1.0979536052860221,9.0778863919199e-4,0.0015290307664887195,7.497473317607027e-7,-27.073254282823264,0.9999992433692002,0.07132625723783163,NA,14.972317910704659,5.067462750489786e-4,0.002246679535724988,0.009960742061217094,6.064675125871933e-4,6.064675125871933e-4,0.001153806199075302,0.316227766016838|0.316227766016838|0.316227766016838|0.1|0.1|0.1|0.0316227766016838|0.0316227766016838|0.0316227766016838|0.01|0.01|0.01,17.0641480339435|12.612351043924|15.5940933938158|8.77467795644803|8.76868866792474|4.58563740121581|8.63050970442812|7.94121328268561|1.87244094333718|3.35770154288805|2.89758936601563|2.46129327669732,dt4,Definitive_rep2
Etoposide,Cell_position_position,Mahalanobis distance (cutoff = 1),12,0.8139018571430854,pow,13.792431110967588,2.17972467401598,17.356133454842485,NA,NA,0.3784802358751064,NA,NA,NA,0.5808249788334239,1.0979536052860221,4.632657569552491e-4,0.00103813327160629,6.906743281467961e-6,-26.703505802729232,0.9999930321445762,0.05065645964900466,NA,11.225685295734587,1.154752584768997e-4,7.208652809806939e-4,0.004500070059833013,3.0824971319866383e-4,3.0824971319866383e-4,6.798501845607929e-4,0.316227766016838|0.316227766016838|0.316227766016838|0.1|0.1|0.1|0.0316227766016838|0.0316227766016838|0.0316227766016838|0.01|0.01|0.01,13.7723896530163|11.4346376426229|9.3187022687759|7.66329046809908|7.14791873747548|2.78131600119046|7.9964813279156|6.705699085286|1.37669770004953|3.50228122810581|2.7582478746087|2.43246345781885,dt4,Definitive_rep2
Etoposide,Nuclei_Shape_Morph,Mahalanobis distance (cutoff = 1),6,0.8139018571430854,exp5,7.6800703018000736,0.6291687830882728,NA,NA,6.250823481624536,7.999998449699446,NA,0.10253074214559371,NA,-0.8325676786767744,1.0979536052860221,0.0849766475934061,0.09066384657466543,1.058851437169391e-7,-10.517523870798478,0.9999994472708483,0.10253074214559371,NA,6.250823481624536,0.0740471700215855,0.08101876791657482,0.08898646381995187,0.0839117446943009,0.0839117446943009,0.08739576424057695,0.316227766016838|0.316227766016838|0.316227766016838|0.1|0.1|0.1|0.0316227766016838|0.0316227766016838|0.0316227766016838|0.01|0.01|0.01,5.59631241607228|7.99462466477873|6.32172358756245|2.87893485148521|3.00071594132358|1.97203039108695|-0.442047876331185|-0.152062146092293|-0.233734348875489|0.0528977109753196|-0.376838400179548|0.448740022464222,dt4,Definitive_rep2
