chem,feat,assay,n_gt_cutoff,cutoff,fit_method,top_over_cutoff,rmse,a,b,tp,p,q,ga,la,er,bmr,bmdl,bmdu,caikwt,mll,hitcall,ac50,ac50_loss,top,ac5,ac10,ac20,acc,ac1sd,bmd,conc,resp,errfun,exp
NPPB,Ring_AGP_Intensity,Mahalanobis distance (cutoff = 1),24,0.8518946031153483,exp4,6.199901321524411,2.4368687671815814,NA,NA,5.281662475654361,NA,NA,0.08086691048248024,NA,0.5957802881591272,1.1492058196026047,0.005545952756921806,0.05916307044899347,3.6171084798958374e-10,-54.39167227254811,0.9999999996154318,0.08086691048248024,NA,5.281662475654361,0.005984198395265397,0.012292020550680932,0.026033330431051743,0.02052086872168041,0.02052086872168041,0.02862627345694703,100|100|100|75|75|75|33.3333333333333|33.3333333333333|33.3333333333333|11.1111111111111|11.1111111111111|11.1111111111111|3.7037037037037|3.7037037037037|3.7037037037037|1.23456790123457|1.23456790123457|1.23456790123457|0.411522633744856|0.411522633744856|0.411522633744856|0.137174211248285|0.137174211248285|0.137174211248285,3.30609591485965|7.27120488252722|13.0524410558678|4.23500487613591|6.38883373265199|4.90787066289935|2.40366014591379|9.22406137668117|4.65060976984069|4.85044469096797|8.15308721806498|3.76803793371996|6.6785088891818|3.34509830888158|1.91910792607531|3.72853314768486|8.32726314855207|5.55459356847797|4.40821574089583|7.62619676781711|5.15734571752102|3.2720215843825|4.46608347801533|2.92853139995808,dt4,Definitive_rep3
NPPB,Cytoplasm_AGP_Profile,Mahalanobis distance (cutoff = 1),17,0.8518946031153483,poly1,4.052360152799414,5.8908190591041745,0.03452183744049509,NA,NA,NA,NA,NA,NA,0.5746523872246927,1.1492058196026047,21.501672095499643,64.14436770725592,0.027216949825261124,-64.47346015475331,0.967952810090002,50,NA,3.4521837440495093,5.000000000000001,10.000000000000002,20.000000000000004,24.676977422877606,24.676977422877606,33.28924254346189,100|100|100|75|75|75|33.3333333333333|33.3333333333333|33.3333333333333|11.1111111111111|11.1111111111111|11.1111111111111|3.7037037037037|3.7037037037037|3.7037037037037|1.23456790123457|1.23456790123457|1.23456790123457|0.411522633744856|0.411522633744856|0.411522633744856|0.137174211248285|0.137174211248285|0.137174211248285,0.965797661597073|23.7989735136367|2.66604028789801|2.06972086786694|20.9200066190468|3.77049963410646|1.48053276235596|1.59725438722553|3.0949389593523|0.159645615290996|0.965810218307441|1.32950932887974|-0.360572542911681|-0.6363104094027|0.711615621982822|0.679171970028829|-0.146827808777927|1.73172216364627|1.07715439406224|-0.498689063236815|1.42791766779691|6.30108155552552|1.18807765805693|4.48787759814025,dt4,Definitive_rep3
NPPB,Cytoplasm_DNA_Profile,Mahalanobis distance (cutoff = 1),11,0.8518946031153483,exp2,5.504808312527273,4.27046990854301,0.007328410522882406,15.472959752444503,NA,NA,NA,NA,NA,0.330896167779283,1.1492058196026047,74.62216580094844,83.86901052458457,0.0175658964398066,-56.69244427419788,0.9819728663479276,89.29908496472166,NA,4.689516492626491,54.09918929101675,64.58796194222069,75.19350068261173,73.71735581550789,73.71735581550789,78.31521653145592,100|100|100|75|75|75|33.3333333333333|33.3333333333333|33.3333333333333|11.1111111111111|11.1111111111111|11.1111111111111|3.7037037037037|3.7037037037037|3.7037037037037|1.23456790123457|1.23456790123457|1.23456790123457|0.411522633744856|0.411522633744856|0.411522633744856|0.137174211248285|0.137174211248285|0.137174211248285,3.68516532353927|21.3327473163073|5.15914735459704|0.134884005582132|12.0075443862631|0.842226844198196|-0.413496893897391|2.48064604838872|-0.0544175387596565|-0.416619695420772|1.87146159791592|0.107549866695509|1.33461836221562|1.09281915173561|-0.508834112983138|-0.554433311297278|1.35415429165619|-0.589982736921744|0.597388987239356|0.308679106449173|0.401868834006712|3.42821489501757|2.73032929352812|0.847459062312796,dt4,Definitive_rep3
NPPB,Membrane_AGP_Texture,Mahalanobis distance (cutoff = 1),13,0.8518946031153483,poly1,5.067540165008894,5.24041188431147,0.043170101176413386,NA,NA,NA,NA,NA,NA,0.5606632069792298,1.1492058196026047,17.879306546971648,56.86568954825827,0.029004823504829934,-61.52989608915025,0.9650027031509594,49.99999999999999,NA,4.317010117641338,5,10,20,19.73344004069171,19.73344004069171,26.620410614893117,100|100|100|75|75|75|33.3333333333333|33.3333333333333|33.3333333333333|11.1111111111111|11.1111111111111|11.1111111111111|3.7037037037037|3.7037037037037|3.7037037037037|1.23456790123457|1.23456790123457|1.23456790123457|0.411522633744856|0.411522633744856|0.411522633744856|0.137174211248285|0.137174211248285|0.137174211248285,1.19324989711409|26.2379823560861|5.24525082157038|4.93399190936632|13.9893494585001|-0.400808345317406|1.51620525409654|1.67533439197494|-0.379599105870997|1.17251589602657|1.71122738800082|0.21250196346256|0.0559530475828905|1.0156631814952|0.142141728819898|3.52786670350562|-0.0661489651985194|-0.735682686606678|0.628977984122218|0.603106191478493|-0.587762457387792|3.87336091251857|-0.153556863416763|1.13234877164307,dt4,Definitive_rep3
NPPB,Nucleus_DNA_Texture,Mahalanobis distance (cutoff = 1),8,0.8518946031153483,pow,5.30310438005434,2.9962021239169174,3.025833103513224e-11,NA,NA,5.587035536196915,NA,NA,NA,-0.042118188783927084,1.1492058196026047,74.2972930919918,85.14035465354368,0.003977602923353629,-47.6949622995197,0.9956924972521839,88.33237484683293,NA,4.517686001125657,58.497069669588726,66.22381631991871,74.97117159450296,74.18556184927779,74.18556184927779,78.26898149462394,100|100|100|75|75|75|33.3333333333333|33.3333333333333|33.3333333333333|11.1111111111111|11.1111111111111|11.1111111111111|3.7037037037037|3.7037037037037|3.7037037037037|1.23456790123457|1.23456790123457|1.23456790123457|0.411522633744856|0.411522633744856|0.411522633744856|0.137174211248285|0.137174211248285|0.137174211248285,2.78772593382496|16.4924525938116|5.2745711672324|1.00509691576334|8.28750588294384|0.278283241143835|-0.0078488596693701|0.724928277602307|-0.695391547075462|-0.296187749925996|-0.469611059928922|-0.325591733396061|2.29697792058131|1.13023993549828|-0.366151251019757|-0.594520876967329|0.732979863704919|0.7842168153101|0.132249765247984|0.0981149102163931|-0.358133826419341|1.86847543815315|-0.468787632268898|0.334929153897034,dt4,Definitive_rep3
NPPB,Nucleus_DNA_Intensity,Mahalanobis distance (cutoff = 1),8,0.8518946031153483,pow,9.271768103660623,1.469206616011265,4.124715150996285e-18,NA,NA,9.141077232963966,NA,NA,NA,-0.17496917526435013,1.1492058196026047,80.01328479714316,82.33600010676237,1.1687933124930238e-4,-38.552381121007606,0.9998255461631577,92.69758784553925,NA,7.898569208845512,72.05632958030264,77.7326910602778,83.85621769339105,78.37832845789997,78.37832845789997,80.98765480344483,100|100|100|75|75|75|33.3333333333333|33.3333333333333|33.3333333333333|11.1111111111111|11.1111111111111|11.1111111111111|3.7037037037037|3.7037037037037|3.7037037037037|1.23456790123457|1.23456790123457|1.23456790123457|0.411522633744856|0.411522633744856|0.411522633744856|0.137174211248285|0.137174211248285|0.137174211248285,2.42798904768088|8.32422131072037|7.97178941540247|-0.122851085230929|2.40730498695826|0.294758447398838|-0.701974023182787|1.25902491171837|-0.5761113465323|-0.441356374675374|-0.195774912948172|-0.649903500228285|2.66121627852539|1.43273454590613|-0.532970453400923|-0.662781812306344|0.0406563950138957|-0.707765898711889|-0.0335110226816058|-0.699534922595388|-0.381460630316832|1.92120118782147|0.0385231483624182|0.0700553818597552,dt4,Definitive_rep3
NPPB,Nucleus_DNA_Radial,Mahalanobis distance (cutoff = 1),9,0.8518946031153483,pow,5.46503699643301,2.800382517703664,1.1501253782342348e-17,NA,NA,8.803616893358559,NA,NA,NA,0.27947844497633545,1.1492058196026047,81.67135527106247,91.84798485380362,0.0510682237767037,-52.27930638445779,0.9459875382800625,92.42854149446794,NA,4.655635523086994,71.1568022579568,76.98574607737989,83.29217883632587,82.45500782593389,82.45500782593389,85.30707528520799,100|100|100|75|75|75|33.3333333333333|33.3333333333333|33.3333333333333|11.1111111111111|11.1111111111111|11.1111111111111|3.7037037037037|3.7037037037037|3.7037037037037|1.23456790123457|1.23456790123457|1.23456790123457|0.411522633744856|0.411522633744856|0.411522633744856|0.137174211248285|0.137174211248285|0.137174211248285,2.30703091172698|14.4804652331564|5.36251924133015|-6.17086995285954e-05|7.55597340132214|-0.276462502516692|-0.621159567144354|2.50272014384699|-0.543194304854339|-0.697077028993413|-0.523173728911697|-0.231333947541286|3.42429001271093|1.03938277542036|-0.464655631565724|-0.456935235304925|-0.306271701717244|-0.692949615625367|0.579184824540861|-0.46461894249438|-0.369167826049885|3.15866941178131|-0.343156785786576|1.06293462146916,dt4,Definitive_rep3
Metoclopramide,Cytoplasm_AGP_Intensity,Mahalanobis distance (cutoff = 1),6,0.8518946031153483,poly1,1.4573719422797766,0.48936223615435503,0.012415272923598746,NA,NA,NA,NA,NA,NA,-0.9222217686355686,1.1492058196026047,73.00844157601277,128.45191203237584,5.894634671063288e-4,-16.669806344444574,0.9405619822246399,50,NA,1.2415272923598746,5,10,20,68.61666339175525,68.61666339175525,92.56387891547783,100|100|75|75|75|31.6227766016838|31.6227766016838|31.6227766016838|10|10|10|3.16227766016838|3.16227766016838|3.16227766016838|1|1|1|0.316227766016838|0.316227766016838|0.316227766016838|0.1|0.1|0.1,1.33368939856085|1.22911349932285|0.102562713445165|0.921791483249741|1.17168546329356|0.252795355225162|1.03636116899387|0.559458258985999|0.106089959691414|0.0819904815718326|-0.389841964557153|-0.356032681299962|-0.550861840843977|-0.335111474521537|-0.707368928626588|0.59625061033797|0.0828341004281173|0.75835825440926|0.724366844750811|1.18300438734874|0.104236417894983|0.129185647220847|0.113995892023396,dt4,Definitive_rep3
Metoclopramide,Cytoplasm_ER_Intensity,Mahalanobis distance (cutoff = 1),8,0.8518946031153483,poly1,2.247817198298413,0.7203636258261856,0.019149033400202808,NA,NA,NA,NA,NA,NA,-0.6085749171617394,1.1492058196026047,46.68364419120646,90.01999876814837,0.004406925347667412,-24.34683983050548,0.9743717326125035,50,NA,1.9149033400202808,5,10,20,44.48760338505263,44.48760338505263,60.01377696643599,100|100|75|75|75|31.6227766016838|31.6227766016838|31.6227766016838|10|10|10|3.16227766016838|3.16227766016838|3.16227766016838|1|1|1|0.316227766016838|0.316227766016838|0.316227766016838|0.1|0.1|0.1,2.50227216699405|-0.263043418802374|1.23781968232486|1.4880065521045|1.80624332335962|0.244237051389335|1.03099581651507|-0.322597422099355|-0.491679330081954|0.31821228448433|1.20948030433905|-0.240278586162191|-0.374814816553133|-0.274447535237707|-0.255476932029574|-0.0424065219489809|0.986273081663677|0.465137094862396|0.223083372395168|0.226962781373165|0.649031036352735|1.27993056418612|-0.456534568918007,dt4,Definitive_rep3
Metoclopramide,Cytoplasm_ER_Profile,Mahalanobis distance (cutoff = 1),9,0.8518946031153483,exp4,2.1745872745303076,0.5911406296661043,NA,NA,1.8525191631756832,NA,NA,15.69541770373906,NA,-0.7396555355357379,1.1492058196026047,12.541537715223564,40.69478834949469,1.7168610472588527e-6,-20.85235393011076,0.9999349762655151,15.69541770373906,NA,1.8525191631756832,1.1614700360796406,2.3857520438805397,5.052795919826094,13.946755085972166,13.946755085972166,21.93040625598325,100|100|75|75|75|31.6227766016838|31.6227766016838|31.6227766016838|10|10|10|3.16227766016838|3.16227766016838|3.16227766016838|1|1|1|0.316227766016838|0.316227766016838|0.316227766016838|0.1|0.1|0.1,3.29517056509328|2.12584412997325|1.602360011252|0.660946671941038|1.28599292254964|1.91405085085617|2.11084974342882|1.06806886142513|0.913453181105529|0.285134340534548|0.615177321697379|0.114053283978299|-0.160204851288746|0.149132943426896|-0.163163151532286|-0.0568055831400326|-0.0310834214167832|0.347414253211029|0.128716713079973|0.803999125864851|0.725276902004075|0.808904458337366|1.0123485537846,dt4,Definitive_rep3
Metoclopramide,Nucleus_RNA_Profile,Mahalanobis distance (cutoff = 1),5,0.8518946031153483,exp2,2.281717100987783,0.6514443093613479,9.190420894309528e-4,13.059455404408677,NA,NA,NA,NA,NA,-0.8038924472152182,1.1492058196026047,90.1841687192446,97.41474025957574,0.007122542990367257,-20.860021191046602,0.9812148383516415,90.95404558735028,NA,1.9437824841674904,60.99410766873186,69.98492051725472,79.00628100605971,89.2347940219549,89.2347940219549,93.14067780811547,100|100|75|75|75|31.6227766016838|31.6227766016838|31.6227766016838|10|10|10|3.16227766016838|3.16227766016838|3.16227766016838|1|1|1|0.316227766016838|0.316227766016838|0.316227766016838|0.1|0.1|0.1,2.22541176931026|1.67197786105638|-0.0931787587797624|0.753315749397977|0.163927118296481|2.08129032235112|0.551551766686664|0.114940442279825|1.35716813432774|-0.363275990560993|0.179223629660112|-0.544378170843231|-0.249309538126951|0.0523245348922278|0.0366586101966914|-0.534964037119138|-0.139149798957786|0.195721293245807|0.0595671397682734|0.197704170018216|0.754152092416003|0.876056153279577|0.737317613004787,dt4,Definitive_rep3
Metoclopramide,Nucleus_RNA_Radial,Mahalanobis distance (cutoff = 1),21,0.8518946031153483,exp4,2.9617774655612763,1.535697804994687,NA,NA,2.5231222385403056,NA,NA,0.14871204933631488,NA,0.21385207098915407,1.1492058196026047,0.012545787117496857,0.4298670132693321,2.5647632306237756e-6,-42.77909529701102,0.9999963482371593,0.14871204933631488,NA,2.5231222385403056,0.011004778118582942,0.022604691531672747,0.04787458672963528,0.0883798458309311,0.0883798458309311,0.13040795479372363,100|100|75|75|75|31.6227766016838|31.6227766016838|31.6227766016838|10|10|10|3.16227766016838|3.16227766016838|3.16227766016838|1|1|1|0.316227766016838|0.316227766016838|0.316227766016838|0.1|0.1|0.1,1.09253400673983|2.30858872468029|1.34019001127558|6.40153379924042|4.53077514030754|4.23760826029058|2.12647904283179|2.91439540242709|5.17265631656791|1.93678562560439|3.35967722127126|0.926089136855521|-0.381508985232926|2.70309065467632|1.02567081273175|2.2498677839489|4.33895545255385|1.36004856633079|1.56980706748117|1.81075139620879|1.63607721590811|0.392678071563809|2.50227365565853,dt4,Definitive_rep3
Ca-074-Me,Ring_AGP_Texture,Mahalanobis distance (cutoff = 1),10,0.8518946031153483,exp2,7.643598758700288,1.1316318638572935,0.1969177844156092,2.834195477113107,NA,NA,NA,NA,NA,-0.43739992146867024,1.1492058196026047,5.302483532534323,5.685570518115896,7.327185866555856e-9,-33.02477952639603,0.9999998875981113,8.117481754069647,NA,6.51154053091595,2.7656894267929117,4.138432838337677,5.75318406677816,4.740553125032373,4.740553125032373,5.4478849711729564,10|10|10|7.5|7.5|7.5|3.16227766016838|3.16227766016838|3.16227766016838|1|1|1|0.316227766016838|0.316227766016838|0.316227766016838|0.1|0.1|0.1|0.0316227766016838|0.0316227766016838|0.0316227766016838|0.01|0.01|0.01,6.91203341782537|6.83686253636391|4.12650026091568|2.48248861674937|2.67198488980516|1.86732261025074|1.06471143351569|4.10086750656904|2.71135579850228|-0.691065029936909|-0.133903893137599|0.341492961501739|0.163453788110307|0.31797697922099|0.166561266246052|-0.220087757848171|1.58199481084214|0.546697417865826|0.331023286499582|-0.293258636334456|0.224826866276133|-0.680225529646796|-0.415056944107296|-0.530416321675419,dt4,Definitive_rep3
Ca-074-Me,Ring_ER_Texture,Mahalanobis distance (cutoff = 1),10,0.8518946031153483,exp5,7.8388775410932965,1.9586644249971006,NA,NA,6.677897471739491,7.999999109228025,NA,2.29242563915071,NA,0.2561975543577067,1.1492058196026047,1.035559967473895,2.5111238533065268,5.536289486394113e-9,-48.17026879456401,0.9999999922599121,2.29242563915071,NA,6.677897471739491,1.6555779473198682,1.8114518684187237,1.9895969668416769,1.8709945567330495,1.8709945567330495,1.9485307451752807,10|10|10|7.5|7.5|7.5|3.16227766016838|3.16227766016838|3.16227766016838|1|1|1|0.316227766016838|0.316227766016838|0.316227766016838|0.1|0.1|0.1|0.0316227766016838|0.0316227766016838|0.0316227766016838|0.01|0.01|0.01,8.45553494545925|9.14324597888149|4.64284510202228|4.35092233313595|6.28267603974192|6.25306060792188|4.22163209017657|12.5582175665832|10.6252588866205|-0.492210718655545|-0.213823128176169|-0.245128644579643|-0.219238882707534|0.649466380608099|0.40802744403526|0.633719769909572|3.69790877071517|0.575133955654557|-0.240655817681814|-0.49220680467792|-0.542943622410759|0.128459112999239|-0.678325592753571|-0.512958165119017,dt4,Definitive_rep3
Ca-074-Me,Ring_ER_Intensity,Mahalanobis distance (cutoff = 1),9,0.8518946031153483,exp5,3.99816698155119,1.3018774873149235,NA,NA,3.406016873937441,7.999999947643418,NA,2.296875343717585,NA,-0.2574443247978917,1.1492058196026047,1.1643674089130285,2.621589023012383,1.3740149596379114e-7,-36.513460132427866,0.9999994291106031,2.296875343717585,NA,3.406016873937441,1.6587915575375758,1.8149680253640597,1.99345889649924,2.0579137800281555,2.0579137800281555,2.152000880415002,10|10|10|7.5|7.5|7.5|3.16227766016838|3.16227766016838|3.16227766016838|1|1|1|0.316227766016838|0.316227766016838|0.316227766016838|0.1|0.1|0.1|0.0316227766016838|0.0316227766016838|0.0316227766016838|0.01|0.01|0.01,1.72547268241357|4.96041533695654|2.06877314791423|2.49608493448994|3.72580595095613|3.54052748511498|3.31770978140217|7.64536340299624|6.74597808413376|-0.426021754873974|-0.554613516582502|-0.438386698315388|-0.55532100335636|0.282858374733038|0.538084128194261|0.234971748454221|-0.55531830034651|0.238880130425746|-0.598382929279168|-0.657625030067713|-0.441050869103491|-0.0459508006989832|-0.741095509382156|-0.483271022295504,dt4,Definitive_rep3
Ca-074-Me,Cytoplasm_AGP_Texture,Mahalanobis distance (cutoff = 1),5,0.8518946031153483,exp2,5.032876013823089,0.7375492781755415,0.004802371792019897,1.4715698692017907,NA,NA,NA,NA,NA,-0.6919587758627949,1.1492058196026047,7.849087447003961,8.300235107507943,2.38324701007614e-7,-24.51547031302788,0.9996524401943103,8.981631023204745,NA,4.287479914324576,5.622525326006636,6.626329092115442,7.638170766273956,7.628580454191318,7.628580454191318,8.066979185337992,10|10|10|7.5|7.5|7.5|3.16227766016838|3.16227766016838|3.16227766016838|1|1|1|0.316227766016838|0.316227766016838|0.316227766016838|0.1|0.1|0.1|0.0316227766016838|0.0316227766016838|0.0316227766016838|0.01|0.01|0.01,5.94987768659883|4.34416615468011|3.39886027905875|1.36813564022458|0.710936656134101|0.301994198312324|-0.6329993015428|2.41994144173145|0.497735656381714|-0.645278806813582|-0.102236633217326|0.0612603982178042|-0.332990756997541|-0.160867062072864|-0.0493480813439287|-0.580533701961806|0.741702343467842|0.170129893797044|-0.763671644635693|-0.371520119989952|-0.113698819158912|-0.57940581579444|-0.108517977364499|-0.0481379304875507,dt4,Definitive_rep3
Ca-074-Me,Cytoplasm_ER_Texture,Mahalanobis distance (cutoff = 1),13,0.8518946031153483,exp5,7.154252949912799,4.850399848248497,NA,NA,6.094669477352773,7.999999919573128,NA,2.2573538317211037,NA,0.5102238440572393,1.1492058196026047,0.9919559636749984,2.4264029974128363,3.434532388684784e-5,-60.81658684762628,0.9999656328314886,2.2573538317211037,NA,6.094669477352773,1.6302493230204598,1.783738518647885,1.959158161744528,1.8651401046522724,1.8651401046522724,1.9431223347167765,10|10|10|7.5|7.5|7.5|3.16227766016838|3.16227766016838|3.16227766016838|1|1|1|0.316227766016838|0.316227766016838|0.316227766016838|0.1|0.1|0.1|0.0316227766016838|0.0316227766016838|0.0316227766016838|0.01|0.01|0.01,3.99473580161698|7.54805998117605|1.32514090887816|4.27801518358158|5.62900232474956|7.26901998168245|7.7322718692592|23.0609264975738|20.9379362911396|-0.652051359434463|0.0382321310322808|-0.343798884386725|-0.568871384028615|2.49651343505562|2.89812017542846|0.672929958183221|0.868783374845286|1.11651154110338|-0.550714414039341|-0.578979829897176|-0.489877945402512|-0.19469147837714|-0.578271535772963|-0.614036634625763,dt4,Definitive_rep3
Ca-074-Me,Cytoplasm_ER_Intensity,Mahalanobis distance (cutoff = 1),13,0.8518946031153483,exp5,10.194542015062257,1.8245344425978829,NA,NA,8.684675323864205,5.992536025607258,NA,1.9413277460733043,NA,0.2305255197838878,1.1492058196026047,0.9858376289903119,2.1267062980646543,7.438302211161361e-12,-46.91907712676706,0.9999999999387246,1.9413277460733043,NA,8.684675323864205,1.2571969359809791,1.4176567588365785,1.6067802694726985,1.4128606127412255,1.4128606127412255,1.4899391732425002,10|10|10|7.5|7.5|7.5|3.16227766016838|3.16227766016838|3.16227766016838|1|1|1|0.316227766016838|0.316227766016838|0.316227766016838|0.1|0.1|0.1|0.0316227766016838|0.0316227766016838|0.0316227766016838|0.01|0.01|0.01,6.7294056440343|11.783006178112|9.66344210584344|7.11023167609113|7.85660798230982|8.78379087237565|6.1458350762462|14.2450496018217|11.8154701771924|-0.167815418845059|0.102794113580926|0.39748325499461|-0.236574565418387|2.06255228432264|2.81640256099574|0.866231747956538|-0.104940806004988|1.19627621250279|-0.0920257200726656|-0.333168470831501|-0.0108075500633824|-0.119099546202151|-0.635930945524567|-0.204529992106122,dt4,Definitive_rep3
Ca-074-Me,Cytoplasm_AGP_Profile,Mahalanobis distance (cutoff = 1),9,0.8518946031153483,poly1,3.622503885066004,0.4481942512074129,0.30859915094521106,NA,NA,NA,NA,NA,NA,-0.9681384302802444,1.1492058196026047,3.3742965802149403,4.122433825876232,3.3120236551648725e-12,-15.727704409072572,0.999996529155686,5,NA,3.0859915094521106,0.5,1,2,2.7605215390453046,2.7605215390453046,3.7239435561721153,10|10|10|7.5|7.5|7.5|3.16227766016838|3.16227766016838|3.16227766016838|1|1|1|0.316227766016838|0.316227766016838|0.316227766016838|0.1|0.1|0.1|0.0316227766016838|0.0316227766016838|0.0316227766016838|0.01|0.01|0.01,2.96694786593769|3.9065689978547|2.84941744956863|2.17836907029498|2.33139797506457|2.41133443702806|0.585332500654022|1.67174224933103|1.04215590228095|-0.279694569218949|-0.00485323484927325|0.00263397210070937|-0.146879325268297|0.21888725383293|0.382161940275719|0.477665579289136|0.764093193603813|1.03454135399611|-0.422443878702085|-0.351885021671766|0.562902196785592|-0.00890789542998904|0.591670493610074|-0.00460091848733546,dt4,Definitive_rep3
Ca-074-Me,Cytoplasm_ER_Profile,Mahalanobis distance (cutoff = 1),16,0.8518946031153483,poly1,9.745375350465878,1.6628432856161761,0.8302032666395228,NA,NA,NA,NA,NA,NA,0.2845524528250261,1.1492058196026047,1.1787847003864014,1.7184446659944543,1.0288459521198986e-8,-46.574437190177946,0.9999999615979046,5,NA,8.302032666395228,0.5,1,2,1.026127741659735,1.026127741659735,1.3842463234989821,10|10|10|7.5|7.5|7.5|3.16227766016838|3.16227766016838|3.16227766016838|1|1|1|0.316227766016838|0.316227766016838|0.316227766016838|0.1|0.1|0.1|0.0316227766016838|0.0316227766016838|0.0316227766016838|0.01|0.01|0.01,9.46465612962667|11.1202438068276|8.19266462340393|3.52647700755945|3.83891116384177|3.19567676294118|1.99822989641026|5.05043713343862|3.58817257766256|1.10736939821543|1.78743638975399|1.70371344270524|0.34865170776412|1.93591648008288|1.9345457188645|0.463196513704638|-0.0819619307258104|0.362755306337191|-0.319354377779104|1.96188289109368|3.96458358854337|0.071350352168787|0.814010766699385|0.202343003215364,dt4,Definitive_rep3
Ca-074-Me,Cytoplasm_DNA_Profile,Mahalanobis distance (cutoff = 1),9,0.8518946031153483,exp2,15.308016004744735,1.4999989424078826,0.9238183545808792,3.6821998687344015,NA,NA,NA,NA,NA,-0.11609509404217688,1.1492058196026047,2.8741335446203102,3.109173532800906,3.110357919479491e-13,-39.96122883883175,0.9999999971882451,7.683567568654695,NA,13.040816218845414,1.9664436310058924,3.24143774526876,4.938194139652265,2.4061033882711462,2.4061033882711462,2.976131811604337,10|10|10|7.5|7.5|7.5|3.16227766016838|3.16227766016838|3.16227766016838|1|1|1|0.316227766016838|0.316227766016838|0.316227766016838|0.1|0.1|0.1|0.0316227766016838|0.0316227766016838|0.0316227766016838|0.01|0.01|0.01,17.9321670354575|13.6483005475714|11.33614293981|7.1369037059734|5.24947180686392|4.70505591176516|2.05810746881673|3.34390557540413|5.05352033633238|-0.411713344047631|-0.628928340220775|-0.667759557936445|-0.226693609436434|0.544235079529262|0.125397543472041|-0.021651458685761|-0.143859526166287|0.134543229363227|-0.42173348462503|0.111477574926065|-0.349699564275534|-0.136816883412969|-0.675889609523843|-0.293979436871551,dt4,Definitive_rep3
Ca-074-Me,Membrane_AGP_Texture,Mahalanobis distance (cutoff = 1),6,0.8518946031153483,exp2,5.6963450671039135,1.0476204302400547,1.0333029806111275e-10,0.4069569656448718,NA,NA,NA,NA,NA,-0.4594018726783242,1.1492058196026047,9.33921072957466,9.506018536514132,1.009607791874565e-5,-30.079857974726544,0.9995890809737259,9.717918926662692,NA,4.85268562014856,8.7808658842347,9.062946957494017,9.345028030796664,9.2919661978565,9.2919661978565,9.413794290856062,10|10|10|7.5|7.5|7.5|3.16227766016838|3.16227766016838|3.16227766016838|1|1|1|0.316227766016838|0.316227766016838|0.316227766016838|0.1|0.1|0.1|0.0316227766016838|0.0316227766016838|0.0316227766016838|0.01|0.01|0.01,9.06479764149895|5.1467550034024|3.76342252545834|0.370366354486287|-0.275001256582081|-0.474722216778006|-0.263901608029611|0.762385363049797|-0.348207521089959|-0.697133557512139|-0.491705460350585|-0.650014783552601|-0.608893921348144|0.977903963026287|0.86617683107175|-0.448419704219216|1.10716696815486|-0.165684838670962|-0.400150825778811|-0.533062371510778|-0.666213631535835|-0.548803855613982|-0.356212069153821|-0.329683432398513,dt4,Definitive_rep3
Ca-074-Me,Nucleus_DNA_Texture,Mahalanobis distance (cutoff = 1),6,0.8518946031153483,pow,12.320402038948982,1.666598214011567,8.719704332479359e-4,NA,NA,4.080508987737149,NA,NA,NA,-0.37583685966989266,1.1492058196026047,5.698538085572073,5.933729881881102,1.0262522900844492e-10,-36.585179437256095,0.999999538042636,8.437763366205695,NA,10.49568400519197,4.799100834156795,5.687645677974094,6.74070299334754,5.404099338824596,5.404099338824596,5.815472719858129,10|10|10|7.5|7.5|7.5|3.16227766016838|3.16227766016838|3.16227766016838|1|1|1|0.316227766016838|0.316227766016838|0.316227766016838|0.1|0.1|0.1|0.0316227766016838|0.0316227766016838|0.0316227766016838|0.01|0.01|0.01,17.4846768854189|9.86420825226134|10.725276055188|5.13447885698537|0.627579727766209|3.32119826065645|-0.573851983618012|-0.267346017176454|-0.479692646692799|-0.126969954244387|-0.608579699927715|-0.362942114983991|0.381932374666994|-0.46490841151523|-0.364275608645575|-0.137833588832815|1.88900884024481|-0.327421307657485|-0.12385943859693|-0.0941510528017555|-0.672497297047809|-0.39746458378199|-0.629559385819666|-0.534586067220429,dt4,Definitive_rep3
Ca-074-Me,Nucleus_RNA_Intensity,Mahalanobis distance (cutoff = 1),8,0.8518946031153483,exp2,7.838142407711867,0.6281357170949826,0.24572081174200988,2.995440326440157,NA,NA,NA,NA,NA,-0.5794257727689238,1.1492058196026047,5.043392956681972,5.40255088633239,5.872504817268758e-12,-24.41082763983902,0.999999044209708,8.028194154793889,NA,6.677271215579282,2.570433077734926,3.933104202345785,5.576693856200715,4.483273503298529,4.483273503298529,5.201285934846758,10|10|10|7.5|7.5|7.5|3.16227766016838|3.16227766016838|3.16227766016838|1|1|1|0.316227766016838|0.316227766016838|0.316227766016838|0.1|0.1|0.1|0.0316227766016838|0.0316227766016838|0.0316227766016838|0.01|0.01|0.01,6.71775844112634|7.77604340896748|5.46130849675784|3.13544307684695|2.74568944314733|1.98602474247967|0.410816604597943|1.65507519233455|1.06487900660959|-0.606609085076146|-0.622653359717936|-0.563033169896351|-0.706548857632898|-0.227212205160394|-0.15451637501014|-0.250101470572859|-0.539441070127366|-0.435127636489662|-0.438370401754552|-0.531323226739286|-0.126350422148427|-0.469258852029147|-0.720845104517632|-0.598544234116955,dt4,Definitive_rep3
Ca-074-Me,Nucleus_DNA_Intensity,Mahalanobis distance (cutoff = 1),3,0.8518946031153483,pow,5.190830823536494,0.548927906766921,4.381339791518235e-7,NA,NA,7.004015805905883,NA,NA,NA,-0.906606639150099,1.1492058196026047,8.136884427384736,8.413408372563337,1.5655508881313545e-7,-18.062257878697785,0.9997085493412212,9.057750876962535,NA,4.422040764255538,6.519963089259434,7.19821419006157,7.947021603750986,7.904636208372031,7.904636208372031,8.249818120738656,10|10|10|7.5|7.5|7.5|3.16227766016838|3.16227766016838|3.16227766016838|1|1|1|0.316227766016838|0.316227766016838|0.316227766016838|0.1|0.1|0.1|0.0316227766016838|0.0316227766016838|0.0316227766016838|0.01|0.01|0.01,4.68992623593151|4.47065059718503|2.51404474329249|0.850768711297732|0.39566263758593|0.541568601130127|-0.536263945759064|0.0880364902376659|-0.333990849650405|0.227320072189799|-0.319473187875855|-0.436902636657187|-0.209102348562372|-0.620492995287148|-0.582700464366102|-0.619197612621317|-0.208460696274915|-0.495945194341297|-0.601619259163833|0.127716643140475|-0.306324816813509|-0.425320417155955|-0.604980132737555|-0.441868964993841,dt4,Definitive_rep3
Ca-074-Me,Nucleus_RNA_Texture,Mahalanobis distance (cutoff = 1),7,0.8518946031153483,pow,3.29885844528886,0.8046534300885952,7.737227621051296e-4,NA,NA,3.5601641736776903,NA,NA,NA,-0.4658579975586118,1.1492058196026047,7.133565739028517,8.767383950435104,0.0013273955406287777,-28.49874913607533,0.9964660399391287,8.230854258334409,NA,2.8102797059830684,4.310811063671755,5.237379898091026,6.363106105040986,7.151529578521155,7.151529578521155,7.778887052644873,10|10|10|7.5|7.5|7.5|3.16227766016838|3.16227766016838|3.16227766016838|1|1|1|0.316227766016838|0.316227766016838|0.316227766016838|0.1|0.1|0.1|0.0316227766016838|0.0316227766016838|0.0316227766016838|0.01|0.01|0.01,5.17360478197876|1.4128822510702|2.88773853959218|1.35205977291972|-0.143778702490225|1.4700958653126|0.0332484421414819|-0.491716968070384|-0.000658902238621084|-0.59440589086913|-0.200886089094298|-0.0880406767517381|-0.452891552313197|1.29837226588849|0.555470869354653|-0.16574339182623|0.90053036744617|-0.310606527679435|-0.634804711894288|-0.523890168355553|-0.462967518694095|-0.755996312524316|-0.748841253076378|-0.694626068211294,dt4,Definitive_rep3
Ca-074-Me,Nucleus_RNA_Profile,Mahalanobis distance (cutoff = 1),14,0.8518946031153483,exp4,3.616834446666016,1.1856189764691603,NA,NA,3.081161745476466,NA,NA,0.9103646254220872,NA,-0.051003718701775835,1.1492058196026047,0.30800705607837214,1.2435755328927431,4.2258103339015174e-7,-38.35118651388112,0.9999991185480372,0.9103646254220872,NA,3.081161745476466,0.06736751160708064,0.1383782392271014,0.2930719495149797,0.4250537112065619,0.4250537112065619,0.6130506784845408,10|10|10|7.5|7.5|7.5|3.16227766016838|3.16227766016838|3.16227766016838|1|1|1|0.316227766016838|0.316227766016838|0.316227766016838|0.1|0.1|0.1|0.0316227766016838|0.0316227766016838|0.0316227766016838|0.01|0.01|0.01,3.63211789051182|5.05974412246197|1.95899436694714|2.47618497663851|2.17584106566888|2.19730576705567|3.36724262151878|5.72848237681009|5.21746339620643|0.102400520759391|1.23733354236927|1.26208530866661|-0.373906789816508|1.90914334626866|2.64805664120655|0.293642927506761|-0.23048807477915|0.0533926596037188|-0.223703714772115|-0.461007387576139|-0.031570203036884|1.01916641397901|-0.705262952749178|-0.451439055243138,dt4,Definitive_rep3
Ca-074-Me,Nucleus_RNA_Radial,Mahalanobis distance (cutoff = 1),9,0.8518946031153483,exp2,13.437467918793436,0.7412865094562338,0.7322659336428368,3.5569825434479965,NA,NA,NA,NA,NA,-0.5333679004411027,1.1492058196026047,3.2664374139108627,3.436762007592783,1.0451471217114318e-16,-26.941396915031177,0.9999999974821625,7.742159999075062,NA,11.447306399555758,2.0542711364321686,3.3481324132933143,5.0418097866594875,2.74480309922977,2.74480309922977,3.3566029614111357,10|10|10|7.5|7.5|7.5|3.16227766016838|3.16227766016838|3.16227766016838|1|1|1|0.316227766016838|0.316227766016838|0.316227766016838|0.1|0.1|0.1|0.0316227766016838|0.0316227766016838|0.0316227766016838|0.01|0.01|0.01,13.3351965624311|10.5263089470816|11.4216599425173|5.59974380789207|4.32083061353352|6.80752035891221|0.346937400316639|0.706178154684398|0.946771250325493|1.47832403599662|0.675067785243465|0.385476142136957|0.319725891187624|-0.177445870345669|1.10911431322094|0.0209433696288139|0.789707737824749|0.678915709057809|-0.393474688157613|-0.387601317000833|-0.628085379236637|0.342149197896562|0.0126122480438163|0.116081507608418,dt4,Definitive_rep3
Ca-074-Me,Nucleus_RNA_Axial,Mahalanobis distance (cutoff = 1),9,0.8518946031153483,poly1,4.525060889939834,0.6533095128557721,0.38548749509080793,NA,NA,NA,NA,NA,NA,-0.5473335433779927,1.1492058196026047,2.672521270978543,3.407104271607309,5.324420913098536e-10,-25.224697505246034,0.9999957134820423,5,NA,3.854874950908079,0.5,1,2,2.2099150140127644,2.2099150140127644,2.981175353903219,10|10|10|7.5|7.5|7.5|3.16227766016838|3.16227766016838|3.16227766016838|1|1|1|0.316227766016838|0.316227766016838|0.316227766016838|0.1|0.1|0.1|0.0316227766016838|0.0316227766016838|0.0316227766016838|0.01|0.01|0.01,4.140277031894|4.29832722252417|3.84307428404073|2.51621784790149|1.58643125858101|3.02626825979711|0.412854334814547|2.25264310726139|1.49178061063284|0.296082960903441|-0.105428418419608|-0.499724453202009|-0.569955497055577|-0.32301040240293|-0.534338567649249|-0.405630325354442|0.672510246485022|-0.536870935391125|0.572960155961927|1.38810954009308|0.682872636070378|-0.318894834064108|-0.536142824455165|-0.429840334718431,dt4,Definitive_rep3
Ca-074-Me,Nucleus_RNA_Compactness,Mahalanobis distance (cutoff = 1),9,0.8518946031153483,exp2,8.903042002795965,1.121031192669808,1.0394001097536218,4.726147400492294,NA,NA,NA,NA,NA,-0.4052053867323812,1.1492058196026047,3.327872387713516,3.7735316850966982,1.1707945203157906e-11,-32.925082386695365,0.9999999209210152,7.261912158241173,NA,7.584453433491144,1.4700341185995698,2.589670010755707,4.253124184194296,2.829156425460163,2.829156425460163,3.5191888398735927,10|10|10|7.5|7.5|7.5|3.16227766016838|3.16227766016838|3.16227766016838|1|1|1|0.316227766016838|0.316227766016838|0.316227766016838|0.1|0.1|0.1|0.0316227766016838|0.0316227766016838|0.0316227766016838|0.01|0.01|0.01,7.95201995082453|10.0221035546379|6.21787416544236|3.43112865757824|3.0073313561475|7.91112002875078|0.94355906955344|2.00261946905355|2.61493536751433|-0.16552515247852|0.849307678564558|-0.0831674747807598|-0.319602445918409|0.268961528921482|0.821220577957895|-0.260671751584657|-0.290942432900099|-0.231711592666734|-0.509870243860906|-0.240380792455428|-0.172480362075306|0.001553546158092|-0.268420918192047|0.252542186514713,dt4,Definitive_rep3
Ca-074-Me,Nucleus_RNA_Symmetry,Mahalanobis distance (cutoff = 1),21,0.8518946031153483,poly1,33.279971687994085,1.934775674776001,2.8351028272833743,NA,NA,NA,NA,NA,NA,0.47765887167706933,1.1492058196026047,0.3822317702080321,0.43082830559511276,2.6997290735053795e-19,-50.605627967674344,0.9999999999999603,5,NA,28.351028272833744,0.5000000000000001,1.0000000000000002,2.0000000000000004,0.3004810248563869,0.3004810248563869,0.4053489025312658,10|10|10|7.5|7.5|7.5|3.16227766016838|3.16227766016838|3.16227766016838|1|1|1|0.316227766016838|0.316227766016838|0.316227766016838|0.1|0.1|0.1|0.0316227766016838|0.0316227766016838|0.0316227766016838|0.01|0.01|0.01,27.9577795547013|31.1379386878141|24.1480434745613|21.1491644845666|19.6012368293209|23.7686594022076|8.17682720261601|13.1611230868715|9.8919820197217|1.02331034504833|1.85336650484389|1.48950773725604|0.437101660344271|1.2045514111431|1.7337313757398|0.64096655379904|2.24139724371448|1.26887455470723|1.95338506036647|3.32209267149584|0.989047567005084|2.25642573169357|0.228549861457225|2.12253457349979,dt4,Definitive_rep3
Ca-074-Me,Cell_DNA_Radial,Mahalanobis distance (cutoff = 1),11,0.8518946031153483,poly1,10.440996437682228,1.9606307041850686,0.8894628516408067,NA,NA,NA,NA,NA,NA,0.11596952204222369,1.1492058196026047,1.0936155012402975,1.4903107417478467,2.983449549055493e-11,-46.02688100621672,0.999999998806854,5,NA,8.894628516408067,0.5,1,2,0.9577629931861058,0.9577629931861058,1.2920222778080568,10|10|10|7.5|7.5|7.5|3.16227766016838|3.16227766016838|3.16227766016838|1|1|1|0.316227766016838|0.316227766016838|0.316227766016838|0.1|0.1|0.1|0.0316227766016838|0.0316227766016838|0.0316227766016838|0.01|0.01|0.01,12.2684984565292|11.2255107928067|7.89563036576822|5.59794379639298|5.76073347861351|5.79068810490075|3.48389270302603|9.38867189168387|7.33490780699779|0.217627235492845|0.151437797851122|-0.332914094144862|-0.10917751656185|0.250129099675225|1.47166997459523|-0.0275594027747603|-0.391724874796647|0.483449128783538|0.074173738493631|1.57705766647921|0.187654918197527|-0.0787065992075324|-0.58846461301346|-0.532479759496886,dt4,Definitive_rep3
Ca-074-Me,Cell_Mito_Radial,Mahalanobis distance (cutoff = 1),9,0.8518946031153483,poly1,3.2674810124003693,1.46222389236548,0.2783549440245749,NA,NA,NA,NA,NA,NA,-0.33937951525459265,1.1492058196026047,3.232617157740299,5.646215282571333,1.7853224926187163e-5,-37.4942968826029,0.9999648004237318,5,NA,2.783549440245749,0.5,1,2,3.060461548835065,3.060461548835065,4.128562629378502,10|10|10|7.5|7.5|7.5|3.16227766016838|3.16227766016838|3.16227766016838|1|1|1|0.316227766016838|0.316227766016838|0.316227766016838|0.1|0.1|0.1|0.0316227766016838|0.0316227766016838|0.0316227766016838|0.01|0.01|0.01,3.76505896180871|3.80238840347833|2.28335938218487|1.7045967765951|1.11204160081225|0.832057759338031|1.62091888651348|5.24248088962334|5.0455356332686|-0.264400086846322|0.232970206943152|0.301666598148589|-0.141965584917523|0.0160210645551917|0.037423848768468|0.391078351971124|0.178420163417637|0.240189235596933|-0.176539991486886|-0.169538467182701|0.0828995155452155|2.93883001813552|0.326798656825371|0.327753605158794,dt4,Definitive_rep3
Ca-074-Me,Cell_Mito_Axial,Mahalanobis distance (cutoff = 1),13,0.8518946031153483,exp5,5.186187374564833,1.4892707928518611,NA,NA,4.4180850351367384,7.999995653520422,NA,2.250998571051763,NA,0.04089517566141601,1.1492058196026047,1.045667662457637,2.5488529184282127,5.4121597819193417e-8,-41.49915012485035,0.99999983748139,2.250998571051763,NA,4.4180850351367384,1.6256593043237342,1.778716431596409,1.953642281238839,1.9436880847028923,1.9436880847028923,2.0283343576070707,10|10|10|7.5|7.5|7.5|3.16227766016838|3.16227766016838|3.16227766016838|1|1|1|0.316227766016838|0.316227766016838|0.316227766016838|0.1|0.1|0.1|0.0316227766016838|0.0316227766016838|0.0316227766016838|0.01|0.01|0.01,6.36032716078387|6.08602607486538|3.68032396020645|3.35828874859048|3.56644932755446|2.98534703205871|3.38235441774329|5.76126364043688|6.89970275835313|0.127194920888134|-0.284584198563758|-0.148775489137486|-0.462157423776768|0.356374352087843|-0.388738281936001|-0.0149806079546948|-0.540361234482277|-0.742913246767419|0.926668188638215|1.3394520571899|1.35112576575423|5.1479315542194|-0.696238580414434|-0.521629870628278,dt4,Definitive_rep3
Ca-074-Me,Cell_AGP_Radial,Mahalanobis distance (cutoff = 1),16,0.8518946031153483,poly1,9.605442807244469,1.44845797799904,0.8182824888024703,NA,NA,NA,NA,NA,NA,0.03025991263978405,1.1492058196026047,1.2692455098914586,1.5693052470178788,9.565236864133133e-12,-41.405167470574646,0.9999999985110917,5,NA,8.182824888024703,0.5,1,2,1.041076418929688,1.041076418929688,1.404412089136149,10|10|10|7.5|7.5|7.5|3.16227766016838|3.16227766016838|3.16227766016838|1|1|1|0.316227766016838|0.316227766016838|0.316227766016838|0.1|0.1|0.1|0.0316227766016838|0.0316227766016838|0.0316227766016838|0.01|0.01|0.01,8.24129400999268|9.86164943542562|8.17115667076789|6.05192510726649|5.03201525056605|4.96724459223646|1.90405176510786|7.02068171784233|5.90196372994672|-0.275618584979689|0.838847159624782|0.306705390065139|1.30958567024274|1.57720193045388|0.914933932701653|0.373876405231889|0.674531161013616|1.44227624429443|0.301479642856415|1.00745715009116|1.85758615997177|1.51857574136592|-0.304189167051498|-0.184056653698019,dt4,Definitive_rep3
Ca-074-Me,Cell_AGP_Axial,Mahalanobis distance (cutoff = 1),4,0.8518946031153483,exp2,2.348622138012598,0.5312221417171032,0.004606756588405803,1.645801352959071,NA,NA,NA,NA,NA,-0.7444716671474947,1.1492058196026047,8.661124396301368,9.775010529770244,0.0017056032905331641,-20.443403497286315,0.977232306908995,8.862993819534555,NA,2.0007785241301628,5.139930028634175,6.244081875207796,7.366238740473139,8.599858238066222,8.599858238066222,9.090259504399567,10|10|10|7.5|7.5|7.5|3.16227766016838|3.16227766016838|3.16227766016838|1|1|1|0.316227766016838|0.316227766016838|0.316227766016838|0.1|0.1|0.1|0.0316227766016838|0.0316227766016838|0.0316227766016838|0.01|0.01|0.01,2.00197423866389|1.0543902960672|2.96595910948216|0.596967083847075|0.199494719151125|0.48680664298476|-0.487871369559028|0.934905391624666|0.257389153916641|-0.34636000134908|-0.311948601082555|-0.285252933682634|-0.527385458024345|-0.406090614383557|-0.708492672839202|-0.336426459854175|-0.530034830667767|-0.750706995326342|0.204722876325776|0.284953893292198|0.753199164512449|-0.25209002075605|-0.689958907860031|-0.525211858629397,dt4,Definitive_rep3
Ca-074-Me,Cell_AGP_Compactness,Mahalanobis distance (cutoff = 1),19,0.8518946031153483,pow,8.833442057953942,0.98763481682386,1.8689488662989584,NA,NA,0.6049184121888636,NA,NA,NA,-0.22179592112967572,1.1492058196026047,0.3995085145694639,0.5049561469008056,5.056463481970203e-14,-34.240459601382284,0.9999999999787655,3.179527970909746,NA,7.525161616103099,0.07067196316719598,0.2222718712141881,0.6990719164851074,0.2728587565935005,0.2728587565935005,0.44757174734993116,10|10|10|7.5|7.5|7.5|3.16227766016838|3.16227766016838|3.16227766016838|1|1|1|0.316227766016838|0.316227766016838|0.316227766016838|0.1|0.1|0.1|0.0316227766016838|0.0316227766016838|0.0316227766016838|0.01|0.01|0.01,7.53779000657841|7.21893966608174|7.27708101454654|6.84830424582912|6.18729404432518|6.80798753983746|3.20747861006927|5.30756096096486|4.04743288827961|0.267330055266173|1.04557011101556|0.83436855450444|0.947557773599408|0.875582312167059|0.366411416571166|0.561160069241536|0.987202068070301|2.00174548002969|2.11177544363465|1.69436964461352|2.4722784785807|0.983927075469661|0.0405762473851594|1.19946864700623,dt4,Definitive_rep3
Ca-074-Me,Cell_AGP_Symmetry,Mahalanobis distance (cutoff = 1),21,0.8518946031153483,pow,15.239141503217457,2.080001167096017,3.04826172940718,NA,NA,0.629294115051896,NA,NA,NA,0.4996138022197417,1.1492058196026047,0.181498126624838,0.2516866067130923,3.4706693971870276e-12,-51.59662544931777,0.999999999890511,3.323828665440897,NA,12.982142402702067,0.08561631884406666,0.25758343001927836,0.774960011319087,0.13187991779809985,0.13187991779809985,0.21221609896862684,10|10|10|7.5|7.5|7.5|3.16227766016838|3.16227766016838|3.16227766016838|1|1|1|0.316227766016838|0.316227766016838|0.316227766016838|0.1|0.1|0.1|0.0316227766016838|0.0316227766016838|0.0316227766016838|0.01|0.01|0.01,12.8550300899472|15.9699642532918|11.8326152863463|8.73081818407374|11.7990281926178|11.5361457732531|3.14813014030155|10.3544649577595|5.44023122621428|4.55722279417892|1.41481450219277|1.26671463533831|0.902139750926265|0.592239878656799|1.85293457304564|1.94092472316143|1.57797412746122|1.88380647678334|2.28832871180618|3.26329456852696|6.02067044472047|1.85399711059878|0.497097350285402|0.624716302115349,dt4,Definitive_rep3
Ca-074-Me,Cell_ER_Radial,Mahalanobis distance (cutoff = 1),11,0.8518946031153483,poly1,8.229217208605048,1.8709135595411894,0.7010425727874592,NA,NA,NA,NA,NA,NA,-0.21603434275424574,1.1492058196026047,1.4927330978885491,1.8134903895202532,1.6673409795222515e-11,-40.711811996433916,0.9999999996141327,5,NA,7.010425727874592,0.5000000000000001,1.0000000000000002,2.0000000000000004,1.2151824100041126,1.2151824100041126,1.6392810710955479,10|10|10|7.5|7.5|7.5|3.16227766016838|3.16227766016838|3.16227766016838|1|1|1|0.316227766016838|0.316227766016838|0.316227766016838|0.1|0.1|0.1|0.0316227766016838|0.0316227766016838|0.0316227766016838|0.01|0.01|0.01,7.0851822236129|8.08263687819011|6.74167678356639|4.69248193974163|5.14833855510114|3.80494633186578|4.16118966336415|9.28787488134901|6.82930190136967|0.432645660956026|0.407383924473102|0.483235541134229|0.714859653835172|1.21545972537641|1.69243696068286|0.264030558543697|-0.0522256785158465|0.266981925104343|-0.606732146719085|-0.580357542929081|-0.280767630546019|0.677507214476354|-0.519080253077331|0.136224489099354,dt4,Definitive_rep3
Ca-074-Me,Cell_ER_Axial,Mahalanobis distance (cutoff = 1),14,0.8518946031153483,hill,9.066440767955214,1.3124320565607284,NA,NA,7.72365195968602,4.156896999099587,NA,2.1267558414231784,NA,-0.06955421672359532,1.1492058196026047,1.0766778087719335,1.7710295997261738,5.416934302615792e-13,-39.0103866640193,0.9999999999296348,2.1267558414231784,NA,7.72365195968602,1.0473587907865833,1.2536063588973818,1.5236444751367653,1.287071126528207,1.287071126528207,1.3979758173273669,10|10|10|7.5|7.5|7.5|3.16227766016838|3.16227766016838|3.16227766016838|1|1|1|0.316227766016838|0.316227766016838|0.316227766016838|0.1|0.1|0.1|0.0316227766016838|0.0316227766016838|0.0316227766016838|0.01|0.01|0.01,8.52497140922797|11.8787837233371|7.93376332372321|6.02311124943766|7.73389494929844|6.64737091043993|4.13353222271737|7.03502967202702|6.99209877206718|-0.234724439990526|0.752514553836456|0.292743250598399|-0.18830358556444|1.4154253538934|2.32831279467842|0.977225690171694|-0.162730375760129|0.687603036250705|0.476478531344864|0.900771473085678|1.30576654436687|0.649881440284262|-0.722937414954573|-0.528741459224976,dt4,Definitive_rep3
Ca-074-Me,Cell_ER_Compactness,Mahalanobis distance (cutoff = 1),21,0.8518946031153483,pow,19.391297501787268,2.973332937048209,3.9002975761313556,NA,NA,0.6268949931841625,NA,NA,NA,0.8969939460522981,1.1492058196026047,0.11188314837875066,0.18887083952104436,8.044817082207277e-11,-60.67706494704782,0.999999999491223,3.3098471931378604,NA,16.51934168917671,0.08407066104903893,0.2540016385751535,0.7674119793256992,0.08831948809036069,0.08831948809036069,0.14237930132953638,10|10|10|7.5|7.5|7.5|3.16227766016838|3.16227766016838|3.16227766016838|1|1|1|0.316227766016838|0.316227766016838|0.316227766016838|0.1|0.1|0.1|0.0316227766016838|0.0316227766016838|0.0316227766016838|0.01|0.01|0.01,18.1176325653709|21.4446544478615|13.1955525919323|16.943620004186|10.7865195234864|9.96830863725951|4.67325300533361|16.0416659515551|12.4525461829271|1.32614114570058|1.17838535525347|2.10312860562307|3.469427071064|2.02250620198941|2.41536398041779|1.58673224487018|1.61330308950729|4.72825080634138|0.509435131605629|1.41202410574439|2.5392076680199|0.235198274916603|2.41705333975968|-0.0113370175698218,dt4,Definitive_rep3
Ca-074-Me,Cell_ER_Symmetry,Mahalanobis distance (cutoff = 1),23,0.8518946031153483,pow,25.706636358621243,3.301032407641819,7.761647661487783,NA,NA,0.4504771969371282,NA,NA,NA,0.9501525219327702,1.1492058196026047,0.01188075259522269,0.017699545230523566,6.369648109271967e-14,-62.7692535860908,0.999999999999805,2.1466097037476204,NA,21.899344778158223,0.012938528828434206,0.06027424923052248,0.2807881149763451,0.007411146414102901,0.007411146414102901,0.014404387123785339,10|10|10|7.5|7.5|7.5|3.16227766016838|3.16227766016838|3.16227766016838|1|1|1|0.316227766016838|0.316227766016838|0.316227766016838|0.1|0.1|0.1|0.0316227766016838|0.0316227766016838|0.0316227766016838|0.01|0.01|0.01,20.7072082909569|29.441422367846|23.4499930104434|17.1946921548403|20.8426840913436|16.1716118789979|11.3141538232768|19.8355998666801|12.9881344684867|8.38407819242558|5.08903113599506|4.42190776073225|3.93953114233657|5.09059451250168|3.3780884588111|3.89924943726099|1.20803859600494|2.77169927357704|6.58926290480068|6.87361915696882|8.04022273396663|2.49502766588196|0.48339425562659|4.89783240266222,dt4,Definitive_rep3
Ca-074-Me,Nucleus_DNA_Profile,Mahalanobis distance (cutoff = 1),9,0.8518946031153483,exp5,3.5022277940014463,1.1181030579245932,NA,NA,2.983528956590404,7.999999761720587,NA,2.311751773304601,NA,-0.1677792298784102,1.1492058196026047,1.1624249656746126,2.8036360975472023,3.43917444910602e-6,-36.18592709734169,0.9999949442342887,2.311751773304601,NA,2.983528956590404,1.669535225829231,1.826723221893917,2.00637014822027,2.1118623493656883,2.1118623493656883,2.2116464424157085,10|10|10|7.5|7.5|7.5|3.16227766016838|3.16227766016838|3.16227766016838|1|1|1|0.316227766016838|0.316227766016838|0.316227766016838|0.1|0.1|0.1|0.0316227766016838|0.0316227766016838|0.0316227766016838|0.01|0.01|0.01,4.63385835738471|4.51712000131318|2.73748811892581|2.1298547453528|1.11150941247164|2.07587081760425|2.0110850654645|5.95011052506677|5.48495891780168|-0.563014388118652|-0.622601115847842|-0.565338466305729|-0.714343662167981|0.137248243096861|0.528947982317414|-0.119552584094733|-0.673619968152252|-0.24892466159926|-0.336824220957438|-0.426235340827692|-0.727880219091604|-0.0889164067485201|-0.676480389825482|-0.373131232488918,dt4,Definitive_rep3
Ca-074-Me,Nucleus_DNA_Radial,Mahalanobis distance (cutoff = 1),11,0.8518946031153483,exp2,12.433059490680602,0.9624559721254775,1.934993306690604,5.354022778039981,NA,NA,NA,NA,NA,-0.3137918278761493,1.1492058196026047,2.4114095815595378,2.583741937323879,6.6149752176578745e-15,-32.564584311454645,0.9999999992890549,7.057933988574488,NA,10.591656280322866,1.2952235932002707,2.337349515520939,3.9589441052715646,1.9532634847737016,1.9532634847737016,2.495981994059356,10|10|10|7.5|7.5|7.5|3.16227766016838|3.16227766016838|3.16227766016838|1|1|1|0.316227766016838|0.316227766016838|0.316227766016838|0.1|0.1|0.1|0.0316227766016838|0.0316227766016838|0.0316227766016838|0.01|0.01|0.01,9.86720431946007|11.9971371603161|10.5546080779284|6.73299790049458|5.02346203987153|5.56379406682832|0.877248020361875|3.56852483893213|3.30879759977935|0.759648527744004|-0.0697363704935416|-0.286722506337958|-0.462557678062268|-0.471935755822034|-0.417973608263664|0.208497432086614|2.69736973135148|0.477053466230907|0.90774080763486|0.188953444004607|0.0166577756693104|0.0122372375678594|-0.425149897358115|0.679732303231676,dt4,Definitive_rep3
Ca-074-Me,Nucleus_DNA_Axial,Mahalanobis distance (cutoff = 1),10,0.8518946031153483,exp2,11.946536814028503,1.0482660906907963,1.096371765515039,4.291009380948916,NA,NA,NA,NA,NA,-0.47245136117786574,1.1492058196026047,3.0047526808660616,3.161338419279592,4.188671792410537e-15,-30.687177761085735,0.9999999995355183,7.423941061936491,NA,10.17719023778971,1.6359967209400492,2.81755614358958,4.5038636970937365,2.4670454808646296,2.4670454808646296,3.076466772027927,10|10|10|7.5|7.5|7.5|3.16227766016838|3.16227766016838|3.16227766016838|1|1|1|0.316227766016838|0.316227766016838|0.316227766016838|0.1|0.1|0.1|0.0316227766016838|0.0316227766016838|0.0316227766016838|0.01|0.01|0.01,9.23992106460322|10.8913728535237|10.3123854202205|4.92017838340774|5.55134336302698|4.84588441551334|1.14493090748244|5.13728103094574|3.07028616368372|0.240639890905768|-0.343878015671837|-0.537469484056886|-0.720379411961521|-0.119497689066266|-0.0683724938640361|-0.391312171249756|0.753120957463914|-0.310227260403315|0.558841295752349|1.40062904919787|0.1258953191455|0.318407093156907|-0.583941930648384|-0.51129111731767,dt4,Definitive_rep3
Ca-074-Me,Nucleus_DNA_Compactness,Mahalanobis distance (cutoff = 1),7,0.8518946031153483,pow,16.795874226515753,0.8336732583924631,0.0012422620531558556,NA,NA,4.06137526153837,NA,NA,NA,-0.7959957927292884,1.1492058196026047,5.318410552228399,5.430042972036597,7.677554334731374e-19,-23.186401004380883,0.9999999981847965,8.431013562633987,NA,14.308314608172944,4.7825307720675045,5.672545461513127,6.728189225852616,4.992615765688177,4.992615765688177,5.37452327533213,10|10|10|7.5|7.5|7.5|3.16227766016838|3.16227766016838|3.16227766016838|1|1|1|0.316227766016838|0.316227766016838|0.316227766016838|0.1|0.1|0.1|0.0316227766016838|0.0316227766016838|0.0316227766016838|0.01|0.01|0.01,17.7211794398165|13.7258790856603|14.4970945789418|4.95467644160202|4.48109253770442|3.94134932219833|0.256603171876307|-0.130704817086751|-0.0131765089571765|-0.272483602788021|-0.00638458699362821|-0.124085270413037|-0.675888347513278|0.0733307112290881|-0.129463234787853|-0.430777607572439|1.18902306604191|-0.522498700764523|-0.589331585346086|0.673443422460347|-0.306658127163795|-0.505401665898529|-0.653165545254911|-0.133851302976014,dt4,Definitive_rep3
Ca-074-Me,Nucleus_DNA_Symmetry,Mahalanobis distance (cutoff = 1),11,0.8518946031153483,exp2,12.930944495305301,1.2012682542279292,2.3784131430374975,5.785733316691704,NA,NA,NA,NA,NA,-0.3280433222268109,1.1492058196026047,2.216002595368756,2.3592506881948876,9.852852498974228e-15,-34.223839389392204,0.9999999998279662,6.935331568982693,NA,11.015801828734707,1.205150509279237,2.2020319172586227,3.7931787258669414,1.7712669125018436,1.7712669125018436,2.280675958738013,10|10|10|7.5|7.5|7.5|3.16227766016838|3.16227766016838|3.16227766016838|1|1|1|0.316227766016838|0.316227766016838|0.316227766016838|0.1|0.1|0.1|0.0316227766016838|0.0316227766016838|0.0316227766016838|0.01|0.01|0.01,10.2072425062866|11.613091785718|11.3446858035184|6.72554212851535|5.97532807308916|4.39737911416521|1.90318770584242|6.20504285233839|3.29443686786546|0.329837769810497|-0.0996970910839585|-0.249452064827452|-0.73823638343157|0.789672179291332|-0.0471176050707584|-0.00224476372947857|0.472514670285574|-0.405957856520055|1.68195351341131|1.17250629201775|0.542290535865105|0.317854882841123|-0.332949632837987|-0.081340585173543,dt4,Definitive_rep3
Tetrandrine,Ring_Mito_Texture,Mahalanobis distance (cutoff = 1),6,0.8518946031153483,exp5,2.525013179671375,0.5018432012358066,NA,NA,2.1510451005571696,7.999988478600674,NA,3.580386501621078,NA,-0.7711465096761814,1.1492058196026047,3.381223499253716,3.895942108721801,1.6135510391908632e-5,-19.456997615737066,0.997237413430297,3.580386501621078,NA,2.1510451005571696,2.585735506596695,2.8291848066012317,3.1074180383289067,3.4407784785908966,3.4407784785908966,3.624279343955748,11.1111111111111|11.1111111111111|11.1111111111111|3.7037037037037|3.7037037037037|3.7037037037037|1.23456790123457|1.23456790123457|1.23456790123457|0.411522633744856|0.411522633744856|0.411522633744856|0.137174211248285|0.137174211248285|0.137174211248285|0.0316227766016838|0.0316227766016838|0.0316227766016838|0.01|0.01|0.01|0.00316227766016838|0.00316227766016838|0.00316227766016838,2.36475287556056|1.58791428845161|2.37068695671581|1.27263475001612|1.10896492187763|1.47251847466375|-0.40550717695253|0.0174511552087363|-0.151347507625841|-0.21001789373496|-0.377146907004881|-0.250941419602032|-0.747777096810234|-0.7209612442968|-0.7516224951905|-0.561495831524915|-0.740397769395986|-0.750556464276441|-0.49545657327146|-0.668638831413966|-0.550529120937085|-0.697444474158136|-0.398918868573195|-0.646374614964531,dt4,Definitive_rep3
Tetrandrine,Ring_AGP_Texture,Mahalanobis distance (cutoff = 1),11,0.8518946031153483,hill,47.014102663026264,5.62062173221266,NA,NA,40.051060328942995,3.1198312568063287,NA,3.3562657289179394,NA,0.0010776524302066942,1.1492058196026047,1.0431040207433073,1.1262165393069954,9.237314343458353e-19,-55.05422413645603,0.9999999999998297,3.3562657289179394,NA,40.051060328942995,1.3061024584265781,1.6595595382950197,2.1521768485957837,0.9836704839855048,0.9836704839855048,1.0853810370675103,11.1111111111111|11.1111111111111|11.1111111111111|3.7037037037037|3.7037037037037|3.7037037037037|1.23456790123457|1.23456790123457|1.23456790123457|0.411522633744856|0.411522633744856|0.411522633744856|0.137174211248285|0.137174211248285|0.137174211248285|0.0316227766016838|0.0316227766016838|0.0316227766016838|0.01|0.01|0.01|0.00316227766016838|0.00316227766016838|0.00316227766016838,40.1593288108822|37.0362756123137|60.9948200441555|22.5035071188103|39.1969140611578|23.3664186269626|2.3320582340449|1.87640250327367|0.858903605329611|-0.127952234689298|-0.330057205604509|-0.0501209766062981|-0.528768069234103|-0.711210103010881|0.47216334625627|0.819258072176302|0.269018485790205|-0.511545808133182|-0.432028597007712|-0.317055902513978|-0.284540488012643|0.48967392936424|2.41622832021685|2.03243101304368,dt4,Definitive_rep3
Tetrandrine,Ring_ER_Texture,Mahalanobis distance (cutoff = 1),13,0.8518946031153483,poly1,6.5101385842182244,1.0306937571149377,0.49913567328856545,NA,NA,NA,NA,NA,NA,-0.23777932256194545,1.1492058196026047,1.8929472856683354,2.730333418720328,2.675728362122297e-8,-34.34251066875672,0.9999986493193749,5.55555555555555,NA,5.5459519254285,0.555555555555555,1.11111111111111,2.22222222222222,1.7067395674258734,1.7067395674258734,2.302391676457503,11.1111111111111|11.1111111111111|11.1111111111111|3.7037037037037|3.7037037037037|3.7037037037037|1.23456790123457|1.23456790123457|1.23456790123457|0.411522633744856|0.411522633744856|0.411522633744856|0.137174211248285|0.137174211248285|0.137174211248285|0.0316227766016838|0.0316227766016838|0.0316227766016838|0.01|0.01|0.01|0.00316227766016838|0.00316227766016838|0.00316227766016838,4.79673874178016|7.4264087254223|4.99394542011619|1.68987917980807|2.2469841397866|2.89447924446612|0.55204974953185|-0.19783104770889|1.04163640912778|0.927128580966833|1.11900002195878|-0.420347464340988|0.39715468608661|0.349479077394774|0.848922836749689|1.23046477878601|-0.25742809402531|1.43336231046965|-0.315275385690364|-0.0439775909226637|0.0333217429050545|2.08152772731692|2.83109135384562|0.655344816317808,dt4,Definitive_rep3
Tetrandrine,Ring_Mito_Intensity,Mahalanobis distance (cutoff = 1),11,0.8518946031153483,poly1,10.60034662562388,3.103591055739079,0.8127340273368886,NA,NA,NA,NA,NA,NA,0.1596030648198754,1.1492058196026047,1.2561848332296925,1.6306103683999131,1.1046632446256714e-7,-51.734713046192994,0.9999998433832207,5.55555555555555,NA,9.030378081520976,0.555555555555555,1.11111111111111,2.22222222222222,1.0481837531852558,1.0481837531852558,1.41399988304691,11.1111111111111|11.1111111111111|11.1111111111111|3.7037037037037|3.7037037037037|3.7037037037037|1.23456790123457|1.23456790123457|1.23456790123457|0.411522633744856|0.411522633744856|0.411522633744856|0.137174211248285|0.137174211248285|0.137174211248285|0.0316227766016838|0.0316227766016838|0.0316227766016838|0.01|0.01|0.01|0.00316227766016838|0.00316227766016838|0.00316227766016838,10.0403161363749|7.74480958297216|9.37430113809548|3.16787386283001|3.34797312202962|2.52700613005949|0.620581901645751|-0.208978301517364|-0.382487487981472|12.2400257951704|5.20117593522359|7.33297651192462|-0.409633949858183|-0.500511743408734|-0.737058569123773|0.881847852509052|-0.00878846702544256|-0.685600408990455|-0.375943758407901|-0.44994360237633|-0.625277154723192|2.51756351995666|0.0229531905883932|-0.611594148089441,dt4,Definitive_rep3
Tetrandrine,Ring_AGP_Intensity,Mahalanobis distance (cutoff = 1),7,0.8518946031153483,hill,66.0745103999374,0.9696062261641774,NA,NA,56.28851881319562,3.3900814249470685,NA,4.630133496015308,NA,-0.7084731559528346,1.1492058196026047,1.4586502389466498,1.504078103259822,9.154718499471192e-30,-27.440497231757575,0.9999999999999823,4.630133496015308,NA,56.28851881319562,1.9426256613394517,2.42165798962002,3.076089455173121,1.3510670088562509,1.3510670088562509,1.4781430822355728,11.1111111111111|11.1111111111111|11.1111111111111|3.7037037037037|3.7037037037037|3.7037037037037|1.23456790123457|1.23456790123457|1.23456790123457|0.411522633744856|0.411522633744856|0.411522633744856|0.137174211248285|0.137174211248285|0.137174211248285|0.0316227766016838|0.0316227766016838|0.0316227766016838|0.01|0.01|0.01|0.00316227766016838|0.00316227766016838|0.00316227766016838,53.544120160202|50.601815870817|56.5809415923998|16.7593964754814|18.3842577469094|18.1092575948846|0.398647599661575|0.620682410107749|0.894719125804206|-0.0659315171047281|0.208966479037212|-0.699077709133458|0.833889315459329|-0.116054594830163|-0.668914060855981|0.558989506907472|0.43462494866958|0.0158886329474057|0.388659578021047|-0.0047384791263605|-0.0961779402721036|-0.580146512077556|0.427834591313608|-0.0553303079295014,dt4,Definitive_rep3
Tetrandrine,Ring_ER_Intensity,Mahalanobis distance (cutoff = 1),6,0.8518946031153483,poly1,2.0745203047013367,0.839911348498708,0.15905453864654506,NA,NA,NA,NA,NA,NA,-0.8682733707411564,1.1492058196026047,5.857414942808071,9.422351294252541,7.868365869746995e-5,-22.443210839016384,0.993465100177966,5.55555555555555,NA,1.7672726516282766,0.555555555555555,1.11111111111111,2.22222222222222,5.355990532332117,5.355990532332117,7.225231228116026,11.1111111111111|11.1111111111111|11.1111111111111|3.7037037037037|3.7037037037037|3.7037037037037|1.23456790123457|1.23456790123457|1.23456790123457|0.411522633744856|0.411522633744856|0.411522633744856|0.137174211248285|0.137174211248285|0.137174211248285|0.0316227766016838|0.0316227766016838|0.0316227766016838|0.01|0.01|0.01|0.00316227766016838|0.00316227766016838|0.00316227766016838,1.47494548352368|2.20880657045361|1.76776094453221|0.341953298396945|1.33258563754216|0.440584294446627|-0.671347883127668|-0.351015215714966|0.0787201347532065|0.0251912799090787|0.819161003509827|-0.407140886082282|0.310212065807802|-0.0661375857609571|-0.0938530826263987|0.00582397456269668|-0.447351001856511|0.142954075453828|0.167806539842183|0.225583051080942|0.407524823056738|-0.274238322651354|3.46623154194254|1.22433921620787,dt4,Definitive_rep3
Tetrandrine,Cytoplasm_Mito_Texture,Mahalanobis distance (cutoff = 1),9,0.8518946031153483,pow,18.663539393459427,1.7807270106626754,0.6486711830464194,NA,NA,1.328563536213316,NA,NA,NA,0.0033582517098599543,1.1492058196026047,1.415881879654277,1.6708019858592895,9.338902048489864e-12,-43.62252855384867,0.999999989294006,6.5943869499105165,NA,15.899368484318785,1.1654181675841087,1.9636534600248536,3.308627768400817,1.227692636763313,1.227692636763313,1.5379729218984355,11.1111111111111|11.1111111111111|11.1111111111111|3.7037037037037|3.7037037037037|3.7037037037037|1.23456790123457|1.23456790123457|1.23456790123457|0.411522633744856|0.411522633744856|0.411522633744856|0.137174211248285|0.137174211248285|0.137174211248285|0.0316227766016838|0.0316227766016838|0.0316227766016838|0.01|0.01|0.01|0.00316227766016838|0.00316227766016838|0.00316227766016838,19.4315793175447|13.492163273896|15.9502705458067|5.47701372644506|3.10097694088517|3.95976912639026|0.0751930520733002|0.150857905233661|-0.256678473040223|6.31486507755278|1.19945841218483|3.49127876226637|-0.589103236729616|-0.099799843621361|-0.609434322407484|-0.0922608705735642|-0.325533270718428|-0.694258644094869|-0.600080614429522|-0.427006895812213|-0.477267404985209|0.258886351933018|0.227474393681885|-0.525945751989636,dt4,Definitive_rep3
Tetrandrine,Cytoplasm_AGP_Texture,Mahalanobis distance (cutoff = 1),9,0.8518946031153483,hill,73.80194544965664,1.1172832862105828,NA,NA,62.87147902797583,3.4142995105645726,NA,3.5334107412107527,NA,-0.5370761258225127,1.1492058196026047,1.087931684174029,1.1136728502476747,8.186658564421328e-34,-28.882261549468986,0.9999999999999992,3.5334107412107527,NA,62.87147902797583,1.4916443756533904,1.8565643227079598,2.3542862985622444,1.0064652895585573,1.0064652895585573,1.1002432087845861,11.1111111111111|11.1111111111111|11.1111111111111|3.7037037037037|3.7037037037037|3.7037037037037|1.23456790123457|1.23456790123457|1.23456790123457|0.411522633744856|0.411522633744856|0.411522633744856|0.137174211248285|0.137174211248285|0.137174211248285|0.0316227766016838|0.0316227766016838|0.0316227766016838|0.01|0.01|0.01|0.00316227766016838|0.00316227766016838|0.00316227766016838,61.9715342366397|60.651167967734|66.4314931538913|33.2128605638447|34.1921728313872|34.2782055903075|1.58013112397107|2.39746917206298|1.30362330917835|-0.583019448001176|-0.484749863308396|-0.345184824042221|-0.515211692830023|-0.723571465497773|0.726792160129443|-0.165289592400821|-0.62231049403774|-0.393096487961468|-0.531003477978736|-0.739367288183026|-0.714262708048968|-0.423439364889577|0.299945611600377|-0.464212744577035,dt4,Definitive_rep3
Tetrandrine,Cytoplasm_ER_Texture,Mahalanobis distance (cutoff = 1),12,0.8518946031153483,poly1,5.876078528900719,0.9402289207005112,0.45052196276272527,NA,NA,NA,NA,NA,NA,-0.4855131176246743,1.1492058196026047,2.3024570925540937,2.860746714768622,6.33267762643605e-9,-30.153323212000018,0.999995930658478,5.55555555555555,NA,5.005799586252498,0.555555555555555,1.11111111111111,2.22222222222222,1.8909058237500675,1.8909058237500675,2.5508319562388406,11.1111111111111|11.1111111111111|11.1111111111111|3.7037037037037|3.7037037037037|3.7037037037037|1.23456790123457|1.23456790123457|1.23456790123457|0.411522633744856|0.411522633744856|0.411522633744856|0.137174211248285|0.137174211248285|0.137174211248285|0.0316227766016838|0.0316227766016838|0.0316227766016838|0.01|0.01|0.01|0.00316227766016838|0.00316227766016838|0.00316227766016838,4.63621598440602|5.18974262105435|5.13869927838592|1.68731557094807|2.14650370183903|1.52850551969371|0.196551218535012|-0.41061925787575|0.4762355108152|0.732241641660572|1.22181614403151|-0.21092760526559|1.34664153862563|2.42627316148317|0.00482526676998496|1.04090815248594|-0.0718887664817057|0.350290046066789|0.180273365873739|-0.535326639378822|-0.398020833816981|1.07262552542984|2.83652963563467|0.30261304678512,dt4,Definitive_rep3
Tetrandrine,Cytoplasm_Mito_Intensity,Mahalanobis distance (cutoff = 1),12,0.8518946031153483,pow,26.835780232441238,3.423144278613067,0.472352839554266,NA,NA,1.611113071913171,NA,NA,NA,0.5161081669781371,1.1492058196026047,1.61998490442178,1.8463689805870385,6.485354793022401e-10,-58.125436751567634,0.9999999964160152,7.226225563476546,NA,22.861256350406236,1.7307032690280355,2.661145317650743,4.091801597873886,1.4420171621272262,1.4420171621272262,1.7364704738142678,11.1111111111111|11.1111111111111|11.1111111111111|3.7037037037037|3.7037037037037|3.7037037037037|1.23456790123457|1.23456790123457|1.23456790123457|0.411522633744856|0.411522633744856|0.411522633744856|0.137174211248285|0.137174211248285|0.137174211248285|0.0316227766016838|0.0316227766016838|0.0316227766016838|0.01|0.01|0.01|0.00316227766016838|0.00316227766016838|0.00316227766016838,28.9413657495338|22.9739135233486|20.6316513041501|5.00614168371168|3.85160535576906|3.18994824404727|0.905147569359191|-0.345199633734211|-0.490203091936824|11.7183889636163|5.11903574506945|7.85248351036482|-0.0815573011287501|-0.184432403992898|-0.704442985329074|0.807613935490963|0.0992870331697806|-0.623037047490434|-0.348351400958953|-0.256677765721026|-0.316902412959887|2.85969165901854|2.21363404858905|0.70839299818232,dt4,Definitive_rep3
Tetrandrine,Cytoplasm_AGP_Intensity,Mahalanobis distance (cutoff = 1),9,0.8518946031153483,hill,79.75263013116036,0.9004668416618007,NA,NA,67.94083519299002,3.290375706186788,NA,4.78645308776798,NA,-0.49937973964572324,1.1492058196026047,1.3660276416927766,1.4161654713186294,7.43719991214803e-31,-29.108288253051875,0.9999999999999883,4.78645308776798,NA,67.94083519299002,1.9560469797605562,2.4547293139957476,3.140781644141848,1.269717946569009,1.269717946569009,1.392535512410873,11.1111111111111|11.1111111111111|11.1111111111111|3.7037037037037|3.7037037037037|3.7037037037037|1.23456790123457|1.23456790123457|1.23456790123457|0.411522633744856|0.411522633744856|0.411522633744856|0.137174211248285|0.137174211248285|0.137174211248285|0.0316227766016838|0.0316227766016838|0.0316227766016838|0.01|0.01|0.01|0.00316227766016838|0.00316227766016838|0.00316227766016838,63.7420881206954|60.8414513438804|65.2840130850892|19.5580466695895|21.8265722010238|20.4059881101763|0.518234097283642|0.761252097950205|1.05892311450335|0.171713548159981|0.385140660803773|-0.677874854206962|0.877312691340915|-0.190522948823769|-0.642954514519059|0.482591485608512|0.386739244729231|0.0901996852462843|0.70638061599295|0.272918330556575|0.266144155654787|-0.346798868180866|1.31392380921916|0.647294263164632,dt4,Definitive_rep3
Tetrandrine,Cytoplasm_ER_Intensity,Mahalanobis distance (cutoff = 1),13,0.8518946031153483,pow,19.314630028743277,1.3146258061182317,0.2434592240363846,NA,NA,1.7497804640426082,NA,NA,NA,-0.2509997230863598,1.1492058196026047,2.340587231413797,2.5012461650541,1.970797675139132e-13,-36.69206898530864,0.9999999888478805,7.476851723746613,NA,16.454029082656042,2.005480772004097,2.9802810744745423,4.428900743832704,2.04584663922687,2.04584663922687,2.427587758266066,11.1111111111111|11.1111111111111|11.1111111111111|3.7037037037037|3.7037037037037|3.7037037037037|1.23456790123457|1.23456790123457|1.23456790123457|0.411522633744856|0.411522633744856|0.411522633744856|0.137174211248285|0.137174211248285|0.137174211248285|0.0316227766016838|0.0316227766016838|0.0316227766016838|0.01|0.01|0.01|0.00316227766016838|0.00316227766016838|0.00316227766016838,16.1644780539385|19.9785814971723|16.1354056506515|2.77813044528263|2.64923587403471|1.99990723622307|0.285670636168587|-0.403845733721232|-0.092127284566195|0.883881546538071|1.48767550783872|0.040092226629615|1.13147585060472|1.05258996270996|0.217741480692729|0.0118893503552182|-0.0464857638487109|0.663143252532339|0.856501412450666|0.59054664672902|0.716675074833087|-0.243373147333977|4.20677565707346|1.66925529880699,dt4,Definitive_rep3
Tetrandrine,Cytoplasm_Mito_Profile,Mahalanobis distance (cutoff = 1),7,0.8518946031153483,pow,27.289330340913263,0.7558411160105606,0.17780622498528323,NA,NA,2.0238265592730427,NA,NA,NA,-0.678386308065781,1.1492058196026047,2.468325795584118,2.5671937035418453,4.855658091716967e-19,-25.299034323647444,0.999999992458196,7.88886473290288,NA,23.247633240055936,2.528721619517967,3.5615906514845355,5.016340221411987,2.1687727150152467,2.1687727150152467,2.514517709906845,11.1111111111111|11.1111111111111|11.1111111111111|3.7037037037037|3.7037037037037|3.7037037037037|1.23456790123457|1.23456790123457|1.23456790123457|0.411522633744856|0.411522633744856|0.411522633744856|0.137174211248285|0.137174211248285|0.137174211248285|0.0316227766016838|0.0316227766016838|0.0316227766016838|0.01|0.01|0.01|0.00316227766016838|0.00316227766016838|0.00316227766016838,21.1838938918747|24.3496160126109|23.1359566647371|3.79782992541788|2.60932893307118|1.89167756232932|0.420965521001653|-0.22199333109738|-0.113945231575761|2.02854549051892|-0.156833469242693|-0.299601994142876|-0.192595680473124|0.0904370445200184|-0.524515957205216|-0.365187847635726|-0.258204088880624|-0.283801934516377|-0.207123618433415|-0.364424283980928|-0.594350801000298|-0.631910046388118|-0.181747144591071|-0.250103213768776,dt4,Definitive_rep3
Tetrandrine,Cytoplasm_AGP_Profile,Mahalanobis distance (cutoff = 1),12,0.8518946031153483,exp5,79.94607631212386,1.8165917731189771,NA,NA,68.1056309505461,3.3899619772918435,NA,3.4106713946435705,NA,-0.12037226593103328,1.1492058196026047,1.1249210105734273,1.1633784021516766,3.8452257163534404e-29,-41.40988710699837,0.9999999999999984,3.4106713946435705,NA,68.1056309505461,1.5822575600675577,1.9565714168158732,2.4413743634418084,1.045433957372205,1.045433957372205,1.1426987243529654,11.1111111111111|11.1111111111111|11.1111111111111|3.7037037037037|3.7037037037037|3.7037037037037|1.23456790123457|1.23456790123457|1.23456790123457|0.411522633744856|0.411522633744856|0.411522633744856|0.137174211248285|0.137174211248285|0.137174211248285|0.0316227766016838|0.0316227766016838|0.0316227766016838|0.01|0.01|0.01|0.00316227766016838|0.00316227766016838|0.00316227766016838,66.4247413394325|68.5882845239726|74.8565444026035|40.6087093880134|42.2998621847032|36.4025794505118|2.43845036345451|1.32564098123799|0.770421228862428|0.65897990236241|0.175980383677953|0.233488875214695|-0.33004013209212|-0.0964053309702687|-0.0245685811481625|1.26899464747425|1.0078145923831|0.0651984021040513|1.33385209192492|0.619900235051575|0.955800992035433|-0.514129928863188|0.487962197469936|0.516731244920199,dt4,Definitive_rep3
Tetrandrine,Cytoplasm_ER_Profile,Mahalanobis distance (cutoff = 1),23,0.8518946031153483,exp3,25.922878625761793,1.8375409343506384,0.7381828166304656,0.19281016400211756,NA,0.304127830502699,NA,NA,NA,0.4658340414506184,1.1492058196026047,0.1465139900953627,0.16800406468390433,5.562703345353237e-13,-49.870488920237214,0.9999999999826514,5.495725550048327,NA,22.083560398500687,0.1437714483014558,0.5615641865022762,1.7140753003769866,0.08071820719237961,0.08071820719237961,0.15663318441074628,11.1111111111111|11.1111111111111|11.1111111111111|3.7037037037037|3.7037037037037|3.7037037037037|1.23456790123457|1.23456790123457|1.23456790123457|0.411522633744856|0.411522633744856|0.411522633744856|0.137174211248285|0.137174211248285|0.137174211248285|0.0316227766016838|0.0316227766016838|0.0316227766016838|0.01|0.01|0.01|0.00316227766016838|0.00316227766016838|0.00316227766016838,21.5370865694016|24.5063587759957|21.6694500616044|6.70417476942692|7.67562247983154|6.52708107772939|2.32752072590486|3.80600550769714|1.1957824218205|3.14869623313856|3.77711041241113|2.23912380536718|1.96653699836152|4.14205167625084|4.07965225062248|4.28896198540313|1.22373272602037|2.82023384145471|1.46164295807431|3.77909074150973|2.03064450174303|-0.0770475825289212|2.04922404977106|1.51377607479738,dt4,Definitive_rep3
Tetrandrine,Cytoplasm_DNA_Profile,Mahalanobis distance (cutoff = 1),5,0.8518946031153483,exp2,10.089157671922953,0.8187114190713167,3.2264461100917763e-4,1.0903759187125246,NA,NA,NA,NA,NA,-0.8796275665625014,1.1492058196026047,8.869723988302658,8.976753851914903,7.053414802177367e-10,-23.13326441633433,0.9999967862556851,10.355361046710613,NA,8.594898970690975,7.845414177226545,8.60079608427658,9.356382477134849,8.59112127603679,8.59112127603679,8.917433308179266,11.1111111111111|11.1111111111111|11.1111111111111|3.7037037037037|3.7037037037037|3.7037037037037|1.23456790123457|1.23456790123457|1.23456790123457|0.411522633744856|0.411522633744856|0.411522633744856|0.137174211248285|0.137174211248285|0.137174211248285|0.0316227766016838|0.0316227766016838|0.0316227766016838|0.01|0.01|0.01|0.00316227766016838|0.00316227766016838|0.00316227766016838,5.52955493454927|8.53103943972802|8.90766366174187|-0.27134343464741|-0.0551612468294544|0.259029671465512|0.0997911050715756|-0.278939298035367|-0.653210106124191|-0.0838694623706104|0.100588299842087|-0.123555339295204|0.223254557644216|-0.541456586206328|0.350466033818983|-0.148760034015148|0.0028272455482885|0.300566542702429|-0.451378781437557|-0.114573928586738|-0.266139076516201|1.29081531142835|1.64993831844578|0.800537224966204,dt4,Definitive_rep3
Tetrandrine,Membrane_AGP_Texture,Mahalanobis distance (cutoff = 1),11,0.8518946031153483,hill,77.11112373358597,2.6351874905392005,NA,NA,65.69055014880173,3.8736780161813975,NA,3.121179670670844,NA,-0.13306165268274567,1.1492058196026047,1.0740807587859922,1.1353766566295858,3.4670820805908305e-26,-47.676598651202916,0.9999999999999967,3.121179670670844,NA,65.69055014880173,1.4595037650899934,1.7700217270648815,2.182204391497714,1.0200420301603348,1.0200420301603348,1.1033067090279993,11.1111111111111|11.1111111111111|11.1111111111111|3.7037037037037|3.7037037037037|3.7037037037037|1.23456790123457|1.23456790123457|1.23456790123457|0.411522633744856|0.411522633744856|0.411522633744856|0.137174211248285|0.137174211248285|0.137174211248285|0.0316227766016838|0.0316227766016838|0.0316227766016838|0.01|0.01|0.01|0.00316227766016838|0.00316227766016838|0.00316227766016838,64.9012383435392|59.0844649241794|66.2455452856697|36.4718732431288|51.8941071189685|43.4229029480337|2.53934537412796|1.83634990414495|0.865368454760233|-0.25163011442671|-0.580859610063052|0.220725696808771|0.316188891509071|-0.559181518778168|1.01858443763949|-0.253932860602538|-0.387866465957362|0.408425896597394|1.84377974153739|-0.221299516708944|0.0326088986348309|-0.578634114045016|-0.31659908897609|0.00868888060643347,dt4,Definitive_rep3
Tetrandrine,Membrane_AGP_Intensity,Mahalanobis distance (cutoff = 1),11,0.8518946031153483,hill,60.552154997698636,1.7569011806972976,NA,NA,51.58405404954353,3.657230028319111,NA,3.644972980840641,NA,-0.18561988633918847,1.1492058196026047,1.2535700742971034,1.3421543385694492,1.3196499365275574e-25,-39.472988278135126,0.9999999999999154,3.644972980840641,NA,51.58405404954353,1.6294590843975594,1.998825339448466,2.4950109638577307,1.1922912342263017,1.1922912342263017,1.296073450598019,11.1111111111111|11.1111111111111|11.1111111111111|3.7037037037037|3.7037037037037|3.7037037037037|1.23456790123457|1.23456790123457|1.23456790123457|0.411522633744856|0.411522633744856|0.411522633744856|0.137174211248285|0.137174211248285|0.137174211248285|0.0316227766016838|0.0316227766016838|0.0316227766016838|0.01|0.01|0.01|0.00316227766016838|0.00316227766016838|0.00316227766016838,50.3007443276463|43.4726677135897|51.8010249597545|23.727849454782|28.7191557101448|26.4707812725756|-0.00377913521274831|1.07475353393714|1.70187293840279|0.187688154966714|0.435812471793254|-0.692027853537594|1.11741453437597|0.186428072424299|-0.711517252119935|0.88292872516225|0.569221045739013|-0.00810360314872849|1.1417278305436|0.0981333595604178|-0.159221761189637|-0.739035472663833|-0.329181291642473|-0.642048005546793,dt4,Definitive_rep3
Tetrandrine,Nucleus_RNA_Profile,Mahalanobis distance (cutoff = 1),9,0.8518946031153483,pow,5.727609956566601,1.266957887723783,0.09505472929537273,NA,NA,1.6355470444855835,NA,NA,NA,-0.23057688177775865,1.1492058196026047,4.04685909372458,5.183915235605443,1.9712302930882033e-5,-37.08236270235907,0.9999504222458627,7.272820467235289,NA,4.879320010748822,1.7794534923386753,2.7185746657026697,4.15332473977002,3.8222600737947294,3.8222600737947294,4.5899890495812565,11.1111111111111|11.1111111111111|11.1111111111111|3.7037037037037|3.7037037037037|3.7037037037037|1.23456790123457|1.23456790123457|1.23456790123457|0.411522633744856|0.411522633744856|0.411522633744856|0.137174211248285|0.137174211248285|0.137174211248285|0.0316227766016838|0.0316227766016838|0.0316227766016838|0.01|0.01|0.01|0.00316227766016838|0.00316227766016838|0.00316227766016838,4.78112482288772|8.68598809141875|4.34656437900151|1.08373941915663|1.54612597950808|-0.172833221377535|0.438106331977149|-0.336723178351562|-0.520599145112902|0.805531677563406|0.123320420106968|-0.111290009630657|-0.0297848225719277|0.273192315721686|1.48384637810753|0.355974506562166|-0.271922596373513|2.02219912940667|-0.417855510724932|-0.462791233769128|-0.344361432609149|-0.410331450038797|2.7368431319791|2.46042337841151,dt4,Definitive_rep3
Tetrandrine,Nucleus_RNA_Radial,Mahalanobis distance (cutoff = 1),18,0.8518946031153483,pow,5.053817760311957,1.6865731608770442,2.0906348025855914,NA,NA,0.3000000203461012,NA,NA,NA,0.2855369328602334,1.1492058196026047,0.066936877304009,0.36547076125382566,1.6783188182152478e-4,-46.69456385713547,0.9998229716247777,1.1023620143827568,NA,4.305320075138253,5.116713880012928e-4,0.0051573236108304445,0.05198255648166508,0.050160176807852994,0.050160176807852994,0.13606054143206348,11.1111111111111|11.1111111111111|11.1111111111111|3.7037037037037|3.7037037037037|3.7037037037037|1.23456790123457|1.23456790123457|1.23456790123457|0.411522633744856|0.411522633744856|0.411522633744856|0.137174211248285|0.137174211248285|0.137174211248285|0.0316227766016838|0.0316227766016838|0.0316227766016838|0.01|0.01|0.01|0.00316227766016838|0.00316227766016838|0.00316227766016838,5.09198787237933|4.2189144592833|5.32501739266338|0.936208729684524|-0.0655233250666619|-0.314237142487013|2.14177801678868|2.68692347921236|1.43738226640382|3.90912213512848|2.75551656481485|0.508023294969801|1.16403322916956|0.128082017695677|2.57709525174446|1.58335129318029|1.57018600265978|4.83528811013714|2.70063282649755|1.17290328675098|0.679639784018826|0.519376027332208|0.9619515917125|2.57036094070784,dt4,Definitive_rep3
Tetrandrine,Nucleus_RNA_Compactness,Mahalanobis distance (cutoff = 1),10,0.8518946031153483,poly1,4.926412248400642,1.3849518972076023,0.37771056064204733,NA,NA,NA,NA,NA,NA,-0.002064323846756199,1.1492058196026047,2.434390761851564,4.072651529370757,7.975067981042655e-5,-41.11401336338547,0.9996981994364247,5.55555555555555,NA,4.196784007133855,0.5555555555555551,1.1111111111111103,2.2222222222222205,2.2554164269785417,2.2554164269785417,3.042556759994053,11.1111111111111|11.1111111111111|11.1111111111111|3.7037037037037|3.7037037037037|3.7037037037037|1.23456790123457|1.23456790123457|1.23456790123457|0.411522633744856|0.411522633744856|0.411522633744856|0.137174211248285|0.137174211248285|0.137174211248285|0.0316227766016838|0.0316227766016838|0.0316227766016838|0.01|0.01|0.01|0.00316227766016838|0.00316227766016838|0.00316227766016838,4.37650915218059|5.52343738550576|3.1733177471507|1.34776734660757|0.68017487074954|0.668328269344959|2.77332112338089|0.469590326294236|0.254009083542303|3.20524377297898|1.59725336978437|-0.305424890236946|0.684547321176731|-0.300017574726798|2.78783814373983|0.06489588070195|-0.465844423308402|2.89543435049157|0.574336977618604|-0.216876310001576|-0.128765886344747|-0.250075592979799|2.78701615080158|0.641631038840761,dt4,Definitive_rep3
Tetrandrine,Cell_Mito_Radial,Mahalanobis distance (cutoff = 1),7,0.8518946031153483,exp2,9.76781363413447,0.8122135597520926,0.5651277645503606,4.032761667451057,NA,NA,NA,NA,NA,-0.6364469844063739,1.1492058196026047,4.366872923676351,4.640053823417796,8.807011115727076e-11,-26.34680923295047,0.999995809021558,8.564454524481633,NA,8.321147719155672,2.224912280864748,3.6504724723920265,5.534629793709802,3.7071612783674257,3.7071612783674257,4.475267998839977,11.1111111111111|11.1111111111111|11.1111111111111|3.7037037037037|3.7037037037037|3.7037037037037|1.23456790123457|1.23456790123457|1.23456790123457|0.411522633744856|0.411522633744856|0.411522633744856|0.137174211248285|0.137174211248285|0.137174211248285|0.0316227766016838|0.0316227766016838|0.0316227766016838|0.01|0.01|0.01|0.00316227766016838|0.00316227766016838|0.00316227766016838,8.39892950414641|6.87563231810058|8.85693574268164|0.815012774976435|0.73728217945326|1.00550034415526|1.2201082166016|0.264582164238392|-0.283495101197668|0.172484186554727|-0.349546202859141|-0.709988211305873|0.257484753581337|0.726550284135537|-0.204910858585721|-0.160024854648796|-0.209131251782684|0.0967932307986031|-0.65055110499749|-0.55876876029609|-0.633461374017796|0.183851293593408|2.75395236812925|1.38464134593079,dt4,Definitive_rep3
Tetrandrine,Cell_Mito_Axial,Mahalanobis distance (cutoff = 1),8,0.8518946031153483,pow,12.683292261282459,0.7293107168125036,0.04403540509697152,NA,NA,2.285248628482303,NA,NA,NA,-0.5141534292510461,1.1492058196026047,4.007656196764479,4.317222947319627,5.3069127038427e-12,-27.01516902416926,0.9999953186145418,8.204082732462643,NA,10.804828227121188,2.9953038409838535,4.056657505051676,5.494090411838391,3.655907002325609,3.655907002325609,4.16760891188939,11.1111111111111|11.1111111111111|11.1111111111111|3.7037037037037|3.7037037037037|3.7037037037037|1.23456790123457|1.23456790123457|1.23456790123457|0.411522633744856|0.411522633744856|0.411522633744856|0.137174211248285|0.137174211248285|0.137174211248285|0.0316227766016838|0.0316227766016838|0.0316227766016838|0.01|0.01|0.01|0.00316227766016838|0.00316227766016838|0.00316227766016838,9.84875373898817|12.4015468197444|10.8082680007835|2.10058836841794|0.0355337913635646|0.989700632678589|0.0455221920590362|-0.608364129871394|-0.500898312324115|1.62070076356172|0.359620884335267|-0.109158374133141|0.220503523199101|0.602699905322788|-0.262569585057784|-0.200328036477031|-0.140207730015471|-0.658768463067108|0.59229205457689|0.927534899819229|0.4750510851196|-0.154004046143288|1.01663243977135|0.282896550621549,dt4,Definitive_rep3
Tetrandrine,Cell_Mito_Compactness,Mahalanobis distance (cutoff = 1),10,0.8518946031153483,exp5,9.76856419333766,1.1381270683483733,NA,NA,8.321787116490189,2.5653567000477997,NA,3.5822862514755864,NA,-0.2306272545501704,1.1492058196026047,1.7097206963337426,2.214172625413862,1.592746789126118e-10,-35.33703793186995,0.9999998388164889,3.5822862514755864,NA,8.321787116490189,1.2983075432026967,1.7188529398566308,2.30292662252827,1.7354893317977638,1.7354893317977638,1.9654691159629818,11.1111111111111|11.1111111111111|11.1111111111111|3.7037037037037|3.7037037037037|3.7037037037037|1.23456790123457|1.23456790123457|1.23456790123457|0.411522633744856|0.411522633744856|0.411522633744856|0.137174211248285|0.137174211248285|0.137174211248285|0.0316227766016838|0.0316227766016838|0.0316227766016838|0.01|0.01|0.01|0.00316227766016838|0.00316227766016838|0.00316227766016838,10.2163217226674|6.44713861554628|8.32122240503224|8.12185742573378|4.11424257280783|4.12586838757866|0.461344019028079|0.570807196849099|-0.198852056973749|1.39918273036021|0.310799815888293|1.14651989835955|-0.674586996308418|-0.671964162674421|-0.610699138354957|0.288414552302618|-0.599704855956911|-0.391626548541942|0.578432539513502|0.502856446695597|0.00229963818819967|0.717140833111834|1.59265858966553|0.953640813814212,dt4,Definitive_rep3
Tetrandrine,Cell_Mito_Symmetry,Mahalanobis distance (cutoff = 1),24,0.8518946031153483,exp3,31.862991042321816,2.5511049770714167,1.4957234946253695,0.3010402356046057,NA,0.3000020248099271,NA,NA,NA,0.804235790050102,1.1492058196026047,0.0428060086937652,0.050554167791323074,2.1709710918919205e-12,-57.84288084584321,0.9999999999885895,4.9047841731638915,NA,27.143910108066642,0.07006018842506025,0.33748716572329357,1.2490533774611081,0.02114545888412456,0.02114545888412456,0.04623455546131748,11.1111111111111|11.1111111111111|11.1111111111111|3.7037037037037|3.7037037037037|3.7037037037037|1.23456790123457|1.23456790123457|1.23456790123457|0.411522633744856|0.411522633744856|0.411522633744856|0.137174211248285|0.137174211248285|0.137174211248285|0.0316227766016838|0.0316227766016838|0.0316227766016838|0.01|0.01|0.01|0.00316227766016838|0.00316227766016838|0.00316227766016838,28.6413952797313|27.938119598608|25.6009960825534|9.43750100626435|11.8918934261826|8.93314163398572|7.00965247933032|3.98021641518115|1.94484545102665|2.92219951854756|3.59190625557436|1.45769798067658|1.27030630106667|6.71169755982253|4.68547979802218|2.579368773797|2.50769857041938|3.16703244125423|3.39554123279061|2.6757179393701|5.66593355011646|3.80742974576862|4.24123129519185|4.81624630989844,dt4,Definitive_rep3
Tetrandrine,Cell_AGP_Radial,Mahalanobis distance (cutoff = 1),11,0.8518946031153483,pow,46.505543759695115,2.6245159636420627,1.1103926534507038,NA,NA,1.484487587092355,NA,NA,NA,0.0781722273887515,1.1492058196026047,0.9939190323802753,1.0705160491685055,2.3902175468302824e-17,-47.49593112747434,0.9999999999481027,6.965843553293055,NA,39.617821743828934,1.4768643243749466,2.3557238227678154,3.7575792424293932,0.8365098985795715,0.8365098985795715,1.023414201685837,11.1111111111111|11.1111111111111|11.1111111111111|3.7037037037037|3.7037037037037|3.7037037037037|1.23456790123457|1.23456790123457|1.23456790123457|0.411522633744856|0.411522633744856|0.411522633744856|0.137174211248285|0.137174211248285|0.137174211248285|0.0316227766016838|0.0316227766016838|0.0316227766016838|0.01|0.01|0.01|0.00316227766016838|0.00316227766016838|0.00316227766016838,36.1865340930962|40.1317744697953|50.6085496198518|7.04700059334539|8.25261796163328|9.04537691411621|1.73899159157448|0.608306086003258|-0.18851327071829|-0.408601297770639|0.248833722483251|-0.46369675731923|0.174899467292603|0.330427204481957|-0.510147351197239|1.45211901565361|1.03031058362969|-0.0566770867299363|-0.484460206733934|-0.358367495598463|0.412253644610129|0.0402888434307674|4.18740450436808|1.89166905600424,dt4,Definitive_rep3
Tetrandrine,Cell_AGP_Compactness,Mahalanobis distance (cutoff = 1),16,0.8518946031153483,exp5,54.39559227668206,1.5668095186013626,NA,NA,46.33931149376836,3.2196356161869866,NA,2.677223336517029,NA,0.26589755115518154,1.1492058196026047,0.9136935112100304,0.9871207853492676,6.943210803438247e-25,-45.616249956954455,0.9999999999999879,2.677223336517029,NA,46.33931149376836,1.1925473854267834,1.49132654641647,1.8827705114860185,0.8695946054407443,0.8695946054407443,0.9552970846988171,11.1111111111111|11.1111111111111|11.1111111111111|3.7037037037037|3.7037037037037|3.7037037037037|1.23456790123457|1.23456790123457|1.23456790123457|0.411522633744856|0.411522633744856|0.411522633744856|0.137174211248285|0.137174211248285|0.137174211248285|0.0316227766016838|0.0316227766016838|0.0316227766016838|0.01|0.01|0.01|0.00316227766016838|0.00316227766016838|0.00316227766016838,44.0170067294516|46.3674353013779|49.7364926575893|39.183003127069|42.4308276379088|39.1987644532152|5.27339091000248|2.40591482283452|0.610683581745662|1.18773045843868|1.13974082263111|0.220232496680375|0.30004215072634|0.39016579164421|0.928293447874344|1.46077651870201|0.437580015835926|1.9264656694068|0.842846287173306|-0.0183977695296472|0.505706254230692|0.900766905735492|2.12558026074706|2.74937318961592,dt4,Definitive_rep3
Tetrandrine,Cell_AGP_Symmetry,Mahalanobis distance (cutoff = 1),18,0.8518946031153483,exp5,42.9197569190345,3.905737726686029,NA,NA,36.563109286348116,2.145205640694916,NA,3.974945289832181,NA,0.7617156467677386,1.1492058196026047,0.8718360542153716,1.0315090856072946,1.456647128837618e-13,-61.69000858499086,0.9999999999604169,3.974945289832181,NA,36.563109286348116,1.1809148424523637,1.6517599762404662,2.3435278234986945,0.8219404552557419,0.8219404552557419,0.9468660123763666,11.1111111111111|11.1111111111111|11.1111111111111|3.7037037037037|3.7037037037037|3.7037037037037|1.23456790123457|1.23456790123457|1.23456790123457|0.411522633744856|0.411522633744856|0.411522633744856|0.137174211248285|0.137174211248285|0.137174211248285|0.0316227766016838|0.0316227766016838|0.0316227766016838|0.01|0.01|0.01|0.00316227766016838|0.00316227766016838|0.00316227766016838,33.0264438266696|37.3676645134475|49.7463440360081|15.1659791099893|15.8257084609193|18.6331444799223|0.998842729503514|1.97982222492271|2.60908514246064|0.256738015128698|0.51429636719586|1.77544862019898|0.762966746740606|0.465235232656642|-0.189797388224506|0.578133045174555|2.60671390828211|1.41791423591559|2.78958427322657|1.71555455454365|3.64636436267447|3.74742588639686|10.3758285194105|3.35597849998055,dt4,Definitive_rep3
Tetrandrine,Cell_ER_Radial,Mahalanobis distance (cutoff = 1),13,0.8518946031153483,poly1,3.2679275161046624,1.7816996228041442,0.2505536832907539,NA,NA,NA,NA,NA,NA,0.282595741739291,1.1492058196026047,3.2224081342146835,8.256450206466253,0.030143606232373072,-47.42264255033043,0.9628424224891492,5.55555555555555,NA,2.783929814341707,0.555555555555555,1.11111111111111,2.22222222222222,3.4000482129283687,3.4000482129283687,4.586665039240369,11.1111111111111|11.1111111111111|11.1111111111111|3.7037037037037|3.7037037037037|3.7037037037037|1.23456790123457|1.23456790123457|1.23456790123457|0.411522633744856|0.411522633744856|0.411522633744856|0.137174211248285|0.137174211248285|0.137174211248285|0.0316227766016838|0.0316227766016838|0.0316227766016838|0.01|0.01|0.01|0.00316227766016838|0.00316227766016838|0.00316227766016838,2.15535901939794|3.77593318981554|3.15437395815219|0.255463500785886|0.227211704276753|0.35347580886142|0.14200369622406|-0.534455994388456|-0.325986873612801|2.39598906481102|2.89963249006844|0.0276242702047608|0.885894256611652|1.20734077996454|2.72304322226702|1.89144508953064|1.25048611340232|3.64337704359182|-0.275138019962676|0.17764572771537|0.314854558066779|0.203766042108228|4.37097301579742|3.49176535772529,dt4,Definitive_rep3
Tetrandrine,Cell_ER_Axial,Mahalanobis distance (cutoff = 1),9,0.8518946031153483,exp2,3.6434184212075373,1.1580991892589318,1.908991236783089e-5,0.9260041297715855,NA,NA,NA,NA,NA,-0.1842538607362575,1.1492058196026047,9.905067087148195,10.705709561745278,0.027775924187689042,-36.534049906317925,0.9675077332403933,10.469259654690495,NA,3.1038084899177436,8.337158859151895,8.978959062444044,9.620787738645731,9.913874714223683,9.913874714223683,10.191081254747468,11.1111111111111|11.1111111111111|11.1111111111111|3.7037037037037|3.7037037037037|3.7037037037037|1.23456790123457|1.23456790123457|1.23456790123457|0.411522633744856|0.411522633744856|0.411522633744856|0.137174211248285|0.137174211248285|0.137174211248285|0.0316227766016838|0.0316227766016838|0.0316227766016838|0.01|0.01|0.01|0.00316227766016838|0.00316227766016838|0.00316227766016838,1.20284158863432|4.74892659015103|3.09697042243267|-0.697230146092809|-0.535994851787393|1.09671234207756|-0.0191595483730499|-0.438896014086707|-0.258123299225595|-0.505136386516424|-0.027254800511514|-0.283601730662666|0.232695450193129|1.95390144136638|-0.459335168843818|1.72229100870733|0.0186176733707822|-0.356590292585698|0.320872804218064|0.442319085835338|1.07404664793756|0.00252253173829642|3.3453624132299|1.86432272771539,dt4,Definitive_rep3
Tetrandrine,Cell_ER_Compactness,Mahalanobis distance (cutoff = 1),21,0.8518946031153483,pow,11.059363951493062,1.9630951312319445,3.0776333813382344,NA,NA,0.46463844428190854,NA,NA,NA,0.34568833501072627,1.1492058196026047,0.09246837212938669,0.16169737020262842,3.162874630788703e-9,-49.15206505281266,0.9999999958798748,2.499639642490621,NA,9.421412464165371,0.017606228776900306,0.07826118647760842,0.34787763958394474,0.06301296483277237,0.06301296483277237,0.12001708395365963,11.1111111111111|11.1111111111111|11.1111111111111|3.7037037037037|3.7037037037037|3.7037037037037|1.23456790123457|1.23456790123457|1.23456790123457|0.411522633744856|0.411522633744856|0.411522633744856|0.137174211248285|0.137174211248285|0.137174211248285|0.0316227766016838|0.0316227766016838|0.0316227766016838|0.01|0.01|0.01|0.00316227766016838|0.00316227766016838|0.00316227766016838,7.93309812746883|11.5748679923953|9.675389277181|5.60599862236931|5.39826315443873|6.27600226500384|2.1731714567423|1.79456253051245|4.14399964741228|1.25171880830415|0.955731878097859|0.885102619244751|2.20887682564648|2.0688384883869|0.847388606091948|5.40856796528829|2.59423550638134|4.80788273142517|1.05411568399254|0.446140260032629|-0.185652248029772|1.1951405457649|5.03632424892868|2.68940028705774,dt4,Definitive_rep3
Tetrandrine,Nucleus_DNA_Compactness,Mahalanobis distance (cutoff = 1),8,0.8518946031153483,exp2,7.105000182084853,1.388314720238286,0.10379617632787037,2.721420029091108,NA,NA,NA,NA,NA,-0.3803654842695991,1.1492058196026047,6.522399888272204,7.10357008696322,2.0049875982335253e-6,-33.569536470909696,0.9999635848157038,9.27026602684462,NA,6.052711310251653,3.7147025938619636,5.229266611168286,6.9087590721419865,6.04156682042458,6.04156682042458,6.778699193544032,11.1111111111111|11.1111111111111|11.1111111111111|3.7037037037037|3.7037037037037|3.7037037037037|1.23456790123457|1.23456790123457|1.23456790123457|0.411522633744856|0.411522633744856|0.411522633744856|0.137174211248285|0.137174211248285|0.137174211248285|0.0316227766016838|0.0316227766016838|0.0316227766016838|0.01|0.01|0.01|0.00316227766016838|0.00316227766016838|0.00316227766016838,6.43822601562279|5.04346997563056|11.9967142530868|0.0443198298735977|0.7183526974362|-0.049654863211009|1.00115560693824|0.906277328237037|-0.0630552061645678|-0.486315194307983|-0.0528691067321631|-0.416282245192359|-0.664828662800341|0.0108548734504891|-0.263994784561423|1.42624501404669|-0.429531519207065|-0.505454877320312|-0.350192909723313|0.795045723018165|0.769202441474842|1.18225555446065|-0.213256259958893|1.24477177140372,dt4,Definitive_rep3
Tetrandrine,Cell_position_position,Mahalanobis distance (cutoff = 1),24,0.8518946031153483,pow,11.368964004679608,3.149690243065683,4.703046862146476,NA,NA,0.3000001960847616,NA,NA,NA,0.9170168614194987,1.1492058196026047,0.0051467040398479645,0.018902778939281904,1.3755059846185961e-06,-61.62253736021577,0.9999986147710215,1.1023635064022033,NA,9.685159078599215,5.116743810920772e-4,0.0051573467989503375,0.051982719845918714,0.003362715707136046,0.003362715707136046,0.009121432208977289,11.1111111111111|11.1111111111111|11.1111111111111|3.7037037037037|3.7037037037037|3.7037037037037|1.23456790123457|1.23456790123457|1.23456790123457|0.411522633744856|0.411522633744856|0.411522633744856|0.137174211248285|0.137174211248285|0.137174211248285|0.0316227766016838|0.0316227766016838|0.0316227766016838|0.01|0.01|0.01|0.00316227766016838|0.00316227766016838|0.00316227766016838,9.77947371160155|13.1518739310183|11.1241974310486|7.18766673230781|3.75244702711716|6.23412854074637|2.93813455446104|1.61353202665558|1.67467184513568|3.49342816969775|1.7206648848285|1.52625282663695|7.4851466768741|3.07628721252544|4.58367833472002|4.868216712255|1.45583775241549|4.61817407266758|1.47445484548807|2.55842936464399|1.60827572425618|9.50949468856482|6.42739915194032|5.57785769069377,dt4,Definitive_rep3
Etoposide,Ring_Mito_Texture,Mahalanobis distance (cutoff = 1),7,0.8518946031153483,poly2,1.5494484207990986,0.4425397145354083,-6.186719520270978,-10.248142056243086,NA,NA,NA,NA,NA,-0.9484323890693525,1.1492058196026047,2.383974053465269,2.704100145819362,1.0732273587040541e-4,-11.905008845703883,0.9815330450626665,1.2443328204727604,NA,1.3199667474843513,0.1105163643026584,0.2235244429980412,0.4577438037729699,1.6897552388147323,1.6897552388147323,2.5264887130737144,10|10|10|7.5|7.5|7.5|3.16227766016838|3.16227766016838|3.16227766016838|0.316227766016838|0.316227766016838|0.316227766016838|0.1|0.1|0.1|0.0316227766016838|0.0316227766016838|0.0316227766016838|0.01|0.01|0.01,-0.0257793661648589|0.201376670551716|0.519199234238055|0.936948326688273|1.39458296223471|0.836187047166609|1.41477585783632|1.35398159877139|1.38547809335612|0.928144702926532|0.6500616204297|0.924158082690054|0.0066173280000793|0.0673636425505962|0.114132028973322|-0.581027948242278|-0.638950070451335|-0.498951168760348|-0.582794044356491|-0.670818750242018|-0.692092189882995,dt4,Definitive_rep3
Etoposide,Ring_AGP_Texture,Mahalanobis distance (cutoff = 1),8,0.8518946031153483,poly1,4.362448719161681,0.5477064509687553,0.37163465202213,NA,NA,NA,NA,NA,NA,-0.8501942187410938,1.1492058196026047,2.8260517736907995,3.4105022862123375,2.5422507609763317e-11,-16.835051479205376,0.9999986450366698,5,NA,3.7163465202212995,0.5,1,2,2.2922905560071936,2.2922905560071936,3.0922999600537038,10|10|10|7.5|7.5|7.5|3.16227766016838|3.16227766016838|3.16227766016838|0.316227766016838|0.316227766016838|0.316227766016838|0.1|0.1|0.1|0.0316227766016838|0.0316227766016838|0.0316227766016838|0.01|0.01|0.01,4.16405781157612|3.49972043070745|3.68574474801569|3.43746017080434|2.76597712460282|2.34809347262568|-0.437341064698852|1.04816178983549|1.19070929704777|-0.388219873356493|0.00437590452707526|0.421672203902713|-0.0156022457918948|0.724420805554392|0.828430422987231|-0.644578080209698|-0.545614987320408|-0.445060404758045|0.0168787767585444|-0.570764871227914|-0.271837768338923,dt4,Definitive_rep3
Etoposide,Ring_ER_Texture,Mahalanobis distance (cutoff = 1),12,0.8518946031153483,pow,4.752456411456418,0.9683135177902086,1.3052918792287558,NA,NA,0.4915963731352839,NA,NA,NA,-0.35778144922146504,1.1492058196026047,0.559000415809798,1.1114339591201274,1.0557531079031978e-8,-28.090932298472406,0.9999995573572583,2.441451234664255,NA,4.0485919684606575,0.022566225375623427,0.0924295560575745,0.378584485920667,0.4197787703895471,0.4197787703895471,0.7717726184162665,10|10|10|7.5|7.5|7.5|3.16227766016838|3.16227766016838|3.16227766016838|0.316227766016838|0.316227766016838|0.316227766016838|0.1|0.1|0.1|0.0316227766016838|0.0316227766016838|0.0316227766016838|0.01|0.01|0.01,2.2151655057469|4.91402075033566|3.82723661732771|4.91519332578588|6.31639189299962|3.03417550538778|1.6246237444665|2.44949128760359|1.56019995546506|0.816800711471529|0.488311898103967|0.847074593236725|0.902248316718721|0.601471744658023|1.9751686784522|-0.463177661426156|0.872363837274832|0.051668959176294|0.656262190102544|-0.130512411739535|-0.522867901356741,dt4,Definitive_rep3
Etoposide,Ring_Mito_Intensity,Mahalanobis distance (cutoff = 1),7,0.8518946031153483,exp4,1.758512709528782,0.8925974198283495,NA,NA,1.4980674867573174,NA,NA,1.5743821989861775,NA,-0.6211329503100109,1.1492058196026047,1.2895721918258924,7.654216721291173,2.023650242683072e-4,-23.328747432375838,0.9883151173248185,1.5743821989861775,NA,1.4980674867573174,0.11650519813970923,0.23931096451071915,0.5068378619441962,1.9098995807018793,1.9098995807018793,3.30994276619743,10|10|10|7.5|7.5|7.5|3.16227766016838|3.16227766016838|3.16227766016838|0.316227766016838|0.316227766016838|0.316227766016838|0.1|0.1|0.1|0.0316227766016838|0.0316227766016838|0.0316227766016838|0.01|0.01|0.01,1.68707709027441|4.82529869075743|0.694550054795407|1.30435515297339|2.13171808019545|0.604498278551158|0.923676928951314|2.05257392606642|1.1535623804812|-0.095510631016535|-0.0451985666419673|0.023252667160985|0.110531809171427|-0.0134977683785621|0.13171298683649|-0.697416828256624|-0.729696933335532|-0.642880658928448|-0.605054654050261|-0.695688864336987|-0.453258087124161,dt4,Definitive_rep3
Etoposide,Ring_AGP_Intensity,Mahalanobis distance (cutoff = 1),8,0.8518946031153483,exp5,3.947262963404808,0.7368929239784862,NA,NA,3.3626520156016526,7.205629418072642,NA,3.221982740859378,NA,-0.3997269614026673,1.1492058196026047,2.7376453132483,3.3883119312833747,3.6134967150989024e-7,-24.851259442054825,0.9999719899562387,3.221982740859378,NA,3.3626520156016526,2.2448908505160476,2.480735018571335,2.753022743216321,2.8579140505450584,2.8579140505450584,3.0037657344487725,10|10|10|7.5|7.5|7.5|3.16227766016838|3.16227766016838|3.16227766016838|0.316227766016838|0.316227766016838|0.316227766016838|0.1|0.1|0.1|0.0316227766016838|0.0316227766016838|0.0316227766016838|0.01|0.01|0.01,2.38726347419094|1.72241141913537|2.88530899274594|4.57762577297578|4.11124370514741|3.92919298168312|2.4460212846406|1.47896840632298|0.7645924820187|-0.585054915175865|-0.397521668124698|-0.459045163626182|-0.653090717296287|-0.619783370805874|-0.587561766127882|-0.63631196940186|-0.711701538308325|-0.646154866413254|-0.311193514115962|-0.346325423505531|-0.579176665637783,dt4,Definitive_rep3
Etoposide,Ring_ER_Intensity,Mahalanobis distance (cutoff = 1),9,0.8518946031153483,exp5,15.522354531251166,1.9181459262683482,NA,NA,13.22341005281594,2.822419046862342,NA,3.001593377062759,NA,-0.008302214509533246,1.1492058196026047,1.3505539524650891,1.5789865350144894,7.08350932274884e-13,-39.62363344350173,0.9999999999625929,3.001593377062759,NA,13.22341005281594,1.1932050487162664,1.5398459143578545,2.008851698176644,1.3088198261843624,1.3088198261843624,1.4614731087656887,10|10|10|7.5|7.5|7.5|3.16227766016838|3.16227766016838|3.16227766016838|0.316227766016838|0.316227766016838|0.316227766016838|0.1|0.1|0.1|0.0316227766016838|0.0316227766016838|0.0316227766016838|0.01|0.01|0.01,12.893210085732|7.86870095625912|8.62513166055929|17.3245500220656|15.626215383267|13.1627198831385|8.4433564493004|6.96869958241685|6.70975942421379|0.273374941541748|0.140970537543737|0.218441079562717|-0.445431502381581|-0.485798597491861|-0.564466171393082|-0.720433425403561|-0.450774726952872|0.00866839552948451|-0.694770515307599|-0.668146229588363|-0.655944727216897,dt4,Definitive_rep3
Etoposide,Cytoplasm_Mito_Texture,Mahalanobis distance (cutoff = 1),12,0.8518946031153483,poly2,5.936205396571795,0.7200890909567302,-21.109948905706826,-12.454449877184356,NA,NA,NA,NA,NA,-0.6553789058188557,1.1492058196026047,0.6877281741992877,0.7614174984209188,4.576084927628986e-12,-19.858126620997687,0.9999999993388149,1.7328792246552738,NA,5.057021340323718,0.15100804550152536,0.30586588615023963,0.6284165278633539,0.5247067999111795,0.5247067999111795,0.719584184198683,10|10|10|7.5|7.5|7.5|3.16227766016838|3.16227766016838|3.16227766016838|0.316227766016838|0.316227766016838|0.316227766016838|0.1|0.1|0.1|0.0316227766016838|0.0316227766016838|0.0316227766016838|0.01|0.01|0.01,3.21513396905188|3.91263379620125|3.04526685889341|4.85801488898467|5.94557558880875|4.60983450340459|3.80194065258522|4.68263246299933|1.93834438820645|1.69967097184942|0.940465602844231|1.97141489117652|0.196013319309394|0.131850285727181|0.267481215959679|-0.21666025253865|-0.560667146039244|-0.354456414390504|-0.515070630865723|-0.282213176350673|-0.108177261773686,dt4,Definitive_rep3
Etoposide,Cytoplasm_AGP_Texture,Mahalanobis distance (cutoff = 1),7,0.8518946031153483,exp5,2.9224258253288236,0.7350367359983486,NA,NA,2.4895987886025424,7.999999987271635,NA,6.275314618336104,NA,-0.7271859509861434,1.1492058196026047,3.7893362631933014,6.904912990234188,1.5922258717692543e-6,-20.758121635242876,0.9998529981838359,6.275314618336104,NA,2.4895987886025424,4.531999942897127,4.958691130460217,5.446347707658309,5.892323076129175,5.892323076129175,6.187391159920459,10|10|10|7.5|7.5|7.5|3.16227766016838|3.16227766016838|3.16227766016838|0.316227766016838|0.316227766016838|0.316227766016838|0.1|0.1|0.1|0.0316227766016838|0.0316227766016838|0.0316227766016838|0.01|0.01|0.01,3.04101786278166|1.79095106604082|2.52830115932315|4.87679554692854|1.81638232449238|2.4439391469875|-0.211390766200179|0.0610146829656354|-0.173670593352465|-0.284222038340844|0.109513694806152|0.634327116114807|-0.144884430191884|-0.365285541870327|1.20247504763253|-0.717590370158255|-0.119580652155588|-0.200521309032132|0.520242623175964|-0.713978819999292|-0.58971870139498,dt4,Definitive_rep3
Etoposide,Cytoplasm_ER_Texture,Mahalanobis distance (cutoff = 1),9,0.8518946031153483,exp5,5.424915196442293,0.7131225623456711,NA,NA,4.621455978207629,7.221114550243454,NA,3.245460716799254,NA,-0.46987992979611815,1.1492058196026047,2.655103395709569,3.0929994208756297,1.5945037518469464e-10,-23.790432892853385,0.9999997310252965,3.245460716799254,NA,4.621455978207629,2.2630017880841105,2.500212996279078,2.774019050069461,2.739312306696588,2.739312306696588,2.870884883291768,10|10|10|7.5|7.5|7.5|3.16227766016838|3.16227766016838|3.16227766016838|0.316227766016838|0.316227766016838|0.316227766016838|0.1|0.1|0.1|0.0316227766016838|0.0316227766016838|0.0316227766016838|0.01|0.01|0.01,3.88089173066842|3.29950489784169|3.96601744700241|5.9218748832932|5.36809829400231|5.27103960245387|3.53337522078856|1.55784053554823|1.80674038794654|-0.467839170490884|-0.25017896116719|-0.411111506149449|-0.361434584900265|-0.662310514825876|-0.243954071229433|-0.620920859882161|0.360188574545666|0.333679742977963|0.406210148005781|-0.592652021921616|-0.715404910657902,dt4,Definitive_rep3
Etoposide,Cytoplasm_Mito_Intensity,Mahalanobis distance (cutoff = 1),9,0.8518946031153483,exp5,42.51087101097572,5.0654468665672825,NA,NA,36.21478158798293,4.259436305404413,NA,4.2438341385602065,NA,0.2716445976477741,1.1492058196026047,1.944616923518757,2.20171534346087,5.563434986614084e-14,-57.071113563075905,0.999999999999865,4.2438341385602065,NA,36.21478158798293,2.3029553164862335,2.7269650047321825,3.2523221087638547,1.923144102615304,1.923144102615304,2.06520666642739,10|10|10|7.5|7.5|7.5|3.16227766016838|3.16227766016838|3.16227766016838|0.316227766016838|0.316227766016838|0.316227766016838|0.1|0.1|0.1|0.0316227766016838|0.0316227766016838|0.0316227766016838|0.01|0.01|0.01,35.9909133577448|45.2097113837189|22.5654386691476|35.9322175514161|37.0758930715923|23.4703098650712|6.42333650941969|16.8271384161251|5.93406984322792|0.155798601586161|-0.0559920145479329|0.260175550691501|-0.207791398025965|-0.214987279377629|-0.15441095129674|-0.556857941004108|-0.582817238266103|-0.433991483317269|-0.469824483635439|-0.535753102572343|-0.491588114147945,dt4,Definitive_rep3
Etoposide,Cytoplasm_AGP_Intensity,Mahalanobis distance (cutoff = 1),9,0.8518946031153483,exp5,14.817578538195804,2.6835700786020675,NA,NA,12.623015187926816,6.960066672977285,NA,3.3205179742359574,NA,0.2678354779662843,1.1492058196026047,2.3603171263691927,2.687522130619873,1.3502866165647863e-11,-45.06846821760505,0.9999999996155113,3.3205179742359574,NA,12.623015187926816,2.2842370693338045,2.533127342960733,2.82151402923724,2.3879722569739967,2.3879722569739967,2.497446067077908,10|10|10|7.5|7.5|7.5|3.16227766016838|3.16227766016838|3.16227766016838|0.316227766016838|0.316227766016838|0.316227766016838|0.1|0.1|0.1|0.0316227766016838|0.0316227766016838|0.0316227766016838|0.01|0.01|0.01,12.0113732247288|10.4353098870851|11.3710400621958|21.5040617020803|19.4575270058737|15.4071464301043|4.95780655554445|6.72453306387454|2.89845423466165|-0.499707835625648|-0.346662476648821|-0.369883941531933|-0.649087247275313|-0.754390786713016|-0.422062968622946|-0.734054395349487|-0.729655855108185|-0.705224364826068|-0.440809129348649|-0.352100734353436|-0.514510083413904,dt4,Definitive_rep3
Etoposide,Cytoplasm_ER_Intensity,Mahalanobis distance (cutoff = 1),12,0.8518946031153483,poly2,34.50742967237386,3.1720504286060165,-119.5884440088033,-17.229010654128587,NA,NA,NA,NA,NA,0.46245611692634403,1.1492058196026047,0.15162839636976558,0.18792243531206568,8.236970921408154e-17,-47.8096678696,0.9999999999999909,2.472363023516053,NA,29.396693105277723,0.21442657536673138,0.43447207288844986,0.8933534668282699,0.12361873686910947,0.12361873686910947,0.16718751579207078,10|10|10|7.5|7.5|7.5|3.16227766016838|3.16227766016838|3.16227766016838|0.316227766016838|0.316227766016838|0.316227766016838|0.1|0.1|0.1|0.0316227766016838|0.0316227766016838|0.0316227766016838|0.01|0.01|0.01,37.897245548115|28.968870331737|23.6529729376385|38.1138048458013|33.0220969468382|27.024100483271|15.649638125725|18.8931818137613|17.6813423005193|1.90340628673719|2.42052363011265|2.35408167886301|0.19947246578888|0.202946935506955|-0.157912877222858|-0.573425620664264|-0.39856030646269|0.543050068257484|-0.22847781481946|-0.682890025532325|-0.48760401960314,dt4,Definitive_rep3
Etoposide,Cytoplasm_AGP_Profile,Mahalanobis distance (cutoff = 1),12,0.8518946031153483,exp4,2.5797742388966225,0.4927563563684539,NA,NA,2.197695751372038,NA,NA,0.4678541642164452,NA,-0.9248738758395991,1.1492058196026047,0.29003401871812634,0.9194694384119643,2.333886478452481e-10,-15.212931462059917,0.999999344288771,0.4678541642164452,NA,2.197695751372038,0.03462148018290924,0.07111528024204807,0.15061539977131935,0.33101918023728255,0.33101918023728255,0.4995179098290727,10|10|10|7.5|7.5|7.5|3.16227766016838|3.16227766016838|3.16227766016838|0.316227766016838|0.316227766016838|0.316227766016838|0.1|0.1|0.1|0.0316227766016838|0.0316227766016838|0.0316227766016838|0.01|0.01|0.01,1.24544058721505|2.50662383632137|1.82762840944518|2.36142168710526|2.49061085176828|2.13462801615925|1.9559801078697|2.46703017858866|2.21538221479463|0.562243861933416|0.61081746005524|1.04877269369048|1.19068477228087|0.487281793098512|1.42584701836723|-0.314185736916512|-0.627715261595454|-0.629768705446283|-0.152176584264712|-0.383219048000448|-0.10314411829897,dt4,Definitive_rep3
Etoposide,Cytoplasm_ER_Profile,Mahalanobis distance (cutoff = 1),18,0.8518946031153483,exp4,10.56725728993925,2.3990850472623224,NA,NA,9.002189455030567,NA,NA,0.644637418322471,NA,0.5796070921762364,1.1492058196026047,0.06818728698775131,0.2392236618838907,1.2193747984669026e-9,-47.46854000818232,0.999999998295082,0.644637418322471,NA,9.002189455030567,0.04770354377627811,0.09798688173544631,0.2075268959736607,0.09245626742217933,0.09245626742217933,0.1270161572314882,10|10|10|7.5|7.5|7.5|3.16227766016838|3.16227766016838|3.16227766016838|0.316227766016838|0.316227766016838|0.316227766016838|0.1|0.1|0.1|0.0316227766016838|0.0316227766016838|0.0316227766016838|0.01|0.01|0.01,7.35633720467372|12.9575937847177|9.05249076922477|8.89874798055038|8.28310610115444|7.24331519819485|7.26773081448036|12.5792518163952|10.9496767153246|1.71816643545454|0.968364532913992|1.93086790145282|2.34799257137196|1.23359569939835|4.03165529836349|0.612443281703954|7.22210163991803|3.47972989381897|1.72583126170801|-0.275241415730123|-0.310352175887285,dt4,Definitive_rep3
Etoposide,Cytoplasm_DNA_Profile,Mahalanobis distance (cutoff = 1),15,0.8518946031153483,exp5,33.00854556556624,2.3099903048246566,NA,NA,28.11980182399294,1.6909125800793754,NA,0.8177842850556427,NA,0.29615801799631447,1.1492058196026047,0.12781961564429173,0.19555237890826632,6.715690035480979e-20,-43.78173329522207,0.9999999999999999,0.8177842850556427,NA,28.11980182399294,0.1753509929537972,0.26840403693497855,0.4183396428651599,0.12959971702658252,0.12959971702658252,0.15520012798032928,10|10|10|7.5|7.5|7.5|3.16227766016838|3.16227766016838|3.16227766016838|0.316227766016838|0.316227766016838|0.316227766016838|0.1|0.1|0.1|0.0316227766016838|0.0316227766016838|0.0316227766016838|0.01|0.01|0.01,25.2524542111047|30.4611073249011|23.7159222938713|27.6599115475539|28.7184663445415|26.0855510521332|30.4069754137086|35.9971689755139|28.3422686443161|4.35170932559592|2.46405869149562|3.55269139736425|0.508797244804624|1.36922108137892|1.76003345808954|-0.341868126566309|1.44026097490516|-0.114530348299769|0.239260732400645|-0.289297778967166|-0.176772444009875,dt4,Definitive_rep3
Etoposide,Membrane_AGP_Texture,Mahalanobis distance (cutoff = 1),14,0.8518946031153483,exp4,17.048832603476278,2.692294224671532,NA,NA,14.523808484318433,NA,NA,0.432966970668497,NA,0.7536001931190512,1.1492058196026047,0.03542802274885441,0.07846691933304266,3.65734164216598e-12,-50.5595905247941,0.999999999953677,0.432966970668497,NA,14.523808484318433,0.032039807575419486,0.06581231890114375,0.13938423201646172,0.037756710125164496,0.037756710125164496,0.051490068438551445,10|10|10|7.5|7.5|7.5|3.16227766016838|3.16227766016838|3.16227766016838|0.316227766016838|0.316227766016838|0.316227766016838|0.1|0.1|0.1|0.0316227766016838|0.0316227766016838|0.0316227766016838|0.01|0.01|0.01,9.20248534923281|11.8535638801278|11.1791912895655|17.0571473240485|13.7642752017007|13.7687856934501|16.778991023579|18.4647328635545|21.4839819503948|6.2160736300831|8.48057238481602|4.54457708122794|-0.308324718640939|-0.328062197388362|2.6838796899588|-0.159784470246951|-0.273596947371076|-0.383495965961777|1.40446918366141|-0.582914742283644|0.142576651004478,dt4,Definitive_rep3
Etoposide,Nucleus_DNA_Texture,Mahalanobis distance (cutoff = 1),14,0.8518946031153483,exp4,3.5402583059876287,1.422196167421378,NA,NA,3.015926944505146,NA,NA,0.31991418058416754,NA,0.09294636903519901,1.1492058196026047,0.05651013129469948,0.559808753599996,8.044077771438498e-6,-37.099826216291156,0.9999909418889031,0.31991418058416754,NA,3.015926944505146,0.02367383537533785,0.0486279450857318,0.10298936268291264,0.15320031786871163,0.15320031786871163,0.22141102630808907,10|10|10|7.5|7.5|7.5|3.16227766016838|3.16227766016838|3.16227766016838|0.316227766016838|0.316227766016838|0.316227766016838|0.1|0.1|0.1|0.0316227766016838|0.0316227766016838|0.0316227766016838|0.01|0.01|0.01,2.31777219072548|1.48367132403971|2.4629985517406|2.94505959969782|2.77556586833644|2.54086191501576|6.07632238738729|5.53227572712267|4.35030634153929|0.915338919185274|0.81117823909982|1.41159082642493|3.4342609564345|2.00140291766136|3.4444774104917|-0.454117220725587|-0.625601243579537|-0.578533350805445|-0.0885397466447072|-0.608572562081883|0.568619922216069,dt4,Definitive_rep3
Etoposide,Nucleus_RNA_Intensity,Mahalanobis distance (cutoff = 1),12,0.8518946031153483,exp5,16.396530807790885,2.6744127151331094,NA,NA,13.968116104971596,7.806530641589538,NA,0.39863378966297597,NA,0.46736659292227367,1.1492058196026047,0.2775451205722094,0.48191291525648583,9.263452858826344e-12,-48.35371721297779,0.9999999999689047,0.39863378966297597,NA,13.968116104971596,0.28557851413749963,0.31316350220884687,0.34476174160421025,0.29315553706309533,0.29315553706309533,0.305057864174306,10|10|10|7.5|7.5|7.5|3.16227766016838|3.16227766016838|3.16227766016838|0.316227766016838|0.316227766016838|0.316227766016838|0.1|0.1|0.1|0.0316227766016838|0.0316227766016838|0.0316227766016838|0.01|0.01|0.01,14.2305134273306|14.1625303312149|8.04561798590273|10.9554687654639|13.8835752345501|10.773783284126|19.3841611551076|18.4343426274474|20.6065007495276|2.05868837647099|0.955960517391356|1.48924963471439|-0.155081739629514|-0.17065004156431|0.2354884844255|-0.325991304298524|-0.244314917778914|-0.391937110475185|-0.528090812673051|-0.708941310611452|-0.752165330821978,dt4,Definitive_rep3
Etoposide,Nucleus_DNA_Intensity,Mahalanobis distance (cutoff = 1),9,0.8518946031153483,exp5,18.358417221853664,2.8167364346739503,NA,NA,15.639436553037001,1.752893630610008,NA,1.6290513782713991,NA,-0.27734185257782346,1.1492058196026047,0.4024649898998401,0.5160117012577521,1.572643539275629e-16,-40.67292773499236,0.9999999999999987,1.6290513782713991,NA,15.639436553037001,0.3688502466338655,0.5561521755601788,0.8533328645896531,0.38783615937598326,0.38783615937598326,0.4627074505614994,10|10|10|7.5|7.5|7.5|3.16227766016838|3.16227766016838|3.16227766016838|0.316227766016838|0.316227766016838|0.316227766016838|0.1|0.1|0.1|0.0316227766016838|0.0316227766016838|0.0316227766016838|0.01|0.01|0.01,22.8507721280871|25.6420894124922|13.9590653908724|15.6981032945174|18.6905545119833|15.1642082808674|14.6519855685684|13.1712003652839|13.9496848271028|0.568316189604609|0.561536621311294|0.845423950341859|-0.349187883608831|-0.0846891690643742|0.00590485445578548|-0.615035481183815|0.0960799605760144|-0.379470003299947|-0.376183218253385|-0.324687094462437|-0.112752130189674,dt4,Definitive_rep3
Etoposide,Nucleus_RNA_Texture,Mahalanobis distance (cutoff = 1),12,0.8518946031153483,exp4,2.898505415957893,1.0288126703205154,NA,NA,2.4692211209551367,NA,NA,0.3182301175763381,NA,-0.27371496597946066,1.1492058196026047,0.14171091318401424,0.6438684260564687,2.5390247295796827e-6,-29.70520010468998,0.9999544548101947,0.3182301175763381,NA,2.4692211209551367,0.023549213733570516,0.048371962298985355,0.10244721548713184,0.19426200536005797,0.19426200536005797,0.2875213515913854,10|10|10|7.5|7.5|7.5|3.16227766016838|3.16227766016838|3.16227766016838|0.316227766016838|0.316227766016838|0.316227766016838|0.1|0.1|0.1|0.0316227766016838|0.0316227766016838|0.0316227766016838|0.01|0.01|0.01,0.933307618699712|2.59813164101973|0.93486124308172|2.58630879882585|2.11440649276557|1.8854636156824|4.30670780577882|5.35274257189253|3.80692034043677|1.05712203017586|0.617653539611319|2.32028850017276|0.400145346172166|0.636793017921179|0.919992872732049|-0.216174951386052|-0.0872192766476985|-0.719906086758885|-0.532564199201039|-0.526747914439918|-0.0935379277125139,dt4,Definitive_rep3
Etoposide,Nucleus_RNA_Profile,Mahalanobis distance (cutoff = 1),10,0.8518946031153483,pow,8.555968653252702,0.9400540820060518,1.6588866003760756,NA,NA,0.6428383525390455,NA,NA,NA,-0.40693350441422604,1.1492058196026047,0.48822565772382925,0.673899509069048,1.6314601101059437e-12,-27.34190852642477,0.9999999994584163,3.401867782457578,NA,7.288783520130071,0.09464908185302526,0.2782268092284552,0.8178648525471457,0.35461826510169886,0.35461826510169886,0.5649471510839613,10|10|10|7.5|7.5|7.5|3.16227766016838|3.16227766016838|3.16227766016838|0.316227766016838|0.316227766016838|0.316227766016838|0.1|0.1|0.1|0.0316227766016838|0.0316227766016838|0.0316227766016838|0.01|0.01|0.01,6.95926073786944|8.61305907304624|4.54894733357872|7.0060163663653|6.34562217133906|4.33870961344185|2.00620840536541|3.55112053155416|4.12373954547214|0.76083275501467|0.682570339225465|0.667913964199179|0.360454272503076|-0.162317353068678|1.51148427715567|-0.38260943846347|0.716918369518347|-0.0171408749642542|0.702179662317694|0.265988413128934|0.134068767028938,dt4,Definitive_rep3
Etoposide,Nucleus_RNA_Radial,Mahalanobis distance (cutoff = 1),15,0.8518946031153483,exp4,26.507810612458282,2.925682774281683,NA,NA,22.581860801156964,NA,NA,0.6689767534985358,NA,0.7818481747734631,1.1492058196026047,0.037044412131098485,0.06827316055370918,3.399244527699176e-15,-51.80593009621522,0.9999999999999206,0.6689767534985358,NA,22.581860801156964,0.04950466873126188,0.10168653597460409,0.2153624117777162,0.03711378822207149,0.03711378822207149,0.05040993844465257,10|10|10|7.5|7.5|7.5|3.16227766016838|3.16227766016838|3.16227766016838|0.316227766016838|0.316227766016838|0.316227766016838|0.1|0.1|0.1|0.0316227766016838|0.0316227766016838|0.0316227766016838|0.01|0.01|0.01,16.7578166018189|21.1102922075328|18.8276882896327|24.2291191711675|19.4821105626916|25.6913533574667|22.8599527879039|29.562803294721|26.4904058522014|5.27705104651919|5.52728270092741|3.47741266976919|5.28176392415234|2.74542723693081|3.1057539150619|-0.25019176437582|0.0284716507791821|-0.00763275822094811|0.0174106287740587|0.283164944984427|0.56615544560159,dt4,Definitive_rep3
Etoposide,Nucleus_RNA_Axial,Mahalanobis distance (cutoff = 1),16,0.8518946031153483,exp4,16.575232081788954,1.5632301471313972,NA,NA,14.12035075586039,NA,NA,0.902306970518393,NA,0.0677043038286165,1.1492058196026047,0.07799687984742662,0.14405403533135328,9.102274652287686e-17,-37.915120633274306,0.9999999999999823,0.902306970518393,NA,14.12035075586039,0.06677124045913398,0.13715345075582722,0.2904779640225738,0.08100497833706684,0.08100497833706684,0.11050562248872893,10|10|10|7.5|7.5|7.5|3.16227766016838|3.16227766016838|3.16227766016838|0.316227766016838|0.316227766016838|0.316227766016838|0.1|0.1|0.1|0.0316227766016838|0.0316227766016838|0.0316227766016838|0.01|0.01|0.01,13.7464716632193|17.9541176977323|10.8624774567853|14.1069965972334|14.1597745185045|16.4749557825441|11.7438517853947|13.2365768492869|12.3212460710591|3.13317883916385|4.50915745833731|1.80148580115326|4.48108177171413|1.96201593310442|1.92749516391547|0.214530429206992|0.354263470005746|0.894557286072985|-0.343305588216832|-0.696752016966058|-0.157175289489506,dt4,Definitive_rep3
Etoposide,Nucleus_RNA_Compactness,Mahalanobis distance (cutoff = 1),13,0.8518946031153483,exp4,15.228039469470115,2.968710697120536,NA,NA,12.972684640069103,NA,NA,0.9565269298628762,NA,0.5573137891096371,1.1492058196026047,0.08570358158147108,0.19025254520818957,7.393225783037776e-11,-49.69976595897612,0.9999999993893021,0.9565269298628762,NA,12.972684640069103,0.07078354897648367,0.1453950523026535,0.3079328922392134,0.09373326166188387,0.09373326166188387,0.12800481355043594,10|10|10|7.5|7.5|7.5|3.16227766016838|3.16227766016838|3.16227766016838|0.316227766016838|0.316227766016838|0.316227766016838|0.1|0.1|0.1|0.0316227766016838|0.0316227766016838|0.0316227766016838|0.01|0.01|0.01,13.8237514357567|22.4569630579282|7.73162822527418|9.21244910272391|15.132282539558|8.28139526222576|11.3652691782104|16.17024232894|12.5878904054426|2.62006967192822|1.59394925520232|1.61977404083975|0.078880635217369|-0.0503348181227334|1.3068157548509|-0.61046102480718|0.00253380580162488|-0.410280698951858|0.0939833002292487|0.0949962467857736|0.383639211900555,dt4,Definitive_rep3
Etoposide,Nucleus_RNA_Symmetry,Mahalanobis distance (cutoff = 1),18,0.8518946031153483,exp4,28.21123488659391,3.1846659814502014,NA,NA,24.032998747108785,NA,NA,0.49396923232719625,NA,0.876098673129247,1.1492058196026047,0.020747781026638736,0.05401668508355323,2.1113693110207497e-15,-53.737448187338416,0.9999999999999043,0.49396923232719625,NA,24.032998747108785,0.03655401040754865,0.0750848513804104,0.15902257389606714,0.02571968791027512,0.02571968791027512,0.03491892163137516,10|10|10|7.5|7.5|7.5|3.16227766016838|3.16227766016838|3.16227766016838|0.316227766016838|0.316227766016838|0.316227766016838|0.1|0.1|0.1|0.0316227766016838|0.0316227766016838|0.0316227766016838|0.01|0.01|0.01,21.7924603964425|32.4558223905871|20.8635065644441|22.1488683157295|24.0114826360345|23.5165227009148|24.3040058950574|25.6807770486844|29.280344922974|4.85725949885687|14.2270078116301|4.3587691791705|7.39716295179992|3.19726453912003|2.84357945292903|2.93276195031989|1.73680583859934|2.61196040541169|0.544309418451382|0.599764768067112|0.441481949091202,dt4,Definitive_rep3
Etoposide,Cell_DNA_Radial,Mahalanobis distance (cutoff = 1),14,0.8518946031153483,exp5,25.07950776272577,1.6287909637445268,NA,NA,21.365097311855564,1.719100228519562,NA,0.46558695912674586,NA,-0.04899392895557608,1.1492058196026047,0.09650600978972786,0.12220983523575599,2.9470252815552254e-20,-36.66646991796151,1,0.46558695912674586,NA,21.365097311855564,0.10238475145914211,0.15562689433745017,0.2408043457487251,0.08948113857472396,0.08948113857472396,0.10695197587083052,10|10|10|7.5|7.5|7.5|3.16227766016838|3.16227766016838|3.16227766016838|0.316227766016838|0.316227766016838|0.316227766016838|0.1|0.1|0.1|0.0316227766016838|0.0316227766016838|0.0316227766016838|0.01|0.01|0.01,20.97449848079|21.7036233097274|16.2163641542117|21.3870448194204|20.6374522939351|17.5320249341733|21.809630034239|22.1380048125333|23.3455356191242|6.96734807242139|4.91559318805155|6.88011804323232|0.64509020406496|0.461827326409302|1.53171242269777|0.315163734648656|2.13923764174895|0.591879984790539|0.730915058787881|-0.686253905242605|-0.531584246716375,dt4,Definitive_rep3
Etoposide,Cell_Mito_Radial,Mahalanobis distance (cutoff = 1),11,0.8518946031153483,exp5,29.630266494022283,1.9245742244253419,NA,NA,25.241864115127115,2.463229511986458,NA,3.316134868201959,NA,0.19651170056946266,1.1492058196026047,0.9939876725441672,1.222543328051092,9.443751988639239e-18,-41.45179506085683,0.9999999999999764,3.316134868201959,NA,25.241864115127115,1.15232325209199,1.5434334665816063,2.0931315064747182,0.9790124873870144,0.9790124873870144,1.1082640459715938,10|10|10|7.5|7.5|7.5|3.16227766016838|3.16227766016838|3.16227766016838|0.316227766016838|0.316227766016838|0.316227766016838|0.1|0.1|0.1|0.0316227766016838|0.0316227766016838|0.0316227766016838|0.01|0.01|0.01,26.6105464961752|24.706498425171|20.9406200208585|25.8247089601833|26.0590701348856|20.0901800158341|9.08501269324394|15.8699449198628|11.7193800236519|0.793639108348475|1.60970177967686|1.03157956405306|0.518144231702105|0.671506782251083|0.639288090257546|-0.69239740802169|-0.238274197463361|-0.147699739183744|-0.410956251303277|0.0819264481911787|-0.552246245548428,dt4,Definitive_rep3
Etoposide,Cell_Mito_Axial,Mahalanobis distance (cutoff = 1),13,0.8518946031153483,exp4,36.47938059233286,2.6053700437926737,NA,NA,31.07658745159914,NA,NA,3.465618903631226,NA,0.19821196465448437,1.1492058196026047,0.16940219459154182,0.20941207311855645,2.3469805309097135e-17,-44.358944527381986,0.9999999999999961,3.465618903631226,NA,31.07658745159914,0.25645781393125544,0.5267847940535888,1.1156800912516298,0.1389727399598886,0.1389727399598886,0.18839806788487803,10|10|10|7.5|7.5|7.5|3.16227766016838|3.16227766016838|3.16227766016838|0.316227766016838|0.316227766016838|0.316227766016838|0.1|0.1|0.1|0.0316227766016838|0.0316227766016838|0.0316227766016838|0.01|0.01|0.01,26.1826571638559|27.4980122366785|18.5661490957742|25.1225373743129|27.691791169268|17.2783450659606|12.7363567610212|16.0959311074431|13.6301229437254|2.23582405446378|1.8592043768334|3.83100453257306|1.15023782758008|0.0634889829960354|0.507173122172334|0.0994068799129098|0.14590803540349|0.809723438576961|-0.501238171490494|-0.430271906649184|-0.243204116297392,dt4,Definitive_rep3
Etoposide,Cell_Mito_Compactness,Mahalanobis distance (cutoff = 1),12,0.8518946031153483,exp4,7.531237395910404,1.0587796437652264,NA,NA,6.415820492356563,NA,NA,2.2460489378380197,NA,-0.37143047259758333,1.1492058196026047,0.47522999611123334,0.821243283952375,1.270613904276865e-12,-28.293862836663283,0.9999999996810828,2.2460489378380197,NA,6.415820492356563,0.16620892735119105,0.3414063865803477,0.7230662555819773,0.4616317270372148,0.4616317270372148,0.6395801058224803,10|10|10|7.5|7.5|7.5|3.16227766016838|3.16227766016838|3.16227766016838|0.316227766016838|0.316227766016838|0.316227766016838|0.1|0.1|0.1|0.0316227766016838|0.0316227766016838|0.0316227766016838|0.01|0.01|0.01,5.88153074774566|6.42016671558789|5.47632520020774|7.40496525838025|6.67364513499939|5.23135988197434|2.69168675213107|3.91214431684848|4.0723946624203|1.65735883466733|1.55825908831891|4.26486998923688|-0.102349032504461|0.320635048565734|0.170333021336531|-0.754515801153785|-0.503933404420682|-0.146254738997676|-0.584108900807996|-0.462447207130515|-0.513582941369958,dt4,Definitive_rep3
Etoposide,Cell_Mito_Symmetry,Mahalanobis distance (cutoff = 1),20,0.8518946031153483,pow,24.589539345394464,2.988120755400551,9.979803952252187,NA,NA,0.3220142498795471,NA,NA,NA,0.7840364149713563,1.1492058196026047,9.088302135717028e-4,0.0016336723357109205,7.478041118172192e-14,-51.847325519553365,0.9999999999999029,1.1618915880929523,NA,20.947695861434056,9.114082909258623e-4,0.007844176687962634,0.06751212220098361,4.7983346244214896e-4,4.7983346244214896e-4,0.0012157281776640659,10|10|10|7.5|7.5|7.5|3.16227766016838|3.16227766016838|3.16227766016838|0.316227766016838|0.316227766016838|0.316227766016838|0.1|0.1|0.1|0.0316227766016838|0.0316227766016838|0.0316227766016838|0.01|0.01|0.01,19.8455810534972|14.8717679426151|23.7083139587765|27.7958563721373|19.2824824322775|15.4031919904894|12.6407423206229|17.8270061002389|15.8137855137357|9.75960488734459|10.384356443555|5.73216768983383|3.56161907005773|5.11855350741334|2.53470196754338|3.71334845832261|1.68347072720971|3.28285451285561|2.87124649095966|0.289680369583138|1.4946347862114,dt4,Definitive_rep3
Etoposide,Cell_AGP_Radial,Mahalanobis distance (cutoff = 1),15,0.8518946031153483,pow,38.25293523495249,3.045709516230761,6.983929647490096,NA,NA,0.6689507762435789,NA,NA,NA,0.355271364851665,1.1492058196026047,0.06322219424646897,0.07224396478914302,2.111501969027575e-17,-47.26831654139502,0.9999999999999988,3.548107679056781,NA,32.58746907997697,0.11353205272703916,0.3199791635332224,0.9018304755009152,0.04306344646163154,0.04306344646163154,0.06736911261654281,10|10|10|7.5|7.5|7.5|3.16227766016838|3.16227766016838|3.16227766016838|0.316227766016838|0.316227766016838|0.316227766016838|0.1|0.1|0.1|0.0316227766016838|0.0316227766016838|0.0316227766016838|0.01|0.01|0.01,33.4754305532684|32.5762338575953|21.6364156722286|25.8176821798287|30.4376673304292|20.7510341263044|13.5335937225242|18.7393663460505|16.1699862209529|2.89790481014422|2.48631638004321|3.18820241213521|1.59231452497487|1.98275909306682|2.52322948674484|-0.395154265130334|0.039049454106012|0.0310803742424482|0.1285840219075|-0.648402037185812|-0.568694811519835,dt4,Definitive_rep3
Etoposide,Cell_AGP_Axial,Mahalanobis distance (cutoff = 1),14,0.8518946031153483,exp4,34.78714279960597,2.358386795882712,NA,NA,29.634979208787268,NA,NA,4.088149948549795,NA,0.34246462313452763,1.1492058196026047,0.2015686885228346,0.2698461869359466,3.0505452906307924e-16,-45.09599576878199,0.9999999999998175,4.088149948549795,NA,29.634979208787268,0.30252547322203155,0.6214114386467906,1.3160903245505036,0.1720286762651506,0.1720286762651506,0.23326766693999504,10|10|10|7.5|7.5|7.5|3.16227766016838|3.16227766016838|3.16227766016838|0.316227766016838|0.316227766016838|0.316227766016838|0.1|0.1|0.1|0.0316227766016838|0.0316227766016838|0.0316227766016838|0.01|0.01|0.01,24.7972360272781|24.3474262593791|17.1066279392292|24.6958160077518|26.221730624323|17.0942790186932|10.5907849150509|14.2200667379044|10.5477435564506|1.09265118414512|1.16249194689039|2.11234016045639|1.18530797180079|-0.0872314318104243|1.00670614500769|-0.23140712730391|-0.373939987290178|-0.119857091447783|-0.53222641361459|-0.685232016826937|-0.269829661161852,dt4,Definitive_rep3
Etoposide,Cell_AGP_Compactness,Mahalanobis distance (cutoff = 1),16,0.8518946031153483,exp4,23.20604604544779,1.8515204955396773,NA,NA,19.76910538576324,NA,NA,1.7175011634112323,NA,-0.23050352597690218,1.1492058196026047,0.13183222737488504,0.16569489496197168,4.924778441175084e-20,-35.27448973927033,1,1.7175011634112323,NA,19.76910538576324,0.12709608472279452,0.26106548983397954,0.5529118775038063,0.10914410316926985,0.10914410316926985,0.14839604198709364,10|10|10|7.5|7.5|7.5|3.16227766016838|3.16227766016838|3.16227766016838|0.316227766016838|0.316227766016838|0.316227766016838|0.1|0.1|0.1|0.0316227766016838|0.0316227766016838|0.0316227766016838|0.01|0.01|0.01,26.3834310876381|20.5493679336535|18.4300178851622|18.8934435404156|18.9166753985361|15.0199691999993|15.3022616843101|13.2206739726457|14.1212816987356|2.31949711496473|2.46444332702947|2.51362311649142|1.42469604248847|1.09818049833592|0.948052168196274|0.0513261844419414|1.9458109469248|0.829258255091571|0.539289383352782|-0.436833931431114|-0.528594423832315,dt4,Definitive_rep3
Etoposide,Cell_AGP_Symmetry,Mahalanobis distance (cutoff = 1),18,0.8518946031153483,exp4,29.77005081433047,2.484477910555099,NA,NA,25.360945623197807,NA,NA,0.9591135128357946,NA,0.6554710580491289,1.1492058196026047,0.04781459870500807,0.0831141348433703,4.447647293978484e-17,-48.87746725591394,0.9999999999999992,0.9591135128357946,NA,25.360945623197807,0.07097495762043221,0.1457882209159894,0.30876558596795306,0.04727845988610571,0.04727845988610571,0.0641664085510838,10|10|10|7.5|7.5|7.5|3.16227766016838|3.16227766016838|3.16227766016838|0.316227766016838|0.316227766016838|0.316227766016838|0.1|0.1|0.1|0.0316227766016838|0.0316227766016838|0.0316227766016838|0.01|0.01|0.01,26.8704957968115|21.587606954409|22.0030805212031|25.6487700414508|27.4199707314291|26.3391340683248|19.6445229579446|25.102995698088|22.2829151196723|4.01424822157579|4.93326408671943|5.00643177443698|7.66383707133299|2.5189689586376|6.730309484748|1.30112737127634|0.747532062676889|4.62502083705587|1.60027279519327|0.338161110098902|0.476035612529709,dt4,Definitive_rep3
Etoposide,Cell_ER_Radial,Mahalanobis distance (cutoff = 1),15,0.8518946031153483,exp4,35.5215739871032,2.2831891375847193,NA,NA,30.260637173775763,NA,NA,3.3359661026156635,NA,0.27132694440688565,1.1492058196026047,0.16473240363428382,0.21048491574647962,1.3028385779961664e-17,-43.77091226004702,0.9999999999999956,3.3359661026156635,NA,30.260637173775763,0.2468634312702895,0.5070771672254077,1.0739412120238796,0.1374326805374363,0.1374326805374363,0.18633568997711325,10|10|10|7.5|7.5|7.5|3.16227766016838|3.16227766016838|3.16227766016838|0.316227766016838|0.316227766016838|0.316227766016838|0.1|0.1|0.1|0.0316227766016838|0.0316227766016838|0.0316227766016838|0.01|0.01|0.01,28.5541208945311|26.2205605271353|19.0587999589932|23.6312452648285|26.4874548486081|19.61763511338|10.4636769405634|16.362518117436|13.9682734724319|2.70290393812467|2.73091601801233|2.79805106741927|1.37619220447956|0.984317194509037|1.69606520033605|-0.300533867212596|-0.0799651390734019|0.0829893465570073|-0.0236272123823433|-0.403456322906937|-0.323285373465165,dt4,Definitive_rep3
Etoposide,Cell_ER_Axial,Mahalanobis distance (cutoff = 1),15,0.8518946031153483,exp5,31.410106062720605,1.9806476071965817,NA,NA,26.758099838112365,0.6988166679163443,NA,2.671133345669216,NA,0.32182637097261807,1.1492058196026047,0.04339595120446229,0.061132475206983054,1.8135827272486065e-16,-42.7243439771521,0.9999999999999977,2.671133345669216,NA,26.758099838112365,0.06435492764992572,0.18027444985061333,0.5275980856127431,0.033281845882058604,0.033281845882058604,0.05150118705330209,10|10|10|7.5|7.5|7.5|3.16227766016838|3.16227766016838|3.16227766016838|0.316227766016838|0.316227766016838|0.316227766016838|0.1|0.1|0.1|0.0316227766016838|0.0316227766016838|0.0316227766016838|0.01|0.01|0.01,22.2625691023262|22.0575987136227|16.6951084941052|23.139663398517|22.3798955069865|15.4248007302681|12.6828170208091|16.3052463909966|13.6824140566025|3.45015392557053|3.38226404627116|4.53460945314091|3.3677013265796|0.697032862477077|3.26653691629327|0.11251796521669|0.614928265156531|1.95242615267598|0.213703828385438|-0.656027364832676|-0.281685090717441,dt4,Definitive_rep3
Etoposide,Nucleus_DNA_Profile,Mahalanobis distance (cutoff = 1),9,0.8518946031153483,exp5,6.867216581745869,0.6212000248764414,NA,NA,5.8501447444135355,3.567520488278455,NA,3.5054143095191512,NA,-0.5504708064558896,1.1492058196026047,2.3138234204600705,2.825205766723819,1.8624416300690453e-13,-21.510746730499203,0.9999999948379747,3.5054143095191512,NA,5.8501447444135355,1.6895784179768407,2.067317041632726,2.5512960498461466,2.313425190821382,2.313425190821382,2.536965302411691,10|10|10|7.5|7.5|7.5|3.16227766016838|3.16227766016838|3.16227766016838|0.316227766016838|0.316227766016838|0.316227766016838|0.1|0.1|0.1|0.0316227766016838|0.0316227766016838|0.0316227766016838|0.01|0.01|0.01,5.98981763705791|5.17784030615105|5.33007326613799|7.1286432873551|6.82957505265656|5.46552877711111|1.75027133600139|2.82747001390631|2.16674685880382|0.499242925753222|0.445888602754976|-0.0786055843721141|-0.495512270462338|-0.636356781299379|-0.577004899118153|-0.603869158450449|-0.728688473702348|-0.456822595527417|-0.747984786888467|-0.675584858676005|-0.68671965219807,dt4,Definitive_rep3
Etoposide,Nucleus_DNA_Radial,Mahalanobis distance (cutoff = 1),17,0.8518946031153483,exp5,24.928335926280916,1.6727830794526732,NA,NA,21.236314840245157,1.3455347839557898,NA,0.7742554645370263,NA,0.1824304262835984,1.1492058196026047,0.09620227826896575,0.14586033691600075,4.228519842371495e-19,-39.84620931064326,0.9999999999999999,0.7742554645370263,NA,21.236314840245157,0.11181525257811001,0.1909140475085497,0.3334657307569378,0.09456849320220759,0.09456849320220759,0.11877451806535523,10|10|10|7.5|7.5|7.5|3.16227766016838|3.16227766016838|3.16227766016838|0.316227766016838|0.316227766016838|0.316227766016838|0.1|0.1|0.1|0.0316227766016838|0.0316227766016838|0.0316227766016838|0.01|0.01|0.01,20.2132646396697|24.2203348975852|18.0270051343725|20.8848627089589|21.2455743529199|20.6593112285191|20.8863380022538|24.6297272107413|22.0750955792807|3.83032313871161|3.47759117764818|3.10055173304908|4.75257141514174|2.06991181147685|3.06949248836213|0.978441945082023|0.748252336611999|1.10571517839329|-0.470366618266759|-0.208150489879663|0.403758648650491,dt4,Definitive_rep3
Etoposide,Nucleus_DNA_Axial,Mahalanobis distance (cutoff = 1),17,0.8518946031153483,exp5,24.64861774180261,1.9147667806459907,NA,NA,20.998024428494865,1.4226183864117283,NA,0.7882049562052553,NA,0.27941845885829397,1.1492058196026047,0.10824207923657565,0.17147002591917154,2.5131209928219743e-18,-41.95243459265355,0.9999999999999984,0.7882049562052553,NA,20.998024428494865,0.1264129367718303,0.20967147213966336,0.3553272426878977,0.10876667867550736,0.10876667867550736,0.1349385320321667,10|10|10|7.5|7.5|7.5|3.16227766016838|3.16227766016838|3.16227766016838|0.316227766016838|0.316227766016838|0.316227766016838|0.1|0.1|0.1|0.0316227766016838|0.0316227766016838|0.0316227766016838|0.01|0.01|0.01,20.3513311355046|25.0385421107841|19.0625323661897|19.7523951615682|19.5535456249681|24.0400912414593|20.0736804912135|26.4466869683001|22.7654980479898|3.08488565442172|3.42585203765194|3.37386355920426|2.80041526983783|1.30418759278847|1.34155310120063|0.275154188810058|0.898704543988369|1.45389296700732|-0.414363622166324|-0.564514554220831|-0.270112901185219,dt4,Definitive_rep3
Etoposide,Nucleus_DNA_Compactness,Mahalanobis distance (cutoff = 1),15,0.8518946031153483,exp5,30.92948812514542,2.9562636220212415,NA,NA,26.348664010931632,1.7118475748908488,NA,0.8459958905689854,NA,0.5634675817673185,1.1492058196026047,0.13207693072566812,0.22776900238768916,7.625155433164555e-17,-49.465750403142934,0.9999999999999909,0.8459958905689854,NA,26.348664010931632,0.18484850593389224,0.2814723659831926,0.43633357560922625,0.14252386077993137,0.14252386077993137,0.1703390214657405,10|10|10|7.5|7.5|7.5|3.16227766016838|3.16227766016838|3.16227766016838|0.316227766016838|0.316227766016838|0.316227766016838|0.1|0.1|0.1|0.0316227766016838|0.0316227766016838|0.0316227766016838|0.01|0.01|0.01,21.2005024954611|29.3893161990726|21.1287552036613|24.6990965948943|26.8186642939066|25.023324320497|29.0070271061276|35.9998560164833|27.1538668810784|3.32469343746338|3.01860198292705|2.28925421716532|2.16557884210593|1.10279992755096|3.49829928124326|-0.191797102471821|0.226336638631575|-0.360669403681295|0.628584046616065|0.209727003178996|-0.205041003917608,dt4,Definitive_rep3
Etoposide,Nucleus_DNA_Symmetry,Mahalanobis distance (cutoff = 1),18,0.8518946031153483,exp4,32.64788259171303,3.563442586070993,NA,NA,27.812554983023855,NA,NA,1.026695410719825,NA,0.62812237422686,1.1492058196026047,0.04803760037746855,0.07834129926506805,7.144347352188154e-17,-52.60890002215757,0.9999999999999989,1.026695410719825,NA,27.812554983023855,0.0759760573589244,0.1560608784552495,0.3305220976026314,0.04607855043835685,0.04607855043835685,0.06250344596038587,10|10|10|7.5|7.5|7.5|3.16227766016838|3.16227766016838|3.16227766016838|0.316227766016838|0.316227766016838|0.316227766016838|0.1|0.1|0.1|0.0316227766016838|0.0316227766016838|0.0316227766016838|0.01|0.01|0.01,29.1206456621342|35.8629224275061|27.1001073822093|26.2241086497394|23.1371488695412|38.3789917743861|24.2576059551055|31.4058309654599|22.7469912120019|4.41000206217918|4.9925358588915|5.50885615666244|3.83124284789366|2.55656490831976|2.94655446897337|1.18736767256749|1.57560811910055|2.09643186992204|-0.0160426021202617|-0.195889370548588|0.529537590595412,dt4,Definitive_rep3
Etoposide,Nucleus_position_position,Mahalanobis distance (cutoff = 1),18,0.8518946031153483,pow,20.63439574019452,3.011589925073708,6.159194907816204,NA,NA,0.45545367484141797,NA,NA,NA,0.5717308257458096,1.1492058196026047,0.020666562410450697,0.03096234475257566,1.0639342054818506e-12,-49.45428729696906,0.9999999999978191,2.1830045169593726,NA,17.578330369618044,0.013913668597984916,0.06373632527964149,0.2919660714601613,0.01299167892915013,0.01299167892915013,0.025068087575307624,10|10|10|7.5|7.5|7.5|3.16227766016838|3.16227766016838|3.16227766016838|0.316227766016838|0.316227766016838|0.316227766016838|0.1|0.1|0.1|0.0316227766016838|0.0316227766016838|0.0316227766016838|0.01|0.01|0.01,19.2468417643593|17.2261190261111|13.5847198732934|25.7593269770349|20.013345545046|15.1733495836163|5.48538531933993|10.2601936579612|8.89661199894089|3.13508263476705|5.3463428027848|4.11651895575924|0.958025985043996|0.580408988250547|3.63821041457426|3.43490478296781|2.87427993091825|1.17203432141074|0.790931522861491|0.298535647785054|1.09078887368751,dt4,Definitive_rep3
Etoposide,Cell_position_position,Mahalanobis distance (cutoff = 1),18,0.8518946031153483,exp4,11.820011791441102,1.8418399776131806,NA,NA,10.069404253888454,NA,NA,0.29738218135424,NA,0.2923897814143477,1.1492058196026047,0.037505880462440896,0.0755736923241877,7.053629661306696e-13,-41.64114795351969,0.9999999999984276,0.29738218135424,NA,10.069404253888454,0.022006454331232477,0.04520301150128133,0.09573567909681856,0.037924972151179605,0.037924972151179605,0.05199151149641405,10|10|10|7.5|7.5|7.5|3.16227766016838|3.16227766016838|3.16227766016838|0.316227766016838|0.316227766016838|0.316227766016838|0.1|0.1|0.1|0.0316227766016838|0.0316227766016838|0.0316227766016838|0.01|0.01|0.01,9.25488693919792|11.1489554204977|5.23034190305342|14.5731349901221|8.93864346028358|10.7498662077741|9.24338197785567|12.0231633673909|9.65721776089445|3.9209413726406|5.85158730944623|5.65330177419816|0.891728283562635|0.681111312363944|3.35026369762919|3.49932116853474|2.46726567769491|1.07582447781922|0.813222249869559|0.432817785772259|1.04064368947088,dt4,Definitive_rep3
Etoposide,Nuclei_Shape_Morph,Mahalanobis distance (cutoff = 1),15,0.8518946031153483,exp5,21.148534260076048,1.1255130439416776,NA,NA,18.01632219995883,1.449667791019552,NA,0.8118931050898976,NA,-0.15506627368523407,1.1492058196026047,0.1324625830467685,0.1990644646666758,5.875385596290086e-21,-31.830956501195345,0.9999999999999999,0.8118931050898976,NA,18.01632219995883,0.1347355824116175,0.22137564774483923,0.371487686674294,0.12951800791991533,0.12951800791991533,0.1601793383655999,10|10|10|7.5|7.5|7.5|3.16227766016838|3.16227766016838|3.16227766016838|0.316227766016838|0.316227766016838|0.316227766016838|0.1|0.1|0.1|0.0316227766016838|0.0316227766016838|0.0316227766016838|0.01|0.01|0.01,17.3867136770282|20.3191217081757|15.128411714009|17.8390130705245|17.6443485162662|18.7797948459924|17.1427589703554|20.1500481648|18.0998831475872|3.06044855557861|3.11896683483213|1.96689380486444|1.76394024577791|0.994435493891794|1.29292828569041|-0.725920846195399|-0.615277536798164|-0.616007932018251|-0.544602752814202|-0.760465410746231|-0.61920270421498,dt4,Definitive_rep3
Fluphenazine,Ring_AGP_Texture,Mahalanobis distance (cutoff = 1),8,0.8518946031153483,exp2,12.383492936639442,0.9753884669913504,1.8056919517251633e-4,1.0123571378857985,NA,NA,NA,NA,NA,-0.45185324482590183,1.1492058196026047,8.768236895784144,8.966860609124742,5.094561165793028e-9,-30.846337994454103,0.9999866043897253,10.409415942818734,NA,10.549430800440176,8.078689333584851,8.780228593929534,9.481854460906664,8.56384890918828,8.56384890918828,8.866856259338883,11.1111111111111|11.1111111111111|11.1111111111111|3.7037037037037|3.7037037037037|3.7037037037037|1.23456790123457|1.23456790123457|1.23456790123457|0.411522633744856|0.411522633744856|0.411522633744856|0.137174211248285|0.137174211248285|0.137174211248285|0.0316227766016838|0.0316227766016838|0.0316227766016838|0.01|0.01|0.01|0.00316227766016838|0.00316227766016838|0.00316227766016838,12.3380636865201|10.3745721468744|7.27158965814375|0.711889864545116|-0.556584909291725|-0.280994448083549|-0.231992915801201|-0.256032802872534|1.29820933945275|0.402892767937941|-0.457932266129825|-0.40828133398237|1.32233689592704|0.211657922949495|-0.0585018869745084|-0.269322622482142|0.0944361345252637|1.32587547041056|0.123585969939451|-0.0106481196436838|0.089017065358599|0.319930328182114|1.04872489947329|0.870260539222817,dt4,Definitive_rep3
Fluphenazine,Cytoplasm_AGP_Texture,Mahalanobis distance (cutoff = 1),3,0.8518946031153483,exp2,14.476591289815737,1.5185677429300768,4.41374514521869e-5,0.8860220079211709,NA,NA,NA,NA,NA,-0.8213202494795567,1.1492058196026047,8.965140048027761,9.0569282347084,1.3211807715164098e-8,-29.61244188454573,0.999995793583224,10.496970625413843,NA,12.332529991300685,8.456886634101895,9.070998582264886,9.685126384273143,8.743230832973351,8.743230832973351,9.008461675049821,11.1111111111111|11.1111111111111|11.1111111111111|3.7037037037037|3.7037037037037|3.7037037037037|1.23456790123457|1.23456790123457|1.23456790123457|0.411522633744856|0.411522633744856|0.411522633744856|0.137174211248285|0.137174211248285|0.137174211248285|0.0316227766016838|0.0316227766016838|0.0316227766016838|0.01|0.01|0.01|0.00316227766016838|0.00316227766016838|0.00316227766016838,17.7752529191303|12.3520365603126|7.54887087761676|0.0278371708601651|-0.193338302012858|-0.377468162585431|-0.450100378816555|-0.447434738879913|0.306724991078831|-0.0609629680064774|-0.281865397424508|-0.592805140212432|0.312601275208888|0.611375053486776|-0.504925127636303|-0.341915177008796|-0.459530787259948|-0.583766717595508|-0.074724166788345|-0.263794257480745|-0.153414178570787|0.180530256533864|0.338929512327119|-0.285066511323224,dt4,Definitive_rep3
Fluphenazine,Cytoplasm_ER_Texture,Mahalanobis distance (cutoff = 1),14,0.8518946031153483,poly1,5.695267637474498,1.4991511440122145,0.43665909872958264,NA,NA,NA,NA,NA,NA,0.1992487686850276,1.1492058196026047,2.0509371195404937,3.655805445551348,1.670747759456184e-4,-44.19468210080384,0.9998185038517897,5.55555555555555,NA,4.851767763662025,0.555555555555555,1.11111111111111,2.22222222222222,1.9509374832537627,1.9509374832537627,2.6318146649093257,11.1111111111111|11.1111111111111|11.1111111111111|3.7037037037037|3.7037037037037|3.7037037037037|1.23456790123457|1.23456790123457|1.23456790123457|0.411522633744856|0.411522633744856|0.411522633744856|0.137174211248285|0.137174211248285|0.137174211248285|0.0316227766016838|0.0316227766016838|0.0316227766016838|0.01|0.01|0.01|0.00316227766016838|0.00316227766016838|0.00316227766016838,6.93153199658236|5.08885569029139|3.5496021027181|1.85946509945444|0.390360229007445|0.871722946089318|1.1641965445465|0.451287435441453|-0.0218818900658722|0.732920878850134|-0.562394468927006|0.807957391167507|0.65186013687763|0.568345078670678|1.10744178916243|1.78824028308182|1.80716134638834|0.170086597535422|3.34654873476292|3.45594163654095|1.76980858085661|2.30288931343902|1.9280944331113|0.688633712038238,dt4,Definitive_rep3
Fluphenazine,Cytoplasm_Mito_Intensity,Mahalanobis distance (cutoff = 1),21,0.8518946031153483,poly1,13.741955920177444,2.894098666145229,1.0536028276183367,NA,NA,NA,NA,NA,NA,0.9650112591532725,1.1492058196026047,0.915884879518179,1.366892942262768,2.413580682620629e-5,-61.2956432597918,0.9999753514621835,5.55555555555555,NA,11.706698084648174,0.555555555555555,1.11111111111111,2.22222222222222,0.808553831467073,0.808553831467073,1.0907391186490816,11.1111111111111|11.1111111111111|11.1111111111111|3.7037037037037|3.7037037037037|3.7037037037037|1.23456790123457|1.23456790123457|1.23456790123457|0.411522633744856|0.411522633744856|0.411522633744856|0.137174211248285|0.137174211248285|0.137174211248285|0.0316227766016838|0.0316227766016838|0.0316227766016838|0.01|0.01|0.01|0.00316227766016838|0.00316227766016838|0.00316227766016838,11.2192219489175|12.4236614634301|12.7647911167743|4.23534092189996|0.619266796708277|1.14231729271676|1.96051872341278|0.366636057560273|0.362452504220186|2.90567522165687|2.4951167422119|1.56593261408926|3.05768062787903|3.49451651059861|2.47615424915076|2.70690608213391|2.62206330539841|3.27002514265918|4.58837104754396|4.02750415998166|3.24701193249912|4.78866198659989|5.5226494530467|4.05420454729406,dt4,Definitive_rep3
Fluphenazine,Cytoplasm_Mito_Profile,Mahalanobis distance (cutoff = 1),24,0.8518946031153483,pow,9.314488971317244,2.9326764054162893,3.8531653170395916,NA,NA,0.3000000096629485,NA,NA,NA,0.8761622945394043,1.1492058196026047,0.008895744439885396,0.046695230327434514,6.0241918017088394e-5,-60.39720019365993,0.999939407829675,1.1023619236829076,NA,7.934962885442593,5.116712060517638e-4,0.005157322201227185,0.05198254655076293,0.006534727546994358,0.006534727546994358,0.017725587434744994,11.1111111111111|11.1111111111111|11.1111111111111|3.7037037037037|3.7037037037037|3.7037037037037|1.23456790123457|1.23456790123457|1.23456790123457|0.411522633744856|0.411522633744856|0.411522633744856|0.137174211248285|0.137174211248285|0.137174211248285|0.0316227766016838|0.0316227766016838|0.0316227766016838|0.01|0.01|0.01|0.00316227766016838|0.00316227766016838|0.00316227766016838,9.98830763019703|10.5819758434969|8.62342490415628|5.30711299069617|1.12391455998961|1.19273248246818|2.63032561458127|0.917495167430956|0.945822762778785|3.32158377410182|4.03316282208776|2.17082461754192|2.01812136786644|3.60761340939622|2.18801566255164|1.71817676253166|2.4240720287092|1.73088242815732|5.72399174725598|5.22237261020151|3.17707763205329|4.76737451076511|7.99948254064171|3.78246943363711,dt4,Definitive_rep3
Fluphenazine,Cytoplasm_AGP_Profile,Mahalanobis distance (cutoff = 1),12,0.8518946031153483,exp2,13.444841556989775,1.6411424580188145,0.18653377760131917,2.6879980748153995,NA,NA,NA,NA,NA,0.21392647075361454,1.1492058196026047,5.118605817906934,5.490767156918939,1.3199214371001875e-7,-45.461633516065874,0.9999976641247057,9.290666684946276,NA,11.453587962140546,3.7730629727990506,5.283915715911771,6.95194944948511,4.614893099207912,4.614893099207912,5.291668507876926,11.1111111111111|11.1111111111111|11.1111111111111|3.7037037037037|3.7037037037037|3.7037037037037|1.23456790123457|1.23456790123457|1.23456790123457|0.411522633744856|0.411522633744856|0.411522633744856|0.137174211248285|0.137174211248285|0.137174211248285|0.0316227766016838|0.0316227766016838|0.0316227766016838|0.01|0.01|0.01|0.00316227766016838|0.00316227766016838|0.00316227766016838,13.7581152812539|9.62672830729423|11.4080072450858|-0.307073795224071|1.18498137048852|0.0889083642628019|0.873829054395153|2.57389379361237|0.373814078460291|0.0807808445891156|0.435038823520327|0.0559229336186146|0.2793041130548|2.68338886467199|0.144979044219221|-0.653033624593524|-0.43407558082001|1.54090511160818|2.41139559774839|2.20995339853753|0.554998401069397|2.11002508365536|4.65757965631758|0.606566132681935,dt4,Definitive_rep3
Fluphenazine,Cytoplasm_DNA_Profile,Mahalanobis distance (cutoff = 1),9,0.8518946031153483,pow,4.386348721692263,1.6698262928998484,0.0021892449794107018,NA,NA,3.090768834558305,NA,NA,NA,-0.27994144384882846,1.1492058196026047,6.888569132350225,9.498260941266606,0.021301997271696238,-37.275037973127034,0.9756696387381956,8.87893779912629,NA,3.736706803391546,4.215187719850346,5.274889876360769,6.601002151505887,6.88666261961231,6.88666261961231,7.58705802670126,11.1111111111111|11.1111111111111|11.1111111111111|3.7037037037037|3.7037037037037|3.7037037037037|1.23456790123457|1.23456790123457|1.23456790123457|0.411522633744856|0.411522633744856|0.411522633744856|0.137174211248285|0.137174211248285|0.137174211248285|0.0316227766016838|0.0316227766016838|0.0316227766016838|0.01|0.01|0.01|0.00316227766016838|0.00316227766016838|0.00316227766016838,10.8539762070516|1.66694437503989|4.18576697812411|-0.391952801603725|0.00750846652339854|0.807249840913967|-0.291764794646875|0.267945245641539|0.305430055318849|-0.410687374191742|-0.62991477496896|-0.470237340669401|-0.141571795276379|0.0418094975186001|-0.335613372484887|-0.0414780319772133|-0.15845662180391|1.10957296933455|0.367072665743785|0.922532081813372|1.34126195965434|0.869588681583185|1.93726709561161|1.14490292033688,dt4,Definitive_rep3
Fluphenazine,Membrane_AGP_Texture,Mahalanobis distance (cutoff = 1),8,0.8518946031153483,pow,8.704706449063357,2.55446251180096,6.916670282194575e-8,NA,NA,7.678876791177011,NA,NA,NA,-0.06979260177796656,1.1492058196026047,8.499020820589719,9.356426948426813,6.386847231727454e-4,-44.13829939872832,0.9993051028752645,10.152082612132977,NA,7.4154924456604405,7.521903611623159,8.232469138492672,9.010159078814539,8.382542675509313,8.382542675509313,8.715792626062036,11.1111111111111|11.1111111111111|11.1111111111111|3.7037037037037|3.7037037037037|3.7037037037037|1.23456790123457|1.23456790123457|1.23456790123457|0.411522633744856|0.411522633744856|0.411522633744856|0.137174211248285|0.137174211248285|0.137174211248285|0.0316227766016838|0.0316227766016838|0.0316227766016838|0.01|0.01|0.01|0.00316227766016838|0.00316227766016838|0.00316227766016838,18.6931342718022|7.94628792888073|4.04953565682642|-0.122230316150524|-0.738801823065116|-0.496075729145192|-0.664861950198239|-0.727178404394202|0.203400270149169|0.964631637872337|0.26481159478212|-0.713977427294254|1.54962474933537|1.18675857555329|0.757953829157368|-0.685856573602732|-0.599618796623635|0.0226264417989798|0.515431020365035|-0.481578624033481|0.211861973561959|1.20574580429872|2.69526180034284|0.0287168269757201,dt4,Definitive_rep3
Fluphenazine,Membrane_AGP_Intensity,Mahalanobis distance (cutoff = 1),18,0.8518946031153483,pow,6.146659234908395,2.1109283051273264,2.542715200779117,NA,NA,0.30000003569752864,NA,NA,NA,0.5088447202155801,1.1492058196026047,0.03314549223033026,0.20005110629460437,6.482252133850666e-5,-51.79295620591842,0.999934206579453,1.1023621447162102,NA,5.236305829407577,5.116716494583787e-4,0.0051573256363961345,0.05198257075212914,0.026119248682725763,0.026119248682725763,0.07084901135250503,11.1111111111111|11.1111111111111|11.1111111111111|3.7037037037037|3.7037037037037|3.7037037037037|1.23456790123457|1.23456790123457|1.23456790123457|0.411522633744856|0.411522633744856|0.411522633744856|0.137174211248285|0.137174211248285|0.137174211248285|0.0316227766016838|0.0316227766016838|0.0316227766016838|0.01|0.01|0.01|0.00316227766016838|0.00316227766016838|0.00316227766016838,7.0084705777966|6.43671062288552|3.40247819156278|4.10284829021824|1.17262337133599|0.429906197267218|3.6038376313484|1.85855485146962|4.68799609745952|0.859510139159425|0.701836075847017|2.21540672910068|0.295682825796928|0.496667762845675|1.81344321795656|3.68130729152373|3.61977486337739|2.59360229180658|3.90363807900134|6.82834867437109|2.45715639919322|0.484250702420758|0.968567536197061|0.221437962717655,dt4,Definitive_rep3
Fluphenazine,Nucleus_DNA_Texture,Mahalanobis distance (cutoff = 1),10,0.8518946031153483,pow,3.5995437489497246,1.2695749980812325,3.716293904843842e-7,NA,NA,6.613888337073453,NA,NA,NA,-0.1407878969193212,1.1492058196026047,9.208628936873117,10.074914253010876,0.0039558933191401165,-38.202489927806084,0.9957542256048083,10.005589053778465,NA,3.0664318934078585,7.0639183880416665,7.8444139238071084,8.7111467641231,9.154919928670722,9.154919928670722,9.578818967207162,11.1111111111111|11.1111111111111|11.1111111111111|3.7037037037037|3.7037037037037|3.7037037037037|1.23456790123457|1.23456790123457|1.23456790123457|0.411522633744856|0.411522633744856|0.411522633744856|0.137174211248285|0.137174211248285|0.137174211248285|0.0316227766016838|0.0316227766016838|0.0316227766016838|0.01|0.01|0.01|0.00316227766016838|0.00316227766016838|0.00316227766016838,2.80542934026936|3.96606167721599|2.58124006688052|-0.0843683284076875|0.026129878193529|-0.442264117787824|2.54095599064531|0.370501876106392|2.76612960852827|-0.632854210700204|0.159380613448395|0.543365034098752|-0.667100703555389|-0.316854872005172|-0.507047137180833|1.33439973101649|1.95802477586728|3.50597558628388|-0.259811937824211|1.11775230481855|-0.374695784768502|0.180287719785995|1.46674877427255|-0.221232915011264,dt4,Definitive_rep3
Fluphenazine,Cell_DNA_Radial,Mahalanobis distance (cutoff = 1),7,0.8518946031153483,exp2,3.851543945854388,0.9945585644387209,7.83564233714479e-6,0.8583314834229727,NA,NA,NA,NA,NA,-0.36753290458634513,1.1492058196026047,9.954500108559392,10.55517357816978,0.002110663903702078,-32.71780332412142,0.9958416895997131,10.516163113171174,NA,3.2811095011349463,8.539818729806735,9.134748280382574,9.729688079347174,9.953679187700189,9.953679187700189,10.210630328562031,11.1111111111111|11.1111111111111|11.1111111111111|3.7037037037037|3.7037037037037|3.7037037037037|1.23456790123457|1.23456790123457|1.23456790123457|0.411522633744856|0.411522633744856|0.411522633744856|0.137174211248285|0.137174211248285|0.137174211248285|0.0316227766016838|0.0316227766016838|0.0316227766016838|0.01|0.01|0.01|0.00316227766016838|0.00316227766016838|0.00316227766016838,5.38051001622779|3.33985279992409|1.85395684972212|-0.392255310090876|-0.366254104629788|0.162855699788149|-0.344697929979337|-0.112362986653563|-0.0485260754465426|-0.198700962426457|0.774402908348109|-0.304169162434281|-0.151759401736209|-0.101702748943585|-0.172430012627927|-0.695332329811158|-0.495205291900997|1.7867418123124|0.133264635971661|0.782406712598632|2.36527357842898|0.896214649728209|2.22179659127511|-0.403481223202182,dt4,Definitive_rep3
Fluphenazine,Cell_AGP_Compactness,Mahalanobis distance (cutoff = 1),9,0.8518946031153483,pow,3.908358115515339,0.9211683703322717,9.04733245032153e-4,NA,NA,3.409834211584807,NA,NA,NA,-0.36563846600622174,1.1492058196026047,7.63270071963323,8.861590617139766,3.904882982791568e-4,-31.743954777837132,0.9995061275967223,9.067229479687835,NA,3.32950918564959,4.615356123543099,5.65572260202682,6.930602383618712,7.449783784629715,7.449783784629715,8.13340116472529,11.1111111111111|11.1111111111111|11.1111111111111|3.7037037037037|3.7037037037037|3.7037037037037|1.23456790123457|1.23456790123457|1.23456790123457|0.411522633744856|0.411522633744856|0.411522633744856|0.137174211248285|0.137174211248285|0.137174211248285|0.0316227766016838|0.0316227766016838|0.0316227766016838|0.01|0.01|0.01|0.00316227766016838|0.00316227766016838|0.00316227766016838,4.12643291565793|3.38623398744144|2.34054269170398|0.074218212370151|0.166571472588977|0.0475684791439742|-0.181530077828945|-0.487407993764427|-0.574388372832882|0.205339652948141|-0.252498304290577|-0.010124300959699|0.218443793927935|0.756465832837916|1.02605361611626|0.513359510566755|-0.104682125446815|-0.0819229527685547|1.83021903515951|1.77710562303279|0.464304670354952|1.52910427666337|2.22073887372385|1.44287203181108,dt4,Definitive_rep3
Fluphenazine,Cell_ER_Axial,Mahalanobis distance (cutoff = 1),13,0.8518946031153483,pow,1.8149090151430904,1.3222991735578684,0.7507813174291993,NA,NA,0.30000001973868984,NA,NA,NA,-0.08386844445683699,1.1492058196026047,1.248046368461685,25.21764233574342,0.031257494297645176,-39.31257724836949,0.9244544585578828,1.1023620092258415,NA,1.5461111951457907,5.116713776561988e-4,0.005157323530684716,0.051982555917024394,1.523730009575052,1.523730009575052,4.133149915162927,11.1111111111111|11.1111111111111|11.1111111111111|3.7037037037037|3.7037037037037|3.7037037037037|1.23456790123457|1.23456790123457|1.23456790123457|0.411522633744856|0.411522633744856|0.411522633744856|0.137174211248285|0.137174211248285|0.137174211248285|0.0316227766016838|0.0316227766016838|0.0316227766016838|0.01|0.01|0.01|0.00316227766016838|0.00316227766016838|0.00316227766016838,1.24607738873214|2.97915344998816|1.27322008733975|0.195896453574993|1.05025197473981|1.31054790689644|1.68905289756831|0.0913111377819963|0.67943260460716|0.151709462893272|0.301623574169362|1.21291142580366|-0.449526704078303|2.93446787912245|-0.293709272459252|-0.220373093519405|-0.369272951482184|3.37422280425521|1.21385041076785|2.42854664893572|0.0819754207579545|0.91966688541705|3.63546752196652|-0.0496872639637627,dt4,Definitive_rep3
Fluphenazine,Nucleus_DNA_Compactness,Mahalanobis distance (cutoff = 1),11,0.8518946031153483,poly1,2.8806087796202773,2.3665138673029325,0.2208577565740686,NA,NA,NA,NA,NA,NA,-0.23456553771887578,1.1492058196026047,3.777341858145646,7.9231257547386,0.0030464299379876552,-40.72632803404966,0.9951462359744327,5.55555555555555,NA,2.453975073045204,0.555555555555555,1.11111111111111,2.22222222222222,3.8572093474545923,3.8572093474545923,5.203375409716244,11.1111111111111|11.1111111111111|11.1111111111111|3.7037037037037|3.7037037037037|3.7037037037037|1.23456790123457|1.23456790123457|1.23456790123457|0.411522633744856|0.411522633744856|0.411522633744856|0.137174211248285|0.137174211248285|0.137174211248285|0.0316227766016838|0.0316227766016838|0.0316227766016838|0.01|0.01|0.01|0.00316227766016838|0.00316227766016838|0.00316227766016838,13.1387452287527|1.83330814469198|2.60368149526716|0.33567919233144|1.05020786780382|0.887228869016372|1.44584596989545|2.03466498867025|2.81080871268368|-0.453043901351923|-0.17019479273308|-0.228747639357955|-0.286556846000003|-0.374705141250727|0.102340195506126|1.27773192398139|1.18586789476674|-0.346916082694935|-0.0713021397492709|2.01907472135296|0.427840571409093|0.503301817580484|0.500974172374033|-0.0026435570589034,dt4,Definitive_rep3
Fluphenazine,Nucleus_DNA_Symmetry,Mahalanobis distance (cutoff = 1),9,0.8518946031153483,exp2,5.487387612390403,2.2967390802078844,2.7492420395053642e-5,0.9225611971023089,NA,NA,NA,NA,NA,-0.21750757622186906,1.1492058196026047,9.671104838725194,9.981170458385694,5.410571892480244e-5,-42.105612742364244,0.9998312172886042,10.471645844108734,NA,4.674675892197401,8.347467840766127,8.986884281107862,9.626327846415032,9.54051902829251,9.54051902829251,9.816692546110948,11.1111111111111|11.1111111111111|11.1111111111111|3.7037037037037|3.7037037037037|3.7037037037037|1.23456790123457|1.23456790123457|1.23456790123457|0.411522633744856|0.411522633744856|0.411522633744856|0.137174211248285|0.137174211248285|0.137174211248285|0.0316227766016838|0.0316227766016838|0.0316227766016838|0.01|0.01|0.01|0.00316227766016838|0.00316227766016838|0.00316227766016838,4.27002709577126|5.79086395890826|4.27995275311643|-0.345074256277143|-0.0913445590061006|-0.341585203759489|-0.122241596711927|-0.357782247295538|0.251739698036098|0.0831464381887439|0.124753039150175|0.57993317636423|2.04057230922556|1.66808702915233|-0.0838097635544442|0.281119360914583|0.383514110669997|9.85143593065733|1.74843583849311|-0.147959853515086|1.22044015832133|0.470843414945805|3.89095604730675|-0.251617610977319,dt4,Definitive_rep3
Berberine Chloride,Ring_Mito_Texture,Mahalanobis distance (cutoff = 1),13,0.8518946031153483,hill,55.798075738628974,2.3655934920172363,NA,NA,47.534079585959475,3.3708424140361757,NA,34.79253462375192,NA,0.13334103319595442,1.1492058196026047,11.122791172323087,12.018108548528174,5.472715462607291e-26,-47.93854163899266,1,34.79253462375192,NA,47.534079585959475,14.525423071670618,18.130042327177623,23.060987435385645,10.608669355913673,10.608669355913673,11.615921324122036,100|100|100|75|75|75|33.3333333333333|33.3333333333333|33.3333333333333|11.1111111111111|11.1111111111111|11.1111111111111|3.7037037037037|3.7037037037037|3.7037037037037|1.23456790123457|1.23456790123457|1.23456790123457|0.411522633744856|0.411522633744856|0.411522633744856|0.137174211248285|0.137174211248285|0.137174211248285,42.7093612256|46.2328823310443|47.2160377235257|53.1536657453477|45.1721935917538|41.7432059883883|22.0532582182698|27.031263999443|20.8935611059628|0.262568721605097|1.31546596577698|1.54997678224108|0.028016556638355|1.59066407373126|0.938631894317668|-0.684287824787762|-0.513458856381353|-0.453334257038143|-0.673030874537475|-0.603815463389721|-0.648533964165562|-0.749735029006212|-0.682362571911947|-0.705355737327562,dt4,Definitive_rep3
Berberine Chloride,Ring_AGP_Texture,Mahalanobis distance (cutoff = 1),18,0.8518946031153483,poly1,10.789275327179661,1.6951808819500762,0.09191325422749938,NA,NA,NA,NA,NA,NA,0.3656657243248022,1.1492058196026047,10.564180345202667,15.191348379791604,8.291003640286919e-10,-47.798501184760184,0.9999999781435741,49.99999999999999,NA,9.191325422749937,5,10,20,9.26846307722691,9.26846307722691,12.503156691179102,100|100|100|75|75|75|33.3333333333333|33.3333333333333|33.3333333333333|11.1111111111111|11.1111111111111|11.1111111111111|3.7037037037037|3.7037037037037|3.7037037037037|1.23456790123457|1.23456790123457|1.23456790123457|0.411522633744856|0.411522633744856|0.411522633744856|0.137174211248285|0.137174211248285|0.137174211248285,11.5496320690543|7.0198941354515|6.57789569827515|9.68065672829313|7.94021115027635|6.44748843778257|2.87185092854719|1.52213196130093|4.22352679508512|1.11538358075053|1.09309567001498|0.719195019779852|1.27522309334088|0.220720148965967|1.4901572861663|0.260044395381363|0.843117097883276|3.20165385839265|0.117483774132366|2.09873021659768|0.416767602695658|2.36074386842933|3.08954357772434|2.70604906786859,dt4,Definitive_rep3
Berberine Chloride,Ring_ER_Texture,Mahalanobis distance (cutoff = 1),7,0.8518946031153483,pow,3.9134105865366697,1.0277565796415187,3.84382396650294e-9,NA,NA,4.46908889607443,NA,NA,NA,-0.7597460869145019,1.1492058196026047,76.31415203845259,82.94105246813686,1.4686486500156093e-5,-28.01998620044742,0.9994612886074415,85.63311703321223,NA,3.3338133584450587,51.15434144656273,59.73663369829557,69.7587986609516,73.69028597619733,73.69028597619733,78.79553686241032,100|100|100|75|75|75|33.3333333333333|33.3333333333333|33.3333333333333|11.1111111111111|11.1111111111111|11.1111111111111|3.7037037037037|3.7037037037037|3.7037037037037|1.23456790123457|1.23456790123457|1.23456790123457|0.411522633744856|0.411522633744856|0.411522633744856|0.137174211248285|0.137174211248285|0.137174211248285,3.51559771467798|3.63053449613477|2.03434051513183|2.82072227587454|-0.0674604543545178|1.01108073686111|0.0823341102852851|-0.15429795120287|0.220563202601423|-0.0975164297933634|-0.357833286415677|1.89230597908205|-0.231988975416667|-0.219818100309805|0.311989611897302|-0.110818175313007|0.0124211517269313|0.546352216835607|0.069441344900283|0.333024037428951|0.318896167215776|-0.0641167149409076|3.79787846913601|0.0301061564238864,dt4,Definitive_rep3
Berberine Chloride,Ring_Mito_Intensity,Mahalanobis distance (cutoff = 1),12,0.8518946031153483,exp5,56.10381068565337,3.57795899297916,NA,NA,47.79453353731331,2.856445832258188,NA,42.35359660476481,NA,0.5205290877724565,1.1492058196026047,12.508821851860588,13.784341519663425,9.18039442343638e-21,-59.584788037388634,1,42.35359660476481,NA,47.79453353731331,17.022604838419173,21.9012433169796,28.481565919333427,11.794606044750317,11.794606044750317,13.112334706828047,100|100|100|75|75|75|33.3333333333333|33.3333333333333|33.3333333333333|11.1111111111111|11.1111111111111|11.1111111111111|3.7037037037037|3.7037037037037|3.7037037037037|1.23456790123457|1.23456790123457|1.23456790123457|0.411522633744856|0.411522633744856|0.411522633744856|0.137174211248285|0.137174211248285|0.137174211248285,45.2133943443706|50.3986643529166|47.1815871073979|53.4552618681733|46.4986671730819|45.6703955061744|11.6560372253178|14.7776297663258|14.5862048763828|8.04087808195164|8.74843502931462|11.5171285525379|-0.0824969254663693|-0.329661216013725|-0.35195937399532|-0.44255492518211|-0.493590941065692|-0.482888156043897|-0.447120629537064|-0.399927305430256|-0.495810620888643|0.151256937125864|-0.0660742753156579|0.616919027150828,dt4,Definitive_rep3
Berberine Chloride,Cytoplasm_Mito_Texture,Mahalanobis distance (cutoff = 1),17,0.8518946031153483,exp5,55.794950153983805,3.63739643072774,NA,NA,47.53141691726867,1.9667523622946483,NA,35.040742209629286,NA,0.9121296984008135,1.1492058196026047,5.85749336172793,6.975334447259436,1.7303322803092493e-19,-63.56899043866697,0.9999999999999996,35.040742209629286,NA,47.53141691726867,9.324663362654997,13.445723684529622,19.692103382709433,5.488319026603902,5.488319026603902,6.400990800522263,100|100|100|75|75|75|33.3333333333333|33.3333333333333|33.3333333333333|11.1111111111111|11.1111111111111|11.1111111111111|3.7037037037037|3.7037037037037|3.7037037037037|1.23456790123457|1.23456790123457|1.23456790123457|0.411522633744856|0.411522633744856|0.411522633744856|0.137174211248285|0.137174211248285|0.137174211248285,42.5205446045336|47.6414566478074|46.7693906787724|55.8130086502182|49.4620561949847|44.5535202726353|20.7441078436333|24.2733020646787|17.6036606346425|3.2515185194626|3.55882324654094|7.68488803922467|4.91154640834236|6.8546727046011|7.80293386155802|0.71989690309811|1.29037822044257|1.38119495275041|-0.346247242834926|0.151132199578597|-0.276086070147037|-0.279107946276172|-0.490100421616672|0.300235201213242,dt4,Definitive_rep3
Berberine Chloride,Cytoplasm_Mito_Intensity,Mahalanobis distance (cutoff = 1),15,0.8518946031153483,exp5,53.05122660781132,4.330195008619275,NA,NA,45.19405363584383,3.0334494897504856,NA,45.447835853023754,NA,0.8915692901382112,1.1492058196026047,14.25635470061699,16.501895936834732,1.819895356531749e-17,-65.79017318113755,0.9999999999999863,45.447835853023754,NA,45.19405363584383,19.264061468923206,24.423311886386767,31.27822714003072,13.892718747028937,13.892718747028937,15.350639454018896,100|100|100|75|75|75|33.3333333333333|33.3333333333333|33.3333333333333|11.1111111111111|11.1111111111111|11.1111111111111|3.7037037037037|3.7037037037037|3.7037037037037|1.23456790123457|1.23456790123457|1.23456790123457|0.411522633744856|0.411522633744856|0.411522633744856|0.137174211248285|0.137174211248285|0.137174211248285,43.3392446044783|50.103266366375|43.7836534248374|52.0031733427556|40.9472739600976|43.6848453559564|9.60902741020644|12.430417150985|9.56187902023757|9.45547659121216|9.50311665936513|12.8845195607054|-0.35872481921671|-0.506765164274598|-0.289296979380354|-0.303638920316312|-0.653645396649497|-0.373188618565094|-0.333811185006277|-0.381654761314564|-0.612442859129951|1.14748141401533|2.80272796673509|1.94407130334152,dt4,Definitive_rep3
Berberine Chloride,Cytoplasm_Mito_Profile,Mahalanobis distance (cutoff = 1),13,0.8518946031153483,exp5,44.197883369302644,1.5942714973799528,NA,NA,37.65193831143053,3.012385079297471,NA,45.057244395865624,NA,-0.17192838859750958,1.1492058196026047,15.51924906900005,16.585255790105776,5.668351202110725e-26,-40.629782321813046,1,45.057244395865624,NA,37.65193831143053,18.984216390658375,24.10849001637378,30.928499596600254,14.522420641764878,14.522420641764878,16.06128439581692,100|100|100|75|75|75|33.3333333333333|33.3333333333333|33.3333333333333|11.1111111111111|11.1111111111111|11.1111111111111|3.7037037037037|3.7037037037037|3.7037037037037|1.23456790123457|1.23456790123457|1.23456790123457|0.411522633744856|0.411522633744856|0.411522633744856|0.137174211248285|0.137174211248285|0.137174211248285,33.4903910196626|37.4260326709617|41.5921645400989|40.5394969208101|36.1999847244504|35.732354176611|8.2826478984991|10.1008606353151|8.93121919474546|1.16231975912259|1.73133470284815|1.30039596527535|-0.0364144950761656|-0.404506842251033|-0.272564601250121|-0.276127275609166|-0.412710336782844|-0.389945376701955|0.253472930630364|-0.499077771331752|-0.118500736043474|0.455109145108486|1.53312509993624|0.300336139575475,dt4,Definitive_rep3
Berberine Chloride,Cytoplasm_AGP_Profile,Mahalanobis distance (cutoff = 1),17,0.8518946031153483,pow,5.654804474943487,1.7913644677019185,0.7273571136794741,NA,NA,0.41052788463443707,NA,NA,NA,0.2095463322373987,1.1492058196026047,1.7948614345679057,5.7488423975685565,9.216400724056023e-7,-46.36293177653731,0.9999978579539617,18.480963431072244,NA,4.817297413876877,0.06773864119251145,0.36653198002990334,1.9832947638089538,1.4695857042672777,1.4695857042672777,3.0471194772382386,100|100|100|75|75|75|33.3333333333333|33.3333333333333|33.3333333333333|11.1111111111111|11.1111111111111|11.1111111111111|3.7037037037037|3.7037037037037|3.7037037037037|1.23456790123457|1.23456790123457|1.23456790123457|0.411522633744856|0.411522633744856|0.411522633744856|0.137174211248285|0.137174211248285|0.137174211248285,8.9744467929083|3.55354943232394|1.65842742530552|4.27120970406384|9.43991229519411|5.15186919244135|2.97055793388111|1.30236602319997|5.53971775975084|2.23658687737848|1.13041436193193|0.655736275745167|2.15928520093281|1.6162824052895|1.03863060417854|0.101472823588541|0.469172655363222|0.744687546643925|2.17803691690971|-0.28872829989962|-0.145066269300241|0.610273007708121|2.08845689044349|0.986797750001248,dt4,Definitive_rep3
Berberine Chloride,Cytoplasm_ER_Profile,Mahalanobis distance (cutoff = 1),19,0.8518946031153483,pow,4.372197341040619,1.5054701982666743,0.9355898767768529,NA,NA,0.30000005434533095,NA,NA,NA,-0.029055135120187935,1.1492058196026047,1.1849966536067353,3.6166711657432606,5.99272277445158e-8,-40.965279185423014,0.9999996166956788,9.921260727322679,NA,3.724651318587779,0.004605047703518898,0.04641595287216689,0.4678432927817285,0.7317024921730457,0.7317024921730457,1.9847582749721875,100|100|100|75|75|75|33.3333333333333|33.3333333333333|33.3333333333333|11.1111111111111|11.1111111111111|11.1111111111111|3.7037037037037|3.7037037037037|3.7037037037037|1.23456790123457|1.23456790123457|1.23456790123457|0.411522633744856|0.411522633744856|0.411522633744856|0.137174211248285|0.137174211248285|0.137174211248285,3.84272553076285|3.79552914777585|3.24044238112684|4.900054794996|4.22631887717654|2.37545612713971|2.8080954226976|1.9171481386197|5.77627738404244|1.33809747427428|0.982121683345917|0.584269013256628|2.0806985374402|0.236252197284229|0.435709508698697|1.21075478504285|1.27648349126461|3.05161660947339|0.902073784820256|2.58870870224063|1.16151435959464|0.607511198025134|5.63105737945814|0.465458201192915,dt4,Definitive_rep3
Berberine Chloride,Nucleus_DNA_Texture,Mahalanobis distance (cutoff = 1),11,0.8518946031153483,exp5,7.160571259943803,1.1550849625361281,NA,NA,6.100052011568995,3.9337820365877763,NA,40.44820002481416,NA,-0.2616739472819075,1.1492058196026047,25.151356247108865,35.971598593082845,1.163790092194636e-10,-35.55975087565636,0.9999999601894557,40.44820002481416,NA,6.100052011568995,20.866489823107994,25.056436451008352,30.322669126698212,27.430083699240196,27.430083699240196,29.812621749526016,100|100|100|75|75|75|33.3333333333333|33.3333333333333|33.3333333333333|11.1111111111111|11.1111111111111|11.1111111111111|3.7037037037037|3.7037037037037|3.7037037037037|1.23456790123457|1.23456790123457|1.23456790123457|0.411522633744856|0.411522633744856|0.411522633744856|0.137174211248285|0.137174211248285|0.137174211248285,4.22489727561048|5.60324309686479|6.51132286421377|9.5598681040594|7.88221064902678|5.51712201008483|3.63289357391741|1.50408169117384|0.975288328684866|-0.333636805522367|0.0577522047603776|1.06194851435148|0.441218934483295|-0.0336297786306757|0.682382948823155|0.288689674574226|0.109882118150356|2.2992716957421|0.746995059123978|-0.463225207223679|0.310508339965447|-0.293875254234446|0.225172640544937|0.0579174328731095,dt4,Definitive_rep3
Berberine Chloride,Nucleus_RNA_Profile,Mahalanobis distance (cutoff = 1),13,0.8518946031153483,poly1,6.56462950767285,1.9902088138162508,0.05592372449038266,NA,NA,NA,NA,NA,NA,0.2715973470663505,1.1492058196026047,17.115167151337324,26.93265913319005,3.0007515484541204e-5,-48.331207211723935,0.9999671201035624,50,NA,5.592372449038266,5.000000000000001,10.000000000000002,20.000000000000004,15.233152134955724,15.233152134955724,20.54952223005527,100|100|100|75|75|75|33.3333333333333|33.3333333333333|33.3333333333333|11.1111111111111|11.1111111111111|11.1111111111111|3.7037037037037|3.7037037037037|3.7037037037037|1.23456790123457|1.23456790123457|1.23456790123457|0.411522633744856|0.411522633744856|0.411522633744856|0.137174211248285|0.137174211248285|0.137174211248285,6.39734617279757|6.09625719500203|1.10183641686623|4.71492116044006|4.72775238037706|1.73145132662365|2.7649646239172|0.577283205760381|5.69736969665436|0.164103191205779|0.0196197297518899|-0.622695872787925|2.56537782464879|-0.180899494754252|-0.229626271331657|1.47795239706391|-0.577442712695967|0.458842210242138|1.46569786870889|0.3626700835727|-0.050199804428092|0.821110056249338|5.95237454301261|1.20490743621639,dt4,Definitive_rep3
Berberine Chloride,Nucleus_RNA_Radial,Mahalanobis distance (cutoff = 1),17,0.8518946031153483,poly2,13.505218913154426,1.6274905346342627,-49.57801970621856,-118.3069403101246,NA,NA,NA,NA,NA,0.3527586737359719,1.1492058196026047,2.6705272932221384,2.972762339679022,1.0421910487205814e-12,-45.03877628416429,0.9999999999856186,15.8507823660096,NA,11.505023106007584,1.3890173728980846,2.8122687207663506,5.772491082606374,2.0690423926392096,2.0690423926392096,2.8090206000810127,100|100|100|75|75|75|33.3333333333333|33.3333333333333|33.3333333333333|11.1111111111111|11.1111111111111|11.1111111111111|3.7037037037037|3.7037037037037|3.7037037037037|1.23456790123457|1.23456790123457|1.23456790123457|0.411522633744856|0.411522633744856|0.411522633744856|0.137174211248285|0.137174211248285|0.137174211248285,6.68203667362605|4.30540426026535|7.82909483825737|12.6885365129975|11.9977945511409|9.48583413002592|8.63287461646095|10.2157247479916|11.2504614954058|0.704892767633687|2.07531169480123|5.85835039913437|3.15651654005823|0.675289831539725|3.46274679808934|2.85421599490639|0.311559687289303|2.12743149591232|3.21800961479527|0.52710312955081|0.502770776811795|-0.369116312895855|1.79113511074125|-0.166719639198791,dt4,Definitive_rep3
Berberine Chloride,Nucleus_RNA_Axial,Mahalanobis distance (cutoff = 1),12,0.8518946031153483,exp5,4.033446622803998,1.4211281133988012,NA,NA,3.436071409920554,7.999999897014469,NA,23.797573812705018,NA,-0.2793266676914048,1.1492058196026047,12.15651327237838,27.129960141397266,1.6592341628888688e-7,-37.319164762653145,0.9999992033265699,23.797573812705018,NA,3.436071409920554,17.18648535152652,18.804605833342816,20.653922433907905,21.29463523728813,21.29463523728813,22.266315427340775,100|100|100|75|75|75|33.3333333333333|33.3333333333333|33.3333333333333|11.1111111111111|11.1111111111111|11.1111111111111|3.7037037037037|3.7037037037037|3.7037037037037|1.23456790123457|1.23456790123457|1.23456790123457|0.411522633744856|0.411522633744856|0.411522633744856|0.137174211248285|0.137174211248285|0.137174211248285,2.93741623669374|1.32551327266889|2.7369218945719|4.25269324464834|7.82475979839522|2.96929702416837|3.73480488515622|4.09822235845994|3.66845124158153|-0.409328420151124|0.174897901085115|-0.0221772399676033|1.40134698817326|-0.23594417552048|0.00952258757347169|0.652708824832225|-0.490443835981073|-0.381110396905066|1.09984617061733|-0.469134089197567|0.0205879836203108|0.464519533228343|4.17846782273862|-0.642599391834558,dt4,Definitive_rep3
Berberine Chloride,Cell_DNA_Radial,Mahalanobis distance (cutoff = 1),11,0.8518946031153483,hill,5.423629722866388,0.9775440859010874,NA,NA,4.620360890205868,5.179122456372674,NA,40.32622070516364,NA,-0.6319362744626152,1.1492058196026047,28.794751548134965,39.013625933973536,4.368167210129047e-11,-27.097142887700084,0.9999999336023068,40.32622070516364,NA,4.620360890205868,22.83926191426204,26.383937443418365,30.85602883058284,30.262073616997558,30.262073616997558,32.57564446322463,100|100|100|75|75|75|33.3333333333333|33.3333333333333|33.3333333333333|11.1111111111111|11.1111111111111|11.1111111111111|3.7037037037037|3.7037037037037|3.7037037037037|1.23456790123457|1.23456790123457|1.23456790123457|0.411522633744856|0.411522633744856|0.411522633744856|0.137174211248285|0.137174211248285|0.137174211248285,4.92447342513692|4.78323797042023|3.97143518474936|4.74528892930592|4.63981129674911|3.25129769996705|1.30238438091666|0.330384424305161|1.97216954319447|-0.254451625570588|-0.509346837676152|-0.198190691822281|-0.33595060584824|0.12225310574154|0.856946569908714|-0.0685871165716996|-0.349738071838076|0.323262154303224|-0.33011035617125|-0.0889064115902012|-0.528533905194513|0.928154582517549|4.00595874246036|0.84271763453457,dt4,Definitive_rep3
Berberine Chloride,Cell_Mito_Radial,Mahalanobis distance (cutoff = 1),14,0.8518946031153483,exp5,36.440032729536256,1.8647173490537217,NA,NA,31.043067219638587,7.999597838976482,NA,35.35889776480852,NA,0.13002443437841027,1.1492058196026047,24.14844557306907,25.007247852685822,5.290226255241235e-22,-45.517228199689185,0.999999999999998,35.35889776480852,NA,31.043067219638587,25.53559631467756,27.939918206002915,30.687780917680495,23.656089514897136,23.656089514897136,24.573240692342534,100|100|100|75|75|75|33.3333333333333|33.3333333333333|33.3333333333333|11.1111111111111|11.1111111111111|11.1111111111111|3.7037037037037|3.7037037037037|3.7037037037037|1.23456790123457|1.23456790123457|1.23456790123457|0.411522633744856|0.411522633744856|0.411522633744856|0.137174211248285|0.137174211248285|0.137174211248285,28.0439491788083|29.0339757007237|32.4691676711606|32.6525926054869|32.0856180215501|24.7934878143951|10.3728329923958|12.3121148559935|10.3437891689757|-0.0591574683685109|-0.159055666666554|0.21474022935168|0.996118546023607|0.978590460277173|0.710019960397861|-0.176310161525126|0.00945838530524534|-0.124372965263894|0.0768880698637019|-0.294699453107047|-0.611806130155282|1.04768495303635|4.18538022843315|1.18815645910893,dt4,Definitive_rep3
Berberine Chloride,Cell_Mito_Axial,Mahalanobis distance (cutoff = 1),14,0.8518946031153483,poly1,3.2104445442435705,1.0446451873437663,0.027349603808422114,NA,NA,NA,NA,NA,NA,-0.18902213057960376,1.1492058196026047,34.05318035909421,54.4493313376633,1.5967387576864376e-5,-35.05401988737733,0.9999027656333016,50,NA,2.7349603808422116,5.000000000000001,10.000000000000002,20.000000000000004,31.14833432625497,31.14833432625497,42.01910300611795,100|100|100|75|75|75|33.3333333333333|33.3333333333333|33.3333333333333|11.1111111111111|11.1111111111111|11.1111111111111|3.7037037037037|3.7037037037037|3.7037037037037|1.23456790123457|1.23456790123457|1.23456790123457|0.411522633744856|0.411522633744856|0.411522633744856|0.137174211248285|0.137174211248285|0.137174211248285,2.51245064188532|2.55375819981308|3.03761096695051|2.96071184613843|1.02498121399834|1.74999798179066|1.91645496734262|2.57112226458623|0.38982418387389|-0.557026474141528|-0.489058638065203|0.956100838001352|0.827465797464365|0.989316300309299|0.298496056397596|0.340836171852773|0.827464444500876|2.52046248332551|-0.442606747073386|0.263999738564976|-0.348762989353747|1.34208005125327|2.628084322018|0.938773930005953,dt4,Definitive_rep3
Berberine Chloride,Cell_Mito_Compactness,Mahalanobis distance (cutoff = 1),19,0.8518946031153483,hill,32.44768593410535,2.5145614432201584,NA,NA,27.642008530846148,1.2601140148037488,NA,5.18761695568749,NA,0.6716062486592852,1.1492058196026047,0.33472202268584617,0.53476070762344,1.0323214655258067e-20,-55.970405111746736,1,5.18761695568749,NA,27.642008530846148,0.5013902878483752,0.9071959435300395,1.726576178414181,0.3361344203170555,0.3361344203170555,0.43006484308857656,100|100|100|75|75|75|33.3333333333333|33.3333333333333|33.3333333333333|11.1111111111111|11.1111111111111|11.1111111111111|3.7037037037037|3.7037037037037|3.7037037037037|1.23456790123457|1.23456790123457|1.23456790123457|0.411522633744856|0.411522633744856|0.411522633744856|0.137174211248285|0.137174211248285|0.137174211248285,25.1728022250251|25.8166730673042|28.599486400478|31.534914103294|29.6426944448241|27.442081935191|24.6704975321447|23.8828408190016|24.0344673506526|19.7904791615485|18.9745161272451|17.8762375041501|17.1679085914423|13.8678293400364|16.7157016031888|2.08245993123231|1.75196482969165|2.09558637963339|-0.486967510810028|-0.078802071501253|0.70350935297904|0.850162400852346|2.87786387173158|0.480235165747284,dt4,Definitive_rep3
Berberine Chloride,Cell_Mito_Symmetry,Mahalanobis distance (cutoff = 1),24,0.8518946031153483,exp4,60.34894993958048,4.611743320165232,NA,NA,51.410944757206934,NA,NA,37.92831970549429,NA,0.9889300092037587,1.1492058196026047,1.114649309967583,1.3696859891464124,1.972919354578506e-18,-66.3303735282235,0.9999999999999999,37.92831970549429,NA,51.410944757206934,2.8067177113920394,5.765221924407978,12.210191705068578,0.9143062978069013,0.9143062978069013,1.2370298032889147,100|100|100|75|75|75|33.3333333333333|33.3333333333333|33.3333333333333|11.1111111111111|11.1111111111111|11.1111111111111|3.7037037037037|3.7037037037037|3.7037037037037|1.23456790123457|1.23456790123457|1.23456790123457|0.411522633744856|0.411522633744856|0.411522633744856|0.137174211248285|0.137174211248285|0.137174211248285,41.3979357464279|36.4273761885529|45.1167436271534|38.4751914136551|42.8424542246489|54.7906426869617|22.2499427102795|23.7416741489598|21.0364163286985|7.60069393008039|9.92494886502147|12.2683892092532|4.27481532138301|1.94284178752354|0.90279265133191|1.2135087898512|4.24781896239687|3.27043486564724|2.22465763634277|2.73809697937719|1.85392366438494|3.79199905691915|10.1582872456484|1.14188507529788,dt4,Definitive_rep3
Berberine Chloride,Cell_AGP_Radial,Mahalanobis distance (cutoff = 1),10,0.8518946031153483,poly1,3.281319351042273,1.4810562771084672,0.027953382462508693,NA,NA,NA,NA,NA,NA,-0.3116496684259058,1.1492058196026047,33.04072141646276,53.51516926931995,5.212135977926715e-6,-35.39792534220033,0.9999232186348699,49.99999999999999,NA,2.795338246250869,5,10,20,30.475546358581695,30.475546358581695,41.111512037726705,100|100|100|75|75|75|33.3333333333333|33.3333333333333|33.3333333333333|11.1111111111111|11.1111111111111|11.1111111111111|3.7037037037037|3.7037037037037|3.7037037037037|1.23456790123457|1.23456790123457|1.23456790123457|0.411522633744856|0.411522633744856|0.411522633744856|0.137174211248285|0.137174211248285|0.137174211248285,3.23540244656129|1.8303251926401|2.37006882754345|3.03404169204578|3.43825384593983|1.62481119742885|0.846063827046309|0.425433327249165|1.94730541229627|-0.566401892362062|-0.454831118633718|0.780810266995715|-0.522049898864506|0.0288595893999041|-0.0435402656103727|-0.21830165218762|0.147144446011822|1.71778902328271|-0.208851974786165|-0.397537561265678|-0.337974704829229|1.47832988370099|6.28390791696869|0.538590499581898,dt4,Definitive_rep3
Berberine Chloride,Cell_AGP_Compactness,Mahalanobis distance (cutoff = 1),10,0.8518946031153483,poly1,3.1201632176472347,1.2365697246401661,0.02658050205952699,NA,NA,NA,NA,NA,NA,-0.5658155058400329,1.1492058196026047,34.812762232564275,54.36668405019057,1.0781744330564056e-6,-32.20951717465381,0.9999902879012789,50,NA,2.658050205952699,5.000000000000001,10.000000000000002,20.000000000000004,32.04960542910483,32.04960542910483,43.23491772386241,100|100|100|75|75|75|33.3333333333333|33.3333333333333|33.3333333333333|11.1111111111111|11.1111111111111|11.1111111111111|3.7037037037037|3.7037037037037|3.7037037037037|1.23456790123457|1.23456790123457|1.23456790123457|0.411522633744856|0.411522633744856|0.411522633744856|0.137174211248285|0.137174211248285|0.137174211248285,7.20454804960603|4.802104953234|2.35291114986161|1.67594572370533|1.35763868628421|2.17190163536271|1.09682918913726|0.488844072472465|0.765549244125445|0.810039644023419|0.25288384907686|0.811400393580013|0.226010309387893|-0.0339356423283043|0.111027689338117|-0.00110330087735833|0.400447322595369|-0.146231032128645|-0.177205191711365|-0.593530843574444|-0.131915989602991|0.972683799460623|2.68577203579097|1.14147972875389,dt4,Definitive_rep3
Berberine Chloride,Cell_AGP_Symmetry,Mahalanobis distance (cutoff = 1),13,0.8518946031153483,pow,2.1745830089048623,1.512539611057457,0.41647119354092543,NA,NA,0.32408844487939015,NA,NA,NA,-0.3012889481743502,1.1492058196026047,11.14474663429252,58.40963467242727,1.0916813209574837e-4,-35.838135872440205,0.9993420928461059,11.780090614199576,NA,1.8525155293123876,0.009673222399642654,0.08211500841922789,0.6970660167948749,9.099137947808272,9.099137947808272,22.917233537047313,100|100|100|75|75|75|33.3333333333333|33.3333333333333|33.3333333333333|11.1111111111111|11.1111111111111|11.1111111111111|3.7037037037037|3.7037037037037|3.7037037037037|1.23456790123457|1.23456790123457|1.23456790123457|0.411522633744856|0.411522633744856|0.411522633744856|0.137174211248285|0.137174211248285|0.137174211248285,0.777336085974584|1.47963610308724|2.70618593980326|3.12776331541598|1.7181852334166|1.84177623448397|1.35138896926282|1.06071118445432|2.12256461704563|-0.15133801368167|0.311989901970914|0.521860102417667|0.477659210100103|0.0959859640546475|0.413224639763715|-0.0422824781326977|0.674194972037399|0.407020455313458|1.36909571642033|0.0299570786284422|1.07324553767067|1.55365605466525|6.62868347804883|1.98244362169304,dt4,Definitive_rep3
Berberine Chloride,Cell_ER_Radial,Mahalanobis distance (cutoff = 1),12,0.8518946031153483,poly1,3.122511071750375,1.7309970276388864,0.026600503301920663,NA,NA,NA,NA,NA,NA,-0.07849414141057695,1.1492058196026047,31.397807691028323,66.42179913205393,4.061926260107125e-4,-40.84275195673466,0.9988499109962802,50,NA,2.660050330192066,5,10,20,32.025506940458456,32.025506940458456,43.20240886267845,100|100|100|75|75|75|33.3333333333333|33.3333333333333|33.3333333333333|11.1111111111111|11.1111111111111|11.1111111111111|3.7037037037037|3.7037037037037|3.7037037037037|1.23456790123457|1.23456790123457|1.23456790123457|0.411522633744856|0.411522633744856|0.411522633744856|0.137174211248285|0.137174211248285|0.137174211248285,3.25146576000676|1.98709638632931|0.965360709877882|4.44706959233782|3.42380928090694|1.0846929547693|1.22184021206465|0.515775363407073|2.86697972697794|0.30847164566152|0.0776555353399534|-0.380402410513133|0.349660251263981|-0.340865370293273|-0.380361656399593|1.03874722153028|-0.609262497005871|-0.329648947951706|0.320344156569596|0.242425636492629|0.611433349947809|1.50881530650621|6.99955953918688|0.96280958406023,dt4,Definitive_rep3
Berberine Chloride,Cell_ER_Axial,Mahalanobis distance (cutoff = 1),9,0.8518946031153483,poly1,1.7148615570510783,1.3774197542617792,0.014608813055417965,NA,NA,NA,NA,NA,NA,-0.39654937852605304,1.1492058196026047,57.06754770528339,124.72529659267532,0.0038776589945564805,-34.698335695171274,0.9630380629155681,50,NA,1.4608813055417966,5,10,20,58.313745263473436,58.313745263473436,78.66524236042565,100|100|100|75|75|75|33.3333333333333|33.3333333333333|33.3333333333333|11.1111111111111|11.1111111111111|11.1111111111111|3.7037037037037|3.7037037037037|3.7037037037037|1.23456790123457|1.23456790123457|1.23456790123457|0.411522633744856|0.411522633744856|0.411522633744856|0.137174211248285|0.137174211248285|0.137174211248285,1.73441567381533|1.40478461917688|0.943514176209531|3.537619245321|1.98631303335147|0.915237832313117|0.0812852303320121|-0.0499547918359914|0.242243641391067|0.0183940334644969|-0.385082173378977|-0.0237036315137971|-0.629507868724166|-0.527947985087023|-0.42086062619113|-0.334794544177503|-0.464352881920694|-0.22189703420998|-0.239893434137613|-0.329743663366512|-0.606426580908956|1.94919605104206|5.43612087417526|1.49082787321919,dt4,Definitive_rep3
Berberine Chloride,Cell_ER_Compactness,Mahalanobis distance (cutoff = 1),18,0.8518946031153483,pow,7.358866100819276,1.594723950585729,0.9623461055547726,NA,NA,0.4069327372641459,NA,NA,NA,0.21934610627733836,1.1492058196026047,1.0666699783013691,2.3457933878402573,2.686920612169359e-9,-45.194655255505026,0.999999992187309,18.20733176763427,NA,6.268978316336428,0.06350935848900911,0.3488120022171764,1.9157777024595761,0.7411249863701342,0.7411249863701342,1.5466211184246514,100|100|100|75|75|75|33.3333333333333|33.3333333333333|33.3333333333333|11.1111111111111|11.1111111111111|11.1111111111111|3.7037037037037|3.7037037037037|3.7037037037037|1.23456790123457|1.23456790123457|1.23456790123457|0.411522633744856|0.411522633744856|0.411522633744856|0.137174211248285|0.137174211248285|0.137174211248285,3.01468399702996|5.36761024550142|8.81861414094328|5.70325724990654|7.4487780184139|4.65874927186226|4.14321450555751|3.67923174405527|6.29173425977753|1.78186719912902|1.73187994681118|4.06513018372679|0.657271761425839|2.31349008580005|1.70346548871492|0.277457014568069|0.368637803923148|0.335233940592725|0.0817050000828486|1.19499696158879|-0.142111842267227|1.71261067543802|4.38060364499403|3.3162468167291,dt4,Definitive_rep3
Berberine Chloride,Cell_ER_Symmetry,Mahalanobis distance (cutoff = 1),23,0.8518946031153483,hill,10.157096126395182,3.070854587492758,NA,NA,8.652775373399864,0.30000000024230966,NA,3.2811615756292576,NA,0.5641013075803326,1.1492058196026047,0.0018910717353253636,0.019882498050755384,1.216037842765326e-8,-56.21212804254801,0.9999999878303255,3.2811615756292576,NA,8.652775373399864,1.7927330182858069e-4,0.0021638106541174433,0.032296910567743205,0.0020425296783240948,0.0020425296783240948,0.0063065808259525164,100|100|100|75|75|75|33.3333333333333|33.3333333333333|33.3333333333333|11.1111111111111|11.1111111111111|11.1111111111111|3.7037037037037|3.7037037037037|3.7037037037037|1.23456790123457|1.23456790123457|1.23456790123457|0.411522633744856|0.411522633744856|0.411522633744856|0.137174211248285|0.137174211248285|0.137174211248285,10.7376550968551|6.35516592037256|2.9108325636761|7.22285036508636|6.10528547254511|6.9273738136383|6.33276584645294|4.50297780173996|9.79910006287399|4.535523933117|3.53133306008516|4.60098093457942|4.42604971839517|3.94119167663151|0.783149178256219|1.93062203303595|3.49909128278241|4.5628169991867|2.35619748113043|3.9888834121292|2.21803884147286|5.71922467013044|14.0815265940212|4.87347515742569,dt4,Definitive_rep3
Berberine Chloride,Nucleus_DNA_Radial,Mahalanobis distance (cutoff = 1),13,0.8518946031153483,poly2,3.9553379101654285,1.2310027102998975,-14.711848688447619,-116.3165238663357,NA,NA,NA,NA,NA,-0.3758885446739456,1.1492058196026047,9.23398659023489,11.194134429932122,1.270350925429127e-7,-32.40431566726254,0.9999986889663331,15.344551674661036,NA,3.3695310191674688,1.3476426213859907,2.7280400132671234,5.597482134044578,7.178352378731686,7.178352378731686,9.934478154689456,100|100|100|75|75|75|33.3333333333333|33.3333333333333|33.3333333333333|11.1111111111111|11.1111111111111|11.1111111111111|3.7037037037037|3.7037037037037|3.7037037037037|1.23456790123457|1.23456790123457|1.23456790123457|0.411522633744856|0.411522633744856|0.411522633744856|0.137174211248285|0.137174211248285|0.137174211248285,1.34152902566661|2.82829637452733|1.10854823338199|5.28500923961702|6.80343485966887|2.43625295630889|3.78818187410365|2.4652832647436|2.99984763569232|0.955466761971602|1.01301075750743|0.533616003849334|0.903663579889511|-0.0780948484786369|0.326478715060585|0.115208569356901|0.163236839641686|-0.0997159934072223|0.679130133601783|0.339868439790837|-0.171587455503328|0.461415750059227|3.90455932936443|0.546876576024192,dt4,Definitive_rep3
Berberine Chloride,Nucleus_DNA_Axial,Mahalanobis distance (cutoff = 1),10,0.8518946031153483,exp5,1.9904593977944567,1.2359803375692306,NA,NA,1.6956616187013238,7.999999743625665,NA,24.058245326586412,NA,-0.5480531404566026,1.1492058196026047,13.288441830444599,31.90750791483724,8.68330913850173e-5,-32.1373189640875,0.9993971670674663,24.058245326586412,NA,1.6956616187013238,17.374740869082473,19.01058578182293,20.880159273049376,24.079027957813153,24.079027957813153,25.580530363371846,100|100|100|75|75|75|33.3333333333333|33.3333333333333|33.3333333333333|11.1111111111111|11.1111111111111|11.1111111111111|3.7037037037037|3.7037037037037|3.7037037037037|1.23456790123457|1.23456790123457|1.23456790123457|0.411522633744856|0.411522633744856|0.411522633744856|0.137174211248285|0.137174211248285|0.137174211248285,1.29198711957798|0.872806046321301|0.948194942195775|3.445936842211|5.00205215856785|1.47699788219336|1.92995634240224|2.54341490638559|1.6718382062589|-0.182601519191549|-0.115237010139794|-0.104046507767635|0.414054261492863|-0.460644177560765|-0.073288339141082|-0.156355270548334|-0.566249780005185|-0.324470570636812|0.00978867802873973|-0.456273626314522|-0.302761631205401|0.592607265156044|4.32485328642178|-0.438831356565281,dt4,Definitive_rep3
Berberine Chloride,Nucleus_DNA_Compactness,Mahalanobis distance (cutoff = 1),10,0.8518946031153483,poly1,4.277736968347824,1.307346310691506,0.036441810368825225,NA,NA,NA,NA,NA,NA,-0.028036197306634203,1.1492058196026047,24.433489378947087,46.799051465611946,4.7761682886846665e-5,-39.70638206819066,0.9998064572020003,50,NA,3.6441810368825225,5,10,20,23.376846388622784,23.376846388622784,31.53536577825213,100|100|100|75|75|75|33.3333333333333|33.3333333333333|33.3333333333333|11.1111111111111|11.1111111111111|11.1111111111111|3.7037037037037|3.7037037037037|3.7037037037037|1.23456790123457|1.23456790123457|1.23456790123457|0.411522633744856|0.411522633744856|0.411522633744856|0.137174211248285|0.137174211248285|0.137174211248285,4.78959119530575|4.67390262990359|1.91702875781863|6.35834928454185|2.40697099700973|0.987925379657981|-0.0733134358729611|1.83968197589669|0.526787037467529|-0.438925796467091|0.132469440206492|2.54074209327646|0.501220689864091|-0.550615655278569|-0.182946490150432|-0.494088433961765|-0.235938182699967|2.94766101092783|-0.370690671144556|-0.0904662130286822|0.175902659450523|-0.408256040125411|0.997751052415424|0.81538997640396,dt4,Definitive_rep3
Berberine Chloride,Nucleus_DNA_Symmetry,Mahalanobis distance (cutoff = 1),16,0.8518946031153483,poly2,3.344222393744636,2.157794776390905,-12.151754521335201,-120.05428323305718,NA,NA,NA,NA,NA,0.0691053822705765,1.1492058196026047,11.278210839262165,15.757466016964916,0.0013172552521294155,-45.26666818842907,0.998535535794818,16.28103196765656,NA,2.8489250088485463,1.4242050985791292,2.883895240400731,5.921287199886013,9.107232767070915,9.107232767070915,12.696387099452727,100|100|100|75|75|75|33.3333333333333|33.3333333333333|33.3333333333333|11.1111111111111|11.1111111111111|11.1111111111111|3.7037037037037|3.7037037037037|3.7037037037037|1.23456790123457|1.23456790123457|1.23456790123457|0.411522633744856|0.411522633744856|0.411522633744856|0.137174211248285|0.137174211248285|0.137174211248285,2.25024218432399|0.8219868002622|1.32012886907551|4.06594979684244|5.25045335112643|1.92365925729581|2.19185579159064|2.13873815141203|2.16474106633853|0.878568879031091|0.877805437839519|0.121962831976517|4.9527886366014|-0.0729620987187559|1.04758865797975|1.04893691298264|0.0667883223485958|0.611882824660083|1.94380048888767|-0.0317474042466034|0.216623428831344|5.74142662560529|6.49649690174087|-0.233054128880729,dt4,Definitive_rep3
Rapamycin,Ring_Mito_Texture,Mahalanobis distance (cutoff = 1),18,0.8518946031153483,poly2,15.888569103720501,1.485820016204267,-54.14359271939318,-29.816637056768375,NA,NA,NA,NA,NA,0.13000752937655707,1.1492058196026047,0.6058606324999917,0.7081401584957123,2.6260590269831977e-16,-41.411393323133424,0.9999999999999813,4.366346065035573,NA,13.53538627068476,0.3774725946063825,0.7650160230069264,1.5738500285354542,0.476757783549636,0.476757783549636,0.646897560840605,20|20|20|15|15|15|6.32455532033676|6.32455532033676|6.32455532033676|2|2|2|0.632455532033676|0.632455532033676|0.632455532033676|0.2|0.2|0.2|0.0632455532033676|0.0632455532033676|0.0632455532033676|0.02|0.02|0.02,11.5854174562046|11.375265066061|12.521276133753|11.9258277500438|14.4040098215501|16.745815422943|8.78675201019216|8.01828846981874|9.94709358993659|2.89535489567119|2.85193540552912|2.18312602441187|2.43638703087966|1.52267097394319|3.98300400813659|2.87267370330505|3.1712214557964|3.38105069813961|-0.708250539853023|-0.401024800049151|-0.352570104505469|0.166476538810071|-0.102255575571661|-0.149576866305865,dt4,Definitive_rep3
Rapamycin,Ring_ER_Texture,Mahalanobis distance (cutoff = 1),21,0.8518946031153483,exp3,26.272056475954358,2.4789470275424415,3.3822089565685594,1.8868839769067542,NA,0.30000029198119715,NA,NA,NA,0.6033106746546133,1.1492058196026047,0.02804659831082656,0.036045485316013565,4.012151641315675e-15,-55.17737519326178,0.9999999999999912,6.671206886688309,NA,22.381023124607154,0.029024492253202937,0.19719104428525502,1.0680699550301678,0.013003322810912678,0.013003322810912678,0.03134671845577544,20|20|20|15|15|15|6.32455532033676|6.32455532033676|6.32455532033676|2|2|2|0.632455532033676|0.632455532033676|0.632455532033676|0.2|0.2|0.2|0.0632455532033676|0.0632455532033676|0.0632455532033676|0.02|0.02|0.02,28.3915462539851|23.1020487258322|23.9281139260318|12.7322381590187|17.0880862269244|13.542635669316|10.753977592571|10.3437238686012|8.34169665571716|6.30807537693437|8.87933384039024|9.87573393675174|3.32125236946202|2.72009746307126|4.89062178951725|2.97884392357291|3.41765389690932|2.34938337098601|-0.0230374037248054|0.640226128344421|0.830647864083229|2.70095760419473|1.74152610084234|4.04838575358861,dt4,Definitive_rep3
Rapamycin,Ring_ER_Intensity,Mahalanobis distance (cutoff = 1),15,0.8518946031153483,poly2,3.9091695067487984,0.9605269189573076,-15.045956596810774,-22.411250137473758,NA,NA,NA,NA,NA,-0.2243291542093128,1.1492058196026047,1.7483065928498303,2.007123551705723,1.6104848552311556e-6,-31.83473910119001,0.9998629218500692,2.840121070169238,NA,3.3302004054623895,0.25082723500215137,0.5075337448186851,1.040376288274932,1.3502667801807247,1.3502667801807247,1.8673573612257253,20|20|20|15|15|15|6.32455532033676|6.32455532033676|6.32455532033676|2|2|2|0.632455532033676|0.632455532033676|0.632455532033676|0.2|0.2|0.2|0.0632455532033676|0.0632455532033676|0.0632455532033676|0.02|0.02|0.02,1.62120722254966|1.68243903952594|1.83995987828347|1.90257874792216|1.83030542975303|3.27821371380214|4.57901112166128|2.996257169507|5.19843619956735|2.05946811190882|0.141074966538787|0.114764463762131|2.24685635071249|0.326868958987304|1.14343520425463|0.86952300643451|0.720605043657237|1.10015870269378|-0.241820943555029|-0.182465180962004|-0.153202240229708|-0.224366195789223|-0.439233838301684|1.1872310637255,dt4,Definitive_rep3
Rapamycin,Cytoplasm_Mito_Texture,Mahalanobis distance (cutoff = 1),12,0.8518946031153483,exp5,6.491969689537971,2.697883291987808,NA,NA,5.530473942105821,4.810889002599725,NA,3.6054737135052233,NA,0.1250892785464926,1.1492058196026047,1.958931501797686,4.081887408929189,5.616402097030921e-8,-51.171381789357206,0.9999999429186434,3.6054737135052233,NA,5.530473942105821,2.098550980054795,2.4372535654680716,2.848683585568411,2.68306867450057,2.68306867450057,2.8742268334477084,20|20|20|15|15|15|6.32455532033676|6.32455532033676|6.32455532033676|2|2|2|0.632455532033676|0.632455532033676|0.632455532033676|0.2|0.2|0.2|0.0632455532033676|0.0632455532033676|0.0632455532033676|0.02|0.02|0.02,5.11858020220466|4.83700263274454|5.44624373789913|4.38444719637587|5.48013895117569|11.5738450404169|13.962531019119|5.62155590021778|12.3802422892963|0.424836120488869|0.480705518614168|-0.285552804945029|1.80677912797667|0.589592956055781|1.78907915820259|-0.0172566692534974|0.641409449220097|0.319282975133484|0.374958192237101|0.0318923835551104|0.118910593722661|-0.580930789445438|0.307598805614964|3.14399924038476,dt4,Definitive_rep3
Rapamycin,Cytoplasm_AGP_Texture,Mahalanobis distance (cutoff = 1),19,0.8518946031153483,exp5,2.6713974177144983,1.3300274638408827,NA,NA,2.275749042927259,7.999999645396366,NA,0.14558347450935802,NA,0.06338818504314028,1.1492058196026047,0.0688615355427721,0.19140134373943662,4.519721565348565e-6,-41.03096130490543,0.9999935222220597,0.14558347450935802,NA,2.275749042927259,0.10513963508041674,0.11503861087970521,0.1263519466497402,0.13864325579983605,0.13864325579983605,0.14584458595972874,20|20|20|15|15|15|6.32455532033676|6.32455532033676|6.32455532033676|2|2|2|0.632455532033676|0.632455532033676|0.632455532033676|0.2|0.2|0.2|0.0632455532033676|0.0632455532033676|0.0632455532033676|0.02|0.02|0.02,1.63868939195095|1.38101002288588|1.32045206607459|1.19413015937751|2.69731521284429|1.6448346074303|3.01733705311107|5.56181977808181|4.15833070824179|1.78172132816993|3.46396955360681|3.46023266121034|0.702208603643813|1.08588681230455|2.68366448270839|2.2603958415036|4.17380520460541|1.89555282727232|-0.378027446056246|-0.094265027485455|-0.584929983763786|0.556415269612781|1.60007425875444|3.07648860493187,dt4,Definitive_rep3
Rapamycin,Cytoplasm_ER_Texture,Mahalanobis distance (cutoff = 1),21,0.8518946031153483,exp4,11.33858219862445,1.8681220999466757,NA,NA,9.65927698198793,NA,NA,0.5710471776568773,NA,0.40725166471572916,1.1492058196026047,0.07551684911702344,0.14124549764382793,3.997933081613392e-14,-49.329252977889745,0.9999999999999408,0.5710471776568773,NA,9.65927698198793,0.0422578231784367,0.08680093750691036,0.18383612999388363,0.07606456981087109,0.07606456981087109,0.10435545014298013,20|20|20|15|15|15|6.32455532033676|6.32455532033676|6.32455532033676|2|2|2|0.632455532033676|0.632455532033676|0.632455532033676|0.2|0.2|0.2|0.0632455532033676|0.0632455532033676|0.0632455532033676|0.02|0.02|0.02,10.3315273721327|6.85292449179512|7.67542338162384|5.15296788407646|7.89093608556002|10.9662329162807|13.6897813002164|12.011805079297|10.0506014009728|8.50467755252061|9.25357618488856|10.0655858333334|4.87192054402033|3.64673562517066|4.88940596367789|2.72039907860832|3.08381968599945|2.62797873292414|-0.181307355645419|-0.133855347920001|0.666207147581981|2.87811320126001|1.80416859377639|2.92616606317685,dt4,Definitive_rep3
Rapamycin,Cytoplasm_AGP_Intensity,Mahalanobis distance (cutoff = 1),11,0.8518946031153483,exp4,1.6277185747808651,0.5484223803586656,NA,NA,1.3866446692464254,NA,NA,0.7155323351206251,NA,-0.7437421731616316,1.1492058196026047,0.9290689433139845,3.7445231518139654,1.9318486370008943e-7,-20.79817904310363,0.99935839586633,0.7155323351206251,NA,1.3866446692464254,0.0529498088407497,0.10876312839829518,0.2303499614756885,0.9836147390129243,0.9836147390129243,1.821724022874684,20|20|20|15|15|15|6.32455532033676|6.32455532033676|6.32455532033676|2|2|2|0.632455532033676|0.632455532033676|0.632455532033676|0.2|0.2|0.2|0.0632455532033676|0.0632455532033676|0.0632455532033676|0.02|0.02|0.02,1.98907646512232|2.52090972604793|1.53460868402447|1.19351640059729|1.08529089046541|0.696197219637144|1.20847074811355|0.754173004023209|1.55613508961314|1.95150014324453|1.00511887508377|1.60996285323646|0.495038314966587|0.551415433287053|0.196834257428915|0.758274400946123|0.588523246681775|-0.0512392163685129|-0.674389487225158|-0.272748786675656|-0.61857856804572|0.279224436154511|1.19260050280554|0.648150301117584,dt4,Definitive_rep3
Rapamycin,Cytoplasm_ER_Intensity,Mahalanobis distance (cutoff = 1),13,0.8518946031153483,pow,4.302480978257875,1.0772329386811568,1.18740727502946,NA,NA,0.3762443003310242,NA,NA,NA,-0.3223289568456817,1.1492058196026047,0.6050413498942474,1.4995268985935177,4.284419153936405e-9,-34.031509100995805,0.9999999198582858,3.1691161211473515,NA,3.665260325384328,0.006967718249483296,0.04397262822266478,0.2775072073202851,0.41371531643754594,0.41371531643754594,0.9167555423835967,20|20|20|15|15|15|6.32455532033676|6.32455532033676|6.32455532033676|2|2|2|0.632455532033676|0.632455532033676|0.632455532033676|0.2|0.2|0.2|0.0632455532033676|0.0632455532033676|0.0632455532033676|0.02|0.02|0.02,5.29104074881697|4.0242201471639|3.74955107749891|2.4050293394117|1.55885359183134|2.27604382031388|4.67184549795557|2.58753534476884|5.54336889090178|2.00578824835443|0.593143908213334|1.15099875954903|2.6480818770239|0.405385907246611|0.746298694621884|0.737207699340243|0.681373114035996|1.14299425573714|0.130924319800416|0.047079783644172|0.602676167060837|0.251094457556812|0.145024104193634|0.283737172703422,dt4,Definitive_rep3
Rapamycin,Cytoplasm_Mito_Profile,Mahalanobis distance (cutoff = 1),7,0.8518946031153483,poly2,1.9960008472140496,0.6663267934305668,-7.84218614469253,-19.89729464333138,NA,NA,NA,NA,NA,-0.7155492123536644,1.1492058196026047,3.3480458352303795,3.796641384887094,6.144632355191036e-4,-21.550937585289034,0.9974269035483778,2.46167108405874,NA,1.7003823495553116,0.21810229602368175,0.4412065797411339,0.9039098798419646,2.467416281981402,2.467416281981402,3.5486897707763996,20|20|20|15|15|15|6.32455532033676|6.32455532033676|6.32455532033676|2|2|2|0.632455532033676|0.632455532033676|0.632455532033676|0.2|0.2|0.2|0.0632455532033676|0.0632455532033676|0.0632455532033676|0.02|0.02|0.02,-0.0729494475680272|0.604321591485051|-0.177668371220661|0.0399681230626971|0.131783376571746|2.05048922042185|1.58965690608489|1.43233366550239|1.84143766506585|2.39878417199085|1.05810827960155|1.87858662933062|0.440865492478854|0.530180239502149|0.796257635240044|0.836044327421064|0.584839691258588|-0.276466867593094|-0.191801938453499|-0.230242293733713|-0.346161630176535|0.0997993721656314|-0.118442331410833|0.0265747551325326,dt4,Definitive_rep3
Rapamycin,Cytoplasm_AGP_Profile,Mahalanobis distance (cutoff = 1),18,0.8518946031153483,hill,4.536549638195289,1.101558352396986,NA,NA,3.8646621535434518,7.999999841135011,NA,0.14179842621972621,NA,-0.09822810003984364,1.1492058196026047,0.07129043996658026,0.16060256826051572,4.1999436436462614e-11,-36.97765674765759,0.9999999999120639,0.14179842621972621,NA,3.8646621535434518,0.09813574131480751,0.10774350382333915,0.11923778788647092,0.121087395972167,0.121087395972167,0.12734760567019143,20|20|20|15|15|15|6.32455532033676|6.32455532033676|6.32455532033676|2|2|2|0.632455532033676|0.632455532033676|0.632455532033676|0.2|0.2|0.2|0.0632455532033676|0.0632455532033676|0.0632455532033676|0.02|0.02|0.02,2.65177153976896|4.82362703509432|3.5943739378333|3.44728695696636|1.5274202207666|4.81439735187168|3.96846626002234|5.20094650940867|4.96406002761703|5.3650113723324|4.28400673650484|4.39061086019714|1.52087263019215|1.93189887758891|2.10910163747654|4.4376344977346|3.49226870395399|3.08010113221304|-0.62484783533659|-0.371440520823288|-0.0297921589725536|-0.202662954850207|0.735710779400643|0.0572572657685931,dt4,Definitive_rep3
Rapamycin,Cytoplasm_ER_Profile,Mahalanobis distance (cutoff = 1),24,0.8518946031153483,exp3,25.647259064032887,3.030256016146624,8.571105865433285,9.09463298451009,NA,0.3000001145730329,NA,NA,NA,0.6738376893762096,1.1492058196026047,0.008047638873757278,0.010450917386374318,2.7524873490165885e-14,-58.022940077189645,0.9999999999999724,4.72768070822097,NA,21.848761581350814,0.007743768273421059,0.06495639633044187,0.47324341039405143,0.0035276679420892312,0.0035276679420892312,0.009077421922411488,20|20|20|15|15|15|6.32455532033676|6.32455532033676|6.32455532033676|2|2|2|0.632455532033676|0.632455532033676|0.632455532033676|0.2|0.2|0.2|0.0632455532033676|0.0632455532033676|0.0632455532033676|0.02|0.02|0.02,22.9445494674736|24.5556523036837|21.9331457848411|18.1864155977134|18.9327557677939|14.2460321207357|9.29100466716138|12.4256885758011|2.3183275137826|5.19768918475015|8.34997192959157|7.86285256584184|7.69930556534866|5.59714454710589|5.91767506025932|2.54062910674724|3.74886996640193|5.39012216388264|1.84952465277372|2.70907452991709|1.16759434195836|6.42353517200629|6.75366360398307|3.17390980009425,dt4,Definitive_rep3
Rapamycin,Cytoplasm_DNA_Profile,Mahalanobis distance (cutoff = 1),20,0.8518946031153483,pow,14.132702844713249,1.3770498984935946,4.279811589854077,NA,NA,0.3452544872017541,NA,NA,NA,0.19925672088475313,1.1492058196026047,0.018246806821646484,0.027336678078933682,1.2117911711234511e-16,-43.162278120740694,0.9999999999999976,2.686101633914898,NA,12.039573280844147,0.0034096377375574393,0.025387257834976355,0.18902678524472155,0.00932183284784853,0.00932183284784853,0.022185527978970672,20|20|20|15|15|15|6.32455532033676|6.32455532033676|6.32455532033676|2|2|2|0.632455532033676|0.632455532033676|0.632455532033676|0.2|0.2|0.2|0.0632455532033676|0.0632455532033676|0.0632455532033676|0.02|0.02|0.02,12.4596724580541|12.7860409558761|10.9809176612922|9.86308662630645|11.8743008488215|9.65895196279278|9.37743912608809|7.54547115956035|10.2686187598049|3.66838063760568|2.90836237734032|5.14461391664348|6.51631360670995|4.9979748107376|5.81982506948199|3.94795835116076|3.06872240355888|2.07028410056524|0.497579266072053|0.545994831481701|0.33269917905204|0.853737109705658|-0.302003544717587|1.12668934481084,dt4,Definitive_rep3
Rapamycin,Membrane_AGP_Texture,Mahalanobis distance (cutoff = 1),19,0.8518946031153483,exp4,5.405361351303429,2.2033560505304384,NA,NA,4.604798163063677,NA,NA,0.5288006549180383,NA,0.6100816205985085,1.1492058196026047,0.06085038314562471,0.5211982891815181,3.0992014270608294e-6,-53.807546679956005,0.9999968001440135,0.5288006549180383,NA,4.604798163063677,0.03913155593178487,0.08037933536331018,0.17023578741295356,0.1560653098559508,0.1560653098559508,0.21903181657241683,20|20|20|15|15|15|6.32455532033676|6.32455532033676|6.32455532033676|2|2|2|0.632455532033676|0.632455532033676|0.632455532033676|0.2|0.2|0.2|0.0632455532033676|0.0632455532033676|0.0632455532033676|0.02|0.02|0.02,3.28208531187337|3.04850899880081|2.30749530880681|9.22555087640967|5.57644997623516|4.31322635180809|1.88249136230366|6.29317241556192|5.41624982827172|4.51544194694601|4.94281381967772|7.86313692334551|-0.529031074589559|-0.238786245642609|2.22400370642214|1.97854101441038|3.7113912672733|2.0433572484594|0.423028475390984|0.838132696275525|0.840833656817204|1.64497771285394|3.23112851543212|4.71585739146499,dt4,Definitive_rep3
Rapamycin,Membrane_AGP_Intensity,Mahalanobis distance (cutoff = 1),9,0.8518946031153483,poly1,1.9753383855266582,0.6145550600071381,0.08413900549783726,NA,NA,NA,NA,NA,NA,-0.7785278000237286,1.1492058196026047,11.107741041643193,17.759078300273103,1.0035062319781937e-5,-21.665752511205657,0.9981703661135063,10,NA,1.6827801099567452,1,2,4,10.124847543357827,10.124847543357827,13.658419335989707,20|20|20|15|15|15|6.32455532033676|6.32455532033676|6.32455532033676|2|2|2|0.632455532033676|0.632455532033676|0.632455532033676|0.2|0.2|0.2|0.0632455532033676|0.0632455532033676|0.0632455532033676|0.02|0.02|0.02,1.81825936788065|2.23799766032629|1.27608787345122|1.35856277648763|1.05868469080587|0.417752532829102|0.285534660069778|0.623616881333921|1.07404197010908|1.28556027310519|0.797030256513934|1.5263519268336|0.257758963106585|0.351654049472023|-0.33180980551423|0.276178756520079|0.136823832987603|-0.125589709481078|-0.601493019591613|-0.110232149485652|-0.490125537175876|0.421112147553018|1.66667416665741|0.0412606537919067,dt4,Definitive_rep3
Rapamycin,Nucleus_DNA_Texture,Mahalanobis distance (cutoff = 1),18,0.8518946031153483,exp3,11.93026049596546,1.148376916153273,0.8952511750439441,0.9259283586970815,NA,0.3000036082763459,NA,NA,NA,0.010029345015493853,1.1492058196026047,0.44468872302379037,0.5409083226283335,4.943820193083184e-14,-38.74034342288739,0.9999999999947702,7.84591658351166,NA,10.163324530273213,0.0644496820326613,0.36863155861267477,1.6301639205683236,0.2420361191538422,0.2420361191538422,0.4891786569169515,20|20|20|15|15|15|6.32455532033676|6.32455532033676|6.32455532033676|2|2|2|0.632455532033676|0.632455532033676|0.632455532033676|0.2|0.2|0.2|0.0632455532033676|0.0632455532033676|0.0632455532033676|0.02|0.02|0.02,9.64395833778296|9.81540814379955|12.0518700464104|7.72409427050893|8.58523353240094|8.46241229229128|2.90531226641251|3.41463771482985|3.57503316675981|2.43747786761059|1.87480570365823|3.36188916085522|2.8976032855674|2.4101934673166|3.02965846101917|2.20727010825901|2.82725761475254|0.584249131928277|-0.320158768153724|-0.762129374778975|-0.597785355299054|0.0163854335969931|0.191452842236174|2.59338512348037,dt4,Definitive_rep3
Rapamycin,Nucleus_RNA_Intensity,Mahalanobis distance (cutoff = 1),21,0.8518946031153483,pow,12.231436225025023,2.1987988107711414,4.241838101196155,NA,NA,0.3000001804306082,NA,NA,NA,0.6680318542559335,1.1492058196026047,0.008840080897300822,0.019879949702135066,7.899292479267233e-11,-54.462948054690635,0.9999999999087249,1.9842540722974618,NA,10.419894508448385,9.210134060603879e-4,0.009283220520182637,0.09356886952923414,0.00474359196804617,0.00474359196804617,0.012867086778919349,20|20|20|15|15|15|6.32455532033676|6.32455532033676|6.32455532033676|2|2|2|0.632455532033676|0.632455532033676|0.632455532033676|0.2|0.2|0.2|0.0632455532033676|0.0632455532033676|0.0632455532033676|0.02|0.02|0.02,10.4478488087419|9.34729021841824|11.8139180356288|12.3075822294888|10.8242520441959|10.0489093823874|4.52312376861008|3.69694985690009|3.15667159346968|4.99057023771067|5.11343678765578|4.15195172161894|5.47578558662578|3.97492832451674|2.11608395407343|3.76550515434422|5.35365610707716|5.97585614615771|-0.13724575340113|0.340778418367199|0.497071910439273|3.89809883240081|4.87732377222257|4.39717086749153,dt4,Definitive_rep3
Rapamycin,Nucleus_DNA_Intensity,Mahalanobis distance (cutoff = 1),16,0.8518946031153483,pow,7.3683926705429625,0.843520519633329,1.3078754969146198,NA,NA,0.5235791855297158,NA,NA,NA,-0.34575519658396014,1.1492058196026047,0.6546813590263372,0.9439682971274126,8.706346665532223e-14,-30.80585745523129,0.9999999998087324,5.322106274499946,NA,6.277093949670238,0.06548664883499385,0.24609297694321913,0.9247954259099855,0.4409690039747301,0.4409690039747301,0.7811274279324808,20|20|20|15|15|15|6.32455532033676|6.32455532033676|6.32455532033676|2|2|2|0.632455532033676|0.632455532033676|0.632455532033676|0.2|0.2|0.2|0.0632455532033676|0.0632455532033676|0.0632455532033676|0.02|0.02|0.02,6.13770815348104|5.67123069503655|7.06252579092633|4.84304469975137|6.84405832377055|6.17158821529983|2.28030953317215|2.4842494479317|1.63008908979841|2.43915116447775|1.83904272289477|3.23227705593368|0.9845565137653|1.45776479874699|2.18491713568135|0.519569276440249|0.784411417978746|0.127801215511858|0.393432181020144|-0.147970663543423|-0.453392186955307|-0.283090543426243|0.145479828959914|1.80501444431979,dt4,Definitive_rep3
Rapamycin,Nucleus_RNA_Texture,Mahalanobis distance (cutoff = 1),23,0.8518946031153483,hill,14.803420225581256,1.8187219705694342,NA,NA,12.610953797821264,0.3705811355026587,NA,1.2410033124955153,NA,0.3681753619702934,1.1492058196026047,0.0013549219960996436,0.004544726569504952,2.0254362660096247e-13,-48.52053433728216,0.9999999999997904,1.2410033124955153,NA,12.610953797821264,4.39644735646604e-4,0.003302048925634776,0.02945340368598718,0.001041260497339455,0.001041260497339455,0.002502669955336433,20|20|20|15|15|15|6.32455532033676|6.32455532033676|6.32455532033676|2|2|2|0.632455532033676|0.632455532033676|0.632455532033676|0.2|0.2|0.2|0.0632455532033676|0.0632455532033676|0.0632455532033676|0.02|0.02|0.02,8.75722328453965|9.07932434860696|8.93717519689402|10.0567042947689|10.0558521766005|13.081634681222|5.51946108725946|6.73820107060224|4.10158902791304|7.52895398522281|7.28007944161874|8.27785859500862|6.51137246599697|3.84531653054666|4.85133583793812|5.83254425575945|6.01350563162934|4.720647566448|-0.624336865972144|1.11548380490158|1.85582751340147|2.47644598877991|2.34309195235855|3.7645349200787,dt4,Definitive_rep3
Rapamycin,Nucleus_RNA_Profile,Mahalanobis distance (cutoff = 1),22,0.8518946031153483,pow,15.802329208123048,2.242780355691911,4.385463857374816,NA,NA,0.3743890898572013,NA,NA,NA,0.623243411458715,1.1492058196026047,0.02198110650039942,0.036771313768552825,6.820199799674788e-13,-54.153284578599376,0.9999999999990778,3.140316760426422,NA,13.461918969052059,0.006698158988393295,0.042659129631774824,0.27168679395248113,0.01256678949824292,0.01256678949824292,0.027956873342941287,20|20|20|15|15|15|6.32455532033676|6.32455532033676|6.32455532033676|2|2|2|0.632455532033676|0.632455532033676|0.632455532033676|0.2|0.2|0.2|0.0632455532033676|0.0632455532033676|0.0632455532033676|0.02|0.02|0.02,15.7596902330676|13.6019251645268|13.2534757596066|13.7402781367091|13.4190531598498|9.75322903438595|8.23489126839178|5.51195963264654|5.21864912062535|3.77609245361254|5.43439944187609|6.15185805204318|8.86366939855354|4.53061619971028|2.21275162309046|1.74374161829627|4.34220118833527|5.66877494580227|0.468695772908921|0.993599861713489|0.420828914583168|2.10977096053037|5.15443756024098|4.57087515262446,dt4,Definitive_rep3
Rapamycin,Nucleus_RNA_Compactness,Mahalanobis distance (cutoff = 1),21,0.8518946031153483,pow,18.762813473348714,3.459817262021188,5.214907606520514,NA,NA,0.3738862373163879,NA,NA,NA,0.9465726534209733,1.1492058196026047,0.013319762929843333,0.024331437275918643,4.694237933905127e-10,-63.20149200131847,0.9999999995022326,3.132507025133238,NA,15.983939537205712,0.0066264618772809295,0.042307722371343004,0.2701205266701261,0.007860570919402234,0.007860570919402234,0.017505938423991303,20|20|20|15|15|15|6.32455532033676|6.32455532033676|6.32455532033676|2|2|2|0.632455532033676|0.632455532033676|0.632455532033676|0.2|0.2|0.2|0.0632455532033676|0.0632455532033676|0.0632455532033676|0.02|0.02|0.02,13.9236502772122|16.0162126803262|18.1912559927769|16.8925964363616|15.2891038732634|15.6312828181709|2.57933443753118|3.28251638034071|1.95271912999579|4.91046429277522|7.65456554335504|7.55549468877662|6.44641785666331|3.16995532125177|3.75316322119542|3.99787427804965|5.27157612299262|3.99878303839261|-0.4827426876714|0.478258896590155|0.552558048061405|3.98565777840312|6.37138188603822|6.05528736362806,dt4,Definitive_rep3
Rapamycin,Cell_DNA_Radial,Mahalanobis distance (cutoff = 1),23,0.8518946031153483,exp5,6.471791006381406,1.3829605693801763,NA,NA,5.513283830826769,0.49668354978675694,NA,0.1879886988024386,NA,0.13109897171315182,1.1492058196026047,0.010588760948728692,0.04263535934910419,5.207388285192541e-12,-42.509636548034216,0.9999999999939038,0.1879886988024386,NA,5.513283830826769,9.942631493626822e-4,0.004235559060074887,0.01919004204818148,0.010816390292307543,0.010816390292307543,0.021071372128965843,20|20|20|15|15|15|6.32455532033676|6.32455532033676|6.32455532033676|2|2|2|0.632455532033676|0.632455532033676|0.632455532033676|0.2|0.2|0.2|0.0632455532033676|0.0632455532033676|0.0632455532033676|0.02|0.02|0.02,8.1510623776405|5.21332159672585|3.52824112762911|6.57049622643813|4.36165677830453|4.77569058132434|8.18692120607277|4.73510584161791|6.81383053617229|4.20330547276964|3.11854892007993|7.38588836847534|4.4781193903407|2.23162736857209|4.43030199158416|5.37280059667972|2.12755792333882|2.92433646805903|2.03806081146899|1.8806956961617|0.789189030066967|1.65445482925035|0.900918637014617|1.12896048681072,dt4,Definitive_rep3
Rapamycin,Cell_Mito_Radial,Mahalanobis distance (cutoff = 1),18,0.8518946031153483,exp4,6.73990822665509,2.221037992093002,NA,NA,5.7416914437802085,NA,NA,1.174484324649597,NA,0.03532756185561767,1.1492058196026047,0.2511215148570997,0.5804845209268668,7.6955461411683e-11,-46.7864992699855,0.9999999999056152,1.174484324649597,NA,5.7416914437802085,0.08691252292067185,0.17852525054945909,0.3780995011095151,0.2721295176810607,0.2721295176810607,0.3784195511361741,20|20|20|15|15|15|6.32455532033676|6.32455532033676|6.32455532033676|2|2|2|0.632455532033676|0.632455532033676|0.632455532033676|0.2|0.2|0.2|0.0632455532033676|0.0632455532033676|0.0632455532033676|0.02|0.02|0.02,4.5472784820519|5.07341431764637|5.68660702212663|5.81851063602062|4.85539083411039|6.7825545977174|13.3341815640641|9.82254193325808|10.7588858994112|1.61386335345405|2.99097393702132|4.34780624561423|2.5180432691488|2.00848978476519|1.95637643297901|0.657008934225182|1.16798867423721|0.82118033410374|-0.161130679330092|0.154366437904052|0.280888205283222|0.903090919335602|1.42903702066442|0.520959670913884,dt4,Definitive_rep3
Rapamycin,Cell_Mito_Axial,Mahalanobis distance (cutoff = 1),22,0.8518946031153483,pow,18.4619499294859,1.797054293205704,5.035047819699762,NA,NA,0.38020632714157393,NA,NA,NA,0.41941556506308,1.1492058196026047,0.017216993458324906,0.024879981082478592,2.9652185808882486e-16,-49.033282944081336,0.999999999999996,3.230544236826703,NA,15.727635507914824,0.0075705046038277105,0.04686829245380687,0.29015725535982534,0.009343916600879883,0.009343916600879883,0.020534304381309473,20|20|20|15|15|15|6.32455532033676|6.32455532033676|6.32455532033676|2|2|2|0.632455532033676|0.632455532033676|0.632455532033676|0.2|0.2|0.2|0.0632455532033676|0.0632455532033676|0.0632455532033676|0.02|0.02|0.02,16.9791030932132|15.5147051896845|17.085302213737|12.9027286822793|11.3852140363016|13.6347362954178|12.573619717083|8.76489508927661|11.5325622225819|3.37960684555751|7.54467665324565|8.92313194841462|0.126738436201068|1.56786842829513|1.40165734299517|3.20141513209221|3.40326231062803|4.11823367595185|1.98111824570745|3.15513367132942|1.82191160485302|0.887482901345395|2.55150487700761|0.813096226725267,dt4,Definitive_rep3
Rapamycin,Cell_Mito_Compactness,Mahalanobis distance (cutoff = 1),15,0.8518946031153483,pow,9.282302346897096,1.429803384018918,1.2402231971589694,NA,NA,0.6183882998858303,NA,NA,NA,-0.017041374977312694,1.1492058196026047,0.723612226905969,1.1117730821001588,8.36316180456918e-12,-41.04856376937547,0.9999999995736101,6.519770462381377,NA,7.907543273806566,0.15744373520117122,0.48297324609696207,1.4815651835710606,0.5447876436141306,0.5447876436141306,0.8840370617386811,20|20|20|15|15|15|6.32455532033676|6.32455532033676|6.32455532033676|2|2|2|0.632455532033676|0.632455532033676|0.632455532033676|0.2|0.2|0.2|0.0632455532033676|0.0632455532033676|0.0632455532033676|0.02|0.02|0.02,8.31339039211767|7.09067000393017|9.17233264469873|4.46441981000826|5.02667506861022|9.58655885132377|8.1371929590706|1.95931147137998|5.92405428269433|1.29913708470004|2.28771428832362|1.93384800611515|0.611203993334634|0.677568136454198|0.920902449478705|0.193522985002|0.505725219037292|0.265267225012883|0.161498207082952|0.918819793838073|0.369597795868206|0.802022408547313|1.80323316040581|-0.00903135788878662,dt4,Definitive_rep3
Rapamycin,Cell_AGP_Radial,Mahalanobis distance (cutoff = 1),22,0.8518946031153483,exp4,6.4156131144483695,2.043340990534195,NA,NA,5.465426187874617,NA,NA,0.5927205982603123,NA,0.5155750252971076,1.1492058196026047,0.09799973080971315,0.3690151871304188,2.7920623757177513e-8,-51.711277518131176,0.9999999696683338,0.5927205982603123,NA,5.465426187874617,0.04386166890496643,0.09009536448416816,0.19081341299843996,0.14489793937900966,0.14489793937900966,0.2018601722813248,20|20|20|15|15|15|6.32455532033676|6.32455532033676|6.32455532033676|2|2|2|0.632455532033676|0.632455532033676|0.632455532033676|0.2|0.2|0.2|0.0632455532033676|0.0632455532033676|0.0632455532033676|0.02|0.02|0.02,6.66037994260433|5.30963318816413|4.10365453002504|3.55200659369411|3.05981920932877|2.63862580082837|8.03744374844533|8.42945126575676|8.96864129640816|4.16879099265511|4.53673318685036|7.35578540931304|2.83428630210301|1.70820600110906|1.66731009620701|2.29196054570879|2.28059212339851|1.45611423068765|0.1631258576281|1.39808402284327|1.13222870136894|3.6012039334021|5.20740429399626|0.518641041130289,dt4,Definitive_rep3
Rapamycin,Cell_AGP_Axial,Mahalanobis distance (cutoff = 1),15,0.8518946031153483,exp5,15.077617581265658,2.2316873972612226,NA,NA,12.844541045317305,7.999999895419148,NA,14.520874870986122,NA,0.4029075512629172,1.1492058196026047,10.83131508407891,11.904024007936636,3.2165091871303194e-9,-50.92566290661654,0.999999994499752,14.520874870986122,NA,12.844541045317305,10.486901110571164,11.47425071313714,12.602672255994401,10.87552118583009,10.87552118583009,11.30768630724727,20|20|20|15|15|15|6.32455532033676|6.32455532033676|6.32455532033676|2|2|2|0.632455532033676|0.632455532033676|0.632455532033676|0.2|0.2|0.2|0.0632455532033676|0.0632455532033676|0.0632455532033676|0.02|0.02|0.02,12.8809595110071|11.5476713379274|14.0724009139698|8.64479985953779|8.18306083708058|5.19266595064698|-0.739289543224706|-0.684309247820887|-0.726956488544829|2.73542196686637|4.66512268145292|7.40470622447207|-0.455329243013068|-0.0858294478669483|-0.0136754751090653|2.43249342730033|2.2810593168978|2.18224205509882|0.028739882087204|1.05706546142438|0.981652792876699|0.82558460384971|2.06410061368381|0.545628242363392,dt4,Definitive_rep3
Rapamycin,Cell_ER_Radial,Mahalanobis distance (cutoff = 1),21,0.8518946031153483,exp4,9.340815539827588,2.6243399121333746,NA,NA,7.957390347075101,NA,NA,0.1386575568227149,NA,0.7059291195667802,1.1492058196026047,0.018498004296026972,0.0511391278900297,1.6404018519631613e-11,-56.888181661245056,0.9999999999834377,0.1386575568227149,NA,7.957390347075101,0.010260739826454443,0.021076377566585456,0.044637763109672796,0.02265110723846966,0.02265110723846966,0.03120144883927306,20|20|20|15|15|15|6.32455532033676|6.32455532033676|6.32455532033676|2|2|2|0.632455532033676|0.632455532033676|0.632455532033676|0.2|0.2|0.2|0.0632455532033676|0.0632455532033676|0.0632455532033676|0.02|0.02|0.02,7.57694137473026|6.40517142668823|7.77914335556701|9.59454704385148|6.68189765589644|6.29062508585384|15.1700364400599|12.9862540152396|6.1785647992979|6.87623722539301|8.47593120912965|6.95797964963718|11.364593338174|9.01541563110856|7.2164386165639|3.9197911659102|5.19439570462283|6.46073832591512|0.0018360729191329|0.466024099700449|0.378569286271125|5.01504983950909|5.01417454918445|3.27788601358663,dt4,Definitive_rep3
Rapamycin,Cell_ER_Axial,Mahalanobis distance (cutoff = 1),22,0.8518946031153483,exp3,18.683673710703733,1.850027023097573,2.1411959745273004,1.6030214120449382,NA,0.300002266357296,NA,NA,NA,0.41403595618377964,1.1492058196026047,0.08656420299022662,0.10893437102785149,9.641824464005605e-14,-49.944939220185056,0.9999999999996605,6.924946718934452,NA,15.916520800516624,0.03446569113444545,0.22630405702518755,1.1747054166664201,0.04183275261364691,0.04183275261364691,0.09593599550911111,20|20|20|15|15|15|6.32455532033676|6.32455532033676|6.32455532033676|2|2|2|0.632455532033676|0.632455532033676|0.632455532033676|0.2|0.2|0.2|0.0632455532033676|0.0632455532033676|0.0632455532033676|0.02|0.02|0.02,15.1126261452513|17.6251427554823|16.9955400960819|14.0734294572999|12.9019097742095|8.89240802543974|5.90752294907164|5.02629551859674|5.21299458143932|3.04411384040551|5.40385781476414|7.06302456470025|0.895938846678027|1.40310092667321|4.21735118555667|3.10027801518665|2.40945376824826|5.31569845223617|1.11682100407241|2.96920691717692|2.39612518631635|0.749817205796305|2.39251781262015|0.609734588012449,dt4,Definitive_rep3
Rapamycin,Cell_ER_Compactness,Mahalanobis distance (cutoff = 1),24,0.8518946031153483,pow,24.774567907420067,3.1198399688074967,8.591772247307516,NA,NA,0.30000015434427557,NA,NA,NA,0.8800736369820878,1.1492058196026047,9.883420062262044e-4,0.0016062553625241765,1.894999926669678e-15,-60.79897913992643,0.999999999999998,1.9842536736465772,NA,21.10532069484586,9.210126063388447e-4,0.009283214324570169,0.09356882588010905,4.5117541236753276e-4,4.5117541236753276e-4,0.0012238223115056954,20|20|20|15|15|15|6.32455532033676|6.32455532033676|6.32455532033676|2|2|2|0.632455532033676|0.632455532033676|0.632455532033676|0.2|0.2|0.2|0.0632455532033676|0.0632455532033676|0.0632455532033676|0.02|0.02|0.02,20.7127107173731|18.6785302830323|23.2544689420237|20.7209847889997|21.3601314119048|25.9975011631076|12.6311797422747|12.1711035853755|10.7235932159768|8.19726710669408|11.5113385183376|8.02922121992389|8.08002948651817|5.23361632672386|8.38257186519338|8.01625773296932|8.64441349045967|6.68634078386486|1.11291195808885|3.96028032521897|4.72022506589376|3.89905325153989|5.38376475666753|11.9076774044394,dt4,Definitive_rep3
Amperozide,Ring_Mito_Texture,Mahalanobis distance (cutoff = 1),21,0.8518946031153483,pow,10.500309207140193,2.041765472586729,2.4494432690713133,NA,NA,0.30000116833646784,NA,NA,NA,0.6175209217411514,1.1492058196026047,0.04671720135614103,0.16142785804517248,3.890471163828146e-8,-46.31092414290343,0.9999999556188748,7.441009385496139,NA,8.945156744605132,0.0034539138466051045,0.03481295682818316,0.3508894595944186,0.029584726566031293,0.029584726566031293,0.08024889065832455,75|75|75|33.3333333333333|33.3333333333333|33.3333333333333|11.1111111111111|11.1111111111111|11.1111111111111|3.7037037037037|3.7037037037037|3.7037037037037|1.23456790123457|1.23456790123457|1.23456790123457|0.411522633744856|0.411522633744856|0.411522633744856|0.137174211248285|0.137174211248285|0.137174211248285,10.780263208166|11.5044319071089|11.5446262555062|5.55055837777742|4.09032117083273|3.34434663598807|2.72846493460012|3.67788648904455|4.36840194930707|1.78822660238869|3.32811901370671|2.5421389527328|2.65262391331466|3.27952146631823|4.40685846415735|2.23984949389205|2.99651536055516|3.71973120875395|3.44142034133807|4.19650214967119|5.01559002483729,dt4,Definitive_rep3
Amperozide,Ring_AGP_Texture,Mahalanobis distance (cutoff = 1),7,0.8518946031153483,exp5,13.365937187691626,1.0514492567884857,NA,NA,11.386369755773233,4.293233250238806,NA,24.925186589820918,NA,-0.6311264899780675,1.1492058196026047,13.323272213982762,17.395950522966572,9.593056722432847e-16,-26.363280288677302,0.9999999996748076,24.925186589820918,NA,11.386369755773233,13.591123789875665,16.072063985278874,19.141823633741932,14.974376971590646,14.974376971590646,16.108590481927155,75|75|75|33.3333333333333|33.3333333333333|33.3333333333333|11.1111111111111|11.1111111111111|11.1111111111111|3.7037037037037|3.7037037037037|3.7037037037037|1.23456790123457|1.23456790123457|1.23456790123457|0.411522633744856|0.411522633744856|0.411522633744856|0.137174211248285|0.137174211248285|0.137174211248285,12.0180970725944|11.4508679741641|10.2769867613502|12.0180792808224|10.2163782437163|7.37265769999386|0.0996502707650474|-0.00319057227895458|0.672881367783565|-0.232695185530054|0.20039695515208|2.95115933699554|0.26143160804315|0.0803048988894692|-0.440062671174906|-0.494421548361615|-0.321585951540584|-0.350831908397407|-0.153005421736888|0.116009621885874|0.176461580378773,dt4,Definitive_rep3
Amperozide,Ring_Mito_Intensity,Mahalanobis distance (cutoff = 1),21,0.8518946031153483,poly1,16.292950311608017,2.734398190724903,0.18506501919047202,NA,NA,NA,NA,NA,NA,0.9265792194682956,1.1492058196026047,5.232991651644078,7.6302371982215025,9.297309736724985e-7,-52.63658776242738,0.9999989224902126,37.5,NA,13.879876439285402,3.7500000000000004,7.500000000000001,15.000000000000002,4.603217868194551,4.603217868194551,6.209740904194448,75|75|75|33.3333333333333|33.3333333333333|33.3333333333333|11.1111111111111|11.1111111111111|11.1111111111111|3.7037037037037|3.7037037037037|3.7037037037037|1.23456790123457|1.23456790123457|1.23456790123457|0.411522633744856|0.411522633744856|0.411522633744856|0.137174211248285|0.137174211248285|0.137174211248285,12.2641696595041|18.0826155800233|14.5955199766179|4.92701225802288|3.50910507182271|2.76374744527122|2.33751075738894|3.07541923502142|3.52068522505007|1.3218959075683|3.0582097125133|3.56552437566182|1.77514398069795|2.93923448223173|4.43770612149279|1.97545571866118|3.12137529031294|3.65585384207965|2.9803499917243|4.05529291645148|4.53113458478648,dt4,Definitive_rep3
Amperozide,Cytoplasm_AGP_Texture,Mahalanobis distance (cutoff = 1),8,0.8518946031153483,exp5,40.12962091790424,1.0408123630146524,NA,NA,34.18620748502741,7.999996745774913,NA,37.210564431836076,NA,-0.46914766381339784,1.1492058196026047,25.124399601043017,25.892434805946415,3.660569576040232e-21,-27.236649668228225,0.9999999999744498,37.210564431836076,NA,34.18620748502741,26.87327471180066,29.403414716928882,32.295059767646585,24.59310663579297,24.59310663579297,25.54505659153924,75|75|75|33.3333333333333|33.3333333333333|33.3333333333333|11.1111111111111|11.1111111111111|11.1111111111111|3.7037037037037|3.7037037037037|3.7037037037037|1.23456790123457|1.23456790123457|1.23456790123457|0.411522633744856|0.411522633744856|0.411522633744856|0.137174211248285|0.137174211248285|0.137174211248285,34.2987499478064|37.675101860399|33.5420702796612|8.52498190891367|10.7547821155267|7.87017729491549|-0.424840644084575|-0.58836071355249|1.01337048735603|-0.572258927671844|0.437200101065151|1.21816756561555|-0.146538165143454|0.218045489568877|-0.165269049393242|-0.70559149262015|-0.0570582461544927|-0.280567938374799|-0.513225784599978|-0.484700593293231|-0.253526219937891,dt4,Definitive_rep3
Amperozide,Cytoplasm_ER_Texture,Mahalanobis distance (cutoff = 1),18,0.8518946031153483,poly1,13.156180019988216,1.7409553126339654,0.14943571675522582,NA,NA,NA,NA,NA,NA,0.4442240649501188,1.1492058196026047,6.819205296875109,8.819412928615094,9.449193320976986e-9,-42.84390337493526,0.999999918453004,37.5,NA,11.207678756641936,3.75,7.5,15,5.700742912156288,5.700742912156288,7.690302188498832,75|75|75|33.3333333333333|33.3333333333333|33.3333333333333|11.1111111111111|11.1111111111111|11.1111111111111|3.7037037037037|3.7037037037037|3.7037037037037|1.23456790123457|1.23456790123457|1.23456790123457|0.411522633744856|0.411522633744856|0.411522633744856|0.137174211248285|0.137174211248285|0.137174211248285,11.3363938619297|10.2987555720025|13.1243818086121|3.88016846563492|5.01303589305339|4.47361198212125|1.90064541459077|0.621910889257007|0.34755364040538|2.13443428225757|0.481644934398778|2.18266604617223|3.22319912262354|2.47359824508648|2.3704952255104|3.15179819659957|1.96475387920047|2.61403017421766|1.05117871455757|2.82976124871897|1.34298740580341,dt4,Definitive_rep3
Amperozide,Cytoplasm_AGP_Intensity,Mahalanobis distance (cutoff = 1),21,0.8518946031153483,exp3,25.101556645158595,2.9120155539778168,1.514187708741347,2.6825158668267273,NA,0.3000012490219035,NA,NA,NA,0.9215313498109248,1.1492058196026047,0.35156659820276925,0.4718007866892155,1.7996249820329106e-9,-53.04965068652429,0.99999999763191,31.164030126678824,NA,21.383880635804815,0.33185395492381925,1.755478545382386,7.140950729291915,0.1823139063302375,0.1823139063302375,0.3993263363553245,75|75|75|33.3333333333333|33.3333333333333|33.3333333333333|11.1111111111111|11.1111111111111|11.1111111111111|3.7037037037037|3.7037037037037|3.7037037037037|1.23456790123457|1.23456790123457|1.23456790123457|0.411522633744856|0.411522633744856|0.411522633744856|0.137174211248285|0.137174211248285|0.137174211248285,17.8527443624125|23.8876680343062|22.7987472601191|13.7846946981754|8.74562399956317|9.83100094276505|4.36308471792835|3.24796775881522|2.20813402375806|5.11745874231638|2.03451517275316|1.98964152586649|9.46378486064908|6.43706316997025|4.21302157435704|4.08796834877833|4.06775700555616|4.12385386563478|2.61334045257262|1.73016045606297|2.74656220152246,dt4,Definitive_rep3
Amperozide,Cytoplasm_Mito_Profile,Mahalanobis distance (cutoff = 1),21,0.8518946031153483,pow,10.840401455700821,2.288222748042581,2.5287888818924533,NA,NA,0.30000014951740317,NA,NA,NA,0.5933689169889276,1.1492058196026047,0.04537406996259934,0.121063676014255,7.183823324783455e-9,-47.098077593917594,0.9999999925007789,7.440950999558993,NA,9.234879495715294,0.0034537967188605118,0.034812049418130916,0.3508830667631812,0.026601845291842827,0.026601845291842827,0.07215803748533815,75|75|75|33.3333333333333|33.3333333333333|33.3333333333333|11.1111111111111|11.1111111111111|11.1111111111111|3.7037037037037|3.7037037037037|3.7037037037037|1.23456790123457|1.23456790123457|1.23456790123457|0.411522633744856|0.411522633744856|0.411522633744856|0.137174211248285|0.137174211248285|0.137174211248285,8.69551582421786|11.7273441937959|12.1175897599661|6.45020072646189|5.53982940339529|6.20219673794179|2.99851483845495|3.69428876674091|4.86895910871927|2.79533858081276|3.47280776360882|2.64748001033303|2.61062549549246|3.71188426077862|6.33516935766679|2.16924218687961|3.55858079526754|3.93788659344955|4.21793666721143|4.77230207827349|7.7729377571745,dt4,Definitive_rep3
Amperozide,Cytoplasm_AGP_Profile,Mahalanobis distance (cutoff = 1),15,0.8518946031153483,pow,75.43423991980455,1.6765829736073155,0.02513909700954378,NA,NA,1.8173298005269762,NA,NA,NA,0.2296992085093355,1.1492058196026047,8.089836835494532,8.32418121485976,1.3489662210986873e-21,-40.22894122935594,0.999999999999328,51.21735461558249,NA,64.26202187778986,14.426443764091735,21.125325398545566,30.934815294206462,6.948873976406222,6.948873976406222,8.193218409679464,75|75|75|33.3333333333333|33.3333333333333|33.3333333333333|11.1111111111111|11.1111111111111|11.1111111111111|3.7037037037037|3.7037037037037|3.7037037037037|1.23456790123457|1.23456790123457|1.23456790123457|0.411522633744856|0.411522633744856|0.411522633744856|0.137174211248285|0.137174211248285|0.137174211248285,61.2185040326037|64.3995673337424|65.7112478580595|14.2214805044014|14.1852838711702|19.0771463386884|1.73282022665978|1.45449687385014|2.24640143004232|-0.366735392753763|1.87771074346455|0.329020295470702|0.308909979976982|1.24153737979145|2.08254160089638|0.11146685961008|0.708975338541088|0.514058854282101|2.2303317067001|1.85760199296155|3.13384460745592,dt4,Definitive_rep3
Amperozide,Cytoplasm_DNA_Profile,Mahalanobis distance (cutoff = 1),7,0.8518946031153483,pow,37.98991903468039,1.2552614888450229,0.007817478442388939,NA,NA,1.9289969950433465,NA,NA,NA,-0.609139410273702,1.1492058196026047,13.108206080217288,13.55134611467802,1.4693397447335357e-20,-27.492216148768037,0.999999999979914,52.36077569946702,NA,32.36340699843326,15.870914296588065,22.733020211085638,32.56209429778899,11.38032499791344,11.38032499791344,13.290869562148426,75|75|75|33.3333333333333|33.3333333333333|33.3333333333333|11.1111111111111|11.1111111111111|11.1111111111111|3.7037037037037|3.7037037037037|3.7037037037037|1.23456790123457|1.23456790123457|1.23456790123457|0.411522633744856|0.411522633744856|0.411522633744856|0.137174211248285|0.137174211248285|0.137174211248285,30.0269778390025|37.0842884914078|32.5169433558375|7.00716851626678|6.4871053408776|7.06103521180017|0.564375917315975|0.785803284120544|-0.126852326402599|0.20307303589357|-0.496790691883269|0.680088439485668|-0.055283835373706|-0.714952799316024|-0.312631920993165|-0.386075054761608|0.106923001145088|-0.201584927493972|0.198696129578027|1.59188921820894|0.189961213155967,dt4,Definitive_rep3
Amperozide,Membrane_AGP_Texture,Mahalanobis distance (cutoff = 1),12,0.8518946031153483,exp5,15.069341300733226,1.8223419722137495,NA,NA,12.837490526597858,3.0719008224002122,NA,25.47380081386878,NA,0.30911230177285853,1.1492058196026047,11.420187403958119,15.533288807969564,1.4590310895566167e-9,-42.043545489512255,0.9999999605547046,25.47380081386878,NA,12.837490526597858,10.914261189188988,13.796250468660006,17.613831428094734,12.00133124421831,12.00133124421831,13.283237561261279,75|75|75|33.3333333333333|33.3333333333333|33.3333333333333|11.1111111111111|11.1111111111111|11.1111111111111|3.7037037037037|3.7037037037037|3.7037037037037|1.23456790123457|1.23456790123457|1.23456790123457|0.411522633744856|0.411522633744856|0.411522633744856|0.137174211248285|0.137174211248285|0.137174211248285,9.42112766578617|15.3148382194689|12.804923421114|10.3014785445828|11.7030101792997|5.97532026967035|0.689727540871864|-0.665839335883492|1.77061621012279|-0.304048952722062|0.857593136200385|3.81000473711617|-0.536480078067912|-0.624454178094033|2.00203064093526|0.395362467219702|2.77771686829647|0.979821183830951|0.349293818154105|0.082533398351437|-0.135856738533318,dt4,Definitive_rep3
Amperozide,Membrane_AGP_Intensity,Mahalanobis distance (cutoff = 1),21,0.8518946031153483,pow,16.37613824321593,3.2999121009866488,2.165332758319778,NA,NA,0.4314913503977592,NA,NA,NA,0.9025732862737426,1.1492058196026047,0.16734426467803729,0.3380954517190765,3.384864548647168e-8,-53.887853997909176,0.9999999624417012,15.045656269893229,NA,13.950743789266513,0.07242151013744254,0.36100872988684446,1.7995662173734803,0.11509944553546748,0.11509944553546748,0.2303464842812062,75|75|75|33.3333333333333|33.3333333333333|33.3333333333333|11.1111111111111|11.1111111111111|11.1111111111111|3.7037037037037|3.7037037037037|3.7037037037037|1.23456790123457|1.23456790123457|1.23456790123457|0.411522633744856|0.411522633744856|0.411522633744856|0.137174211248285|0.137174211248285|0.137174211248285,12.1684372475357|15.9399846171399|16.4004853257779|13.0787650305194|8.91772878477112|7.34331667355444|4.64231221281256|3.43291377755416|0.986347659136914|5.29981339313516|0.998761281000379|1.88251897140598|12.7276505483048|7.15845317395384|3.39730797485757|4.22406230606244|3.26981435654674|3.80386357199329|1.88784492101215|0.908323656618602|1.09725430363716,dt4,Definitive_rep3
Amperozide,Nucleus_DNA_Texture,Mahalanobis distance (cutoff = 1),10,0.8518946031153483,pow,18.327592027092127,0.9729522232324511,4.00764432802189e-4,NA,NA,2.4482411288629278,NA,NA,NA,-0.39281561960064115,1.1492058196026047,25.35226167091994,26.50695672374131,4.331061991740603e-13,-27.735602804133755,0.9999999056561961,56.50717622566599,NA,15.61317673597967,22.062113086583782,29.28227159831471,38.865335636362694,22.863233423244992,22.863233423244992,25.836987559601,75|75|75|33.3333333333333|33.3333333333333|33.3333333333333|11.1111111111111|11.1111111111111|11.1111111111111|3.7037037037037|3.7037037037037|3.7037037037037|1.23456790123457|1.23456790123457|1.23456790123457|0.411522633744856|0.411522633744856|0.411522633744856|0.137174211248285|0.137174211248285|0.137174211248285,15.7415320960406|16.0113238920217|12.6604925349782|2.10916172736281|2.69378274237033|1.91952408709047|-0.688320906020795|-0.117352226368907|-0.460124685813034|1.41781639416737|-0.323287497286681|-0.615001267120871|1.66219835359931|1.62100979759318|0.73424610641195|-0.259487766943529|-0.10336270418139|0.155820713639097|-0.368684378277885|-0.247632142958728|0.89060524574083,dt4,Definitive_rep3
Amperozide,Nucleus_DNA_Intensity,Mahalanobis distance (cutoff = 1),5,0.8518946031153483,pow,7.143489040394666,1.204989906073143,2.0157342311246145e-5,NA,NA,2.9224980994707273,NA,NA,NA,-0.5329904901293324,1.1492058196026047,40.475581957754976,44.58094966638169,2.377584154627578e-7,-26.742327737669505,0.9998318698766099,59.163917217927306,NA,6.085499760925854,26.908153776315192,34.110512422462286,43.24068709415141,38.27156036024894,38.27156036024894,42.399696756849814,75|75|75|33.3333333333333|33.3333333333333|33.3333333333333|11.1111111111111|11.1111111111111|11.1111111111111|3.7037037037037|3.7037037037037|3.7037037037037|1.23456790123457|1.23456790123457|1.23456790123457|0.411522633744856|0.411522633744856|0.411522633744856|0.137174211248285|0.137174211248285|0.137174211248285,6.36462128536115|10.8838532849617|5.31466178432097|0.604909243049989|1.41512461175009|-0.173748339915774|-0.347434742509968|0.176652052351808|-0.564504624905957|1.65514600366573|-0.632410084288664|-0.063467230525852|-0.766281159418286|-0.345053216737109|-0.000819346302714297|-0.705945285552705|-0.518723964708348|-0.299419513148013|-0.493259624899147|-0.147786421951484|-0.225000329050476,dt4,Definitive_rep3
Amperozide,Nucleus_RNA_Texture,Mahalanobis distance (cutoff = 1),21,0.8518946031153483,exp3,20.22466758810904,2.71428642309349,2.0811472140187197,5.194298378568785,NA,0.3000012951290544,NA,NA,NA,0.9400608708897373,1.1492058196026047,0.2854045889813916,0.4237847172802234,5.994494019101405e-8,-52.62835799197739,0.9999999365064254,26.850866375641793,NA,17.229285168111996,0.15160092091980967,0.962993891114292,4.802166044877739,0.1469005982370598,0.1469005982370598,0.3357081324113276,75|75|75|33.3333333333333|33.3333333333333|33.3333333333333|11.1111111111111|11.1111111111111|11.1111111111111|3.7037037037037|3.7037037037037|3.7037037037037|1.23456790123457|1.23456790123457|1.23456790123457|0.411522633744856|0.411522633744856|0.411522633744856|0.137174211248285|0.137174211248285|0.137174211248285,19.3399217980171|16.7385245315196|19.221061979982|6.11418891089209|5.51421035169519|6.42062264151455|5.96268104926163|2.59030761794494|3.23684425645886|3.97734968940301|3.53204896444029|5.28381553290962|3.49755116298668|2.79201811896414|4.46319728958952|4.59552397029052|4.85278896762147|4.6565948848887|4.20208285779251|4.53671857348382|4.43274639310138,dt4,Definitive_rep3
Amperozide,Nucleus_RNA_Profile,Mahalanobis distance (cutoff = 1),19,0.8518946031153483,exp2,16.627142426221006,2.1398393747173707,2.3663246098964175,38.582365526815565,NA,NA,NA,NA,NA,0.6376588424543473,1.1492058196026047,14.26915952287637,16.384027656349122,2.8532721034242855e-7,-47.06328442982216,0.9999994819775769,53.41843478437929,NA,14.164572898127913,10.10169875009685,18.099826347072593,30.371048554106487,11.863699802850904,11.863699802850904,15.272924481012183,75|75|75|33.3333333333333|33.3333333333333|33.3333333333333|11.1111111111111|11.1111111111111|11.1111111111111|3.7037037037037|3.7037037037037|3.7037037037037|1.23456790123457|1.23456790123457|1.23456790123457|0.411522633744856|0.411522633744856|0.411522633744856|0.137174211248285|0.137174211248285|0.137174211248285,13.5265500269293|12.8774630552099|17.8235873424425|3.37014135109136|1.66652698633892|2.97387364418193|1.33737097403494|0.967561303754508|3.21557604426267|0.619438743212222|3.23807073789247|2.49076635061501|0.347756037684343|0.853680539148361|2.98996340520683|1.98520449790442|2.59202030482395|2.39308272776888|2.17309129349705|3.6116015968879|3.85763978285943,dt4,Definitive_rep3
Amperozide,Nucleus_RNA_Axial,Mahalanobis distance (cutoff = 1),14,0.8518946031153483,exp2,6.796156111422718,1.560237042253226,0.02473059103844599,13.7361594360833,NA,NA,NA,NA,NA,0.2917209015595168,1.1492058196026047,50.98648035602552,56.216156029360135,0.0010734303498439342,-40.068190517559955,0.9988629708553105,65.5371210119315,NA,5.789608713250405,34.917644740531045,43.887335201135684,53.124238855044425,49.01114636164375,49.01114636164375,53.022631092714434,75|75|75|33.3333333333333|33.3333333333333|33.3333333333333|11.1111111111111|11.1111111111111|11.1111111111111|3.7037037037037|3.7037037037037|3.7037037037037|1.23456790123457|1.23456790123457|1.23456790123457|0.411522633744856|0.411522633744856|0.411522633744856|0.137174211248285|0.137174211248285|0.137174211248285,6.23111654245687|6.71659625345881|3.9472179637535|1.01448373660024|-0.410443666833854|-0.22406915865309|0.0960917766015174|-0.26150808393827|1.85309057943505|0.636928393930139|3.33959959149761|1.67657783236101|1.21972754713607|1.09627708488466|1.74909189028345|2.0799955969085|1.79565526954439|3.1212712400674|0.653439290344085|-0.339574127794889|2.0434946792002,dt4,Definitive_rep3
Amperozide,Cell_DNA_Radial,Mahalanobis distance (cutoff = 1),8,0.8518946031153483,pow,17.16455253596827,1.4379049169492335,0.0018900188813903728,NA,NA,2.0738267523746723,NA,NA,NA,-0.5336565873708685,1.1492058196026047,21.559842863316426,22.519929344300333,5.597616106492627e-12,-28.932021963508788,0.9999999468841926,53.691370792978425,NA,14.622389670281233,17.689034755348317,24.709326416091844,34.51577886421264,19.042371691034713,19.042371691034713,21.999501829116667,75|75|75|33.3333333333333|33.3333333333333|33.3333333333333|11.1111111111111|11.1111111111111|11.1111111111111|3.7037037037037|3.7037037037037|3.7037037037037|1.23456790123457|1.23456790123457|1.23456790123457|0.411522633744856|0.411522633744856|0.411522633744856|0.137174211248285|0.137174211248285|0.137174211248285,8.93074346361613|14.7762751614158|14.6857175078189|2.91221557974507|2.19136081661346|3.23687431607229|-0.102145595593268|-0.150527780478077|0.0750117761572521|2.38109849594425|0.397407383023468|0.511984518831828|-0.569882295674216|-0.529803572048893|-0.103091883700013|-0.615686909697789|-0.0644594744751144|-0.653874210874743|-0.0713055590588967|1.59322471964606|0.39998183743198,dt4,Definitive_rep3
Amperozide,Cell_Mito_Radial,Mahalanobis distance (cutoff = 1),20,0.8518946031153483,pow,6.343936091418672,2.2246022290521217,1.2721333656477958,NA,NA,0.33503546522494826,NA,NA,NA,0.4327564082521459,1.1492058196026047,0.3667987515536164,1.705630404344553,1.5225809974207286e-5,-45.23702159981648,0.999984534461305,9.474567245332704,NA,5.404364918788243,0.009812976100794573,0.0776788204149528,0.6149000139284865,0.3021439508696217,0.3021439508696217,0.7383600559803304,75|75|75|33.3333333333333|33.3333333333333|33.3333333333333|11.1111111111111|11.1111111111111|11.1111111111111|3.7037037037037|3.7037037037037|3.7037037037037|1.23456790123457|1.23456790123457|1.23456790123457|0.411522633744856|0.411522633744856|0.411522633744856|0.137174211248285|0.137174211248285|0.137174211248285,5.64143473318779|8.87840876706722|11.8719882979252|2.41900748754249|2.66631311503874|2.47887324896745|1.24427907665751|2.31569745408566|2.83677813033079|4.04808114506212|1.84835307772991|1.37518455578182|1.27228029895227|1.11899241290639|2.95738598658118|0.285335731829096|0.915141000295643|0.946955787614207|1.66006767151686|4.58407528926688|4.55765111057796,dt4,Definitive_rep3
Amperozide,Cell_Mito_Axial,Mahalanobis distance (cutoff = 1),4,0.8518946031153483,pow,28.24894515476392,3.2347346847775107,1.8396504632774193e-8,NA,NA,4.862055958497102,NA,NA,NA,-0.5411551485208921,1.1492058196026047,39.19887700846022,40.456639094470816,9.025397057153084e-10,-33.12082747934017,0.9999993011704238,65.03499737025942,NA,24.06512392104485,40.50165947511698,46.707535687898456,53.86430872978463,37.72483779613736,37.72483779613736,40.12060737420578,75|75|75|33.3333333333333|33.3333333333333|33.3333333333333|11.1111111111111|11.1111111111111|11.1111111111111|3.7037037037037|3.7037037037037|3.7037037037037|1.23456790123457|1.23456790123457|1.23456790123457|0.411522633744856|0.411522633744856|0.411522633744856|0.137174211248285|0.137174211248285|0.137174211248285,9.64174161116206|23.7165962605779|26.853018845416|0.0565310909682402|0.364043601925637|1.07833140928577|-0.513653304397663|-0.621878436068053|-0.525739917133407|0.717856115388838|0.0359242661458373|0.0138232695017324|0.317866807468329|-0.634388559610332|-0.346458514057137|-0.647028273157682|-0.508416653563445|-0.468907512122824|-0.344416995188352|0.337730378282288|-0.220484088704109,dt4,Definitive_rep3
Amperozide,Cell_Mito_Compactness,Mahalanobis distance (cutoff = 1),21,0.8518946031153483,hill,7.150148274128959,1.41747261547427,NA,NA,6.091172726204982,0.30000000026372287,NA,0.6413683523731536,NA,0.23134728223387507,1.1492058196026047,0.0011015280508068792,0.01891435287061887,6.34157363021471e-9,-38.41475698773081,0.9999999930670965,0.6413683523731536,NA,6.091172726204982,3.504253589730366e-5,4.229598704044723e-4,0.006313074149795941,0.001504835082919577,0.001504835082919577,0.0049594571312455305,75|75|75|33.3333333333333|33.3333333333333|33.3333333333333|11.1111111111111|11.1111111111111|11.1111111111111|3.7037037037037|3.7037037037037|3.7037037037037|1.23456790123457|1.23456790123457|1.23456790123457|0.411522633744856|0.411522633744856|0.411522633744856|0.137174211248285|0.137174211248285|0.137174211248285,3.06780303186705|3.44094996008912|5.45451916183366|6.46860137353753|6.05788468445968|6.75015325065827|3.64579162279386|4.54218601848676|5.17800330335114|1.28776401576849|3.43345511441137|2.23417891094157|2.91364963630914|2.72120534919959|4.38902234696955|1.50000298313988|2.21093788829125|2.23303001032139|3.44284260773155|3.92385902616646|5.26071821535325,dt4,Definitive_rep3
Amperozide,Cell_Mito_Symmetry,Mahalanobis distance (cutoff = 1),21,0.8518946031153483,exp3,32.08958220131069,3.2908901579369076,4.95971366542386,10.102457113987569,NA,0.31319754646547426,NA,NA,NA,0.8116749260089776,1.1492058196026047,0.0586714425090068,0.08230979843937317,3.091595744130527e-11,-55.582227879159014,0.9999999999688741,24.711301117505556,NA,27.336941893522916,0.11093699497132266,0.7293090816789229,3.9140227400798624,0.028203543633341745,0.028203543633341745,0.06757196705193623,75|75|75|33.3333333333333|33.3333333333333|33.3333333333333|11.1111111111111|11.1111111111111|11.1111111111111|3.7037037037037|3.7037037037037|3.7037037037037|1.23456790123457|1.23456790123457|1.23456790123457|0.411522633744856|0.411522633744856|0.411522633744856|0.137174211248285|0.137174211248285|0.137174211248285,22.1406539348032|29.9013395315653|31.7628335565119|15.1619926426451|15.513468449036|12.9361401639776|7.32344276300937|8.38005658435528|8.17365768343466|5.34725228000725|3.93616657844318|13.5834742441198|4.61899530830431|6.70027835903823|4.59816889552146|1.14145946869349|6.44543981641218|2.27726745153565|4.62058853708135|5.31987860715039|6.94415079841407,dt4,Definitive_rep3
Amperozide,Cell_AGP_Radial,Mahalanobis distance (cutoff = 1),16,0.8518946031153483,exp2,21.102370594479755,1.2974759756608483,1.9178975576637485,32.0617841947423,NA,NA,NA,NA,NA,0.09923387168590825,1.1492058196026047,14.705491535432493,15.46740791506676,3.199543132375063e-12,-36.15381772041336,0.9999999855684933,55.72722142717802,NA,17.976995622377327,12.323050291210011,21.20277316366439,33.855102034680094,11.784075408167247,11.784075408167247,15.053136787863702,75|75|75|33.3333333333333|33.3333333333333|33.3333333333333|11.1111111111111|11.1111111111111|11.1111111111111|3.7037037037037|3.7037037037037|3.7037037037037|1.23456790123457|1.23456790123457|1.23456790123457|0.411522633744856|0.411522633744856|0.411522633744856|0.137174211248285|0.137174211248285|0.137174211248285,16.6614099456294|18.3448871045271|18.6754410584385|3.16538168213137|2.16402138959596|4.93340919598374|1.0227518309319|0.41840124440774|0.886439522299234|0.398700370089569|1.25311646735019|1.88640001875083|0.590021411259873|0.453020688594845|2.4528623534648|0.882838169277614|1.37679506102608|0.790721458508362|2.4100327064653|1.83465391708425|2.60332449064143,dt4,Definitive_rep3
Amperozide,Cell_AGP_Axial,Mahalanobis distance (cutoff = 1),6,0.8518946031153483,pow,40.23025241717887,3.325104805000015,6.100808256001285e-6,NA,NA,3.5996430519584113,NA,NA,NA,-0.3350415595566536,1.1492058196026047,28.756647235864904,29.482977028040903,1.3152892642247824e-12,-37.598284730398994,0.9999999149771897,61.863363422029906,NA,34.27193491616287,32.63083637197243,39.559968817124314,47.9604970884554,26.872493509126386,26.872493509126386,29.202899798936418,75|75|75|33.3333333333333|33.3333333333333|33.3333333333333|11.1111111111111|11.1111111111111|11.1111111111111|3.7037037037037|3.7037037037037|3.7037037037037|1.23456790123457|1.23456790123457|1.23456790123457|0.411522633744856|0.411522633744856|0.411522633744856|0.137174211248285|0.137174211248285|0.137174211248285,19.9949623377541|34.0091507778486|39.0358019827133|1.58010481014174|1.51554344965243|2.72503062896393|-0.600910167292617|-0.351706585816577|-0.429061687448235|0.181542788803729|-0.509748216802409|-0.352542990909149|-0.632852466347985|-0.737573684440869|-0.56079889703141|-0.599539464968745|-0.668770663551|-0.732003578516902|-0.715984101774789|-0.16725280272338|-0.553323722116834,dt4,Definitive_rep3
Amperozide,Cell_AGP_Compactness,Mahalanobis distance (cutoff = 1),11,0.8518946031153483,exp5,14.424820596901617,1.689654091007798,NA,NA,12.288426817407604,2.6721793733424875,NA,30.119423518718406,NA,-0.04627536654681056,1.1492058196026047,12.853822384413883,15.9108526882925,4.17952736023693e-10,-37.35960201412341,0.9999999815484327,30.119423518718406,NA,12.288426817407604,11.368014474511957,14.88244391876627,19.707750032790425,12.895779979404406,12.895779979404406,14.494781680835949,75|75|75|33.3333333333333|33.3333333333333|33.3333333333333|11.1111111111111|11.1111111111111|11.1111111111111|3.7037037037037|3.7037037037037|3.7037037037037|1.23456790123457|1.23456790123457|1.23456790123457|0.411522633744856|0.411522633744856|0.411522633744856|0.137174211248285|0.137174211248285|0.137174211248285,6.75614188960704|11.9270367355016|14.6696190552966|7.19615234226471|6.50167878678969|10.4372834220261|0.168283425056013|0.295568492768385|1.08097615784074|1.60896614066244|0.20562762953185|0.951101426323865|-0.211651876086377|-0.398946503100163|-0.138399173786905|0.189462145936451|-0.3599336112532|0.0729158628950856|-0.200399043656237|2.78775248477247|1.08231881861078,dt4,Definitive_rep3
Amperozide,Cell_ER_Radial,Mahalanobis distance (cutoff = 1),21,0.8518946031153483,pow,11.590394892072844,3.4004056302474717,2.7037422035723413,NA,NA,0.30000023502413287,NA,NA,NA,0.9283057084656008,1.1492058196026047,0.029063930042690148,0.1291691588126342,1.963708064457431e-6,-54.84331655610545,0.9999980252972116,7.440955899730485,NA,9.873794856532555,0.003453806548953345,0.034812125573931076,0.3508836032934155,0.021284817581851224,0.021284817581851224,0.057735477041604165,75|75|75|33.3333333333333|33.3333333333333|33.3333333333333|11.1111111111111|11.1111111111111|11.1111111111111|3.7037037037037|3.7037037037037|3.7037037037037|1.23456790123457|1.23456790123457|1.23456790123457|0.411522633744856|0.411522633744856|0.411522633744856|0.137174211248285|0.137174211248285|0.137174211248285,10.3876058297809|17.5631237863574|18.7679296613876|6.21180264283339|2.39839166953265|6.71467845947672|5.26795799254909|2.30992252913174|3.46204763123936|1.33761581413624|3.5207569691837|3.11404440909991|2.87692060469269|2.94397056723784|5.25728955973529|4.24097760813071|4.68157016833043|6.52335084402962|3.84562817196937|3.10547439723645|3.47643595174887,dt4,Definitive_rep3
Amperozide,Cell_ER_Axial,Mahalanobis distance (cutoff = 1),10,0.8518946031153483,exp3,28.880085534201786,3.289344695470398,1.259740994481303,29.32606809688388,NA,1.1777091042922336,NA,NA,NA,-0.0608523591126648,1.1492058196026047,19.462936933864366,20.650757300029177,7.4324156658618915e-9,-41.220546519857216,0.9999999143491368,61.15531320161468,NA,24.60278900409614,21.171708287300845,31.375940829692226,43.48787129062202,16.736342615513667,16.736342615513667,20.296554794458686,75|75|75|33.3333333333333|33.3333333333333|33.3333333333333|11.1111111111111|11.1111111111111|11.1111111111111|3.7037037037037|3.7037037037037|3.7037037037037|1.23456790123457|1.23456790123457|1.23456790123457|0.411522633744856|0.411522633744856|0.411522633744856|0.137174211248285|0.137174211248285|0.137174211248285,10.7826912274431|24.239139088938|29.6591425426835|2.77210158063035|1.94319724085483|3.53649688634198|-0.10052448500775|0.346254756103519|1.85207938519051|0.0608614144211713|1.42488981413589|-0.509441005895377|-0.749455314819906|-0.583884734508432|1.06086723585261|-0.44360991753233|0.6973091426065|0.436739281280822|0.670835633629283|0.614466795275957|1.08086462985392,dt4,Definitive_rep3
Amperozide,Nucleus_DNA_Profile,Mahalanobis distance (cutoff = 1),7,0.8518946031153483,pow,13.420962605835355,1.136591131733273,0.003891928285631857,NA,NA,1.8495420772530147,NA,NA,NA,-0.4687139427676621,1.1492058196026047,20.763111189338538,22.51054284667168,3.479608570106229e-12,-28.02698498369705,0.9999997815128923,51.55871201259419,NA,11.43324561252404,14.846623262251189,21.59667495954606,31.41565331520113,18.420335608063514,18.420335608063514,21.656669441719483,75|75|75|33.3333333333333|33.3333333333333|33.3333333333333|11.1111111111111|11.1111111111111|11.1111111111111|3.7037037037037|3.7037037037037|3.7037037037037|1.23456790123457|1.23456790123457|1.23456790123457|0.411522633744856|0.411522633744856|0.411522633744856|0.137174211248285|0.137174211248285|0.137174211248285,10.6930368196626|15.1539581367286|11.5594306929674|3.25446837457117|1.65692312479507|3.02049613251689|-0.401121049932262|0.138005600481619|-0.245312857945601|2.92813061961718|-0.144391377211354|0.311438407493978|-0.675558805937325|-0.588648393943699|0.0457504567845584|-0.717721174776236|0.0258688435364433|-0.401142131553695|-0.158617467276318|0.358274021203434|0.462501494470923,dt4,Definitive_rep3
Amperozide,Nucleus_DNA_Radial,Mahalanobis distance (cutoff = 1),7,0.8518946031153483,exp5,14.132840559885972,1.0418435735907567,NA,NA,12.039690599656556,7.999997886632664,NA,36.2734709653448,NA,-0.4608872263505919,1.1492058196026047,27.46247110035299,29.70126017467456,9.77774515109653e-13,-27.111212761020997,0.9999998835370315,36.2734709653448,NA,12.039690599656556,26.196511934955957,28.66293382318961,31.481756709716574,27.39598758474988,27.39598758474988,28.487803199758645,75|75|75|33.3333333333333|33.3333333333333|33.3333333333333|11.1111111111111|11.1111111111111|11.1111111111111|3.7037037037037|3.7037037037037|3.7037037037037|1.23456790123457|1.23456790123457|1.23456790123457|0.411522633744856|0.411522633744856|0.411522633744856|0.137174211248285|0.137174211248285|0.137174211248285,15.7234718822175|11.382718149173|12.1714987049683|3.56854001286415|4.88225563280397|2.50556053802834|-0.507140613745059|-0.0445502329728567|-0.386634520274087|1.75935025828043|-0.65213307040355|0.164961494561258|-0.513148817222219|-0.596779777915576|-0.195577027845424|-0.679268741104936|-0.477124842088189|0.0985641231581019|-0.624014294084097|-0.28689782736692|0.370323021960386,dt4,Definitive_rep3
Amperozide,Nucleus_DNA_Compactness,Mahalanobis distance (cutoff = 1),10,0.8518946031153483,poly1,22.947836121080332,1.8035429127332654,0.26065516992965043,NA,NA,NA,NA,NA,NA,0.034502247461251426,1.1492058196026047,4.115446127923029,4.786145986879948,1.2495489435839985e-14,-38.915745561397266,0.9999999995259691,37.5,NA,19.549137744723783,3.75,7.5,15,3.268282011614312,3.268282011614312,4.408912433667707,75|75|75|33.3333333333333|33.3333333333333|33.3333333333333|11.1111111111111|11.1111111111111|11.1111111111111|3.7037037037037|3.7037037037037|3.7037037037037|1.23456790123457|1.23456790123457|1.23456790123457|0.411522633744856|0.411522633744856|0.411522633744856|0.137174211248285|0.137174211248285|0.137174211248285,16.7829992674433|21.9846587344322|19.7495742299815|14.5550782959384|8.47480854633292|8.5335589135841|2.38759914439727|1.98073244866326|-0.458641164607703|0.838658099468993|0.294020065421829|0.769766053753868|1.34400004284124|0.652879976234335|-0.250805462041559|0.136078141157675|0.277927486707592|-0.095096643809617|0.735255993868033|0.564671842790532|2.27617223366085,dt4,Definitive_rep3
Amperozide,Nucleus_DNA_Symmetry,Mahalanobis distance (cutoff = 1),7,0.8518946031153483,pow,25.821506030172767,1.2083088606749663,0.0022949697115387255,NA,NA,2.1234455402657715,NA,NA,NA,-0.717127379286437,1.1492058196026047,18.369484997703516,19.130886550967926,2.353377537700282e-18,-24.04844309425244,0.9999999993532819,54.11234894300498,NA,21.9972016314146,18.296316273538952,25.35879050382282,35.147416900898904,16.22231880565869,16.22231880565869,18.678406127283356,75|75|75|33.3333333333333|33.3333333333333|33.3333333333333|11.1111111111111|11.1111111111111|11.1111111111111|3.7037037037037|3.7037037037037|3.7037037037037|1.23456790123457|1.23456790123457|1.23456790123457|0.411522633744856|0.411522633744856|0.411522633744856|0.137174211248285|0.137174211248285|0.137174211248285,27.035108310687|20.6770208743877|22.2849304106487|4.47649608609371|3.75023547091166|3.88027966265326|-0.124839506866465|0.0299120148817171|0.17260736324074|0.422901886396754|1.11238591137766|-0.351862286270061|0.0321668919246213|-0.503571798878974|0.489516374315655|-0.0967785006956426|0.287479344867142|0.493401983097323|0.567734886784574|0.0606870709537188|0.293741925207313,dt4,Definitive_rep3
Latrunculin B,Ring_Mito_Texture,Mahalanobis distance (cutoff = 1),6,0.8518946031153483,exp5,5.218679038412004,0.4010681217134073,NA,NA,4.445764508214381,3.5720065797283413,NA,2.3612956752993215,NA,-1.0878041292095149,1.1492058196026047,1.6943252948072718,2.018292680907825,5.3022433983996834e-14,-11.280798047268448,0.9999999475922177,2.3612956752993215,NA,4.445764508214381,1.139167121663348,1.3934972634025788,1.7192742579189606,1.6964072019529957,1.6964072019529957,1.8661789932671666,7.5|7.5|7.5|3.16227766016838|3.16227766016838|3.16227766016838|1|1|1|0.316227766016838|0.316227766016838|0.316227766016838|0.1|0.1|0.1|0.0316227766016838|0.0316227766016838|0.0316227766016838|0.01|0.01|0.01,5.39243263423564|4.20999790394124|4.33357618979957|3.97927885751687|3.3685081882742|4.00294990313016|0.383439083220611|0.0636740245855011|-0.0335573705316552|0.407487456453282|0.262065455152815|0.220510507946188|0.296467427864616|0.234443765419075|0.389349882177051|-0.125257756233127|-0.440740738881562|-0.575880870234924|-0.0118752677994263|0.714815676801852|0.654567555317116,dt4,Definitive_rep3
Latrunculin B,Ring_AGP_Texture,Mahalanobis distance (cutoff = 1),12,0.8518946031153483,pow,29.584246851113857,1.0356648023906412,1.650277639501343,NA,NA,1.3529216968273325,NA,NA,NA,-0.26173930281230084,1.1492058196026047,0.741087617629754,0.787705308373904,1.1833976131754467e-18,-29.804730585536404,0.9999999999495254,4.493219429736555,NA,25.202660229696132,0.8192501909389903,1.3674774909452134,2.2825685107238205,0.613394684493817,0.613394684493817,0.7653096344588982,7.5|7.5|7.5|3.16227766016838|3.16227766016838|3.16227766016838|1|1|1|0.316227766016838|0.316227766016838|0.316227766016838|0.1|0.1|0.1|0.0316227766016838|0.0316227766016838|0.0316227766016838|0.01|0.01|0.01,28.1465391372247|24.1069849194636|25.3051700524088|7.21705165837067|8.01566181311771|8.23839559493381|0.563188615309553|1.14473164903373|2.93923205396295|1.00796700820874|0.0857690906687785|0.841255040085909|0.415579882486529|0.421862082983877|0.674299452561361|1.54500524635545|-0.110214390339312|-0.192015474801324|-0.380575279244316|2.02046202959437|1.00723009931949,dt4,Definitive_rep3
Latrunculin B,Ring_ER_Texture,Mahalanobis distance (cutoff = 1),13,0.8518946031153483,exp2,78.46993630172435,1.6069522674596632,27.846665692502874,6.1277230648630745,NA,NA,NA,NA,NA,0.3187607184521779,1.1492058196026047,0.24382856831632013,0.25170437490028835,2.0792422288725232e-22,-40.68763141021101,0.9999999999999601,4.832254370374398,NA,66.84811524224412,0.6946051321214493,1.3184289807773972,2.40280461015391,0.1846511043945828,0.1846511043945828,0.24780648589422075,7.5|7.5|7.5|3.16227766016838|3.16227766016838|3.16227766016838|1|1|1|0.316227766016838|0.316227766016838|0.316227766016838|0.1|0.1|0.1|0.0316227766016838|0.0316227766016838|0.0316227766016838|0.01|0.01|0.01,66.8191699960686|69.4512820134337|64.8307125504642|16.1407076932133|18.3442369510913|22.3177969512051|4.95129064487335|6.35300414783143|6.87049721139112|0.114640539522596|0.123678897774278|-0.309428998393479|0.101944714156936|-0.153122008926927|0.409984601576368|2.55009056976155|1.44539836580393|0.2763537800834|-0.298454865020571|1.54294241489731|0.918094992990396,dt4,Definitive_rep3
Latrunculin B,Ring_Mito_Intensity,Mahalanobis distance (cutoff = 1),8,0.8518946031153483,poly1,3.7616334663623707,0.6615006590125642,0.42726869985229116,NA,NA,NA,NA,NA,NA,-0.6654744248986513,1.1492058196026047,2.2368637861851743,3.4819386706885718,6.725356369807627e-6,-20.721411381793406,0.9996834216266678,3.75,NA,3.2045152488921835,0.375,0.75,1.5,1.9938146730847646,1.9938146730847646,2.689655993991347,7.5|7.5|7.5|3.16227766016838|3.16227766016838|3.16227766016838|1|1|1|0.316227766016838|0.316227766016838|0.316227766016838|0.1|0.1|0.1|0.0316227766016838|0.0316227766016838|0.0316227766016838|0.01|0.01|0.01,4.22990000402418|3.21241072955623|1.25782488653333|1.09746116490573|1.29150164371991|1.72160514406514|-0.0513756142900172|-0.115511272330233|-0.133123283451429|1.09279355912789|0.1358653970777|0.766845424611461|0.461009581183822|0.447719440692378|0.568726073075578|0.302314108315678|-0.303771598530405|-0.155878841030853|0.503388732355946|0.907239235919175|0.314336111096638,dt4,Definitive_rep3
Latrunculin B,Ring_AGP_Intensity,Mahalanobis distance (cutoff = 1),9,0.8518946031153483,pow,75.71146274891237,1.2203328021179787,3.8899123452209032,NA,NA,1.3937397753807552,NA,NA,NA,-0.27594727781029105,1.1492058196026047,0.41056601251615804,0.42356023453691954,1.899283790559464e-26,-30.935306544379856,0.9999999999999967,4.561146606757693,NA,64.49818650976718,0.8741379576139735,1.4373654800728235,2.3634936628817003,0.33633647226399094,0.33633647226399094,0.4169238748119674,7.5|7.5|7.5|3.16227766016838|3.16227766016838|3.16227766016838|1|1|1|0.316227766016838|0.316227766016838|0.316227766016838|0.1|0.1|0.1|0.0316227766016838|0.0316227766016838|0.0316227766016838|0.01|0.01|0.01,64.5436450470122|68.5973212020726|62.041847167608|18.5995072640563|20.6304884536674|20.0999992940497|2.58872152419112|3.07894326862371|4.28378819744819|-0.354579148760021|0.203593139842308|0.123087606494115|0.162038423041028|0.0457791785561765|-0.1463128369384|0.461978846048039|0.70230838140159|0.163878210941478|-0.326643320985746|0.109238995412744|0.496467760422729,dt4,Definitive_rep3
Latrunculin B,Ring_ER_Intensity,Mahalanobis distance (cutoff = 1),10,0.8518946031153483,exp5,85.67960962501344,1.0446125794311936,NA,NA,72.9899970365788,1.8137900431518625,NA,4.438559346347946,NA,-0.18415554330395534,1.1492058196026047,0.5407999042174236,0.5656017138672491,6.755213838315348e-26,-30.661968194590955,0.9999999999999961,4.438559346347946,NA,72.9899970365788,1.0563685954455713,1.5709823833485612,2.3760407415989575,0.46854085588401556,0.46854085588401556,0.553248796958707,7.5|7.5|7.5|3.16227766016838|3.16227766016838|3.16227766016838|1|1|1|0.316227766016838|0.316227766016838|0.316227766016838|0.1|0.1|0.1|0.0316227766016838|0.0316227766016838|0.0316227766016838|0.01|0.01|0.01,62.6770071563413|60.8249975459575|57.935845657283|21.8729596141498|24.002249533875|22.5195016390949|3.23940005927593|3.57804671063384|4.72487430561737|-0.543317683910055|-0.280141368790799|-0.647955658392209|-0.686833015379091|-0.726159489497564|-0.697490135274658|-0.492995994084824|0.235384258488296|0.0637292759620468|-0.25567474047344|1.1353203940885|0.822276065594041,dt4,Definitive_rep3
Latrunculin B,Cytoplasm_Mito_Texture,Mahalanobis distance (cutoff = 1),16,0.8518946031153483,exp5,19.086331179594044,1.1880541773055528,NA,NA,16.259542525168364,7.999967941761238,NA,3.38081170841235,NA,0.06503072093641965,1.1492058196026047,2.486998745449004,2.6309363710565754,2.835721585536282e-12,-34.880508653844494,0.9999999975588006,3.38081170841235,NA,16.259542525168364,2.4416016449065534,2.6714812305851185,2.9342059750303453,2.456298460081877,2.456298460081877,2.5530303783590966,7.5|7.5|7.5|3.16227766016838|3.16227766016838|3.16227766016838|1|1|1|0.316227766016838|0.316227766016838|0.316227766016838|0.1|0.1|0.1|0.0316227766016838|0.0316227766016838|0.0316227766016838|0.01|0.01|0.01,16.5688536591774|16.9627194445442|14.9859892767983|5.54121820575947|5.766336052377|4.96055824968827|-0.115125894948881|-0.490197777484675|-0.411722520284599|1.76784099236372|1.07423029222115|1.92293458328343|1.80221075924567|1.1077229342826|1.603082362379|1.51919988769984|0.569113336484412|0.406330099864101|1.85182256808921|1.56904750113981|1.71719911184221,dt4,Definitive_rep3
Latrunculin B,Cytoplasm_AGP_Texture,Mahalanobis distance (cutoff = 1),11,0.8518946031153483,exp5,22.980866546190562,3.4603891933019346,NA,NA,19.577276185613794,3.4511399568949166,NA,1.572609133551548,NA,-0.305957955861661,1.1492058196026047,0.7223237202021543,0.8472848457162082,2.5665121102322124e-16,-41.02270172417064,0.9999999999993919,1.572609133551548,NA,19.577276185613794,0.7395561002536457,0.9110766186841887,1.1323725594204743,0.7096813842584174,0.7096813842584174,0.7757714821479648,7.5|7.5|7.5|3.16227766016838|3.16227766016838|3.16227766016838|1|1|1|0.316227766016838|0.316227766016838|0.316227766016838|0.1|0.1|0.1|0.0316227766016838|0.0316227766016838|0.0316227766016838|0.01|0.01|0.01,32.9767585131189|18.0569425420938|19.4697537570249|19.3876706713582|20.3296067174918|27.5245901670969|2.29712834299529|2.77333379513193|2.81919751740887|0.207885113235329|0.531200385564145|0.355956465016212|-0.13657422241432|0.0249654460277556|-0.352615319910791|1.73167043445986|0.156543954403804|0.0645647202714682|-0.701988117951867|-0.306299736947036|1.18810532424176,dt4,Definitive_rep3
Latrunculin B,Cytoplasm_ER_Texture,Mahalanobis distance (cutoff = 1),10,0.8518946031153483,hill,79.18023801319598,0.9619282731191138,NA,NA,67.4532174368304,2.3802342820323417,NA,3.8112330938019214,NA,-0.46628563828817504,1.1492058196026047,0.6818523005161634,0.7073570563748092,1.3649662341382178e-27,-26.83694373024383,0.9999999999999994,3.8112330938019214,NA,67.4532174368304,1.1061829659820592,1.5141285345459548,2.1287468924951347,0.6105551514341796,0.6105551514341796,0.6936856647338088,7.5|7.5|7.5|3.16227766016838|3.16227766016838|3.16227766016838|1|1|1|0.316227766016838|0.316227766016838|0.316227766016838|0.1|0.1|0.1|0.0316227766016838|0.0316227766016838|0.0316227766016838|0.01|0.01|0.01,56.292095030809|55.5311979943525|58.9837600740709|24.0456721547654|26.9689616841197|26.3660844384483|2.74858622727654|2.55105916765769|2.96144092746973|-0.595537978138144|-0.0583730883252055|-0.412601334912693|-0.523361648468885|-0.377800134601662|-0.629750694179893|1.65035772242981|0.343771662627678|-0.428910056982213|-0.445261356656865|0.604015089425436|0.307141786052621,dt4,Definitive_rep3
Latrunculin B,Cytoplasm_Mito_Intensity,Mahalanobis distance (cutoff = 1),10,0.8518946031153483,poly1,8.625860115690914,0.5494090482316852,0.979776490638003,NA,NA,NA,NA,NA,NA,-0.8530472474828503,1.1492058196026047,1.0968682454625496,1.293055387638091,1.9059430869975804e-14,-17.14281536123763,0.9999999924039245,3.75,NA,7.348323679785023,0.375,0.75,1.5,0.8694785099003737,0.8694785099003737,1.172926509855604,7.5|7.5|7.5|3.16227766016838|3.16227766016838|3.16227766016838|1|1|1|0.316227766016838|0.316227766016838|0.316227766016838|0.1|0.1|0.1|0.0316227766016838|0.0316227766016838|0.0316227766016838|0.01|0.01|0.01,7.80202201445927|7.80215619532639|6.50856829207662|2.83576975649793|2.62803609446769|1.94459042395444|1.22225442416936|1.64770810728563|1.70115646500195|0.328716896939862|0.0658466759477335|0.470964679691736|0.224291157603333|0.0456722337606555|0.21757059191145|0.295348392838523|0.0265844321833371|0.141545861356387|0.0270783597838676|1.33688943432171|0.792668314622115,dt4,Definitive_rep3
Latrunculin B,Cytoplasm_AGP_Intensity,Mahalanobis distance (cutoff = 1),13,0.8518946031153483,poly1,20.67550848898119,1.2585103821067476,2.348447213123819,NA,NA,NA,NA,NA,NA,0.07727424757970877,1.1492058196026047,0.454915828546367,0.534695503536415,1.478581452589165e-14,-35.53370358543293,0.9999999994530899,3.75,NA,17.613354098428644,0.375,0.75,1.5,0.36274803127560573,0.36274803127560573,0.4893470941907921,7.5|7.5|7.5|3.16227766016838|3.16227766016838|3.16227766016838|1|1|1|0.316227766016838|0.316227766016838|0.316227766016838|0.1|0.1|0.1|0.0316227766016838|0.0316227766016838|0.0316227766016838|0.01|0.01|0.01,14.6579549479304|18.8366473685471|17.3641132204864|8.73346226747023|9.33367082118376|5.46954912872853|1.4486553744968|2.62850734937767|3.25718935257141|-0.685768844264097|0.209967029883639|-0.186799886906207|-0.0410224447426246|0.138746417115426|-0.0018919344606485|1.34870489188402|1.69920285648878|1.18680858871629|-0.00494658186806884|0.544634798362791|1.74818708616857,dt4,Definitive_rep3
Latrunculin B,Cytoplasm_ER_Intensity,Mahalanobis distance (cutoff = 1),10,0.8518946031153483,pow,51.57807930520437,2.1800890297996913,4.013842323164632,NA,NA,1.187677672430631,NA,NA,NA,-0.14601365899806085,1.1492058196026047,0.342514836516315,0.3556739857893283,4.454458561424774e-21,-35.65198421674113,0.9999999999999457,4.184082529377401,NA,43.939087399159035,0.6020339116326086,1.0791504004861112,1.9343853632949686,0.2711446651557418,0.2711446651557418,0.34887386186933167,7.5|7.5|7.5|3.16227766016838|3.16227766016838|3.16227766016838|1|1|1|0.316227766016838|0.316227766016838|0.316227766016838|0.1|0.1|0.1|0.0316227766016838|0.0316227766016838|0.0316227766016838|0.01|0.01|0.01,43.6356121892558|44.345689586111|34.6785996875916|14.7090073362514|16.8609973928783|17.0711916648956|3.28519147777062|4.39894373683986|4.05793590009213|-0.512039247310406|0.211427527540203|-0.585067388452257|-0.568538310155882|-0.5557644125733|-0.502321115586032|-0.0820171389671676|0.255414087048878|-0.104695523755375|-0.282517950732583|1.03770101866085|0.573060603539417,dt4,Definitive_rep3
Latrunculin B,Cytoplasm_Mito_Profile,Mahalanobis distance (cutoff = 1),13,0.8518946031153483,exp5,59.376440362898386,2.830147474616021,NA,NA,50.58246909735347,2.0341051516211213,NA,3.2523403869135485,NA,-0.3989685228676242,1.1492058196026047,0.5955302355603808,0.6218747957068087,2.050488819265053e-22,-35.51049376838104,0.9999999999999994,3.2523403869135485,NA,50.58246909735347,0.9042596119522236,1.28819321363727,1.8629536589079783,0.5251957635802281,0.5251957635802281,0.6093618441341545,7.5|7.5|7.5|3.16227766016838|3.16227766016838|3.16227766016838|1|1|1|0.316227766016838|0.316227766016838|0.316227766016838|0.1|0.1|0.1|0.0316227766016838|0.0316227766016838|0.0316227766016838|0.01|0.01|0.01,49.4540379290705|49.5770972926115|37.1568557408366|24.1157813317234|23.7213737269357|25.4952963758143|3.13680666663601|3.28367081110727|2.83946724436336|1.27006316254729|-0.0163921883733763|-0.0832931747520601|-0.0741230309037864|-0.0471156551904781|-0.0281022458463518|0.204290560564678|1.48549537060989|1.01044128872415|-0.00476104227732055|0.801789876437798|3.20150727138504,dt4,Definitive_rep3
Latrunculin B,Cytoplasm_AGP_Profile,Mahalanobis distance (cutoff = 1),18,0.8518946031153483,exp5,76.94592692322716,2.5346198604913504,NA,NA,65.54981987760519,1.4881587741389095,NA,2.5803211191117255,NA,0.6373600486430484,1.1492058196026047,0.20692178835047914,0.23235666261010543,2.090479197891908e-20,-48.92623307480493,0.9999999999999986,2.5803211191117255,NA,65.54981987760519,0.448572048350189,0.7276156988350277,1.2047636254305523,0.17909297576803013,0.17909297576803013,0.21933766554902726,7.5|7.5|7.5|3.16227766016838|3.16227766016838|3.16227766016838|1|1|1|0.316227766016838|0.316227766016838|0.316227766016838|0.1|0.1|0.1|0.0316227766016838|0.0316227766016838|0.0316227766016838|0.01|0.01|0.01,63.2853281540054|65.7812947877896|56.9614138705673|43.0110617689805|37.1224638295638|39.8158265626051|10.6178994399293|9.16677334643479|11.0869839971008|1.16108038373226|1.45269414422641|1.60648016130659|1.34663869655034|1.16893618767808|0.537703096834687|3.11467138984213|3.47047086591792|4.82859120855529|0.759105881232707|-0.070062796279354|4.69463346693302,dt4,Definitive_rep3
Latrunculin B,Cytoplasm_DNA_Profile,Mahalanobis distance (cutoff = 1),12,0.8518946031153483,poly1,119.58318311984272,4.555392362715867,13.582969109753122,NA,NA,NA,NA,NA,NA,0.7154366339130216,1.1492058196026047,0.08273767431017626,0.08657012876259637,2.157280003384296e-22,-53.73642871382693,0.9999999999999981,3.75,NA,101.87226832314842,0.375,0.75,1.5,0.06271784881728498,0.06271784881728498,0.08460637805451743,7.5|7.5|7.5|3.16227766016838|3.16227766016838|3.16227766016838|1|1|1|0.316227766016838|0.316227766016838|0.316227766016838|0.1|0.1|0.1|0.0316227766016838|0.0316227766016838|0.0316227766016838|0.01|0.01|0.01,83.4129481488567|102.665825967954|100.520572001419|43.9413167695248|45.1314014952236|46.1825371668035|12.269008511206|10.641487021306|14.1084003073551|0.569192446729043|-0.38304239582067|-0.441831426214498|0.159425002835634|0.693668692190517|0.570407786391687|1.24236770611315|0.572104854066363|-0.296220138323406|0.181556917341816|0.959074993877519|1.91794853536222,dt4,Definitive_rep3
Latrunculin B,Membrane_AGP_Texture,Mahalanobis distance (cutoff = 1),15,0.8518946031153483,exp5,62.02782606898485,1.3780635250054707,NA,NA,52.8411702711457,2.7064295984422877,NA,2.4964923353577197,NA,-0.08828156689842176,1.1492058196026047,0.6858785765286177,0.7093224460466555,1.9978369369278033e-25,-34.68452347845961,0.9999999999999994,2.4964923353577197,NA,52.8411702711457,0.9539450774370307,1.244607714994799,1.642297470431285,0.6238817988259758,0.6238817988259758,0.6975882853135871,7.5|7.5|7.5|3.16227766016838|3.16227766016838|3.16227766016838|1|1|1|0.316227766016838|0.316227766016838|0.316227766016838|0.1|0.1|0.1|0.0316227766016838|0.0316227766016838|0.0316227766016838|0.01|0.01|0.01,51.4903916287905|52.9826259322649|56.4884399004051|39.0988449247721|38.6234543669522|38.2155450815442|2.84761996207071|3.96098437630437|2.29769890757338|0.359060388373461|-0.129079623251776|-0.0357496782259311|0.85298444631389|0.354362594231744|0.899837826473997|3.59658387949922|2.09922696939136|1.22839297774382|-0.214586572860813|-0.565668789298372|1.37814859235566,dt4,Definitive_rep3
Latrunculin B,Membrane_AGP_Intensity,Mahalanobis distance (cutoff = 1),8,0.8518946031153483,hill,102.80751206416312,0.7002773985390552,NA,NA,87.58116468717662,3.0507890827263577,NA,4.460749859550604,NA,-0.8277041058905736,1.1492058196026047,1.0729544249888607,1.0913519203581936,8.841488325513458e-32,-19.683357027804618,0.9999999999999994,4.460749859550604,NA,87.58116468717662,1.6992326205320742,2.1708129137044465,2.8317975939756757,0.9801435107674653,0.9801435107674653,1.0824163614483164,7.5|7.5|7.5|3.16227766016838|3.16227766016838|3.16227766016838|1|1|1|0.316227766016838|0.316227766016838|0.316227766016838|0.1|0.1|0.1|0.0316227766016838|0.0316227766016838|0.0316227766016838|0.01|0.01|0.01,72.9843039083988|72.7539083540671|70.7289208088232|24.6060561234811|22.3458446779721|22.6768502026403|1.07755998490801|0.834740863131111|0.951457131774268|-0.7194652813794|-0.0649454967507596|-0.495206054509201|-0.000759619852448656|0.406463002798934|-0.136514199076564|0.610886602472991|0.847462942499433|-0.234560553957468|-0.480652855733792|-0.433537712873972|0.149069184913621,dt4,Definitive_rep3
Latrunculin B,Nucleus_DNA_Texture,Mahalanobis distance (cutoff = 1),15,0.8518946031153483,hill,66.26776531479778,1.924631697884504,NA,NA,56.453151632190696,2.232745976508529,NA,3.4649907626236094,NA,0.33071626177865626,1.1492058196026047,0.5757201703954561,0.6470144359260067,8.367940670878611e-20,-42.653585648702524,0.9999999999998361,3.4649907626236094,NA,56.453151632190696,0.9267769359787328,1.2951405925165298,1.862310379507222,0.5332571059081241,0.5332571059081241,0.6112363221233537,7.5|7.5|7.5|3.16227766016838|3.16227766016838|3.16227766016838|1|1|1|0.316227766016838|0.316227766016838|0.316227766016838|0.1|0.1|0.1|0.0316227766016838|0.0316227766016838|0.0316227766016838|0.01|0.01|0.01,43.4973464841039|47.96184892639|49.5228768635669|22.8758331790373|25.538890213184|30.3456731522567|4.2919135667277|2.3987873688399|3.41193591247083|-0.0564955854934825|-0.0323580010456742|-0.323808276908257|0.798588312899456|3.30501631512137|1.33857301524206|1.46765043127556|1.17886294663213|-0.135390296854425|0.372935760354708|1.71270719596858|1.59027752105133,dt4,Definitive_rep3
Latrunculin B,Nucleus_RNA_Intensity,Mahalanobis distance (cutoff = 1),9,0.8518946031153483,exp5,64.84573950247953,0.8784644018243374,NA,NA,55.241735517186065,2.2992757661539187,NA,3.756626523128183,NA,-0.9562632529093896,1.1492058196026047,0.8137272709831992,0.8290565412874814,4.5406622737210155e-30,-18.16838678336414,0.9999999999999999,3.756626523128183,NA,55.241735517186065,1.2106155942815022,1.6556542160317569,2.294630330953515,0.7202268566118425,0.7202268566118425,0.8213535458788671,7.5|7.5|7.5|3.16227766016838|3.16227766016838|3.16227766016838|1|1|1|0.316227766016838|0.316227766016838|0.316227766016838|0.1|0.1|0.1|0.0316227766016838|0.0316227766016838|0.0316227766016838|0.01|0.01|0.01,53.2078831496147|49.7420703891961|53.8353423607958|20.4302594083211|20.8152061797983|20.5367028271256|1.85094186743111|1.70859968326557|2.01255071463909|-0.712260367147762|-0.252234549203876|-0.548366196709482|-0.237646127000723|-0.283690053759198|-0.29936270421281|0.493852696485461|0.464090562537052|0.244011261342972|-0.336096965778846|-0.536346659118021|0.16887929215947,dt4,Definitive_rep3
Latrunculin B,Nucleus_DNA_Intensity,Mahalanobis distance (cutoff = 1),13,0.8518946031153483,hill,68.84826979922832,2.3652605422696986,NA,NA,58.65146947579203,2.042698368529434,NA,2.610186514851166,NA,0.2795734709779404,1.1492058196026047,0.3656976151905321,0.4057524214829233,4.5600822881356114e-21,-43.08792669377939,0.9999999999999976,2.610186514851166,NA,58.65146947579203,0.617532168418747,0.8902736432368641,1.3241401463236282,0.33116498461225113,0.33116498461225113,0.38440410237506334,7.5|7.5|7.5|3.16227766016838|3.16227766016838|3.16227766016838|1|1|1|0.316227766016838|0.316227766016838|0.316227766016838|0.1|0.1|0.1|0.0316227766016838|0.0316227766016838|0.0316227766016838|0.01|0.01|0.01,52.5227893112681|48.3990651290756|54.7550602064599|26.2485540687442|36.2438103411902|34.5413189322153|5.32035142083741|8.14454804210689|8.54764064519362|-0.174076341309204|-0.196414787269631|-0.434485537209666|0.838198913043311|1.24052514579397|0.74002305336859|0.99373395177885|1.19898666229439|-0.055002113716022|0.490694498290559|0.610937556959186|1.43604001584819,dt4,Definitive_rep3
Latrunculin B,Nucleus_RNA_Texture,Mahalanobis distance (cutoff = 1),9,0.8518946031153483,exp5,27.896658618119616,1.6587788238445562,NA,NA,23.76501292172737,3.809655959311538,NA,3.0275605778407337,NA,-0.06225442794933889,1.1492058196026047,1.463644233250664,1.584773487979748,2.2948051424689725e-15,-37.27406197419876,0.9999999998705537,3.0275605778407337,NA,23.76501292172737,1.5285419426770759,1.8464457544040198,2.2484541173715513,1.3979924916649895,1.3979924916649895,1.5148543929613223,7.5|7.5|7.5|3.16227766016838|3.16227766016838|3.16227766016838|1|1|1|0.316227766016838|0.316227766016838|0.316227766016838|0.1|0.1|0.1|0.0316227766016838|0.0316227766016838|0.0316227766016838|0.01|0.01|0.01,23.5353261439892|19.202843217883|26.4032058608063|14.1979965308362|13.2227546887291|8.935600303634|0.504104297580453|0.121711324223546|0.0828249817063448|0.424988665671011|-0.0608638652193897|0.392076913181942|-0.286746005679513|-0.317270758407309|-0.417589801305674|2.38128234891575|1.04465486033903|0.815401293961475|-0.145324648087524|-0.494342482672011|1.3230617602772,dt4,Definitive_rep3
Latrunculin B,Nucleus_RNA_Profile,Mahalanobis distance (cutoff = 1),19,0.8518946031153483,exp2,90.63582797816673,2.552289033223986,51.60805429752081,8.19905027249434,NA,NA,NA,NA,NA,0.5627765819016854,1.1492058196026047,0.17824267743612238,0.18299221192849688,9.336081273093239e-21,-48.32613495351901,0.9999999999999889,4.579238722937082,NA,77.21217270349132,0.5914834066291758,1.1431530041618874,2.146250213465402,0.13423689287970458,0.13423689287970458,0.18057296511009832,7.5|7.5|7.5|3.16227766016838|3.16227766016838|3.16227766016838|1|1|1|0.316227766016838|0.316227766016838|0.316227766016838|0.1|0.1|0.1|0.0316227766016838|0.0316227766016838|0.0316227766016838|0.01|0.01|0.01,77.1809440816183|76.8189013891219|77.778112001292|24.3884087814415|24.3034997878597|18.8783673330901|8.12461476254951|12.0968603521238|9.62832981366045|0.76715112671607|0.905166917306343|0.275010531008767|1.14748045677023|1.48273922212363|1.28057901155384|4.75698275802169|1.39562063499705|1.36199497619034|0.966956834383531|0.859612820533154|5.96721878072165,dt4,Definitive_rep3
Latrunculin B,Nucleus_RNA_Axial,Mahalanobis distance (cutoff = 1),13,0.8518946031153483,exp5,50.643335417196006,2.2959854632882135,NA,NA,43.14278412566965,2.1497908054226182,NA,3.810209164171522,NA,0.3171265515958035,1.1492058196026047,0.7941495109288278,0.8863624218848933,9.027932007076396e-17,-44.5926178887339,0.9999999999977199,3.810209164171522,NA,43.14278412566965,1.134907564763689,1.5862733670015006,2.2489364322778815,0.7313471758856108,0.7313471758856108,0.8419958919051718,7.5|7.5|7.5|3.16227766016838|3.16227766016838|3.16227766016838|1|1|1|0.316227766016838|0.316227766016838|0.316227766016838|0.1|0.1|0.1|0.0316227766016838|0.0316227766016838|0.0316227766016838|0.01|0.01|0.01,39.3288149806694|41.6649862138384|41.4702776632119|19.0105213608028|14.5272880630578|15.7932108054884|1.54698774720805|2.34935785980603|1.35150902345367|-0.590296357694799|-0.259902093130005|-0.703862288251002|4.22669209694487|6.88848418447586|4.73028964951588|0.492934398068833|0.134446909362873|0.0012179562106458|0.184429946982606|-0.241253770309576|2.53528279962698,dt4,Definitive_rep3
Latrunculin B,Nucleus_RNA_Compactness,Mahalanobis distance (cutoff = 1),14,0.8518946031153483,pow,78.41331768476591,2.0540006988964454,5.420502056850195,NA,NA,1.2464683655281648,NA,NA,NA,0.35594630383652104,1.1492058196026047,0.2832485657413411,0.29341822173150195,1.203368951260193e-21,-43.57305800655082,0.999999999999979,4.300856349877816,NA,66.79988214802138,0.6780914792504558,1.182482203694829,2.06205829868351,0.2265976915108018,0.2265976915108018,0.28811092875945665,7.5|7.5|7.5|3.16227766016838|3.16227766016838|3.16227766016838|1|1|1|0.316227766016838|0.316227766016838|0.316227766016838|0.1|0.1|0.1|0.0316227766016838|0.0316227766016838|0.0316227766016838|0.01|0.01|0.01,65.1834550769112|67.028039131315|68.088694463905|23.2116133510183|23.1547139639455|18.5103678317979|4.93951724863423|9.83760337987056|6.76624022516612|0.114156816348488|-0.174982875393058|-0.10606971544081|-0.00819130400958967|0.332463150963327|1.21482980240503|5.5686597153197|1.05610064799433|1.49845063782045|0.484124474971772|0.501103070570521|2.06836222523659,dt4,Definitive_rep3
Latrunculin B,Cell_DNA_Radial,Mahalanobis distance (cutoff = 1),12,0.8518946031153483,exp5,32.43502195300486,3.980486322694388,NA,NA,27.631220153692684,7.999999744795412,NA,0.7108505664750394,NA,0.6769440021463828,1.1492058196026047,0.30672507303226026,0.5791356750645135,1.5130351034979226e-15,-54.335189477658574,0.9999999999999547,0.7108505664750394,NA,27.631220153692684,0.5133726180804763,0.5617070359475753,0.6169474475863481,0.48266539154453614,0.48266539154453614,0.5014167402177726,7.5|7.5|7.5|3.16227766016838|3.16227766016838|3.16227766016838|1|1|1|0.316227766016838|0.316227766016838|0.316227766016838|0.1|0.1|0.1|0.0316227766016838|0.0316227766016838|0.0316227766016838|0.01|0.01|0.01,27.8382430434753|27.8956658558509|26.6204172331479|21.1010941470737|24.1426050635841|27.2695200854|33.3948815338432|35.0626563188635|40.9231210184826|-0.272727557743858|-0.181731795520435|-0.569899613549309|-0.111869917970952|-0.153128372577027|-0.131642274225879|-0.676590122707237|0.899637121624221|0.0716610558071544|0.0195740179711109|2.70402596587176|1.53712550193999,dt4,Definitive_rep3
Latrunculin B,Cell_Mito_Axial,Mahalanobis distance (cutoff = 1),20,0.8518946031153483,exp2,30.585854204333074,2.197488429811775,8.298166601625525,5.279137929679006,NA,NA,NA,NA,NA,0.5980773684719749,1.1492058196026047,0.6583282984366056,0.7151944021504856,8.514297355129808e-12,-46.798441924872364,0.9999999987202303,4.982969949883097,NA,26.05592412834423,0.7698502802538995,1.441590002641475,2.572774909353201,0.5159088711181796,0.5159088711181796,0.684715028323812,7.5|7.5|7.5|3.16227766016838|3.16227766016838|3.16227766016838|1|1|1|0.316227766016838|0.316227766016838|0.316227766016838|0.1|0.1|0.1|0.0316227766016838|0.0316227766016838|0.0316227766016838|0.01|0.01|0.01,28.171688416064|26.1137891163314|23.9547820399454|4.93925977203418|6.87969363822019|7.63758101687067|1.12569349622609|1.55945584248744|2.33677808195807|0.916903503360775|3.55709987726411|2.42679663539603|3.19378243079583|3.4108614480212|1.76543988551126|3.21136525642667|2.21984873345972|1.81858130135817|-0.66661338793836|1.19691337076913|5.70812690297294,dt4,Definitive_rep3
Latrunculin B,Cell_Mito_Compactness,Mahalanobis distance (cutoff = 1),19,0.8518946031153483,exp2,48.890847269127654,2.4205409409177205,83.68177926019047,18.567022595469652,NA,NA,NA,NA,NA,0.27775971343094663,1.1492058196026047,0.24510713153929456,0.2616435278872993,7.470648250951973e-18,-44.033528090410904,0.9999999999999858,4.126148634288971,NA,41.64984893030661,0.4564005004212801,0.9018507419277187,1.7619178535302502,0.18805979207281476,0.18805979207281476,0.2532468243522391,7.5|7.5|7.5|3.16227766016838|3.16227766016838|3.16227766016838|1|1|1|0.316227766016838|0.316227766016838|0.316227766016838|0.1|0.1|0.1|0.0316227766016838|0.0316227766016838|0.0316227766016838|0.01|0.01|0.01,41.5702716325038|39.6225160419529|44.0444721197569|16.691935923363|16.1261901301774|13.959829374534|3.73742663005304|3.14364851686801|5.4445000701302|1.21649213196914|2.19876645319417|1.10292539531918|1.0716400460633|1.47749598924661|1.15492826482233|1.7420875990332|0.24628216550762|0.221038670664793|0.932707672530997|7.32699618136421|6.84873991165936,dt4,Definitive_rep3
Latrunculin B,Cell_AGP_Radial,Mahalanobis distance (cutoff = 1),16,0.8518946031153483,hill,54.59268551649739,1.7580588414559153,NA,NA,46.50721416107756,1.9757953542814146,NA,2.083113156182797,NA,0.29034231175583003,1.1492058196026047,0.3055083372728189,0.34277408172724017,3.0354405243455285e-21,-41.057572382027494,0.9999999999999996,2.083113156182797,NA,46.50721416107756,0.46935702503747667,0.6850883673264833,1.0327496894334818,0.2776954897452581,0.2776954897452581,0.32419569773741425,7.5|7.5|7.5|3.16227766016838|3.16227766016838|3.16227766016838|1|1|1|0.316227766016838|0.316227766016838|0.316227766016838|0.1|0.1|0.1|0.0316227766016838|0.0316227766016838|0.0316227766016838|0.01|0.01|0.01,42.3592127620139|43.6543350527364|43.2832991021747|31.1704274421542|31.8397290950347|34.3259281382126|8.26496568085961|8.68025004959174|10.3532888991435|0.153051133026363|0.656079550867124|0.335527579059543|2.30883071201889|1.67359071883676|0.636705330012953|2.84120018677662|2.38244718279614|1.56670004437937|0.230352729522964|1.82874982143525|5.21573032120192,dt4,Definitive_rep3
Latrunculin B,Cell_AGP_Axial,Mahalanobis distance (cutoff = 1),10,0.8518946031153483,exp2,22.2940544431452,0.9946601293216139,2.2906625004798786,3.3646464174732316,NA,NA,NA,NA,NA,-0.24951766266029346,1.1492058196026047,1.3295103657781835,1.4101069926893783,6.1493658773711186e-15,-29.722459705235835,0.999999995992718,5.511746242971382,NA,18.992184661675147,1.166913607016639,2.031678643220758,3.2894772460483446,1.0638869158345243,1.0638869158345243,1.368038700956681,7.5|7.5|7.5|3.16227766016838|3.16227766016838|3.16227766016838|1|1|1|0.316227766016838|0.316227766016838|0.316227766016838|0.1|0.1|0.1|0.0316227766016838|0.0316227766016838|0.0316227766016838|0.01|0.01|0.01,21.2770904246253|19.0621032881696|17.1110685913454|3.06128436298078|3.30967814464196|3.76318492951647|1.93433505929264|2.56330881677598|2.61990704711677|-0.630300815521562|-0.4809968518672|-0.686282552387529|-0.247730560578319|0.870095934560956|-0.281058031232743|0.644425156465214|0.202177320579463|-0.0633229792946138|-0.67001167316731|0.158748002791326|0.184315657493278,dt4,Definitive_rep3
Latrunculin B,Cell_AGP_Compactness,Mahalanobis distance (cutoff = 1),19,0.8518946031153483,pow,62.461600650401394,3.1354826600416468,15.353270831855331,NA,NA,0.6168688843835222,NA,NA,NA,0.9489758498718524,1.1492058196026047,0.013782732153199155,0.016134004613002455,7.688556709977105e-18,-54.37855721834252,0.9999999999999483,2.4381731134953157,NA,53.21070049602307,0.05834108545960091,0.17946147405412582,0.5520367064816005,0.009208963447145354,0.009208963447145354,0.014961385900941369,7.5|7.5|7.5|3.16227766016838|3.16227766016838|3.16227766016838|1|1|1|0.316227766016838|0.316227766016838|0.316227766016838|0.1|0.1|0.1|0.0316227766016838|0.0316227766016838|0.0316227766016838|0.01|0.01|0.01,50.7367950135722|58.0338149119788|51.6463026443164|32.2595308803929|31.7450326720503|29.635545170604|18.4936795391623|19.9038653655161|21.8264178388535|1.68818922346451|1.94429796032419|3.4425215966617|2.98299825229323|3.39365360349521|1.44417675339213|3.99622975180594|0.942181672007965|1.5255438374027|-0.345458644665921|2.15152637564738|-0.228005246450292,dt4,Definitive_rep3
Latrunculin B,Cell_ER_Radial,Mahalanobis distance (cutoff = 1),16,0.8518946031153483,hill,59.925222026596344,1.796716821360499,NA,NA,51.04997323494642,1.9057786074566043,NA,2.162161494663019,NA,0.3667428259376705,1.1492058196026047,0.28281216420510025,0.3156811168553338,1.9468314740862715e-21,-42.21835624415866,0.999999999999998,2.162161494663019,NA,51.04997323494642,0.4612120448098066,0.6826185325569463,1.0446607023152132,0.2546688392735808,0.2546688392735808,0.29891614861684346,7.5|7.5|7.5|3.16227766016838|3.16227766016838|3.16227766016838|1|1|1|0.316227766016838|0.316227766016838|0.316227766016838|0.1|0.1|0.1|0.0316227766016838|0.0316227766016838|0.0316227766016838|0.01|0.01|0.01,45.5043965453371|50.8744244189998|46.5764976550524|32.8420971234146|35.2835095257261|34.2712294292534|9.09218384595777|9.78479332083906|11.6757937008901|-0.749504174584265|-0.0974271904890029|-0.408818846226255|0.645767505427903|0.367828977575952|0.904984212161874|1.92146903027605|1.60445316770066|0.956193527984056|1.47804362196894|1.80881755173791|4.32181116543366,dt4,Definitive_rep3
Latrunculin B,Cell_ER_Axial,Mahalanobis distance (cutoff = 1),15,0.8518946031153483,poly1,30.52181896894392,1.6145027056233936,3.466849714254265,NA,NA,NA,NA,NA,NA,0.31027992658718817,1.1492058196026047,0.3143866758651943,0.35163147257078625,3.111766600866624e-16,-40.58648442248471,0.9999999999860213,3.75,NA,26.001372856906986,0.375,0.75,1.5,0.24572585295887123,0.24572585295887123,0.3314841756415173,7.5|7.5|7.5|3.16227766016838|3.16227766016838|3.16227766016838|1|1|1|0.316227766016838|0.316227766016838|0.316227766016838|0.1|0.1|0.1|0.0316227766016838|0.0316227766016838|0.0316227766016838|0.01|0.01|0.01,26.9261184551129|25.9735603464876|23.3618115108848|10.0842504999657|11.5373617935529|14.6424607529285|2.96097873293091|4.26426236587139|5.25543328405533|-0.498505350159451|0.317882823085613|-0.543194811400962|1.68681223165519|1.6887323771046|0.597910894542668|1.71057828671138|2.09908893364639|0.716141515815537|0.0814569530710837|1.41634791768343|3.17915879447978,dt4,Definitive_rep3
Latrunculin B,Cell_ER_Compactness,Mahalanobis distance (cutoff = 1),19,0.8518946031153483,exp5,67.07904714663992,2.270950878129083,NA,NA,57.14427824634255,1.384322791642382,NA,3.093988966118448,NA,0.6120896286827995,1.1492058196026047,0.22535133580728403,0.26034342335125243,7.863910096867851e-19,-47.28982086828814,0.9999999999999734,3.093988966118448,NA,57.14427824634255,0.47171820078951254,0.7934316335746732,1.3643825112822736,0.19425629324839125,0.19425629324839125,0.24161321592795748,7.5|7.5|7.5|3.16227766016838|3.16227766016838|3.16227766016838|1|1|1|0.316227766016838|0.316227766016838|0.316227766016838|0.1|0.1|0.1|0.0316227766016838|0.0316227766016838|0.0316227766016838|0.01|0.01|0.01,49.3929776167043|54.8489339332455|51.5941530205582|31.8025543866454|29.1759186200432|23.156663524773|9.58536896890595|5.82116876140897|7.54389845328143|1.40515256829749|1.15277455587134|1.17489586774729|3.85040417938676|2.46637498529499|0.63342957053256|3.47548619688706|1.39355098099321|1.47949441002331|-0.221450187873911|2.29464132200866|2.21040199164017,dt4,Definitive_rep3
Latrunculin B,Nucleus_DNA_Profile,Mahalanobis distance (cutoff = 1),11,0.8518946031153483,poly1,80.65292791143352,2.231441537847941,9.161039201760193,NA,NA,NA,NA,NA,NA,0.539582070079134,1.1492058196026047,0.12072813752050826,0.13003687908420958,3.8825160590047437e-22,-46.53666996569038,0.9999999999999782,3.75,NA,68.70779401320145,0.37500000000000006,0.7500000000000001,1.5000000000000002,0.09299104439501428,0.09299104439501428,0.12544491888887424,7.5|7.5|7.5|3.16227766016838|3.16227766016838|3.16227766016838|1|1|1|0.316227766016838|0.316227766016838|0.316227766016838|0.1|0.1|0.1|0.0316227766016838|0.0316227766016838|0.0316227766016838|0.01|0.01|0.01,63.3106015089675|72.3110593419347|67.7890477165732|28.6186565277161|33.1311958180966|29.651980522644|8.29256646684247|9.71954955007592|10.4327277497321|-0.46009405638141|-0.205193086496036|-0.600874436107849|-0.259267730332199|-0.448973045420517|0.19483884343134|-0.589179796069589|0.367977324066646|0.18793614414723|0.294569878611145|1.35385476599042|1.39626239341798,dt4,Definitive_rep3
Latrunculin B,Nucleus_DNA_Radial,Mahalanobis distance (cutoff = 1),15,0.8518946031153483,poly1,59.626612945903474,3.500096068047678,6.772745302755057,NA,NA,NA,NA,NA,NA,0.9120703425218923,1.1492058196026047,0.16145364809972665,0.17975682620030053,5.615563934976125e-16,-55.02768007718378,0.9999999999992586,3.75,NA,50.79558977066293,0.37500000000000006,0.7500000000000001,1.5000000000000002,0.12578276090920024,0.12578276090920024,0.1696809444665111,7.5|7.5|7.5|3.16227766016838|3.16227766016838|3.16227766016838|1|1|1|0.316227766016838|0.316227766016838|0.316227766016838|0.1|0.1|0.1|0.0316227766016838|0.0316227766016838|0.0316227766016838|0.01|0.01|0.01,53.7132413300586|47.2080830529615|51.9242461349099|22.0280450527013|19.1581255908436|19.1544839531645|7.86856817348381|8.07425049564277|9.07073983053592|-0.170894521878376|1.09978824413228|0.0291709898256918|7.88200761566189|9.11376816410988|9.07075706891972|-0.590033807656293|-0.245956967907228|-0.117320633804195|0.639783636702458|1.79558694410684|2.73673064427693,dt4,Definitive_rep3
Latrunculin B,Nucleus_DNA_Axial,Mahalanobis distance (cutoff = 1),13,0.8518946031153483,poly1,47.42140367603501,2.058350015313701,5.386405048502475,NA,NA,NA,NA,NA,NA,0.5384491659099659,1.1492058196026047,0.20472417819226363,0.22278879267390372,1.3500272405291009e-17,-45.54316929005834,0.9999999999975502,3.7500000000000004,NA,40.398037863768565,0.37500000000000006,0.7500000000000001,1.5000000000000002,0.15815643187698844,0.15815643187698844,0.21335302660205738,7.5|7.5|7.5|3.16227766016838|3.16227766016838|3.16227766016838|1|1|1|0.316227766016838|0.316227766016838|0.316227766016838|0.1|0.1|0.1|0.0316227766016838|0.0316227766016838|0.0316227766016838|0.01|0.01|0.01,40.3963944029228|39.4594664958407|42.6404883007912|15.1591418387741|12.1112699186504|18.1903244478982|5.10229095396158|6.39277320453602|7.40952015635683|-0.423215843713159|-0.479006335406125|-0.491682610684978|3.0174426415232|4.10861502599913|4.1196682746429|-0.228115976004138|-0.740831540776027|-0.737141272963149|0.0635926746151894|-0.0915929661807653|1.12610162475617,dt4,Definitive_rep3
Latrunculin B,Nucleus_DNA_Compactness,Mahalanobis distance (cutoff = 1),11,0.8518946031153483,exp5,51.70964912770091,7.202614454390373,NA,NA,44.05117102087668,6.5190453224385205,NA,0.6109944872220623,NA,0.9569523667158533,1.1492058196026047,0.27565621415492697,0.48187602475878166,7.130938525297347e-14,-64.28590727631256,0.9999999999998922,0.6109944872220623,NA,44.05117102087668,0.40980919583617675,0.45765283694655934,0.513486619626147,0.3533843740583743,0.3533843740583743,0.3701859268688598,7.5|7.5|7.5|3.16227766016838|3.16227766016838|3.16227766016838|1|1|1|0.316227766016838|0.316227766016838|0.316227766016838|0.1|0.1|0.1|0.0316227766016838|0.0316227766016838|0.0316227766016838|0.01|0.01|0.01,48.3218246361164|43.1055210585969|43.9365858183521|28.152595195547|27.2974446480927|21.6897419477661|41.2609724136456|47.7240687591075|47.3641244207334|0.238546194433249|1.10042331191632|-0.0874841222102398|-0.361064001795171|0.351712011803374|0.310363989352309|0.345030143141171|0.277752074729962|-0.500126096210757|-0.0113571098410034|1.61623320878003|-0.621219993493257,dt4,Definitive_rep3
Latrunculin B,Nucleus_position_position,Mahalanobis distance (cutoff = 1),20,0.8518946031153483,exp5,14.866587197226956,3.161738197961483,NA,NA,12.664765400061375,2.9872432541719087,NA,1.586796183236175,NA,0.9786705216094929,1.1492058196026047,0.6062722998505486,1.1710707823111877,1.3329724234018295e-6,-54.779794285453974,0.9999986153526932,1.586796183236175,NA,12.664765400061375,0.6637276584233787,0.84457978328733,1.0857756146448887,0.7352459502869307,0.7352459502869307,0.8161735848857503,7.5|7.5|7.5|3.16227766016838|3.16227766016838|3.16227766016838|1|1|1|0.316227766016838|0.316227766016838|0.316227766016838|0.1|0.1|0.1|0.0316227766016838|0.0316227766016838|0.0316227766016838|0.01|0.01|0.01,8.92986712791847|11.3742241534631|18.9803342627524|16.7177471863061|12.9927761047019|10.5052629438255|1.5175852880468|1.80649864837536|2.39395624668554|2.63883200742732|2.08652911483216|0.869703121820478|1.06025034947242|0.682867969805214|1.0481176070112|2.01862687261726|5.12780930289799|2.77987207175221|4.61954712740859|5.41200760480072|5.46197847078161,dt4,Definitive_rep3
Latrunculin B,Cell_position_position,Mahalanobis distance (cutoff = 1),18,0.8518946031153483,exp5,33.91072724760045,3.164095656831172,NA,NA,28.888365529947407,3.2853936155965027,NA,1.6536643215166795,NA,0.8207097198740168,1.1492058196026047,0.6005863133755555,0.8471146769791016,2.623977777429659e-13,-53.134773235681955,0.9999999999847995,1.6536643215166795,NA,28.888365529947407,0.7486312240456429,0.9320122428653519,1.171170754673817,0.6354329645079237,0.6354329645079237,0.6971768488324088,7.5|7.5|7.5|3.16227766016838|3.16227766016838|3.16227766016838|1|1|1|0.316227766016838|0.316227766016838|0.316227766016838|0.1|0.1|0.1|0.0316227766016838|0.0316227766016838|0.0316227766016838|0.01|0.01|0.01,20.4704403158213|28.764686740403|30.4726983254245|34.6425290058518|28.7653056435813|27.029382141553|3.95759335404284|2.80788988476363|3.80896256538988|2.53300996294586|1.37484028778367|0.427480403466729|0.787025271024373|0.568562953436541|1.10383838752579|1.95205165460317|5.09106145162709|1.86592276868204|4.27366539580319|5.73922827865349|2.12059480853353,dt4,Definitive_rep3
Latrunculin B,Nuclei_Shape_Morph,Mahalanobis distance (cutoff = 1),9,0.8518946031153483,exp4,21.301602871587953,2.0488660745920972,NA,NA,18.14672052401218,NA,NA,3.209528997282698,NA,0.26916033690587626,1.1492058196026047,0.25915134663476197,0.35121353426761015,5.404168336766806e-12,-42.28124825236579,0.9999999991362185,3.209528997282698,NA,18.14672052401218,0.237507011959582,0.4878583360885594,1.0332375555809652,0.22263974807398693,0.22263974807398693,0.3029314909746329,7.5|7.5|7.5|3.16227766016838|3.16227766016838|3.16227766016838|1|1|1|0.316227766016838|0.316227766016838|0.316227766016838|0.1|0.1|0.1|0.0316227766016838|0.0316227766016838|0.0316227766016838|0.01|0.01|0.01,15.1222671036295|15.3021898861422|14.732086278328|7.06303537955661|8.38147854754163|8.49061879652797|6.98792823587363|10.2743047604572|6.9283273324629|-0.584868552100984|-0.572612554556827|-0.670385724903663|0.0506575689136658|0.830502314031789|0.24852270151347|-0.712639335135933|-0.74404507703227|-0.753828833560141|-0.74003250838666|-0.546724845189415|-0.68811954007142,dt4,Definitive_rep3
Fenbendazole,Ring_AGP_Texture,Mahalanobis distance (cutoff = 1),7,0.8518946031153483,poly1,2.6907450608193293,1.0075397983282377,3.624335751006148,NA,NA,NA,NA,NA,NA,-0.32727265042085435,1.1492058196026047,0.22924425898300535,0.510840141137343,0.005821212000738653,-24.627630554443165,0.9848910587924373,0.316227766016838,NA,2.292231195671266,0.0316227766016838,0.0632455532033676,0.1264911064067352,0.2350484782980867,0.2350484782980867,0.3170803972241189,0.632455532033676|0.632455532033676|0.632455532033676|0.2|0.2|0.2|0.0632455532033676|0.0632455532033676|0.0632455532033676|0.02|0.02|0.02|0.00632455532033676|0.00632455532033676|0.00632455532033676|0.002|0.002|0.002,1.57063740435327|2.56631831728172|3.85407859778641|0.164992122906764|0.980430011334498|-0.486285324760509|-0.541102770225341|-0.301348224614187|0.0906674519991556|0.353414984106155|1.23235649158885|-0.3402724383005|-0.267729609568726|-0.352481356370125|-0.215279455731351|0.0222009501617282|2.98802767652464|1.32463119874313,dt4,Definitive_rep3
Fenbendazole,Ring_ER_Texture,Mahalanobis distance (cutoff = 1),7,0.8518946031153483,exp2,8.916052991395906,0.7903483197789193,0.30492974599616296,0.19432690818280038,NA,NA,NA,NA,NA,-0.5166570373269705,1.1492058196026047,0.29453125271347347,0.31264811040498774,5.7791086227279635e-9,-21.06747614776632,0.999986333605064,0.5051175833882325,NA,7.595537424460629,0.1571927930179776,0.24294042012312148,0.34759762678833983,0.25910626705169804,0.25910626705169804,0.3035552418363458,0.632455532033676|0.632455532033676|0.632455532033676|0.2|0.2|0.2|0.0632455532033676|0.0632455532033676|0.0632455532033676|0.02|0.02|0.02|0.00632455532033676|0.00632455532033676|0.00632455532033676|0.002|0.002|0.002,8.7526833226554|6.91954001910717|7.51299356418904|0.442584472352995|0.748540430432475|0.241886839981207|-0.111844890768505|0.226866111183102|1.20269977219775|1.26062278619604|0.336673218480885|-0.116230497851102|-0.023264531742957|-0.263217855585279|0.344658662497506|0.66637657954254|1.47680135748722|1.90904970657263,dt4,Definitive_rep3
Fenbendazole,Cytoplasm_AGP_Profile,Mahalanobis distance (cutoff = 1),13,0.8518946031153483,poly1,13.484122987048089,1.094451347647434,18.162623328588786,NA,NA,NA,NA,NA,NA,-0.036923684545776984,1.1492058196026047,0.0580037538967784,0.0694722399688301,1.656845615740719e-10,-28.23632050152206,0.9999997055352621,0.316227766016838,NA,11.487051600409876,0.0316227766016838,0.0632455532033676,0.1264911064067352,0.046903720222751515,0.046903720222751515,0.06327311858049178,0.632455532033676|0.632455532033676|0.632455532033676|0.2|0.2|0.2|0.0632455532033676|0.0632455532033676|0.0632455532033676|0.02|0.02|0.02|0.00632455532033676|0.00632455532033676|0.00632455532033676|0.002|0.002|0.002,11.005858699482|13.289861217469|11.5446404692743|2.62162233392424|3.93355405030067|1.96175283454302|0.715125612143915|0.395676508198037|0.42635951778321|0.0324056153537254|1.14047378269059|0.863505765251107|1.10590553596227|1.33391574173706|1.95639166420251|1.84769095006922|0.106879009243992|1.70538584464776,dt4,Definitive_rep3
Fenbendazole,Cytoplasm_ER_Profile,Mahalanobis distance (cutoff = 1),14,0.8518946031153483,exp3,6.539822491451841,0.7163196582500849,0.8339925222454752,0.05886954151969724,NA,0.3000000163448838,NA,NA,NA,-0.6425124998646166,1.1492058196026047,0.032057984132639224,0.04298601579363389,3.541070984910412e-9,-18.971155829074892,0.9999999761327621,0.21161347044242523,NA,5.571239485800194,9.307182781975736e-4,0.006306163428431825,0.03404010621054579,0.018257235630827057,0.018257235630827057,0.03647715569780581,0.632455532033676|0.632455532033676|0.632455532033676|0.2|0.2|0.2|0.0632455532033676|0.0632455532033676|0.0632455532033676|0.02|0.02|0.02|0.00632455532033676|0.00632455532033676|0.00632455532033676|0.002|0.002|0.002,5.83210398151238|6.14136995384322|4.89222987096647|2.31250511984375|2.72287368811445|0.840078770393087|1.26092879579057|1.41437873562604|1.70592197591179|0.582248511813548|0.866353282826502|1.21974234345563|0.664756786919349|1.89634667796592|1.77766454982239|1.20834354115288|1.0509153987525|0.347580909313401,dt4,Definitive_rep3
Fenbendazole,Cytoplasm_DNA_Profile,Mahalanobis distance (cutoff = 1),7,0.8518946031153483,pow,4.493981738687806,0.6816547506927876,120.26446783132738,NA,NA,7.52435106290879,NA,NA,NA,-0.5072135664829271,1.1492058196026047,0.5277699172577514,0.5530662153181767,2.139979984727856e-5,-19.738979466232546,0.9994260801695557,0.5767964242533403,NA,3.828398789687071,0.42473762357218525,0.46572351768442843,0.5106644264291216,0.5179574730008304,0.5179574730008304,0.5389803461262178,0.632455532033676|0.632455532033676|0.632455532033676|0.2|0.2|0.2|0.0632455532033676|0.0632455532033676|0.0632455532033676|0.02|0.02|0.02|0.00632455532033676|0.00632455532033676|0.00632455532033676|0.002|0.002|0.002,4.41964672361174|3.12231064425575|3.87693577797957|0.176654620026904|0.0214762291723026|-0.543842460999554|-0.00605075510217112|-0.716813740120452|0.939830168940144|0.0186229281775567|1.07630104416655|1.24286289515587|-0.708970156316965|0.201045372913084|-0.284080192022499|0.746219899479759|1.1937668173787|0.692152024755189,dt4,Definitive_rep3
Fenbendazole,Membrane_AGP_Texture,Mahalanobis distance (cutoff = 1),8,0.8518946031153483,poly2,2.0034672847736266,0.6027698555728359,-7.894086995684177,-0.632578115271635,NA,NA,NA,NA,NA,-0.6881603035952575,1.1492058196026047,0.10602083480132979,0.11928505378181041,0.012683077837901825,-15.012845121189827,0.9710161241468663,0.07800150770298953,NA,1.706742967416813,0.006913902157170283,0.013985889153049554,0.028651015351268336,0.07784447237211913,0.07784447237211913,0.11187533138238319,0.632455532033676|0.632455532033676|0.632455532033676|0.2|0.2|0.2|0.0632455532033676|0.0632455532033676|0.0632455532033676|0.02|0.02|0.02|0.00632455532033676|0.00632455532033676|0.00632455532033676|0.002|0.002|0.002,0.201086816660936|-0.215183750077463|0.0121771049230083|1.24940017071153|1.67954204462682|2.38497685830505|0.208602122127753|0.419947015376915|1.38879827887298|-0.26506915071876|0.0603037088730113|1.5130723469835|-0.286573911415224|1.14995829119587|1.10010797754617|-0.0833910846609326|0.0704078216213516|0.885481026089708,dt4,Definitive_rep3
Fenbendazole,Nucleus_DNA_Texture,Mahalanobis distance (cutoff = 1),9,0.8518946031153483,exp2,6.78441222529017,1.644011737293447,0.4857377844685151,0.24733123758926168,NA,NA,NA,NA,NA,-0.016206059731593336,1.1492058196026047,0.2823076389666411,0.32303254623001193,9.39739653856932e-5,-32.082730299704984,0.9998496194887935,0.4794866286916315,NA,5.779604160034486,0.11546167683466464,0.19386763332552426,0.3011983539661176,0.25054345576625436,0.25054345576625436,0.30018459975260886,0.632455532033676|0.632455532033676|0.632455532033676|0.2|0.2|0.2|0.0632455532033676|0.0632455532033676|0.0632455532033676|0.02|0.02|0.02|0.00632455532033676|0.00632455532033676|0.00632455532033676|0.002|0.002|0.002,6.99707639438109|5.01530901081507|5.56348025460585|0.579925736689605|1.26431311061807|-0.228001763512272|0.481385327339892|-0.28516617646226|-0.0482038217906984|2.7567522198689|3.52774936144062|1.25805868809048|-0.533498744947269|-0.417065183803865|-0.195664389948447|0.853453749822314|-0.22489181792396|4.77455149283642,dt4,Definitive_rep3
Fenbendazole,Nucleus_DNA_Intensity,Mahalanobis distance (cutoff = 1),5,0.8518946031153483,pow,2.9333429587139976,0.6520173727291764,164.5502763953366,NA,NA,9.139819405148122,NA,NA,NA,-0.8055709418756798,1.1492058196026047,0.5696016353613957,0.5961717067347343,1.869153047667629e-4,-16.476749408242398,0.9991780968326629,0.586264904414092,NA,2.4988990356148624,0.4557036893121398,0.4916076625150455,0.530340437244006,0.5622056361117229,0.5622056361117229,0.5809248818211049,0.632455532033676|0.632455532033676|0.632455532033676|0.2|0.2|0.2|0.0632455532033676|0.0632455532033676|0.0632455532033676|0.02|0.02|0.02|0.00632455532033676|0.00632455532033676|0.00632455532033676|0.002|0.002|0.002,2.57746811278148|1.87893603168819|2.91437455023239|0.0634314571144787|-0.163080125306056|-0.522328288982229|-0.36008567957911|-0.585147376197387|0.00718181669937545|0.298859045854024|1.61984240086054|1.68905906681374|-0.599099741458799|-0.0838741158011657|-0.38765678615464|-0.0632965816576189|-0.135262694050013|0.456979685551114,dt4,Definitive_rep3
Fenbendazole,Nucleus_RNA_Profile,Mahalanobis distance (cutoff = 1),8,0.8518946031153483,poly1,4.122660295672189,0.9218592184013541,5.5530735023661055,NA,NA,NA,NA,NA,NA,-0.2069752177482913,1.1492058196026047,0.17065515694002492,0.265053833857224,7.71599812305229e-5,-25.14691345201133,0.9987270275295864,0.316227766016838,NA,3.5120720563610637,0.031622776601683805,0.06324555320336761,0.12649110640673522,0.1534095672878029,0.1534095672878029,0.20694950627124606,0.632455532033676|0.632455532033676|0.632455532033676|0.2|0.2|0.2|0.0632455532033676|0.0632455532033676|0.0632455532033676|0.02|0.02|0.02|0.00632455532033676|0.00632455532033676|0.00632455532033676|0.002|0.002|0.002,3.83068416193463|3.81837599927961|2.99332802990385|2.5572398277972|0.702885292994251|-0.0243395408749144|-0.388207493198749|-0.370560586764755|1.88424536341803|0.203678826861033|-0.0725673679473781|1.41937009915181|-0.292156154727504|-0.593411001042793|-0.540310278283758|1.3007641591415|1.73188457908142|0.820971930758164,dt4,Definitive_rep3
Fenbendazole,Nucleus_RNA_Radial,Mahalanobis distance (cutoff = 1),16,0.8518946031153483,pow,9.160601132941936,1.7377700160574703,9.20200999347291,NA,NA,0.3597168337071699,NA,NA,NA,0.4341408070110586,1.1492058196026047,0.002028232301635617,0.005469309375347027,1.6269444660016902e-6,-36.608410609727166,0.999997787184359,0.09208254576062994,NA,7.80386666644558,1.5283150670877273e-4,0.0010497009079035691,0.007209717549623087,0.001339416274033023,0.001339416274033023,0.003078535499838848,0.632455532033676|0.632455532033676|0.632455532033676|0.2|0.2|0.2|0.0632455532033676|0.0632455532033676|0.0632455532033676|0.02|0.02|0.02|0.00632455532033676|0.00632455532033676|0.00632455532033676|0.002|0.002|0.002,9.37749603003357|8.22350790026054|8.61516274178907|2.69357623060244|2.3184860583067|1.77279725096566|2.66645247937831|2.98262591221321|2.00080144926227|4.22790189462233|4.30097344753543|4.83029124637432|1.64719579774485|2.49985028320031|3.55490950442908|1.82283548366199|0.0424788191264329|-0.0638449593118735,dt4,Definitive_rep3
Fenbendazole,Nucleus_RNA_Axial,Mahalanobis distance (cutoff = 1),8,0.8518946031153483,poly1,2.6053792479403532,1.7344502830108075,3.50935110528993,NA,NA,NA,NA,NA,NA,-0.11913259127323969,1.1492058196026047,0.2409935838196159,0.5037449210035863,0.014116973826323214,-31.961890119412033,0.9826466239034476,0.316227766016838,NA,2.2195085203891116,0.0316227766016838,0.0632455532033676,0.1264911064067352,0.24274989237503716,0.24274989237503716,0.3274696048139251,0.632455532033676|0.632455532033676|0.632455532033676|0.2|0.2|0.2|0.0632455532033676|0.0632455532033676|0.0632455532033676|0.02|0.02|0.02|0.00632455532033676|0.00632455532033676|0.00632455532033676|0.002|0.002|0.002,2.22937919517247|1.70370146265337|2.48088793294423|1.92714452383507|0.829516163655222|0.373705924344924|-0.415585283509138|0.0283287613597926|0.462033505703742|2.45489250987368|4.22298839168908|5.1074207693224|-0.358872099310329|-0.437359657682855|0.16512160441352|1.71900700963914|0.135595909317734|-0.233423647373602,dt4,Definitive_rep3
Fenbendazole,Nucleus_RNA_Compactness,Mahalanobis distance (cutoff = 1),11,0.8518946031153483,poly1,7.378965494522871,1.1527807226187747,9.939198193342229,NA,NA,NA,NA,NA,NA,-0.20124479664642136,1.1492058196026047,0.10211862963835287,0.1325487943400165,1.2035387719573886e-7,-27.029244422201327,0.999946149174847,0.316227766016838,NA,6.2861008813584105,0.0316227766016838,0.0632455532033676,0.1264911064067352,0.08571059622153322,0.08571059622153322,0.11562359430284831,0.632455532033676|0.632455532033676|0.632455532033676|0.2|0.2|0.2|0.0632455532033676|0.0632455532033676|0.0632455532033676|0.02|0.02|0.02|0.00632455532033676|0.00632455532033676|0.00632455532033676|0.002|0.002|0.002,6.01579764781983|5.99394006379251|7.34662262651548|2.46146591615229|1.15976585934695|1.0752881464352|0.764200921274985|-0.0849340333468576|3.88031447106125|0.447082434317175|1.0319886484364|1.83348099242664|0.853817906494201|0.141517367118148|0.704243113811259|0.336368536104772|2.2986306963182|-0.150644207277965,dt4,Definitive_rep3
Fenbendazole,Nucleus_RNA_Symmetry,Mahalanobis distance (cutoff = 1),16,0.8518946031153483,pow,11.245094377954391,2.271620076009597,10.991071359965115,NA,NA,0.3000002743171386,NA,NA,NA,0.6695887777010245,1.1492058196026047,3.1905598921656516e-4,0.0010133797367944996,3.1003635413369134e-7,-41.09665805913292,0.9999996761708436,0.06274766862073174,NA,9.57963521210209,2.9125092205519587e-5,2.935619137933311e-4,0.002958912425817873,1.9852849478329477e-4,1.9852849478329477e-4,5.385122898282756e-4,0.632455532033676|0.632455532033676|0.632455532033676|0.2|0.2|0.2|0.0632455532033676|0.0632455532033676|0.0632455532033676|0.02|0.02|0.02|0.00632455532033676|0.00632455532033676|0.00632455532033676|0.002|0.002|0.002,9.16470414929883|7.67156310111105|11.3669011797706|11.9581662328737|3.40918436332771|7.80591371672167|6.27094685336015|1.54765635318011|3.50343843548605|2.64856387670478|4.26134508838799|5.58986225855692|0.0737819890891338|2.86466192804178|2.43971094118853|4.20545560936118|5.13239613327667|0.136866799167916,dt4,Definitive_rep3
Fenbendazole,Cell_DNA_Radial,Mahalanobis distance (cutoff = 1),8,0.8518946031153483,pow,7.519338679990827,0.9405075132913082,448.79124019491275,NA,NA,9.275161169662201,NA,NA,NA,-0.40776630671372105,1.1492058196026047,0.5197970368731727,0.5318035186590111,2.4071299636185513e-7,-23.407828255702498,0.9999323000867478,0.5869140355401351,NA,6.405684040480672,0.4578884167748275,0.49341819194504116,0.5317048940812993,0.5088207677483576,0.5088207677483576,0.5255112845019404,0.632455532033676|0.632455532033676|0.632455532033676|0.2|0.2|0.2|0.0632455532033676|0.0632455532033676|0.0632455532033676|0.02|0.02|0.02|0.00632455532033676|0.00632455532033676|0.00632455532033676|0.002|0.002|0.002,5.94268838769402|7.01089975891496|6.31813582725152|-0.242703954546066|-0.0503190774731066|-0.499694771812927|-0.131580988074449|-0.59668893521015|0.96197001984264|-0.464150670572046|-0.249475619580074|0.361895797938185|-0.388944069791381|1.66201750233551|0.0408706888400832|1.00254919797093|2.64570735898494|1.54751238732213,dt4,Definitive_rep3
Fenbendazole,Cell_AGP_Compactness,Mahalanobis distance (cutoff = 1),8,0.8518946031153483,pow,2.6063003112376157,0.9394739549029664,2.5474246729093575,NA,NA,0.30000013421426885,NA,NA,NA,-0.31505889474927307,1.1492058196026047,0.030470496980107464,0.2198876101777087,5.702893865136386e-4,-24.070685804820744,0.9985863482916777,0.06274760091479498,NA,2.2202931692411774,2.9124956382549003e-5,2.935608615442604e-4,0.002958905012549453,0.025958669538427983,0.025958669538427983,0.07041341397260169,0.632455532033676|0.632455532033676|0.632455532033676|0.2|0.2|0.2|0.0632455532033676|0.0632455532033676|0.0632455532033676|0.02|0.02|0.02|0.00632455532033676|0.00632455532033676|0.00632455532033676|0.002|0.002|0.002,4.92510096856493|2.44803911410788|2.29555601622011|0.504983166575905|0.331360546780451|0.706080033678456|1.63382217738729|0.150764343040864|1.71327327726807|1.72327303632682|1.53717499784827|0.824089321337039|0.458625521700134|0.603509541310841|0.00540324641121825|-0.296086196954433|1.50122819865498|0.664846349445481,dt4,Definitive_rep3
Fenbendazole,Cell_ER_Compactness,Mahalanobis distance (cutoff = 1),12,0.8518946031153483,poly1,8.09057017241452,2.06009488281295,10.897703817758607,NA,NA,NA,NA,NA,NA,0.44785829232903673,1.1492058196026047,0.08700819847011335,0.1361891103387253,1.2010929237204695e-4,-38.0941768293746,0.9998419270353696,0.316227766016838,NA,6.892313066005942,0.0316227766016838,0.0632455532033676,0.1264911064067352,0.07817193579138419,0.07817193579138419,0.10545394138257727,0.632455532033676|0.632455532033676|0.632455532033676|0.2|0.2|0.2|0.0632455532033676|0.0632455532033676|0.0632455532033676|0.02|0.02|0.02|0.00632455532033676|0.00632455532033676|0.00632455532033676|0.002|0.002|0.002,7.81334410575952|5.81399981547435|7.67774497591028|1.4682627453517|-0.0556622481932268|0.260468522174039|3.1133333091647|2.73683008727683|1.34843937844858|5.91127396300722|2.22551351657841|1.76786720447925|-0.167080233331414|0.264471199720126|0.605634093873432|0.43790944711356|3.74049007231385|0.941169568304529,dt4,Definitive_rep3
Fenbendazole,Nucleus_DNA_Profile,Mahalanobis distance (cutoff = 1),6,0.8518946031153483,pow,4.705320238751723,0.79208461517195206,20.264654425076298,NA,NA,3.537036404754666,NA,NA,NA,-0.3765318942172975,1.1492058196026047,0.42391060847083906,0.4685802961755585,3.858059945493676e-5,-22.173069269046433,0.9989657558099142,0.5199026409924046,NA,4.0084369173220145,0.2711436636873127,0.3298431216805932,0.40125033143118,0.4082008048011484,0.4082008048011484,0.44425381742762976,0.632455532033676|0.632455532033676|0.632455532033676|0.2|0.2|0.2|0.0632455532033676|0.0632455532033676|0.0632455532033676|0.02|0.02|0.02|0.00632455532033676|0.00632455532033676|0.00632455532033676|0.002|0.002|0.002,4.73453295192317|3.76756223718163|3.65181984551233|0.441422219800715|0.335061916400725|-0.696152386785626|-0.348327137365956|-0.726276692990991|0.301519225539159|-0.362523158057686|-0.606137904379046|-0.667796049934213|-0.745808256705407|-0.615501412426403|-0.732630373341397|1.38868418377087|1.77135030809394|1.24966625520248,dt4,Definitive_rep3
Fenbendazole,Nucleus_DNA_Radial,Mahalanobis distance (cutoff = 1),11,0.8518946031153483,poly1,5.615871744040016,1.7382409287149252,7.564375024362867,NA,NA,NA,NA,NA,NA,0.22402284449098064,1.1492058196026047,0.12310557754065465,0.1958732283432317,2.2710287186278308e-4,-34.784120942496166,0.9997397818241534,0.316227766016838,NA,4.784130830535668,0.0316227766016838,0.0632455532033676,0.1264911064067352,0.11261929774391397,0.11261929774391397,0.15192343265653993,0.632455532033676|0.632455532033676|0.632455532033676|0.2|0.2|0.2|0.0632455532033676|0.0632455532033676|0.0632455532033676|0.02|0.02|0.02|0.00632455532033676|0.00632455532033676|0.00632455532033676|0.002|0.002|0.002,5.08579586130241|4.39620400678394|4.42596403351308|2.92113671637656|2.59349361330857|0.921074299084916|0.12678185189703|0.569403541580944|-0.624380085552091|3.38219276282859|4.39492355737534|3.73063911602797|-0.680947175909859|-0.489644650354002|-0.736222465185587|0.816385680688892|2.24332029025036|0.946294117820725,dt4,Definitive_rep3
Fenbendazole,Nucleus_DNA_Axial,Mahalanobis distance (cutoff = 1),5,0.8518946031153483,pow,4.832382541635891,0.8180778660135091,229.90534637359568,NA,NA,8.78022746703852,NA,NA,NA,-0.7505086604983516,1.1492058196026047,0.5401367756966933,0.5544749376711897,1.2330854493457287e-6,-18.714461048277805,0.9999400496847264,0.5844468300106939,NA,4.116680607408445,0.44962737169769695,0.4865614868315174,0.5265295117016773,0.528578281097372,0.528578281097372,0.5469110143876196,0.632455532033676|0.632455532033676|0.632455532033676|0.2|0.2|0.2|0.0632455532033676|0.0632455532033676|0.0632455532033676|0.02|0.02|0.02|0.00632455532033676|0.00632455532033676|0.00632455532033676|0.002|0.002|0.002,4.50609244101992|4.07320232187325|3.79679071466529|0.074338576628314|-0.139648878567271|-0.291029268347109|-0.648112372314068|-0.376071267904676|-0.476313991629058|0.716022860365254|1.73872114356946|2.60486190014273|0.117862667197236|-0.451127803722378|-0.0837241511409327|0.322409890494098|0.32261125385864|0.372658602572553,dt4,Definitive_rep3
Fenbendazole,Nucleus_DNA_Compactness,Mahalanobis distance (cutoff = 1),8,0.8518946031153483,pow,6.5362173145429,0.7927783631352566,24.01331840859858,NA,NA,3.1901282387435623,NA,NA,NA,-0.42772992353314876,1.1492058196026047,0.3732518458963199,0.4001772264820604,5.510180900478524e-7,-21.73810775527614,0.9997484294366746,0.5089405083682327,NA,5.5681682550481915,0.24728626605352433,0.3073002922540897,0.38187915215238494,0.3511171403326714,0.3511171403326714,0.38566168063299133,0.632455532033676|0.632455532033676|0.632455532033676|0.2|0.2|0.2|0.0632455532033676|0.0632455532033676|0.0632455532033676|0.02|0.02|0.02|0.00632455532033676|0.00632455532033676|0.00632455532033676|0.002|0.002|0.002,5.15885133492055|5.7283322286689|5.78853230780688|0.070481203671649|0.909551407571262|-0.43076356710271|-0.621988478042954|-0.580804653185582|1.38010660129917|-0.190637082250593|-0.418599588312552|-0.587269855973313|-0.421811666732917|1.29824749519666|-0.695945421862803|1.00892608408304|-0.168267191317314|1.8895688758368,dt4,Definitive_rep3
Fenbendazole,Nucleus_DNA_Symmetry,Mahalanobis distance (cutoff = 1),10,0.8518946031153483,poly1,4.041271105064245,1.495131319728747,5.443445222243572,NA,NA,NA,NA,NA,NA,0.04654423733815767,1.1492058196026047,0.16680274350108826,0.29309226347321066,0.0019580584020839507,-31.661025557323796,0.9972733867599126,0.316227766016838,NA,3.44273704413023,0.031622776601683805,0.06324555320336761,0.12649110640673522,0.15649915969288125,0.15649915969288125,0.2111173664256968,0.632455532033676|0.632455532033676|0.632455532033676|0.2|0.2|0.2|0.0632455532033676|0.0632455532033676|0.0632455532033676|0.02|0.02|0.02|0.00632455532033676|0.00632455532033676|0.00632455532033676|0.002|0.002|0.002,3.45396560411078|3.28451122891554|4.14852724526163|1.51783791702341|0.292879346662589|-0.281497700192663|-0.527058503497804|-0.110188137256526|-0.594781715807944|0.985858604551497|2.29580700960369|4.12368284620862|0.579327052003155|-0.00779708739822393|0.346915918403682|1.00007771053855|1.16116584822593|3.29771128719034,dt4,Definitive_rep3
Taxol (Paclitaxel),Ring_Mito_Texture,Mahalanobis distance (cutoff = 1),9,0.8518946031153483,hill,14.136549760336498,1.9115152633940933,NA,NA,12.042850447502232,3.014365710806253,NA,0.043310054508992196,NA,-0.14007293322249198,1.1492058196026047,0.018172478860571224,0.024159806906979126,1.028873957748077e-9,-25.867306355260663,0.9999999986951437,0.043310054508992196,NA,12.042850447502232,0.016306807194513818,0.02089410569588448,0.027343776074840967,0.018430555524448958,0.018430555524448958,0.02053754951321431,0.411522633744856|0.411522633744856|0.411522633744856|0.137174211248285|0.137174211248285|0.137174211248285|0.0316227766016838|0.0316227766016838|0.0316227766016838|0.01|0.01|0.01|0.00316227766016838|0.00316227766016838|0.00316227766016838,12.89351926873|11.7725423464521|11.9351020525421|4.9779796849967|10.4637846663041|13.6781225423462|3.58309026132031|4.24510306225571|2.20648467885445|-0.0924769175426542|-0.0983613750690974|-0.50516844425575|-0.641448071094454|-0.119708174962597|-0.667559466184533,dt4,Definitive_rep3
Taxol (Paclitaxel),Ring_AGP_Texture,Mahalanobis distance (cutoff = 1),10,0.8518946031153483,exp5,5.659474296375391,1.3117864411644191,NA,NA,4.821275609552229,7.999994038847124,NA,0.022563889842426015,NA,-0.07742859800877964,1.1492058196026047,0.010766560789325435,0.024263331510685927,7.203505968491853e-7,-24.62608057823741,0.9999991363625521,0.022563889842426015,NA,4.821275609552229,0.016295521252766603,0.01782975797144265,0.01958320566335972,0.019248890115260636,0.019248890115260636,0.0200765150631665,0.411522633744856|0.411522633744856|0.411522633744856|0.137174211248285|0.137174211248285|0.137174211248285|0.0316227766016838|0.0316227766016838|0.0316227766016838|0.01|0.01|0.01|0.00316227766016838|0.00316227766016838|0.00316227766016838,2.88484180958072|4.9541374356536|3.84743269481127|4.59088807121653|4.14754903234599|8.19665619039273|4.61868378121308|7.19193396809212|6.28291102273891|-0.0852970890229818|-0.451107396172321|0.00670501386084421|0.998066927772024|-0.146515573462166|0.404244576243326,dt4,Definitive_rep3
Taxol (Paclitaxel),Ring_ER_Texture,Mahalanobis distance (cutoff = 1),12,0.8518946031153483,pow,33.225588503361124,2.006921574775777,51.91132126252456,NA,NA,0.6830893371230937,NA,NA,NA,0.13227937919458255,1.1492058196026047,0.0034619824640166764,0.004075778989300117,5.703424848098861e-13,-29.35397226007585,0.9999999999958173,0.14917796196847877,NA,28.304699531344703,0.005125866733543064,0.014140226549404802,0.039007258140378386,0.002438108489939034,0.002438108489939034,0.0037790477284124165,0.411522633744856|0.411522633744856|0.411522633744856|0.137174211248285|0.137174211248285|0.137174211248285|0.0316227766016838|0.0316227766016838|0.0316227766016838|0.01|0.01|0.01|0.00316227766016838|0.00316227766016838|0.00316227766016838,31.9305066268447|22.3402588671443|28.0082006143106|13.9498374568822|13.5737631768044|12.4178123364715|5.06139212188325|5.04848206030342|5.62651202594924|2.63186859503252|0.0641536041634142|0.18893086219829|1.63567529634787|1.55466660981779|0.819647508732293,dt4,Definitive_rep3
Taxol (Paclitaxel),Ring_Mito_Intensity,Mahalanobis distance (cutoff = 1),7,0.8518946031153483,exp2,14.630440432801095,3.030095433698243,8.451372441703103e-12,0.014687006306033,NA,NA,NA,NA,NA,0.2736195687459446,1.1492058196026047,0.3747875933487354,0.3782073425236974,6.0079432792654776e-6,-32.94845388271653,0.9999715557267753,0.401342376732973,NA,12.463593245903832,0.36752429495217115,0.3777045519639645,0.3878848089758076,0.37211586368695415,0.37211586368695415,0.3765126184334257,0.411522633744856|0.411522633744856|0.411522633744856|0.137174211248285|0.137174211248285|0.137174211248285|0.0316227766016838|0.0316227766016838|0.0316227766016838|0.01|0.01|0.01|0.00316227766016838|0.00316227766016838|0.00316227766016838,22.9042170189927|11.7428210619599|12.5105085166576|-0.245470500093431|-0.486168331588402|-0.378873959530056|-0.562932599028665|-0.658002482845165|-0.446458224557335|0.968462812249734|-0.340238615863278|-0.160624684361176|3.10431145490646|2.80571365996676|2.86639646621672,dt4,Definitive_rep3
Taxol (Paclitaxel),Ring_AGP_Intensity,Mahalanobis distance (cutoff = 1),9,0.8518946031153483,hill,6.137712883675438,0.6786594058530865,NA,NA,5.228684481074647,3.2260679445255835,NA,0.02956289691025157,NA,-0.6176534205850004,1.1492058196026047,0.01746561171028877,0.02274191403302657,7.605347472483774e-10,-15.542258048623815,0.999999991298636,0.02956289691025157,NA,5.228684481074647,0.011867671172202936,0.014960833465644238,0.019236387627701492,0.017800254074488167,0.017800254074488167,0.019961661693463698,0.411522633744856|0.411522633744856|0.411522633744856|0.137174211248285|0.137174211248285|0.137174211248285|0.0316227766016838|0.0316227766016838|0.0316227766016838|0.01|0.01|0.01|0.00316227766016838|0.00316227766016838|0.00316227766016838,6.86686391184982|5.22730369812848|5.40798514882064|4.10895823412391|5.64746386066996|4.15557981804846|2.92214486852794|3.35881477642629|2.45869985961386|0.397665283919781|-0.0245545844977602|-0.0469108348656818|-0.384469856490562|-0.728050991654387|-0.710677934239577,dt4,Definitive_rep3
Taxol (Paclitaxel),Ring_ER_Intensity,Mahalanobis distance (cutoff = 1),9,0.8518946031153483,pow,2.2788770433923835,1.1191914336613615,2.5338955034339588,NA,NA,0.3000001512694702,NA,NA,NA,-0.23405796876653467,1.1492058196026047,0.02991103375910257,0.22528464931672743,0.005699707432116965,-22.32695710395386,0.9891618319695109,0.04082826392299294,NA,1.9413630544294327,1.8950874734062104e-5,1.9101262539694084e-4,0.0019252843772669139,0.026423561240236256,0.026423561240236256,0.07167443801133593,0.411522633744856|0.411522633744856|0.411522633744856|0.137174211248285|0.137174211248285|0.137174211248285|0.0316227766016838|0.0316227766016838|0.0316227766016838|0.01|0.01|0.01|0.00316227766016838|0.00316227766016838|0.00316227766016838,1.86639561683475|1.92345910177244|1.6490894374273|1.71606593472893|1.59650524580929|3.57425855604505|0.0802684452877495|0.153174840924576|-0.0137256108270319|3.24568610528552|0.241943545334619|1.30814878407841|0.157412802847243|2.50670884412874|0.298022047497282,dt4,Definitive_rep3
Taxol (Paclitaxel),Cytoplasm_Mito_Texture,Mahalanobis distance (cutoff = 1),10,0.8518946031153483,poly2,12.011621253759023,2.5800756796865634,-50.90456867642842,-0.4922340195935924,NA,NA,NA,NA,NA,0.16122033139483816,1.1492058196026047,0.010964792927708576,0.011921301990237531,1.7465318980323078e-5,-28.489217530625147,0.9999824616880735,0.05579870291737674,NA,10.232635320742924,0.004998097113594298,0.010102015366902417,0.02065620903495796,0.008380274597882362,0.008380274597882362,0.01137540599936634,0.411522633744856|0.411522633744856|0.411522633744856|0.137174211248285|0.137174211248285|0.137174211248285|0.0316227766016838|0.0316227766016838|0.0316227766016838|0.01|0.01|0.01|0.00316227766016838|0.00316227766016838|0.00316227766016838,5.99067860645274|6.90118153774952|8.06306464546568|1.24907237291111|10.6901887970995|10.5587494685636|2.3873652693504|6.01472891892174|2.93276547084748|-0.241312540953925|-0.477051614075607|-0.647841208973198|0.59333666789697|1.19579685880499|0.0219946802809748,dt4,Definitive_rep3
Taxol (Paclitaxel),Cytoplasm_AGP_Texture,Mahalanobis distance (cutoff = 1),8,0.8518946031153483,poly1,7.35093668970473,0.8469482745126918,15.217202603939011,NA,NA,NA,NA,NA,NA,-0.3561022792625482,1.1492058196026047,0.06738844564234368,0.08951958537313642,1.1434978915368324e-7,-19.15991277677939,0.9999855773300748,0.205761316872428,NA,6.262223293802062,0.020576131687242802,0.041152263374485604,0.08230452674897121,0.05598233954608932,0.05598233954608932,0.07552017604767448,0.411522633744856|0.411522633744856|0.411522633744856|0.137174211248285|0.137174211248285|0.137174211248285|0.0316227766016838|0.0316227766016838|0.0316227766016838|0.01|0.01|0.01|0.00316227766016838|0.00316227766016838|0.00316227766016838,4.25642752219441|6.52714463217329|6.73234785557011|1.21155599557862|1.74660191068724|3.30199214412768|0.545972149039988|1.61496858342918|1.4878934942227|-0.726187587009295|-0.417882268681215|-0.663656489821066|0.0229211008959569|-0.0485254037801107|0.157119853422679,dt4,Definitive_rep3
Taxol (Paclitaxel),Cytoplasm_ER_Texture,Mahalanobis distance (cutoff = 1),8,0.8518946031153483,exp4,1.8362773701966149,0.6555021254885288,NA,NA,1.5643147814933407,NA,NA,0.02246880669538215,NA,-0.5878709016396504,1.1492058196026047,0.016394524293375654,0.0882216151695764,5.762213717874634e-4,-15.521946938781543,0.9901644154092821,0.02246880669538215,NA,1.5643147814933407,0.001662704759806107,0.0034153281237169365,0.007233340133836786,0.02549604173085077,0.02549604173085077,0.043004596474531254,0.411522633744856|0.411522633744856|0.411522633744856|0.137174211248285|0.137174211248285|0.137174211248285|0.0316227766016838|0.0316227766016838|0.0316227766016838|0.01|0.01|0.01|0.00316227766016838|0.00316227766016838|0.00316227766016838,0.572070462496873|1.07350590053403|1.64750070295772|1.92431358561684|1.72387087169842|2.29707310664052|0.595554847261194|1.25965707812332|0.759071050420361|1.65829339563657|-0.246125879700024|0.00420507564795758|0.63294973687299|1.46156190819246|0.409084737558554,dt4,Definitive_rep3
Taxol (Paclitaxel),Cytoplasm_Mito_Intensity,Mahalanobis distance (cutoff = 1),7,0.8518946031153483,exp2,8.13213496732284,1.783346386366099,4.441999222645943e-7,0.024846616292409883,NA,NA,NA,NA,NA,0.32097963723183953,1.1492058196026047,0.36116418923022314,0.3735897563711824,0.001073004859894333,-30.04314718617463,0.9987445228369805,0.394300273308462,NA,6.927721890467936,0.3370888536988046,0.35431119979690934,0.3715335538607272,0.3594485229678366,0.3594485229678366,0.366886691551323,0.411522633744856|0.411522633744856|0.411522633744856|0.137174211248285|0.137174211248285|0.137174211248285|0.0316227766016838|0.0316227766016838|0.0316227766016838|0.01|0.01|0.01|0.00316227766016838|0.00316227766016838|0.00316227766016838,9.90828396919514|5.02882567138421|6.84126080700922|-0.18977790280182|-0.404403208307143|-0.315857156514294|-0.581382919817756|-0.0939162735385344|-0.3151219549593|1.80828378995566|-0.228119830706336|0.323194759713908|2.90911384880425|3.43776538631406|3.27942392372285,dt4,Definitive_rep3
Taxol (Paclitaxel),Cytoplasm_AGP_Intensity,Mahalanobis distance (cutoff = 1),8,0.8518946031153483,pow,3.3819625189836287,0.5245071198083279,4.774262825319749,NA,NA,0.5688488008572806,NA,NA,NA,-0.8526009093944766,1.1492058196026047,0.06640943924877232,0.10302857602293698,6.723833469578957e-7,-11.800234030873561,0.9997685144283137,0.12167522176960716,NA,2.881075617860542,0.0021245441939544956,0.007185505885980511,0.024302386829316493,0.04832241831857597,0.04832241831857597,0.0817902237731568,0.411522633744856|0.411522633744856|0.411522633744856|0.137174211248285|0.137174211248285|0.137174211248285|0.0316227766016838|0.0316227766016838|0.0316227766016838|0.01|0.01|0.01|0.00316227766016838|0.00316227766016838|0.00316227766016838,2.73705756479796|2.69229964306966|3.18426480893318|1.54987306584727|1.33072422534394|2.07138788841471|0.302637531338931|0.871055588660474|0.0309552527110079|1.63934264684964|0.696245432807216|0.813545831915813|-0.616003456757758|0.13848949521017|-0.473300417772076,dt4,Definitive_rep3
Taxol (Paclitaxel),Cytoplasm_ER_Intensity,Mahalanobis distance (cutoff = 1),7,0.8518946031153483,poly1,2.503469382219346,1.5637719912052663,5.182441695538537,NA,NA,NA,NA,NA,NA,0.06013223925693208,1.1492058196026047,0.1505646098111536,0.430176582375339,0.06923886788964725,-26.777960767377003,0.904175919067745,0.205761316872428,NA,2.132692055777176,0.020576131687242802,0.041152263374485604,0.08230452674897121,0.16438093338295107,0.16438093338295107,0.22174987913360097,0.411522633744856|0.411522633744856|0.411522633744856|0.137174211248285|0.137174211248285|0.137174211248285|0.0316227766016838|0.0316227766016838|0.0316227766016838|0.01|0.01|0.01|0.00316227766016838|0.00316227766016838|0.00316227766016838,2.28334075811444|1.37304573867205|2.96033770317949|-0.410197311514452|-0.139970153468701|2.13999977644243|-0.31233302756259|0.0875525465441647|-0.0962733573072777|4.52139345328708|0.717485944161901|2.27690272365962|0.0386538457423596|2.3644708075256|0.449311302474955,dt4,Definitive_rep3
Taxol (Paclitaxel),Cytoplasm_Mito_Profile,Mahalanobis distance (cutoff = 1),10,0.8518946031153483,exp2,60.97587249596497,3.0910614634157696,2.9111604178195187,0.14015660227816187,NA,NA,NA,NA,NA,0.4856629350222831,1.1492058196026047,0.045719561744928625,0.0478092923601007,2.277623588530012e-12,-35.353051916305354,0.9999999747288091,0.3216207989149371,NA,51.94501669956216,0.08938129518594798,0.14352191225960773,0.21292935481778935,0.03597530730320617,0.03597530730320617,0.04663310164411511,0.411522633744856|0.411522633744856|0.411522633744856|0.137174211248285|0.137174211248285|0.137174211248285|0.0316227766016838|0.0316227766016838|0.0316227766016838|0.01|0.01|0.01|0.00316227766016838|0.00316227766016838|0.00316227766016838,60.234309356137|44.4357127187135|52.0398658286027|3.175564210927|7.41196090846429|3.71916688287836|2.63268174622532|1.82171999028858|1.91966731633214|1.32066289552614|0.483278908933962|0.0236611718905484|0.184976930287985|0.0055081190151931|-0.158612589058712,dt4,Definitive_rep3
Taxol (Paclitaxel),Cytoplasm_AGP_Profile,Mahalanobis distance (cutoff = 1),12,0.8518946031153483,exp4,27.738323351235376,1.7235749238115505,NA,NA,23.630127962385856,NA,NA,0.07119708078935158,NA,0.3990104667693557,1.1492058196026047,0.0041067506713947126,0.006419740832351421,1.1028166705820863e-12,-30.088077106134875,0.9999999999791047,0.07119708078935158,NA,23.630127962385856,0.0052686253755115774,0.010822176524238579,0.022920340580057576,0.003771422103996894,0.003771422103996894,0.005120937416303948,0.411522633744856|0.411522633744856|0.411522633744856|0.137174211248285|0.137174211248285|0.137174211248285|0.0316227766016838|0.0316227766016838|0.0316227766016838|0.01|0.01|0.01|0.00316227766016838|0.00316227766016838|0.00316227766016838,23.9167716255076|21.8286955984016|24.1236869148898|13.3878969386491|15.811170434148|19.9474181264073|7.97471375572293|8.52396180646216|6.68990740653147|1.2784965482529|1.43618103429412|1.14273007816931|-0.559670684102904|-0.676340000921076|-0.625777019368505,dt4,Definitive_rep3
Taxol (Paclitaxel),Cytoplasm_ER_Profile,Mahalanobis distance (cutoff = 1),15,0.8518946031153483,pow,25.66665090689147,2.286711513331482,35.8945919925286,NA,NA,0.5582739835153063,NA,NA,NA,0.532850680529003,1.1492058196026047,0.0017860374203749834,0.0023949745890992392,1.4766523269582535e-10,-33.388224812609735,0.9999999995709704,0.1188990015284596,NA,21.865281387626503,0.0019228394617602563,0.006655160677549667,0.02303424936133626,0.0012299346177274458,0.0012299346177274458,0.0021026355531171643,0.411522633744856|0.411522633744856|0.411522633744856|0.137174211248285|0.137174211248285|0.137174211248285|0.0316227766016838|0.0316227766016838|0.0316227766016838|0.01|0.01|0.01|0.00316227766016838|0.00316227766016838|0.00316227766016838,27.0173024359336|21.7953736676094|20.3914266888989|9.45725551554023|10.9586217938097|15.9308419183785|9.63132893350977|4.13991633123557|5.66259569811922|2.48331023874376|1.21790384462723|2.08507300182816|2.5943794200826|1.7688150576539|2.64139125117395,dt4,Definitive_rep3
Taxol (Paclitaxel),Membrane_AGP_Texture,Mahalanobis distance (cutoff = 1),4,0.8518946031153483,exp2,7.588851946299646,0.5459879784616228,0.20669498869609357,0.11844524213702684,NA,NA,NA,NA,NA,-0.7721240181180558,1.1492058196026047,0.2160376659603923,0.22946190816549003,4.9478953456757574e-9,-12.745835729000877,0.9999346304976885,0.3330365429815867,NA,6.464902016894075,0.11151853352128306,0.16792365819210717,0.23473001182682937,0.193474203726793,0.193474203726793,0.22279278729890661,0.411522633744856|0.411522633744856|0.411522633744856|0.137174211248285|0.137174211248285|0.137174211248285|0.0316227766016838|0.0316227766016838|0.0316227766016838|0.01|0.01|0.01|0.00316227766016838|0.00316227766016838|0.00316227766016838,5.74263509100614|6.4679114398301|7.65035858903835|0.26618513281274|0.147267016011853|0.804089000201195|0.740533360640857|0.260026634256898|0.101769637254633|-0.448881171371917|0.40435647480713|0.457013316853461|0.361468721487557|-0.375188471225738|0.986905497033859,dt4,Definitive_rep3
Taxol (Paclitaxel),Membrane_AGP_Intensity,Mahalanobis distance (cutoff = 1),7,0.8518946031153483,pow,6.9362057218037085,0.6063350804072347,17.38513869999273,NA,NA,1.215411572821928,NA,NA,NA,-1.101840899868975,1.1492058196026047,0.10115155951527537,0.11252218373564411,1.7810362584638103e-10,-10.55197045190146,0.999997797195797,0.23265710089018865,NA,5.908916220502378,0.034990467986966894,0.061890952336580575,0.10947238495225768,0.08362703506815934,0.08362703506815934,0.1069833478440899,0.411522633744856|0.411522633744856|0.411522633744856|0.137174211248285|0.137174211248285|0.137174211248285|0.0316227766016838|0.0316227766016838|0.0316227766016838|0.01|0.01|0.01|0.00316227766016838|0.00316227766016838|0.00316227766016838,7.90258402562333|5.88311082480911|5.71504008911212|1.5859232633235|1.77596867195581|1.30729336976|0.899984783567303|0.335360879084063|-0.0428469864772834|-0.0771574606732951|0.0406875518890507|-0.00824628867140964|-0.723935767764071|-0.35643784026039|-0.399602969879946,dt4,Definitive_rep3
Taxol (Paclitaxel),Nucleus_DNA_Texture,Mahalanobis distance (cutoff = 1),10,0.8518946031153483,hill,27.305961597376076,1.9438750166666963,NA,NA,23.261801317679634,3.094138292997026,NA,0.03192119632029577,NA,0.4411275016267475,1.1492058196026047,0.011223699373597212,0.013573037727395933,2.4524326756879495e-12,-31.38336755083344,0.9999999999946614,0.03192119632029577,NA,23.261801317679634,0.01232527257452238,0.015691911252536064,0.020393808225155578,0.01109505218205888,0.01109505218205888,0.012275035531195798,0.411522633744856|0.411522633744856|0.411522633744856|0.137174211248285|0.137174211248285|0.137174211248285|0.0316227766016838|0.0316227766016838|0.0316227766016838|0.01|0.01|0.01|0.00316227766016838|0.00316227766016838|0.00316227766016838,24.945522343938|24.2736150790267|26.1433290316834|18.7066342477434|19.1345530889154|21.9406820919961|12.8728466145339|12.0510628268857|9.61839309282145|0.262644191081739|-0.609718155130623|-0.062068295230683|0.461829204129314|1.16262550873947|0.644838832297605,dt4,Definitive_rep3
Taxol (Paclitaxel),Nucleus_RNA_Intensity,Mahalanobis distance (cutoff = 1),4,0.8518946031153483,poly1,2.125180606683292,0.8598947074210321,4.399344631433722,NA,NA,NA,NA,NA,NA,-0.6085318940330391,1.1492058196026047,0.17401631005078863,0.3891638204733043,0.0017904166043490263,-17.373133780714667,0.9634184391631545,0.205761316872428,NA,1.8104298894788982,0.020576131687242802,0.041152263374485604,0.08230452674897121,0.19364125216026107,0.19364125216026107,0.26122204916419217,0.411522633744856|0.411522633744856|0.411522633744856|0.137174211248285|0.137174211248285|0.137174211248285|0.0316227766016838|0.0316227766016838|0.0316227766016838|0.01|0.01|0.01|0.00316227766016838|0.00316227766016838|0.00316227766016838,1.33849606579479|1.51832875545158|3.75162370693799|0.372450121477216|0.845551855215616|2.87426040683946|0.494581455908231|0.0256217481683597|0.320938438331757|0.758287225632941|0.758952826245759|0.671072508766618|-0.179350846890571|-0.00176408850999787|-0.335477461614506,dt4,Definitive_rep3
Taxol (Paclitaxel),Nucleus_DNA_Intensity,Mahalanobis distance (cutoff = 1),10,0.8518946031153483,poly1,54.98416637604352,3.884645995933102,113.82293645989131,NA,NA,NA,NA,NA,NA,0.4354529418262914,1.1492058196026047,0.009563475727256084,0.010771759127333141,3.340122897328131e-14,-34.94396955612897,0.9999999999791975,0.20576131687242802,NA,46.84071459254787,0.020576131687242802,0.041152263374485604,0.08230452674897121,0.007484384339491515,0.007484384339491515,0.010096434473974052,0.411522633744856|0.411522633744856|0.411522633744856|0.137174211248285|0.137174211248285|0.137174211248285|0.0316227766016838|0.0316227766016838|0.0316227766016838|0.01|0.01|0.01|0.00316227766016838|0.00316227766016838|0.00316227766016838,60.9362866169812|48.9505647394806|43.8102432688151|15.9355154861643|14.2710695465108|14.1339407278706|4.56860418070043|5.30319077977195|4.1288040090103|-0.142499500026721|-0.311309696513154|0.0266101055394919|0.831746135203678|1.12698857225387|0.184332489248905,dt4,Definitive_rep3
Taxol (Paclitaxel),Nucleus_RNA_Texture,Mahalanobis distance (cutoff = 1),10,0.8518946031153483,exp5,8.077951997551224,2.2812643874247747,NA,NA,6.881563710938735,2.5998986723132056,NA,0.023303894110003144,NA,0.09662617288301921,1.1492058196026047,0.011132034799626172,0.016614495960713876,4.303314072120063e-7,-28.983426953064495,0.9999995554085233,0.023303894110003144,NA,6.881563710938735,0.008560556217400327,0.011291303750329688,0.015069457282082775,0.012319479739167786,0.012319479739167786,0.013954408100577772,0.411522633744856|0.411522633744856|0.411522633744856|0.137174211248285|0.137174211248285|0.137174211248285|0.0316227766016838|0.0316227766016838|0.0316227766016838|0.01|0.01|0.01|0.00316227766016838|0.00316227766016838|0.00316227766016838,5.95160458653708|4.67557741193487|5.99968811095914|8.30904541122333|8.64935135338049|14.8246195607453|6.41827473668105|5.32808231906554|4.5025577494025|0.873849325344613|0.779431419671822|-0.257885251135098|0.738715286717036|-0.279315429696392|0.262246363564863,dt4,Definitive_rep3
Taxol (Paclitaxel),Nucleus_RNA_Profile,Mahalanobis distance (cutoff = 1),13,0.8518946031153483,pow,20.4216917453926,2.2981440697959075,29.196952623552285,NA,NA,0.5831335150837542,NA,NA,NA,0.10120137494764855,1.1492058196026047,0.003450816482152358,0.00442053088571778,4.163790721870527e-11,-28.76451205523535,0.9999999999360211,0.12536187339518862,NA,17.397128984385212,0.0024170873033644217,0.007934518734704509,0.02604646818662509,0.002332129354861371,0.002332129354861371,0.0038967867102197152,0.411522633744856|0.411522633744856|0.411522633744856|0.137174211248285|0.137174211248285|0.137174211248285|0.0316227766016838|0.0316227766016838|0.0316227766016838|0.01|0.01|0.01|0.00316227766016838|0.00316227766016838|0.00316227766016838,25.5319041796783|16.2893566090187|18.7338556462366|8.71656590210104|8.23095565256614|8.35326982219563|5.33251791286197|4.28282978329418|3.67639256677086|3.01766173798679|2.86916417918217|0.518237410008754|0.398940295159778|2.24889637182034|1.38577454201357,dt4,Definitive_rep3
Taxol (Paclitaxel),Nucleus_RNA_Radial,Mahalanobis distance (cutoff = 1),10,0.8518946031153483,pow,63.131698184438655,2.910037297736402,114.15039653877018,NA,NA,0.8476109138670196,NA,NA,NA,0.8334453447491574,1.1492058196026047,0.004141583817683874,0.004729581163121784,2.626082095655048e-13,-37.1966394832837,0.9999999999649529,0.18165299834568202,NA,53.78155296883032,0.01200759326457841,0.02720239385079085,0.06162519123598283,0.0030937547201479883,0.0030937547201479883,0.0044042527605392566,0.411522633744856|0.411522633744856|0.411522633744856|0.137174211248285|0.137174211248285|0.137174211248285|0.0316227766016838|0.0316227766016838|0.0316227766016838|0.01|0.01|0.01|0.00316227766016838|0.00316227766016838|0.00316227766016838,56.2907067454102|54.049976361681|46.0304164560157|18.1162165296515|20.0103161028649|23.4966191369382|10.2762074845157|7.42830581787977|8.80470694671295|-0.338545909959273|1.17886175837957|-0.368051334789289|0.3988175773357|-0.206939955715273|-0.271787055972229,dt4,Definitive_rep3
Taxol (Paclitaxel),Nucleus_RNA_Axial,Mahalanobis distance (cutoff = 1),9,0.8518946031153483,poly1,36.995644407056375,2.3750443146316877,76.5848272362244,NA,NA,NA,NA,NA,NA,0.5842296521593396,1.1492058196026047,0.013630509789074352,0.016370179359210136,7.746872301766471e-12,-34.06273561746016,0.9999999979132098,0.205761316872428,NA,31.516389809145846,0.020576131687242802,0.041152263374485604,0.08230452674897121,0.011123542793766395,0.011123542793766395,0.015005659228790866,0.411522633744856|0.411522633744856|0.411522633744856|0.137174211248285|0.137174211248285|0.137174211248285|0.0316227766016838|0.0316227766016838|0.0316227766016838|0.01|0.01|0.01|0.00316227766016838|0.00316227766016838|0.00316227766016838,36.3712499545403|30.741294466611|26.576891018653|11.3205923689886|11.6834779797809|10.0163330393381|6.81964029369555|4.71857182249996|4.21916985041929|-0.684552191676632|-0.755193859435394|-0.273510411569193|0.245742220675046|-0.00621723681343778|-0.346505687414414,dt4,Definitive_rep3
Taxol (Paclitaxel),Nucleus_RNA_Compactness,Mahalanobis distance (cutoff = 1),12,0.8518946031153483,exp4,35.677408740370325,3.894921809931796,NA,NA,30.393391959061837,NA,NA,0.09573782471051193,NA,0.8564287909547978,1.1492058196026047,0.004359156458424918,0.00646119500001263,4.0444127928031194e-10,-39.446057148594,0.9999999985726521,0.09573782471051193,NA,30.393391959061837,0.007084654694740277,0.014552445515697756,0.03082069551771534,0.003926661810152381,0.003926661810152381,0.00532377474956778,0.411522633744856|0.411522633744856|0.411522633744856|0.137174211248285|0.137174211248285|0.137174211248285|0.0316227766016838|0.0316227766016838|0.0316227766016838|0.01|0.01|0.01|0.00316227766016838|0.00316227766016838|0.00316227766016838,40.9021715958426|29.4097677553442|24.7104484015644|18.8790712975609|17.5070253224396|22.9771929805846|7.84630129895714|5.63388469376706|5.3934595084079|1.01273996042885|0.266807053107312|0.212493417738465|2.21250350566129|6.43480866266744|0.770738207557239,dt4,Definitive_rep3
Taxol (Paclitaxel),Cell_DNA_Radial,Mahalanobis distance (cutoff = 1),14,0.8518946031153483,pow,31.79931749331,2.4880683917384103,40.747957415237195,NA,NA,0.4598010716490377,NA,NA,NA,0.7576310866529692,1.1492058196026047,3.662427736116183e-4,5.177991656562355e-4,4.096665818599936e-11,-35.677854257816485,0.9999999999232205,0.09113759565666985,NA,27.089666955302274,6.093179914107458e-4,0.0027513140192778917,0.012423281339763127,2.2225678097685284e-4,2.2225678097685284e-4,4.2619855437174456e-4,0.411522633744856|0.411522633744856|0.411522633744856|0.137174211248285|0.137174211248285|0.137174211248285|0.0316227766016838|0.0316227766016838|0.0316227766016838|0.01|0.01|0.01|0.00316227766016838|0.00316227766016838|0.00316227766016838,26.2429742320487|27.5529127653736|26.9601767700897|13.6145964367211|17.0493080233782|19.1733448511463|12.5045231638455|7.92274957630885|9.68647006491565|1.97448656374434|0.190787377190323|1.20696574389965|3.94552568040055|6.16593764162006|2.48144184047482,dt4,Definitive_rep3
Taxol (Paclitaxel),Cell_Mito_Radial,Mahalanobis distance (cutoff = 1),13,0.8518946031153483,exp4,3.806443384871373,1.6253009348868468,NA,NA,3.242688576636041,NA,NA,0.014852664349787211,NA,0.20981885063229105,1.1492058196026047,0.0033929366560091993,0.020638882683844083,5.035417623613144e-4,-28.132688776888013,0.9994215184758642,0.014852664349787211,NA,3.242688576636041,0.0010991057978735107,0.0022576509270686674,0.004781489938128443,0.00653072638741936,0.00653072638741936,0.009376270758451462,0.411522633744856|0.411522633744856|0.411522633744856|0.137174211248285|0.137174211248285|0.137174211248285|0.0316227766016838|0.0316227766016838|0.0316227766016838|0.01|0.01|0.01|0.00316227766016838|0.00316227766016838|0.00316227766016838,2.60419999478908|2.76201899867266|1.4176516797703|3.82231845467384|3.57707221456221|5.47539706823045|2.6656651619534|4.15330849041604|1.84209940893981|0.98697999644156|-0.338154168534103|0.178808889281296|1.84586015380203|4.92560591455102|1.65006479788807,dt4,Definitive_rep3
Taxol (Paclitaxel),Cell_Mito_Axial,Mahalanobis distance (cutoff = 1),7,0.8518946031153483,exp4,5.007248010052391,1.7008352286684891,NA,NA,4.265647556223699,NA,NA,0.052231139822227025,NA,-0.2758331823788368,1.1492058196026047,0.015480571469908125,0.03773925516686236,2.900799625068446e-5,-24.65088226760692,0.9999533948645152,0.052231139822227025,NA,4.265647556223699,0.0038651347163160114,0.007939294827139443,0.01681467133676499,0.01678740761337476,0.01678740761337476,0.023653656630076868,0.411522633744856|0.411522633744856|0.411522633744856|0.137174211248285|0.137174211248285|0.137174211248285|0.0316227766016838|0.0316227766016838|0.0316227766016838|0.01|0.01|0.01|0.00316227766016838|0.00316227766016838|0.00316227766016838,4.02831174561498|4.52876443398795|1.56262513963287|4.09667337934568|3.96708739551181|9.24152698253972|0.343590115668916|1.66719819146805|0.334530545208061|0.627213444795207|0.749534141545118|0.407020333265004|-0.535367996453222|0.641276965592881|-0.224244246623147,dt4,Definitive_rep3
Taxol (Paclitaxel),Cell_Mito_Compactness,Mahalanobis distance (cutoff = 1),13,0.8518946031153483,exp4,15.925108647539856,2.359042280802012,NA,NA,13.566514110864766,NA,NA,0.03525516828722204,NA,0.5041206793087541,1.1492058196026047,0.0033191481933528932,0.0062227669515161005,1.800951410504043e-8,-33.349226365336456,0.9999999797201731,0.03525516828722204,NA,13.566514110864766,0.002608902952152636,0.005358894639583573,0.011349629161638744,0.003298536352656158,0.003298536352656158,0.004502000282613776,0.411522633744856|0.411522633744856|0.411522633744856|0.137174211248285|0.137174211248285|0.137174211248285|0.0316227766016838|0.0316227766016838|0.0316227766016838|0.01|0.01|0.01|0.00316227766016838|0.00316227766016838|0.00316227766016838,8.52854413855846|12.8896705570718|15.526760601435|6.83443140648129|13.5990466063339|14.6481656540551|6.01855800810442|9.43998956125504|5.19206297652691|2.23010756665518|1.26153128494349|1.95250426785881|-0.0704393108041825|1.8480344274274|0.174311193668692,dt4,Definitive_rep3
Taxol (Paclitaxel),Cell_AGP_Radial,Mahalanobis distance (cutoff = 1),13,0.8518946031153483,poly1,13.13482955452904,1.1377885933794134,27.19046169713413,NA,NA,NA,NA,NA,NA,-0.02591408561034288,1.1492058196026047,0.03908875915644587,0.04608311583786256,1.2023595001533084e-9,-23.883833587843572,0.9999991705302975,0.205761316872428,NA,11.189490410343263,0.0205761316872428,0.0411522633744856,0.0823045267489712,0.03133064133313845,0.03133064133313845,0.04226503515840376,0.411522633744856|0.411522633744856|0.411522633744856|0.137174211248285|0.137174211248285|0.137174211248285|0.0316227766016838|0.0316227766016838|0.0316227766016838|0.01|0.01|0.01|0.00316227766016838|0.00316227766016838|0.00316227766016838,10.642581180787|11.3031358414355|11.7654961258848|2.55211453978425|2.03042695707746|6.15286606116138|1.05931568629081|1.17020576631377|1.43403199071376|1.66182388153708|1.83463993928344|1.36050451697141|0.118093111026718|1.59706789440373|0.651011005508705,dt4,Definitive_rep3
Taxol (Paclitaxel),Cell_AGP_Axial,Mahalanobis distance (cutoff = 1),4,0.8518946031153483,poly2,2.204059433685468,0.5798238341249629,-8.904666745824677,-0.4539811829967455,NA,NA,NA,NA,NA,-0.7660892834734561,1.1492058196026047,0.0635991448218109,0.07586549077563078,0.04582190544050814,-11.347906181051798,0.9318792305461485,0.05437583142553093,NA,1.8776263365021209,0.00483784831161061,0.00978342314975251,0.02002880919238618,0.04864376782140114,0.04864376782140114,0.06910991514693575,0.411522633744856|0.411522633744856|0.411522633744856|0.137174211248285|0.137174211248285|0.137174211248285|0.0316227766016838|0.0316227766016838|0.0316227766016838|0.01|0.01|0.01|0.00316227766016838|0.00316227766016838|0.00316227766016838,0.828287384619185|1.19437273960874|-0.201643353477214|2.37383076396446|2.12932254394226|1.59529545100377|-0.479808816481657|-0.293268580705724|-0.606839132583542|0.584406181212365|0.438388124761251|0.242185459231034|0.149316661112596|0.231632961944109|0.161618050556556,dt4,Definitive_rep3
Taxol (Paclitaxel),Cell_AGP_Compactness,Mahalanobis distance (cutoff = 1),15,0.8518946031153483,pow,21.483895934390198,2.4392838309359774,26.466931894875174,NA,NA,0.41546184242704287,NA,NA,NA,0.5222286915925076,1.1492058196026047,4.136971170425513e-4,6.124846947455992e-4,4.278131598875555e-10,-33.60062398593331,0.9999999994709292,0.07759372374820345,NA,18.302015000398782,3.0399516869516205e-4,0.0016122553013837204,0.008550685749372828,2.5588865984113335e-4,2.5588865984113335e-4,5.25998603135307e-4,0.411522633744856|0.411522633744856|0.411522633744856|0.137174211248285|0.137174211248285|0.137174211248285|0.0316227766016838|0.0316227766016838|0.0316227766016838|0.01|0.01|0.01|0.00316227766016838|0.00316227766016838|0.00316227766016838,25.160724863421|18.2015168005261|17.0513757321925|10.1856552376939|9.52785108483433|14.7700578459473|8.09950825455322|6.2544482836165|10.2420065215325|3.78084801920396|1.85581980781252|2.95221018902186|2.75829991378228|1.92024813071099|2.63942829250292,dt4,Definitive_rep3
Taxol (Paclitaxel),Cell_ER_Radial,Mahalanobis distance (cutoff = 1),13,0.8518946031153483,pow,21.711249824023263,2.1398711850588494,34.270915982410344,NA,NA,0.6946334617151312,NA,NA,NA,0.4467157271070811,1.1492058196026047,0.0066694086280637225,0.008816273444148703,5.969787963791524e-9,-32.040881915485365,0.9999999304889966,0.15171498835981545,NA,18.495696551974472,0.0055134104830465575,0.01495497068172848,0.040564936853345814,0.004898818450818359,0.004898818450818359,0.007538025609803587,0.411522633744856|0.411522633744856|0.411522633744856|0.137174211248285|0.137174211248285|0.137174211248285|0.0316227766016838|0.0316227766016838|0.0316227766016838|0.01|0.01|0.01|0.00316227766016838|0.00316227766016838|0.00316227766016838,18.394415304023|20.0000538083369|12.5947476405563|7.91230289516884|8.67820881381298|11.1902874354197|4.35686001265924|0.368242266743009|0.904658984572252|2.23065355937787|0.885665704071471|0.778569499489857|1.29218135035745|3.52421848352009|1.2443964949199,dt4,Definitive_rep3
Taxol (Paclitaxel),Cell_ER_Axial,Mahalanobis distance (cutoff = 1),10,0.8518946031153483,poly2,6.041788575194221,1.2827814562313868,-25.145874331549685,-0.47775037129781517,NA,NA,NA,NA,NA,0.09181177344466682,1.1492058196026047,0.021160950142882475,0.024967605969610583,9.032620013653226e-4,-23.722708659230122,0.9990721976621278,0.055293538264377134,NA,5.146967080371926,0.004940491743617271,0.009987598160368427,0.020431368858760682,0.016774236046347257,0.016774236046347257,0.022934959057591044,0.411522633744856|0.411522633744856|0.411522633744856|0.137174211248285|0.137174211248285|0.137174211248285|0.0316227766016838|0.0316227766016838|0.0316227766016838|0.01|0.01|0.01|0.00316227766016838|0.00316227766016838|0.00316227766016838,3.39805902304205|3.74212020624872|0.613748401234503|5.5445302268164|5.44845371810239|4.99609220993171|-0.253321724384598|0.943122581523593|-0.253449484897974|2.63092514288038|2.08131259768207|1.36706062018998|-0.164672787626366|1.98093795322162|0.349156065250277,dt4,Definitive_rep3
Taxol (Paclitaxel),Nucleus_DNA_Profile,Mahalanobis distance (cutoff = 1),13,0.8518946031153483,pow,59.063100822178995,2.1188732433639093,105.58783542124166,NA,NA,0.834819862049427,NA,NA,NA,0.6520649606153027,1.1492058196026047,0.004260645967569764,0.004706040425704062,1.3001147853663074e-14,-33.61756932752286,0.9999999999952675,0.17939113159271647,NA,50.31553683367198,0.011374642583896817,0.026093390640174005,0.05985814763662351,0.003108845676535172,0.003108845676535172,0.004449750858966863,0.411522633744856|0.411522633744856|0.411522633744856|0.137174211248285|0.137174211248285|0.137174211248285|0.0316227766016838|0.0316227766016838|0.0316227766016838|0.01|0.01|0.01|0.00316227766016838|0.00316227766016838|0.00316227766016838,53.9731258713345|48.5991102460652|50.4230355164159|21.0102454718942|17.2360169387651|18.0633665261254|9.69604971361834|7.06586111213886|7.56027877790502|2.11199666463834|-0.150954587271262|0.666575544398595|2.28816097731203|3.48511998926907|2.29997035493077,dt4,Definitive_rep3
Taxol (Paclitaxel),Nucleus_DNA_Radial,Mahalanobis distance (cutoff = 1),10,0.8518946031153483,exp2,80.44478704029119,3.7314046444344533,55.96075819260499,0.5146705101694558,NA,NA,NA,NA,NA,0.666543180417748,1.1492058196026047,0.010220150366179695,0.010664002030536293,1.6374358288421634e-14,-37.22258262485653,0.9999999999874761,0.2458410747849321,NA,68.53047992838758,0.030586559795229687,0.05945689611633342,0.112750904859156,0.007775828826546739,0.007775828826546739,0.010462172717712031,0.411522633744856|0.411522633744856|0.411522633744856|0.137174211248285|0.137174211248285|0.137174211248285|0.0316227766016838|0.0316227766016838|0.0316227766016838|0.01|0.01|0.01|0.00316227766016838|0.00316227766016838|0.00316227766016838,81.1313875465137|67.5045995909953|68.4640678630016|17.8227959657724|16.5377486471341|15.4656612288531|8.03491787923125|6.46885603165384|5.99422252905937|-0.31661586512348|-0.492880051098276|-0.448427356952069|-0.195468900431503|2.24675658255129|0.446301501344535,dt4,Definitive_rep3
Taxol (Paclitaxel),Nucleus_DNA_Axial,Mahalanobis distance (cutoff = 1),9,0.8518946031153483,exp4,30.41526381475576,2.9368392000965,NA,NA,25.910599096119974,NA,NA,0.15344644970016286,NA,0.7460925305723762,1.1492058196026047,0.008228442200289166,0.011995109681287995,4.218585930471429e-9,-36.75790892145902,0.999999987815031,0.15344644970016286,NA,25.910599096119974,0.011355126498295322,0.023324335032585013,0.04939872321920292,0.007400805520395422,0.007400805520395422,0.010043051545629197,0.411522633744856|0.411522633744856|0.411522633744856|0.137174211248285|0.137174211248285|0.137174211248285|0.0316227766016838|0.0316227766016838|0.0316227766016838|0.01|0.01|0.01|0.00316227766016838|0.00316227766016838|0.00316227766016838,29.5501351776457|20.6404318169516|21.5921692567447|12.1229303874117|10.4846383890925|11.2149160577597|8.30042772178693|8.30003226611754|6.13759124150969|-0.720822900681562|-0.681444678331468|-0.292014928947947|-0.690110712739516|-0.633538070448944|-0.500798175035116,dt4,Definitive_rep3
Taxol (Paclitaxel),Nucleus_DNA_Compactness,Mahalanobis distance (cutoff = 1),14,0.8518946031153483,exp3,92.5701050229082,2.967510395407416,2.7266682568100657,0.024899246933071932,NA,0.4361310711370763,NA,NA,NA,0.8701362938288113,1.1492058196026047,0.0022676906406332697,0.0023287257968832705,3.1857452941282344e-14,-37.69226675339345,0.9999999999983098,0.2507759663296303,NA,78.85997287883649,0.019282068188474947,0.050306017095318234,0.11040002137154702,0.001256838005449471,0.001256838005449471,0.0022676906406332697,0.411522633744856|0.411522633744856|0.411522633744856|0.137174211248285|0.137174211248285|0.137174211248285|0.0316227766016838|0.0316227766016838|0.0316227766016838|0.01|0.01|0.01|0.00316227766016838|0.00316227766016838|0.00316227766016838,86.3450564618428|79.2319148192776|75.4687170521621|20.1792105410388|17.4950039684685|18.1240316819704|7.16691211769879|7.36948608580489|8.45801017250665|2.27420576031609|-0.0598151912728813|2.47818867641485|5.95544568966734|3.02882834984602|4.78713609686543,dt4,Definitive_rep3
Taxol (Paclitaxel),Nucleus_DNA_Symmetry,Mahalanobis distance (cutoff = 1),9,0.8518946031153483,poly1,55.645447755923705,2.789485479590222,115.19185761383658,NA,NA,NA,NA,NA,NA,0.7706649734408342,1.1492058196026047,0.009465190297616157,0.010606206635582881,2.2413226069930444e-13,-36.53997878504548,0.9999999998339983,0.205761316872428,NA,47.40405663120847,0.0205761316872428,0.0411522633744856,0.0823045267489712,0.007395441142821024,0.007395441142821024,0.009976450101665561,0.411522633744856|0.411522633744856|0.411522633744856|0.137174211248285|0.137174211248285|0.137174211248285|0.0316227766016838|0.0316227766016838|0.0316227766016838|0.01|0.01|0.01|0.00316227766016838|0.00316227766016838|0.00316227766016838,47.3445817044672|50.6941361717577|43.1701698285609|14.3279273541605|14.8858098667713|17.5179587861577|10.7153579159503|6.71250755429347|7.55720416181666|0.180182865107629|-0.550839972616861|-0.348846486225594|-0.590752207832343|0.23230821134207|-0.0974439324573146,dt4,Definitive_rep3
Taxol (Paclitaxel),Nuclei_Shape_Morph,Mahalanobis distance (cutoff = 1),9,0.8518946031153483,poly1,56.44551361415076,2.6109229155195615,116.84807705566453,NA,NA,NA,NA,NA,NA,0.708419793038986,1.1492058196026047,0.00928116259634628,0.010408084491927693,5.4267140126510415e-14,-35.42915591494112,0.9999999998512736,0.205761316872428,NA,48.08562841796895,0.020576131687242802,0.041152263374485604,0.08230452674897121,0.007290617223503982,0.007290617223503982,0.009835042634506871,0.411522633744856|0.411522633744856|0.411522633744856|0.137174211248285|0.137174211248285|0.137174211248285|0.0316227766016838|0.0316227766016838|0.0316227766016838|0.01|0.01|0.01|0.00316227766016838|0.00316227766016838|0.00316227766016838,55.1312421548855|48.4661516573879|45.0661357153378|16.7526115696121|14.9514950208454|14.7394487995671|7.41936054864047|5.7077638909518|6.59461402812977|-0.711938463296769|-0.762436073789894|-0.700698616096286|-0.639785990349693|-0.622135969843446|-0.587485449881579,dt4,Definitive_rep3
