chem,feat,assay,n_gt_cutoff,cutoff,fit_method,top_over_cutoff,rmse,a,b,tp,p,q,ga,la,er,bmr,bmdl,bmdu,caikwt,mll,hitcall,ac50,ac50_loss,top,ac5,ac10,ac20,acc,ac1sd,bmd,conc,resp,errfun,exp
NPPB,Ring_Mito_Texture,Mahalanobis distance (cutoff = 1),32,1.0260345323832543,pow,4.35048814942691,3.2231846955815895,1.1212435112945522,NA,NA,0.3000000124636387,NA,NA,NA,0.8854792674080807,1.38412058418501,0.8538342767756699,6.043204728281786,1.7030910743630767e-6,-122.84483726134076,0.9999690277016232,9.921257527146645,NA,4.4637510740361295,0.004605041283764052,0.04641590313691276,0.4678429423881913,0.7439437881155887,0.7439437881155887,2.017963326718526,100|100|100|100|100|100|75|75|75|75|75|75|33.3333333333333|33.3333333333333|33.3333333333333|33.3333333333333|33.3333333333333|33.3333333333333|11.1111111111111|11.1111111111111|11.1111111111111|11.1111111111111|11.1111111111111|11.1111111111111|3.7037037037037|3.7037037037037|3.7037037037037|3.7037037037037|3.7037037037037|3.7037037037037|1.23456790123457|1.23456790123457|1.23456790123457|1.23456790123457|1.23456790123457|1.23456790123457|0.411522633744856|0.411522633744856|0.411522633744856|0.411522633744856|0.411522633744856|0.411522633744856|0.137174211248285|0.137174211248285|0.137174211248285|0.137174211248285|0.137174211248285|0.137174211248285,14.2510667627481|2.92955502694659|8.33578312733775|2.1410049489804|7.38464548385357|3.58126126597648|11.3338268411339|1.6503345606994|8.22340277996433|1.87495671502983|7.14879861862382|1.11259784478508|5.47361995615564|-0.273470790679222|3.31500569211603|-0.30577463830683|2.30161515244831|0.049303587147508|3.45979949511343|-0.51534213117593|4.34113588450344|0.815631971072565|3.6571368843712|0.140294717392835|2.74410526406698|-0.661755270562437|3.31260383477652|4.39402033625128|1.82761466931023|1.995450760948|1.46505077422898|-0.152922150238512|1.27160184622333|-0.106137707966561|1.92966681062691|-0.152991285913445|5.99992900516728|-0.142340894767605|4.28395324173337|-0.325321418714762|1.4792036376365|0.283025042642905|8.63069895740754|-0.508069674039316|8.17852207522214|0.462534251606133|5.34458400913805|-0.0766625699283701,dt4,Definitive_rep4
NPPB,Ring_ER_Texture,Mahalanobis distance (cutoff = 1),33,1.0260345323832543,poly1,5.944533638757529,2.9047921279375375,0.06099296792279106,NA,NA,NA,NA,NA,NA,0.6704285769531539,1.38412058418501,18.94042850707488,28.324054046865488,6.195529781916243e-9,-114.86637936478584,0.9999920228904574,50,NA,6.099296792279106,5,10,20,16.82217749564305,16.82217749564305,22.693117441622476,100|100|100|100|100|100|75|75|75|75|75|75|33.3333333333333|33.3333333333333|33.3333333333333|33.3333333333333|33.3333333333333|33.3333333333333|11.1111111111111|11.1111111111111|11.1111111111111|11.1111111111111|11.1111111111111|11.1111111111111|3.7037037037037|3.7037037037037|3.7037037037037|3.7037037037037|3.7037037037037|3.7037037037037|1.23456790123457|1.23456790123457|1.23456790123457|1.23456790123457|1.23456790123457|1.23456790123457|0.411522633744856|0.411522633744856|0.411522633744856|0.411522633744856|0.411522633744856|0.411522633744856|0.137174211248285|0.137174211248285|0.137174211248285|0.137174211248285|0.137174211248285|0.137174211248285,4.95117197977421|7.05248476905104|3.5541961034095|7.40259134434192|7.85466478965857|5.08009769231294|11.8294341062884|3.93427193149708|6.22294225694828|4.58566462244038|10.9961290429298|-0.241400524707665|1.57176761593573|0.470097674483308|1.58395854465458|1.25786742519188|-0.518475459439042|-0.384160495992835|-0.0139389748131674|0.86932213617254|3.64464758963311|2.22436340640432|1.50754855696156|1.16866912872319|0.204983273878318|2.13421610864013|-0.12597233241863|10.6831021449395|0.874327281664044|5.51867896070011|0.841244911423559|3.83674604278138|1.29780321797918|2.76221693745317|1.27687306934879|0.874523633597434|2.04850832689814|1.69754685916078|3.33057274082209|1.02586603789213|0.449544751868015|0.0205876478183251|2.07604438516763|2.21317275831365|0.0430404343318795|2.0575862714786|1.45559865409864|6.35918533472813,dt4,Definitive_rep4
NPPB,Cytoplasm_Mito_Texture,Mahalanobis distance (cutoff = 1),35,1.0260345323832543,pow,3.494193061353806,1.79403276963471,0.9005521431397598,NA,NA,0.3000000052906651,NA,NA,NA,0.2905659756909983,1.38412058418501,2.4697203529019234,7.652101135224095,4.7866130991904417e-11,-94.63626823334828,0.9999941393731667,9.921256979060441,NA,3.585162743762964,0.004605040184269271,0.04641589461888302,0.4678428823771752,1.5446984426532058,1.5446984426532058,4.190027435247048,100|100|100|100|100|100|75|75|75|75|75|75|33.3333333333333|33.3333333333333|33.3333333333333|33.3333333333333|33.3333333333333|33.3333333333333|11.1111111111111|11.1111111111111|11.1111111111111|11.1111111111111|11.1111111111111|11.1111111111111|3.7037037037037|3.7037037037037|3.7037037037037|3.7037037037037|3.7037037037037|3.7037037037037|1.23456790123457|1.23456790123457|1.23456790123457|1.23456790123457|1.23456790123457|1.23456790123457|0.411522633744856|0.411522633744856|0.411522633744856|0.411522633744856|0.411522633744856|0.411522633744856|0.137174211248285|0.137174211248285|0.137174211248285|0.137174211248285|0.137174211248285|0.137174211248285,9.05932673695206|3.69985838046072|5.06337092595331|3.32785658415505|3.40730402961442|3.4872894107576|4.06224308230588|1.9382581271116|4.72990601492475|1.71865776390676|4.23471770183481|3.08819866460546|3.41765369513301|-0.135916105248228|2.44399375689626|0.250718391405803|1.37315140704605|0.730306486326637|3.46506709558754|-0.627673824142575|1.44336012209828|1.7692122122278|1.95225423060366|1.14012382587199|2.57457326443522|-0.341502243538695|1.79015999025747|4.26714398024581|0.752420764729982|3.69948718774908|0.876339391712079|0.167613017630077|1.85362440294091|0.363444869497332|1.34251367807993|1.49454622635219|4.70095676866529|-0.198029941516259|2.2835014122255|0.169398438975607|1.42682576088179|1.35268109949056|4.63403377060417|-0.637424641127543|4.83072622123256|-0.51808907149826|2.32840409782835|2.2066482372606,dt4,Definitive_rep4
NPPB,Cytoplasm_ER_Texture,Mahalanobis distance (cutoff = 1),22,1.0260345323832543,poly1,2.5951068218195585,2.2761301499992186,0.026626692144102238,NA,NA,NA,NA,NA,NA,0.2974587609455976,1.38412058418501,39.18475242128873,77.0163823130815,9.79707247516508e-5,-99.06807141284814,0.9969568699712766,50.00000000000001,NA,2.662669214410224,5.000000000000001,10.000000000000002,20.000000000000004,38.53405923764056,38.53405923764056,51.982445911577116,100|100|100|100|100|100|75|75|75|75|75|75|33.3333333333333|33.3333333333333|33.3333333333333|33.3333333333333|33.3333333333333|33.3333333333333|11.1111111111111|11.1111111111111|11.1111111111111|11.1111111111111|11.1111111111111|11.1111111111111|3.7037037037037|3.7037037037037|3.7037037037037|3.7037037037037|3.7037037037037|3.7037037037037|1.23456790123457|1.23456790123457|1.23456790123457|1.23456790123457|1.23456790123457|1.23456790123457|0.411522633744856|0.411522633744856|0.411522633744856|0.411522633744856|0.411522633744856|0.411522633744856|0.137174211248285|0.137174211248285|0.137174211248285|0.137174211248285|0.137174211248285|0.137174211248285,4.1078428568584|2.24057465601397|1.57143420413125|4.0562851516142|3.07134042082886|2.38782435691732|9.20862049545478|0.740198169292169|3.86841551589506|-0.0540586822006293|5.69800928779831|-0.438896951218752|-0.561628804630967|0.330921450672837|1.59331300937014|-0.357995960926862|-0.320238294772853|0.562533956438606|0.153290435453944|0.583785408404604|2.03482672508908|1.49485954115767|-0.627963872412168|0.559323890897967|-0.255182970972108|1.31953781595767|-0.450014624047563|8.92873178516209|0.00610289625944915|3.9600832026409|0.181242862250502|1.36641745064994|-0.518934790222944|1.09386742170958|-0.0424343212168284|-0.772925916458946|0.751148493825865|1.57013839848139|2.37871588969937|0.119343099552536|-0.728642558924129|-0.621670507170366|2.46148913777601|0.384090982826063|-0.73794926797974|1.7449999748101|0.442529014139474|5.69561744593549,dt4,Definitive_rep4
NPPB,Cytoplasm_ER_Profile,Mahalanobis distance (cutoff = 1),43,1.0260345323832543,pow,5.256843143334395,2.2474457347080947,1.3548365940494616,NA,NA,0.3000000388982165,NA,NA,NA,0.4716880720405008,1.38412058418501,0.7002003071135332,1.7153747309328515,4.236669212093081e-14,-103.62993803316688,0.9999998876868493,9.921259547010148,NA,5.393702596383222,0.0046050453357367625,0.04641593452843927,0.4678431635469821,0.3958982510730527,0.3958982510730527,1.0738823205371664,100|100|100|100|100|100|75|75|75|75|75|75|33.3333333333333|33.3333333333333|33.3333333333333|33.3333333333333|33.3333333333333|33.3333333333333|11.1111111111111|11.1111111111111|11.1111111111111|11.1111111111111|11.1111111111111|11.1111111111111|3.7037037037037|3.7037037037037|3.7037037037037|3.7037037037037|3.7037037037037|3.7037037037037|1.23456790123457|1.23456790123457|1.23456790123457|1.23456790123457|1.23456790123457|1.23456790123457|0.411522633744856|0.411522633744856|0.411522633744856|0.411522633744856|0.411522633744856|0.411522633744856|0.137174211248285|0.137174211248285|0.137174211248285|0.137174211248285|0.137174211248285|0.137174211248285,5.61764906060361|6.92192215544214|4.10620591277385|8.36077853632472|5.81054016221844|6.26236163845555|6.08118079946696|5.33698833840837|1.28352915052208|4.18270018016883|3.92075953744137|5.25513288518111|1.12573069917945|4.28291873534562|1.25020883824078|2.72080245538053|1.7211420195093|4.38010014517131|-0.304827504708742|2.61094498412255|3.27471623519889|4.26333205951329|1.79204753278575|1.31933398814287|-0.0956274246389479|3.90295714173017|0.0292345287793407|10.2939997533886|1.85818049343399|5.50329001290115|1.71613075210388|3.42688216198636|1.68412883839361|3.95599194886392|1.26490327738448|1.50270985181602|1.818797263582|2.53930656476526|3.22073638248644|2.47362480047329|0.809999160331291|1.04672857656471|4.25505906282149|3.21898429189865|0.677390179239086|2.24613723885673|1.70940295426696|7.17930575625524,dt4,Definitive_rep4
NPPB,Cytoplasm_DNA_Profile,Mahalanobis distance (cutoff = 1),33,1.0260345323832543,pow,3.8558174698622536,1.7487054653197858,0.8893359266740997,NA,NA,0.324106303727863,NA,NA,NA,0.21147171398789255,1.38412058418501,2.429496443130361,6.869706186021783,1.8674224992156465e-12,-91.68695514673463,0.9999963209433043,11.781478974257045,NA,3.9562018746453,0.00967815058693471,0.08214716172801237,0.6972567867540811,1.5545041812345535,1.5545041812345535,3.9149996807815084,100|100|100|100|100|100|75|75|75|75|75|75|33.3333333333333|33.3333333333333|33.3333333333333|33.3333333333333|33.3333333333333|33.3333333333333|11.1111111111111|11.1111111111111|11.1111111111111|11.1111111111111|11.1111111111111|11.1111111111111|3.7037037037037|3.7037037037037|3.7037037037037|3.7037037037037|3.7037037037037|3.7037037037037|1.23456790123457|1.23456790123457|1.23456790123457|1.23456790123457|1.23456790123457|1.23456790123457|0.411522633744856|0.411522633744856|0.411522633744856|0.411522633744856|0.411522633744856|0.411522633744856|0.137174211248285|0.137174211248285|0.137174211248285|0.137174211248285|0.137174211248285|0.137174211248285,6.65016592766283|3.52881096773377|4.92862467533043|7.45809509693181|8.12029682722646|3.79904292567639|2.99682390610188|1.92835964748602|4.01750434445791|4.87078509660306|4.47344505612224|1.70968890832979|1.85904279414359|0.726997171563266|0.591379375762155|3.03574135504367|0.62508196641817|0.219729171714383|-0.0903826094322066|1.6300087464236|4.48980989143033|2.43552700394543|1.84598455184207|0.549394528264628|1.72553214600136|2.83182979747304|0.364968041718959|1.93399660341684|1.32758358031091|4.5878680259983|1.72441831681053|0.19771004613238|0.0562539706743926|0.413665707853943|0.570373298749368|2.22439445132903|1.09066598820439|0.549306076947836|1.14746689807496|1.22871396234024|0.177534637956196|1.17090948422817|6.94209702897294|0.483569477897271|1.19743855824822|2.27930614879479|1.13346395174205|0.10516403603202,dt4,Definitive_rep4
NPPB,Nucleus_DNA_Texture,Mahalanobis distance (cutoff = 1),20,1.0260345323832543,exp2,5.209956093977603,2.925956028173696,1.020563525912415,54.62566712948322,NA,NA,NA,NA,NA,-0.015417572737743013,1.38412058418501,43.438510859512625,50.595026687734595,5.509125937669579e-12,-95.0956473925236,0.9999746045166673,70.2585454934841,NA,5.345594864621595,12.706694043711527,23.008314553526176,39.14787704583891,38.009849101358995,38.009849101358995,46.817670739732904,100|100|100|100|100|100|75|75|75|75|75|75|33.3333333333333|33.3333333333333|33.3333333333333|33.3333333333333|33.3333333333333|33.3333333333333|11.1111111111111|11.1111111111111|11.1111111111111|11.1111111111111|11.1111111111111|11.1111111111111|3.7037037037037|3.7037037037037|3.7037037037037|3.7037037037037|3.7037037037037|3.7037037037037|1.23456790123457|1.23456790123457|1.23456790123457|1.23456790123457|1.23456790123457|1.23456790123457|0.411522633744856|0.411522633744856|0.411522633744856|0.411522633744856|0.411522633744856|0.411522633744856|0.137174211248285|0.137174211248285|0.137174211248285|0.137174211248285|0.137174211248285|0.137174211248285,12.2316589439764|4.49347782304078|8.17977515171777|5.04374919751178|17.7164540287544|5.10835025550482|2.89516437232903|2.04460850290937|1.23249720568593|4.12354125231036|15.1625580754056|2.18334423676155|2.82701131610187|0.812241647686057|1.00133599038482|1.86616386577596|0.705257294400915|0.401088397561504|-0.413931945808026|-0.167091105131615|4.46418434762086|1.03751176648938|3.594114378329|1.20231894565965|0.0585774449794005|0.0225824837979526|-0.758921734753117|1.77515702275418|0.0317392868433605|0.322157105922545|-0.0292255849202646|0.0997740182208916|-0.516669620760832|-0.669963678640501|0.405377833609672|-0.373923970503222|-0.636976838489002|-0.111998958426537|-0.492884215443919|-0.763406952430021|0.183137377869286|-0.558776666232123|0.500461200756706|-0.519622258891127|0.597879975433085|0.215162437436476|1.92202288066897|0.536689942998329,dt4,Definitive_rep4
NPPB,Nucleus_RNA_Intensity,Mahalanobis distance (cutoff = 1),19,1.0260345323832543,poly1,2.6720578649283078,1.89593121116884,0.02741623641942713,NA,NA,NA,NA,NA,NA,0.3418234397271257,1.38412058418501,35.811049024190105,79.15145802977744,9.535027583662367e-5,-97.48923633361893,0.9941454667030013,50,NA,2.741623641942713,5.000000000000001,10.000000000000002,20.000000000000004,37.424339237759376,37.424339237759376,50.48543363173739,100|100|100|100|100|100|75|75|75|75|75|75|33.3333333333333|33.3333333333333|33.3333333333333|33.3333333333333|33.3333333333333|33.3333333333333|11.1111111111111|11.1111111111111|11.1111111111111|11.1111111111111|11.1111111111111|11.1111111111111|3.7037037037037|3.7037037037037|3.7037037037037|3.7037037037037|3.7037037037037|3.7037037037037|1.23456790123457|1.23456790123457|1.23456790123457|1.23456790123457|1.23456790123457|1.23456790123457|0.411522633744856|0.411522633744856|0.411522633744856|0.411522633744856|0.411522633744856|0.411522633744856|0.137174211248285|0.137174211248285|0.137174211248285|0.137174211248285|0.137174211248285|0.137174211248285,0.981325353112358|7.24006897915771|1.36594163754119|2.81040915629607|1.24354483776497|4.71301042590846|1.60362747498468|5.84554791919335|0.880645487026042|7.66540945819556|4.29471797331356|0.977902480191047|-0.3747340017615|2.00016055126762|-0.660082536643152|3.97195039847633|-0.820986206232678|1.08285264929668|-0.773232526652261|3.5067557175723|0.24636561383479|0.113735236142385|0.75493227080891|0.220123406827758|-0.830080879636165|3.36898993295592|-0.477532646825203|0.92973318718671|-0.246931419331417|1.28515812091176|-0.776156708867549|3.46663749901134|-0.600331076330385|-0.28502733506259|-0.127917590804268|0.753013040890963|-0.703660555020197|3.34360442882046|0.23686992156649|-0.0978508265533891|-0.519933596641119|0.275576669362901|-0.632500135117407|3.42865316321713|-0.72538025924121|2.30557287012477|-0.482756188731056|0.646867449062896,dt4,Definitive_rep4
NPPB,Nucleus_DNA_Intensity,Mahalanobis distance (cutoff = 1),24,1.0260345323832543,poly1,4.439948435488436,3.008147857352329,0.045555404168121386,NA,NA,NA,NA,NA,NA,0.32147560213131987,1.38412058418501,23.66850275013098,40.008804943420294,7.329155918287525e-9,-103.46012138743949,0.9999646237277778,50,NA,4.555540416812138,5,10,20,22.52278409377497,22.52278409377497,30.383235742502432,100|100|100|100|100|100|75|75|75|75|75|75|33.3333333333333|33.3333333333333|33.3333333333333|33.3333333333333|33.3333333333333|33.3333333333333|11.1111111111111|11.1111111111111|11.1111111111111|11.1111111111111|11.1111111111111|11.1111111111111|3.7037037037037|3.7037037037037|3.7037037037037|3.7037037037037|3.7037037037037|3.7037037037037|1.23456790123457|1.23456790123457|1.23456790123457|1.23456790123457|1.23456790123457|1.23456790123457|0.411522633744856|0.411522633744856|0.411522633744856|0.411522633744856|0.411522633744856|0.411522633744856|0.137174211248285|0.137174211248285|0.137174211248285|0.137174211248285|0.137174211248285|0.137174211248285,10.1575829050956|2.09382713148931|7.6550033213493|3.51945483594652|18.0709067037427|4.34868416784513|3.091095000079|1.85570334358867|0.56891971921148|5.71215779250542|15.0410727587381|2.03310174349247|4.10345056879392|0.817439404042012|0.942491866201051|2.88475425872567|2.17682119628615|0.969750867244317|-0.846202115125191|1.47385959076546|3.79945372464157|2.12098265755618|2.49927728494526|2.2171110554289|-0.321074078387673|0.864800944274194|-0.80770352712596|-0.184447030971732|0.0950591500726514|1.50657975167591|-0.693106824298225|0.0832279309568515|-0.788710444657661|0.0112859493441808|-0.054033167198284|1.07274495421378|-0.286672055478755|0.36352436508604|-0.630873909464502|-0.152908970003868|0.338855054380793|-0.174251497090617|0.521309088141399|0.324932427342386|0.74656176665742|1.10495574073418|2.23830895825122|1.87767201077628,dt4,Definitive_rep4
NPPB,Nucleus_RNA_Texture,Mahalanobis distance (cutoff = 1),24,1.0260345323832543,pow,11.050899957207694,2.3350545190407996,0.016679536243055015,NA,NA,1.416187826819099,NA,NA,NA,0.47428952646462885,1.38412058418501,20.63380420773306,24.99384686888775,2.303372517174151e-17,-105.79726780247503,0.9999997260559966,61.29660072528158,NA,11.33860497000772,12.059113029002575,19.673379740989176,32.09538458610634,18.33306100960448,18.33306100960448,22.648484913578933,100|100|100|100|100|100|75|75|75|75|75|75|33.3333333333333|33.3333333333333|33.3333333333333|33.3333333333333|33.3333333333333|33.3333333333333|11.1111111111111|11.1111111111111|11.1111111111111|11.1111111111111|11.1111111111111|11.1111111111111|3.7037037037037|3.7037037037037|3.7037037037037|3.7037037037037|3.7037037037037|3.7037037037037|1.23456790123457|1.23456790123457|1.23456790123457|1.23456790123457|1.23456790123457|1.23456790123457|0.411522633744856|0.411522633744856|0.411522633744856|0.411522633744856|0.411522633744856|0.411522633744856|0.137174211248285|0.137174211248285|0.137174211248285|0.137174211248285|0.137174211248285|0.137174211248285,11.3815722111633|7.92936134285641|16.3129147132279|11.0641838987804|17.7859740845874|8.62533829325558|11.684132414476|5.04988865094289|8.32747111948946|9.02723555804968|14.3830951450353|3.28119653543613|5.20382777258797|1.0194286784677|1.47181654886759|2.99360846612294|0.852377367283724|0.569836652017061|-0.343446467254961|2.04659104957011|0.548520618994748|0.629259474884184|1.27320090006794|0.290442284123582|-0.456371591983924|2.31530314573162|-0.143081166238357|4.78715727816841|0.0653669215062456|2.70943393778833|-0.329692053014332|4.30478261595155|0.971371888039247|-0.209204740013297|0.522482774157237|0.304666858239071|1.06300089046298|1.89594145770494|0.0921862598413028|0.0578830057892967|0.133728693174244|-0.0997941767810853|0.468875066061395|2.22814602284507|-0.252985730132852|0.893645241169225|-0.348665605501587|-0.447551227547881,dt4,Definitive_rep4
NPPB,Nucleus_RNA_Profile,Mahalanobis distance (cutoff = 1),37,1.0260345323832543,pow,6.1624430386362326,3.100994750580306,1.42205411472082,NA,NA,0.32399938619037905,NA,NA,NA,0.7760039208735415,1.38412058418501,0.5369957443599387,1.7628345703667316,2.4488296585473564e-11,-118.22017231289715,0.9999995398901774,11.77316728466033,NA,6.322879361485567,0.009648675812265901,0.08195480093821055,0.696115148597203,0.3651626718231093,0.3651626718231093,0.9199380575759205,100|100|100|100|100|100|75|75|75|75|75|75|33.3333333333333|33.3333333333333|33.3333333333333|33.3333333333333|33.3333333333333|33.3333333333333|11.1111111111111|11.1111111111111|11.1111111111111|11.1111111111111|11.1111111111111|11.1111111111111|3.7037037037037|3.7037037037037|3.7037037037037|3.7037037037037|3.7037037037037|3.7037037037037|1.23456790123457|1.23456790123457|1.23456790123457|1.23456790123457|1.23456790123457|1.23456790123457|0.411522633744856|0.411522633744856|0.411522633744856|0.411522633744856|0.411522633744856|0.411522633744856|0.137174211248285|0.137174211248285|0.137174211248285|0.137174211248285|0.137174211248285|0.137174211248285,6.82150221741449|8.93828595592081|2.66146918055329|5.51425650860783|9.84530005597402|8.44160094382065|16.5329852077541|16.497451143244|8.22092439832036|8.52877250113827|4.59173875993694|0.475190761433586|2.46182414507204|2.70844637449424|2.75496599856571|2.03050693538278|2.19529163283738|1.72939795494914|0.187560936118601|3.20545916084408|7.78971527001756|1.27545572968286|1.95738973162278|0.856034751298193|2.0192377392252|5.82925274742233|1.69914268887055|6.0657242556881|2.6442067825673|3.31540074836759|0.961926858801633|5.00267921797172|0.410477543165984|0.801493977708072|1.37445183322088|-0.515991514695083|1.75120362555492|3.09101318873026|2.34370032252986|0.0508062107129278|0.4986719881475|0.568625469209356|4.26668410359633|3.06750558128527|0.6347106195508|2.05578814414499|2.21489776331958|2.54378306963767,dt4,Definitive_rep4
NPPB,Nucleus_RNA_Radial,Mahalanobis distance (cutoff = 1),30,1.0260345323832543,poly1,5.166569746903876,2.8272263024230875,0.053010789742899855,NA,NA,NA,NA,NA,NA,0.6058646109583725,1.38412058418501,21.265246090788278,34.16753900464132,1.2570229620977733e-7,-111.80673459412078,0.9999801212513786,50.00000000000001,NA,5.301078974289986,5.000000000000001,10.000000000000002,20.000000000000004,19.355201787399874,19.355201787399874,26.11016721120243,100|100|100|100|100|100|75|75|75|75|75|75|33.3333333333333|33.3333333333333|33.3333333333333|33.3333333333333|33.3333333333333|33.3333333333333|11.1111111111111|11.1111111111111|11.1111111111111|11.1111111111111|11.1111111111111|11.1111111111111|3.7037037037037|3.7037037037037|3.7037037037037|3.7037037037037|3.7037037037037|3.7037037037037|1.23456790123457|1.23456790123457|1.23456790123457|1.23456790123457|1.23456790123457|1.23456790123457|0.411522633744856|0.411522633744856|0.411522633744856|0.411522633744856|0.411522633744856|0.411522633744856|0.137174211248285|0.137174211248285|0.137174211248285|0.137174211248285|0.137174211248285|0.137174211248285,4.84789283969357|1.76115454405189|7.76917161301401|9.23190733653658|6.53263314007229|5.28155603735421|4.55365424767603|1.09342778224344|1.40408262772339|1.09828004701536|6.78701001569078|5.07859978771427|0.886859090653266|0.79095394240859|0.382130585488477|0.767826276258612|1.3919158544284|1.70164932287121|0.330463616178728|0.360707484563001|1.51087292351212|2.89122097523822|0.395082153414402|0.4275021526748|2.05001929192042|2.47688420413302|0.729971165712761|4.32684516456259|0.403485598776865|2.69935740158155|7.09397788796504|3.44649623760183|-0.54682765482392|2.27242782411016|-0.102456320452857|2.08647049232814|0.631689937340962|2.18130354571836|1.85547960193263|0.50113226831384|0.895160946770265|0.343067281148884|11.7868528570508|6.55615487060623|1.31040276711441|0.0498693246834881|0.0874061046053964|2.96935944491531,dt4,Definitive_rep4
NPPB,Nucleus_RNA_Axial,Mahalanobis distance (cutoff = 1),20,1.0260345323832543,poly1,1.5552916572465842,1.7950107441737486,0.015957829482625755,NA,NA,NA,NA,NA,NA,0.043061018780220034,1.38412058418501,61.21520134814957,142.03129087354014,0.0013270263252776946,-87.64863561037926,0.9246847322378923,50,NA,1.5957829482625756,5.000000000000001,10.000000000000002,20.000000000000004,64.29662213776376,64.29662213776376,86.7361432638433,100|100|100|100|100|100|75|75|75|75|75|75|33.3333333333333|33.3333333333333|33.3333333333333|33.3333333333333|33.3333333333333|33.3333333333333|11.1111111111111|11.1111111111111|11.1111111111111|11.1111111111111|11.1111111111111|11.1111111111111|3.7037037037037|3.7037037037037|3.7037037037037|3.7037037037037|3.7037037037037|3.7037037037037|1.23456790123457|1.23456790123457|1.23456790123457|1.23456790123457|1.23456790123457|1.23456790123457|0.411522633744856|0.411522633744856|0.411522633744856|0.411522633744856|0.411522633744856|0.411522633744856|0.137174211248285|0.137174211248285|0.137174211248285|0.137174211248285|0.137174211248285|0.137174211248285,1.39989271725304|0.776451412566853|1.29225350832262|1.1571796650305|3.35280590211711|1.14623218496352|4.15284529298231|1.10404629906176|3.07831777213747|-0.521195045213412|2.27605278798142|-0.50204078975043|1.00075266598204|0.330084917341198|1.24456367110746|-0.103680195909239|2.38938967852062|0.522743275734659|-0.548196219330271|-0.38502215024786|3.85278148393682|0.254871077245149|0.822211960718396|-0.643282169835123|-0.311182498688072|0.92821537208749|-0.266354242166606|7.16440186803775|-0.545924905131609|1.37251536071786|3.71712911329568|0.719722408807854|0.0220953998861922|0.286505985219502|0.278821460231667|-0.313545733958847|-0.194820619640514|-0.319333343068376|1.2583209324235|-0.457121576644471|0.20299318516659|-0.513206045789411|5.53407388683292|2.02695777309786|0.224312939254583|0.555155534224863|2.15462295953453|1.05331619311624,dt4,Definitive_rep4
NPPB,Nucleus_RNA_Compactness,Mahalanobis distance (cutoff = 1),44,1.0260345323832543,pow,7.469994949922349,3.665708461775176,1.9252284650755003,NA,NA,0.30000000584613196,NA,NA,NA,0.9004777932241104,1.38412058418501,0.213412633933271,0.553531602913626,1.8810349439944518e-13,-124.63849391569396,0.9999999414522328,9.921257021503607,NA,7.664472775348848,0.0046050402694128795,0.04641589527850944,0.46784288702435933,0.12272480838458585,0.12272480838458585,0.3328936567602985,100|100|100|100|100|100|75|75|75|75|75|75|33.3333333333333|33.3333333333333|33.3333333333333|33.3333333333333|33.3333333333333|33.3333333333333|11.1111111111111|11.1111111111111|11.1111111111111|11.1111111111111|11.1111111111111|11.1111111111111|3.7037037037037|3.7037037037037|3.7037037037037|3.7037037037037|3.7037037037037|3.7037037037037|1.23456790123457|1.23456790123457|1.23456790123457|1.23456790123457|1.23456790123457|1.23456790123457|0.411522633744856|0.411522633744856|0.411522633744856|0.411522633744856|0.411522633744856|0.411522633744856|0.137174211248285|0.137174211248285|0.137174211248285|0.137174211248285|0.137174211248285|0.137174211248285,6.748029373706|11.8650663438475|6.89163605588451|8.83976012555335|10.5162799333694|8.20706330014646|6.02754981652336|9.71510647628589|6.08944286980531|8.72303190560346|5.7475410435133|5.60121714890229|1.23353806283153|5.58429559278056|0.901728472230358|3.41142957418859|2.56683517555503|5.2830781370178|0.373387667591791|3.86206027719654|6.74408595699407|4.86373438078577|1.54447150729992|1.58078322889132|1.95018537004182|8.68529046647559|0.402708335930164|19.2879736345971|1.05044408248013|7.69919420706233|3.7663319624126|5.82378118801328|0.660684026293636|5.38330500610023|2.41903833933967|2.10590686201654|1.17212168127764|2.66471708250081|5.30847201788002|1.60346238829564|1.03357270685554|1.51389134893232|8.26902413618022|6.49254451339393|2.82076738328735|3.2539911237382|3.1544327893932|7.10164239105953,dt4,Definitive_rep4
NPPB,Cell_Mito_Radial,Mahalanobis distance (cutoff = 1),18,1.0260345323832543,poly1,2.0980396055277204,2.103966503429881,0.021526610855791817,NA,NA,NA,NA,NA,NA,0.31437253374807417,1.38412058418501,43.087422093828,115.98308660837267,0.0028101241392679203,-97.73073960680586,0.9663689641809697,50,NA,2.1526610855791817,5,10,20,47.663542545397746,47.663542545397746,64.29811889374156,100|100|100|100|100|100|75|75|75|75|75|75|33.3333333333333|33.3333333333333|33.3333333333333|33.3333333333333|33.3333333333333|33.3333333333333|11.1111111111111|11.1111111111111|11.1111111111111|11.1111111111111|11.1111111111111|11.1111111111111|3.7037037037037|3.7037037037037|3.7037037037037|3.7037037037037|3.7037037037037|3.7037037037037|1.23456790123457|1.23456790123457|1.23456790123457|1.23456790123457|1.23456790123457|1.23456790123457|0.411522633744856|0.411522633744856|0.411522633744856|0.411522633744856|0.411522633744856|0.411522633744856|0.137174211248285|0.137174211248285|0.137174211248285|0.137174211248285|0.137174211248285|0.137174211248285,5.36915642683333|1.07694820208374|3.45898387539702|0.337246787400703|1.87588707874838|0.36614116973864|5.11732509545302|1.34261783399712|5.08276110323591|0.879621379586693|4.03477693135102|-0.48819040524359|0.507296000742839|-0.637647360381525|2.23243735104389|-0.105365402208493|3.22653115477657|-0.597400665735991|0.579933468893026|-0.187381735891002|1.81048573491057|-0.646282273062707|3.40661438127289|-0.429133681629871|3.90902238455884|-0.509892220383822|0.661602409302615|0.457464859510837|0.151633754781484|0.0857214368652398|0.425194721192527|-0.0898969520548795|0.201143901125456|-0.756519988870933|0.313779675188009|0.4071194566108|4.0743556019205|-0.31252243390348|2.16237534282142|-0.506667026730942|0.952846400037035|0.144124222420076|9.16145464391646|-0.567303702082071|1.90837280145272|-0.693682720213774|1.76383309055256|-0.447090727997647,dt4,Definitive_rep4
NPPB,Cell_AGP_Compactness,Mahalanobis distance (cutoff = 1),30,1.0260345323832543,pow,3.591131778242833,2.4129485460317053,0.9255356999526609,NA,NA,0.30000007232723935,NA,NA,NA,0.6212092873011896,1.38412058418501,1.6531611955706493,11.159799354383983,8.271331527746152e-7,-109.61165571489285,0.9999362856553797,9.921262101318597,NA,3.6846252148160294,0.004605050459843426,0.046415974226014914,0.46784344322327637,1.4100330946203306,1.4100330946203306,3.8247439568385375,100|100|100|100|100|100|75|75|75|75|75|75|33.3333333333333|33.3333333333333|33.3333333333333|33.3333333333333|33.3333333333333|33.3333333333333|11.1111111111111|11.1111111111111|11.1111111111111|11.1111111111111|11.1111111111111|11.1111111111111|3.7037037037037|3.7037037037037|3.7037037037037|3.7037037037037|3.7037037037037|3.7037037037037|1.23456790123457|1.23456790123457|1.23456790123457|1.23456790123457|1.23456790123457|1.23456790123457|0.411522633744856|0.411522633744856|0.411522633744856|0.411522633744856|0.411522633744856|0.411522633744856|0.137174211248285|0.137174211248285|0.137174211248285|0.137174211248285|0.137174211248285|0.137174211248285,6.06698038843013|3.64494503769371|7.45913235382066|2.98996102152068|7.3498303752083|2.07416594758651|11.41284130991|-0.197897292185329|8.56967989606944|1.1646807412812|4.92186339742138|-0.0396782379805788|5.05791667061768|1.50235011042258|0.900061819496005|-0.165395587066624|2.11722149219761|-0.560430515647038|0.535421880282987|0.919772722642621|6.01477085063076|0.42949326611791|1.5096902919316|-0.0169636828086308|0.90708107221725|2.17767725973097|1.96773055464394|3.83298819348906|1.84387409490056|1.43861367798724|0.910270010298332|1.92273106968745|2.328105552382|-0.157831787595706|4.66872629737831|0.136888859974603|1.08619032419755|1.26940925592609|3.23718622234613|0.595343645274068|1.22121165143892|0.494425674305246|5.03405093658618|2.74564340739725|-0.30383475876983|2.86634860906278|0.740788154818797|-0.291401933432532,dt4,Definitive_rep4
NPPB,Cell_AGP_Symmetry,Mahalanobis distance (cutoff = 1),30,1.0260345323832543,poly1,4.898829281190145,1.8401156919748893,0.05026368010751324,NA,NA,NA,NA,NA,NA,0.34750452402507076,1.38412058418501,23.359131022108258,33.85624174806874,5.921220791461226e-10,-96.52562433566987,0.9999881938993375,50,NA,5.026368010751324,5,10,20,20.41304039395011,20.41304039395011,27.537191491438694,100|100|100|100|100|100|75|75|75|75|75|75|33.3333333333333|33.3333333333333|33.3333333333333|33.3333333333333|33.3333333333333|33.3333333333333|11.1111111111111|11.1111111111111|11.1111111111111|11.1111111111111|11.1111111111111|11.1111111111111|3.7037037037037|3.7037037037037|3.7037037037037|3.7037037037037|3.7037037037037|3.7037037037037|1.23456790123457|1.23456790123457|1.23456790123457|1.23456790123457|1.23456790123457|1.23456790123457|0.411522633744856|0.411522633744856|0.411522633744856|0.411522633744856|0.411522633744856|0.411522633744856|0.137174211248285|0.137174211248285|0.137174211248285|0.137174211248285|0.137174211248285|0.137174211248285,6.28670857657937|5.69317380104535|3.71897240265043|6.2514588503362|8.04940635032535|3.15903585805816|4.65279406386721|1.42106827390126|3.99132973140579|4.41743288200392|3.11951709981148|-0.405553733872244|2.88090690166576|1.10150556331126|1.98203252957815|-0.142060207029887|0.485547843527204|0.367846848216363|0.00861602929108296|0.0131253762124829|5.54045563677205|0.030306439433919|2.24615503314079|0.537706374348664|1.96080495838951|1.23244334473834|1.25405309846242|1.5946093127492|0.998767332973399|0.959240712573727|2.45867177455793|1.08700893638966|1.59615474168882|-0.417672325451895|1.40514391983091|-0.314761538243832|5.31292771809022|0.531475589413968|0.516735022731081|-0.160115932499271|2.2401238696097|3.379071201323|3.10778845968153|1.73326412633135|0.964183966416942|2.20976403170835|-0.0497660838148267|-0.333861630030068,dt4,Definitive_rep4
NPPB,Cell_ER_Radial,Mahalanobis distance (cutoff = 1),43,1.0260345323832543,hill,4.233095086161687,2.3517464944216697,NA,NA,4.343301737263758,0.30000000482329203,NA,0.07641078694584848,NA,0.46162040048232483,1.38412058418501,6.513768774774832e-4,0.03742360193526345,7.866687826366919e-15,-102.79051172438484,0.9999999723771008,0.07641078694584848,NA,4.343301737263758,4.174867896127781e-6,5.0390232106259916e-5,7.52121609879311e-4,0.0015290667388762921,0.0015290667388762921,0.006069635442381733,100|100|100|100|100|100|75|75|75|75|75|75|33.3333333333333|33.3333333333333|33.3333333333333|33.3333333333333|33.3333333333333|33.3333333333333|11.1111111111111|11.1111111111111|11.1111111111111|11.1111111111111|11.1111111111111|11.1111111111111|3.7037037037037|3.7037037037037|3.7037037037037|3.7037037037037|3.7037037037037|3.7037037037037|1.23456790123457|1.23456790123457|1.23456790123457|1.23456790123457|1.23456790123457|1.23456790123457|0.411522633744856|0.411522633744856|0.411522633744856|0.411522633744856|0.411522633744856|0.411522633744856|0.137174211248285|0.137174211248285|0.137174211248285|0.137174211248285|0.137174211248285|0.137174211248285,2.75175255110731|3.57811446362911|2.02684432152715|5.90192328771334|5.9311796414179|3.82491396336135|14.8867713218728|4.88354844805968|3.01693584976517|5.05163305313633|6.34989114743713|1.47686549066614|3.68375185887902|4.17398669089051|1.58223837457868|4.51103852450555|2.5024942090477|3.43547094780592|-0.348523771607919|3.94082643719669|7.29031615856792|3.51592789285935|4.90683112487489|1.85599952915916|3.54294029267582|4.34435015287598|0.95201990428348|5.08491027142852|0.832669759820294|4.7857336563895|4.86799357018446|4.82650177663091|-0.224490733724521|1.53506457504905|1.08921867098018|0.96074978050074|2.49086238552982|4.58151906994369|1.53462872352252|2.01670971463358|1.53556940061082|3.90233049416494|2.46701817730217|3.56553416218965|1.27865481411192|2.44565129102103|2.9269840304654|6.57133791922166,dt4,Definitive_rep4
NPPB,Cell_ER_Compactness,Mahalanobis distance (cutoff = 1),46,1.0260345323832543,pow,9.905388375069382,2.845188362283374,2.5528981301281917,NA,NA,0.30000000035301466,NA,NA,NA,0.8410315831691875,1.38412058418501,0.09275773388929145,0.19105241869077164,1.3603990826232264e-18,-119.10304205921653,0.9999999993304893,9.921256601775061,NA,10.163270529488836,0.0046050394274116105,0.04641588875533872,0.4678428410674735,0.04791023596325305,0.04791023596325305,0.1299575379045562,100|100|100|100|100|100|75|75|75|75|75|75|33.3333333333333|33.3333333333333|33.3333333333333|33.3333333333333|33.3333333333333|33.3333333333333|11.1111111111111|11.1111111111111|11.1111111111111|11.1111111111111|11.1111111111111|11.1111111111111|3.7037037037037|3.7037037037037|3.7037037037037|3.7037037037037|3.7037037037037|3.7037037037037|1.23456790123457|1.23456790123457|1.23456790123457|1.23456790123457|1.23456790123457|1.23456790123457|0.411522633744856|0.411522633744856|0.411522633744856|0.411522633744856|0.411522633744856|0.411522633744856|0.137174211248285|0.137174211248285|0.137174211248285|0.137174211248285|0.137174211248285|0.137174211248285,9.22363432881509|11.7800479990223|11.2145952138688|11.5444510592621|12.0895515438294|7.08477960205511|13.4189557396732|9.04946733127374|11.0426399356614|9.26373230022619|11.3226167753697|4.80203424168646|3.62840459690692|6.82046379418074|3.57875638601663|4.81420771677078|2.11649134364276|6.5022520436776|2.83128725688063|6.83091122561321|2.82045666883517|7.34817949187168|2.93794430598413|2.67917317603443|5.56829925589128|6.47197961635091|2.24590032573098|9.68124137086173|0.792931542202848|11.2588822853539|3.3056404697043|7.81011227979969|2.06559550964978|5.56051623447802|2.04701202577602|2.59764979140776|2.14827689733366|4.47625503112725|3.61971964146313|3.00173119651812|3.01488961884789|1.95218694642017|2.90811397462841|7.52441914462216|1.45224125670486|3.36769812818667|0.574591950135215|6.80077507110201,dt4,Definitive_rep4
NPPB,Cell_ER_Symmetry,Mahalanobis distance (cutoff = 1),43,1.0260345323832543,pow,6.396152550421449,2.811452369103604,1.6484688973795496,NA,NA,0.3000000167529506,NA,NA,NA,0.7701291533737673,1.38412058418501,0.33711048532026006,1.0650125271492081,5.591129244791104e-12,-117.25587341939026,0.9999998717475429,9.921257854892543,NA,6.562673391123631,0.004605041941242672,0.04641590823054511,0.4678429782737245,0.2058752339923414,0.2058752339923414,0.5584409370513209,100|100|100|100|100|100|75|75|75|75|75|75|33.3333333333333|33.3333333333333|33.3333333333333|33.3333333333333|33.3333333333333|33.3333333333333|11.1111111111111|11.1111111111111|11.1111111111111|11.1111111111111|11.1111111111111|11.1111111111111|3.7037037037037|3.7037037037037|3.7037037037037|3.7037037037037|3.7037037037037|3.7037037037037|1.23456790123457|1.23456790123457|1.23456790123457|1.23456790123457|1.23456790123457|1.23456790123457|0.411522633744856|0.411522633744856|0.411522633744856|0.411522633744856|0.411522633744856|0.411522633744856|0.137174211248285|0.137174211248285|0.137174211248285|0.137174211248285|0.137174211248285|0.137174211248285,8.2487817673195|7.90380474947791|5.66898165358411|2.28624001539492|14.8044002001293|6.93234767822113|12.1576376843012|4.05524871149604|8.825535944342|8.28041617986323|6.6500596185239|0.349739032155151|3.40713868481518|1.61400095838048|3.97801277543329|0.95880124021931|2.00267815131262|1.07679362592878|3.29855085486708|3.37954844647973|8.75843251486376|1.46752333431603|2.61524922021508|0.507904394078505|5.57584901582628|1.98828543751695|2.99718368485273|2.82617832579272|3.36921057157307|1.2781501598363|1.88655527238569|2.34946278409333|1.6745714633957|0.64719662884948|3.18558390497503|3.99089469535278|2.74423145867115|5.50057402103111|1.34519016906994|3.88780679337901|5.88623928588489|3.98222353992149|6.47075966714769|2.6617583219813|1.27737023016888|1.27119719444687|1.31043064083746|0.0193270273079548,dt4,Definitive_rep4
NPPB,Nucleus_DNA_Radial,Mahalanobis distance (cutoff = 1),25,1.0260345323832543,poly1,2.555575911308223,1.309248557071014,0.026221091351290415,NA,NA,NA,NA,NA,NA,0.029438552858935367,1.38412058418501,42.94230552979701,68.29459411316245,1.019822104948611e-7,-80.79842236286625,0.9996770459481951,49.99999999999999,NA,2.6221091351290413,5,10,20,39.130123099653524,39.130123099653524,52.7865360614326,100|100|100|100|100|100|75|75|75|75|75|75|33.3333333333333|33.3333333333333|33.3333333333333|33.3333333333333|33.3333333333333|33.3333333333333|11.1111111111111|11.1111111111111|11.1111111111111|11.1111111111111|11.1111111111111|11.1111111111111|3.7037037037037|3.7037037037037|3.7037037037037|3.7037037037037|3.7037037037037|3.7037037037037|1.23456790123457|1.23456790123457|1.23456790123457|1.23456790123457|1.23456790123457|1.23456790123457|0.411522633744856|0.411522633744856|0.411522633744856|0.411522633744856|0.411522633744856|0.411522633744856|0.137174211248285|0.137174211248285|0.137174211248285|0.137174211248285|0.137174211248285|0.137174211248285,2.19391100525756|1.39264940245957|2.92342688770448|2.80942252210593|3.52497161897331|1.36792751209025|3.75315907530249|1.1328988321192|2.45159688078618|2.12894712293797|6.16555111252478|1.91742822984147|0.651393759493644|-0.185766053486539|2.21410629163844|0.457940877114723|0.752702679592131|0.851387253067581|-0.676257368715141|0.196369733453686|3.12766178470421|-0.760163449075059|-0.138192148317784|1.89949780340117|-0.592517088230204|-0.627728339524573|-0.732134585036711|-0.269712681570676|-0.316053017899546|-0.0424694542645985|1.73674235250704|1.55478911779335|1.48454727770156|-0.12623138167589|0.389657055785088|1.82243823847779|0.320466806223565|0.482539679409459|1.66211846760574|0.909583409686709|-0.739062048904715|2.08243090641171|2.07219409719047|0.385985462989263|2.1650436677538|2.51890197535574|1.77215917336568|0.554119530787732,dt4,Definitive_rep4
NPPB,Nucleus_DNA_Compactness,Mahalanobis distance (cutoff = 1),44,1.0260345323832543,hill,6.389714303614839,3.45636420096245,NA,NA,6.556067527572043,0.3000000015463511,NA,0.9335158340225307,NA,0.9106680134153753,1.38412058418501,0.0020175241906712463,0.05903080459844373,1.0997986899087648e-11,-125.06847388951095,0.9999994979340643,0.9335158340225307,NA,6.556067527572043,5.1004642458739517e-5,6.156208785194583e-4,0.009188720919608291,0.0034007070244536624,0.0034007070244536624,0.011530671151515137,100|100|100|100|100|100|75|75|75|75|75|75|33.3333333333333|33.3333333333333|33.3333333333333|33.3333333333333|33.3333333333333|33.3333333333333|11.1111111111111|11.1111111111111|11.1111111111111|11.1111111111111|11.1111111111111|11.1111111111111|3.7037037037037|3.7037037037037|3.7037037037037|3.7037037037037|3.7037037037037|3.7037037037037|1.23456790123457|1.23456790123457|1.23456790123457|1.23456790123457|1.23456790123457|1.23456790123457|0.411522633744856|0.411522633744856|0.411522633744856|0.411522633744856|0.411522633744856|0.411522633744856|0.137174211248285|0.137174211248285|0.137174211248285|0.137174211248285|0.137174211248285|0.137174211248285,12.2610681110141|5.85849109955442|7.38439103017586|5.57000578713839|13.5336103251143|5.78608140048984|6.74305099902236|2.37665235987365|3.84766108468133|5.39453576955794|16.8179420568631|2.43765491998471|9.9016400849013|0.71331502763615|5.18958781198111|6.11367505156196|2.05027920783849|2.36720680192537|0.897792041834649|3.94054389753652|12.3964132603735|0.494485193299935|10.9024699074267|2.97746465916572|3.16113504985416|1.48533910037|1.20332077979275|3.78786105090706|2.01828355194759|1.21736670619589|2.28340773876844|3.72358347908576|4.14550343203731|3.74051112582752|7.7190625790485|6.45435567689284|2.74653191071329|0.753101469506258|7.1112509603128|1.52463483448815|3.25976379521505|1.22521209461421|3.32976255951872|4.78799581693339|4.34491204395531|1.82433290928245|5.17097386876468|1.9330517976426,dt4,Definitive_rep4
Berberine Chloride,Ring_Mito_Texture,Mahalanobis distance (cutoff = 1),26,1.0260345323832543,exp5,20.320931662637587,3.4640917668370355,NA,NA,20.849977616066422,2.4899000304831516,NA,28.509999522456177,NA,0.6588521130034634,1.38412058418501,10.175149315203315,12.562727112815585,5.41612336457562e-29,-119.92419298077743,0.9999999999965508,28.509999522456177,NA,20.849977616066422,10.019742026756475,13.378600798477263,18.08431553150966,9.954238165120689,9.954238165120689,11.266725130526229,0.137174211248285|0.137174211248285|0.137174211248285|100|100|100|0.411522633744856|0.411522633744856|0.411522633744856|75|75|75|1.23456790123457|1.23456790123457|1.23456790123457|33.3333333333333|33.3333333333333|33.3333333333333|3.7037037037037|3.7037037037037|3.7037037037037|11.1111111111111|11.1111111111111|11.1111111111111|11.1111111111111|11.1111111111111|11.1111111111111|3.7037037037037|3.7037037037037|3.7037037037037|33.3333333333333|33.3333333333333|33.3333333333333|1.23456790123457|1.23456790123457|1.23456790123457|75|75|75|0.411522633744856|0.411522633744856|0.411522633744856|100|100|100|0.137174211248285|0.137174211248285|0.137174211248285,0.838694198797003|-0.64494428518825|-0.589321881625246|20.5537583480684|18.2585312584604|15.446820254045|0.33280417296095|0.0269897335588751|0.0589282970326606|28.1819698639418|21.2485304016144|27.2754780210618|0.918539811053843|0.265801983588856|0.672630926264258|14.5671659456773|8.7945508201919|12.9837347769723|0.488075091114719|1.33274470244847|0.847337542633968|0.679521715419314|0.0934652712129372|-0.0192601700755912|2.70415493151373|9.29982000875388|1.5752865585786|-0.0311044658983056|-0.13930624630444|0.0402931360834664|15.7483953763724|9.80064109905527|23.5921730518344|-0.306310060080011|0.30480693143585|0.417024910146772|26.3387317791023|32.7659643993621|21.0205856797971|3.06830346786156|1.97512530550052|0.718475682842534|15.3123530922378|19.4759344217569|21.0114384148325|-0.1261443611879|1.37207111620809|1.84484773256246,dt4,Definitive_rep4
Berberine Chloride,Ring_ER_Texture,Mahalanobis distance (cutoff = 1),38,1.0260345323832543,pow,8.788372856607703,2.8690400547767316,1.9229890493820476,NA,NA,0.3355468203289832,NA,NA,NA,0.8646762638185934,1.38412058418501,0.2526857535271039,0.5993585433483012,1.9532878845334127e-15,-119.85615481904965,0.9999999665867223,12.6726484437034,NA,9.017174034339169,0.013263475990642832,0.10466222628651069,0.8258907106234269,0.15379934882714563,0.15379934882714563,0.3753335731964002,0.137174211248285|0.137174211248285|0.137174211248285|100|100|100|0.411522633744856|0.411522633744856|0.411522633744856|75|75|75|1.23456790123457|1.23456790123457|1.23456790123457|33.3333333333333|33.3333333333333|33.3333333333333|3.7037037037037|3.7037037037037|3.7037037037037|11.1111111111111|11.1111111111111|11.1111111111111|11.1111111111111|11.1111111111111|11.1111111111111|3.7037037037037|3.7037037037037|3.7037037037037|33.3333333333333|33.3333333333333|33.3333333333333|1.23456790123457|1.23456790123457|1.23456790123457|75|75|75|0.411522633744856|0.411522633744856|0.411522633744856|100|100|100|0.137174211248285|0.137174211248285|0.137174211248285,-0.396555109302666|-0.102005495364326|0.640621112105607|10.9723206117825|5.35095197567659|6.62023267017307|0.0131766645887771|8.09696097584188|0.608740635939428|3.41087185043835|5.34203219893259|2.43086771174563|2.86843505021717|6.24972069988018|6.30397733747919|6.25032078140549|3.73083797988296|3.39996385694822|1.33421725613044|6.07493280383481|10.5349938007804|4.11038620037509|1.66358713765904|1.71627945654851|5.50442252040527|6.5705955359176|1.31220230220425|2.29761915047184|1.26504896858583|2.28197860060255|9.58518617843131|6.23092129719401|10.1411920499054|1.78751893179225|5.73403588248133|0.949772970573787|12.8315089821569|9.78201241370573|8.27363513523131|2.32297681575154|3.9470998458286|0.386996193098165|10.4519335464062|13.5927812491284|10.8822912808185|0.432004595494512|-0.509955872629916|-0.438800300744798,dt4,Definitive_rep4
Berberine Chloride,Ring_Mito_Intensity,Mahalanobis distance (cutoff = 1),19,1.0260345323832543,exp5,18.54068086505465,1.5628243547975433,NA,NA,19.023378821443497,3.1734316965147613,NA,36.335458881948156,NA,-0.1154880477304307,1.38412058418501,17.379744287492617,18.875212997910428,2.6963545840628452e-40,-80.87490947591223,0.9999999999998765,36.335458881948156,NA,19.023378821443497,15.995883312895096,20.06869012101138,25.422453236860715,16.392999989656474,16.392999989656474,18.071220929626527,0.137174211248285|0.137174211248285|0.137174211248285|100|100|100|0.411522633744856|0.411522633744856|0.411522633744856|75|75|75|1.23456790123457|1.23456790123457|1.23456790123457|33.3333333333333|33.3333333333333|33.3333333333333|3.7037037037037|3.7037037037037|3.7037037037037|11.1111111111111|11.1111111111111|11.1111111111111|11.1111111111111|11.1111111111111|11.1111111111111|3.7037037037037|3.7037037037037|3.7037037037037|33.3333333333333|33.3333333333333|33.3333333333333|1.23456790123457|1.23456790123457|1.23456790123457|75|75|75|0.411522633744856|0.411522633744856|0.411522633744856|100|100|100|0.137174211248285|0.137174211248285|0.137174211248285,-0.120763658261761|-0.799837276162324|-0.846872317485348|19.0250574240648|17.8421284926363|13.9955769955262|-0.832002690925083|-0.701241066060638|-0.824950896603995|23.5294891409089|18.5172096560834|19.5646947366718|-0.825255346946597|-0.556134271941316|-0.818582592109363|8.01450087421551|7.41287689705807|3.40484678768488|0.194874830670332|-0.623527268210003|-0.70902244054312|0.360721686974472|1.19195480108888|-0.410400057034835|-0.0447584135187045|0.552453639860781|0.91576892654944|-1.72559772226855e-05|-0.425483227295522|-0.822804539138165|6.73410134187022|8.87694542649709|8.66464823246065|-0.707103419387508|-0.56447609913741|0.20794144046129|22.5987952249759|21.2188943630731|17.9364344551841|0.225136794879594|-0.357912426187586|-0.699784683346345|15.0194750919028|19.7206622091318|19.0202291384827|-0.590373061760281|-0.774825804216665|-0.682624350939281,dt4,Definitive_rep4
Berberine Chloride,Cytoplasm_Mito_Texture,Mahalanobis distance (cutoff = 1),27,1.0260345323832543,poly2,20.586753589871293,2.6766154775755107,-86.6142737339636,-237.12818007877286,NA,NA,NA,NA,NA,0.33643685651418087,1.38412058418501,3.510088361883146,4.207421559600582,1.4188598291410298e-33,-103.69290191828246,0.9999999999998587,33.7051810025087,NA,21.122720092872875,2.9275796005381447,5.931227845087186,12.192666032314518,2.843113771738653,2.843113771738653,3.8519469901414247,0.137174211248285|0.137174211248285|0.137174211248285|100|100|100|0.411522633744856|0.411522633744856|0.411522633744856|75|75|75|1.23456790123457|1.23456790123457|1.23456790123457|33.3333333333333|33.3333333333333|33.3333333333333|3.7037037037037|3.7037037037037|3.7037037037037|11.1111111111111|11.1111111111111|11.1111111111111|11.1111111111111|11.1111111111111|11.1111111111111|3.7037037037037|3.7037037037037|3.7037037037037|33.3333333333333|33.3333333333333|33.3333333333333|1.23456790123457|1.23456790123457|1.23456790123457|75|75|75|0.411522633744856|0.411522633744856|0.411522633744856|100|100|100|0.137174211248285|0.137174211248285|0.137174211248285,1.14762270600383|-0.596903173269215|-0.456867604973172|21.5126864774781|18.4475344443675|16.874181617962|0.733180725201579|-0.0794497606697632|-0.00918370193927798|24.452761835246|18.0138872892133|17.1168418711757|0.13967775487113|-0.318824539080507|0.689424605533001|10.2164912614456|8.6922157492433|9.16663366527337|0.493570426332199|1.99757894627404|1.01429231607453|3.04028438406451|2.26301666311477|4.65508167936162|3.54922855644268|5.83149981472585|3.36159617593279|0.612114606559948|0.310336697270251|1.53659355527673|11.3187451950967|10.4464230630412|19.3203537427371|-0.673469632182573|-0.53684491472237|-0.64334731408907|24.9541521887528|23.5431673375479|19.4157483720763|0.960120807778189|0.285263185773837|-0.529451631715303|14.3211197001461|23.2231229037838|29.2544653745131|-0.100943467994957|0.982577578142951|0.129351672298332,dt4,Definitive_rep4
Berberine Chloride,Cytoplasm_ER_Texture,Mahalanobis distance (cutoff = 1),22,1.0260345323832543,pow,3.412205104369688,3.064009796757842,0.8794204647118373,NA,NA,0.3000002691408729,NA,NA,NA,0.883853619870144,1.38412058418501,1.564968293221925,22.05249364460916,8.835066931731788e-4,-121.84663213896155,0.9979200231135245,9.921277139831364,NA,3.5010402686577065,0.00460508062815395,0.04641620794631108,0.46784508982177314,1.6719290085523735,1.6719290085523735,4.53513907568066,0.137174211248285|0.137174211248285|0.137174211248285|100|100|100|0.411522633744856|0.411522633744856|0.411522633744856|75|75|75|1.23456790123457|1.23456790123457|1.23456790123457|33.3333333333333|33.3333333333333|33.3333333333333|3.7037037037037|3.7037037037037|3.7037037037037|11.1111111111111|11.1111111111111|11.1111111111111|11.1111111111111|11.1111111111111|11.1111111111111|3.7037037037037|3.7037037037037|3.7037037037037|33.3333333333333|33.3333333333333|33.3333333333333|1.23456790123457|1.23456790123457|1.23456790123457|75|75|75|0.411522633744856|0.411522633744856|0.411522633744856|100|100|100|0.137174211248285|0.137174211248285|0.137174211248285,-0.516781235655402|0.700882842256286|0.695778540035884|5.11317792774702|-0.711377199551047|-0.285841277965683|-0.492441607315543|5.86098041766212|1.03358231251121|-0.430025662094891|0.236427561737038|-0.575424974832677|2.46006130795022|4.93647026633524|5.81188118214102|0.293016899322888|4.786877665901|0.0443344670449047|2.17424353659085|6.59701194854189|8.98706166552307|-0.389695557702907|-0.6617235111937|-0.53246874823853|2.04332864544316|4.76774906801007|0.157306666680495|-0.0981919130559927|-0.626853480573839|-0.807166812298483|7.21344518417516|3.26201480765559|5.14392126315812|-0.765365099563006|1.84742809593242|0.526096380821571|10.146039790816|3.59734609301679|3.32752171284084|-0.337669593383625|0.54531658101091|-0.135852490392128|5.761083539216|11.7957673301743|5.99065590836048|-0.826992404557084|0.371556010560223|-0.26727231695503,dt4,Definitive_rep4
Berberine Chloride,Cytoplasm_Mito_Intensity,Mahalanobis distance (cutoff = 1),18,1.0260345323832543,hill,16.117925960667044,1.9560262387182878,NA,NA,16.537548626040923,7.999994067391106,NA,38.70754840161109,NA,-0.009621868036832524,1.38412058418501,27.883709626267777,29.727211493217354,1.131793598755062e-31,-88.89616421494422,0.9999999999635033,38.70754840161109,NA,16.537548626040923,26.788681998181374,29.411370589230373,32.549034511446045,27.56506554079516,27.56506554079516,28.69977214206732,0.137174211248285|0.137174211248285|0.137174211248285|100|100|100|0.411522633744856|0.411522633744856|0.411522633744856|75|75|75|1.23456790123457|1.23456790123457|1.23456790123457|33.3333333333333|33.3333333333333|33.3333333333333|3.7037037037037|3.7037037037037|3.7037037037037|11.1111111111111|11.1111111111111|11.1111111111111|11.1111111111111|11.1111111111111|11.1111111111111|3.7037037037037|3.7037037037037|3.7037037037037|33.3333333333333|33.3333333333333|33.3333333333333|1.23456790123457|1.23456790123457|1.23456790123457|75|75|75|0.411522633744856|0.411522633744856|0.411522633744856|100|100|100|0.137174211248285|0.137174211248285|0.137174211248285,0.198698989722501|-0.737415265462607|-0.506976187894959|17.3788072809224|14.6063628581563|10.8114613491529|-0.694074401381917|-0.42290267541577|-0.437561597998264|18.0846107966339|13.0723863929257|12.7300592569696|-0.737453637385859|-0.0458964331353833|-0.337757739551315|3.74988673519756|4.11167993913022|1.03118535203198|-0.458773278444096|-0.65899860059986|-0.712488892401851|-0.560187165340807|-0.00868506038029171|-0.205957104317039|-0.805382797174942|-0.727301087178979|0.0186620401222888|-0.364752191382547|-0.655982139800476|-0.819330179182412|3.3198296041573|4.64033168578283|4.45001855618117|-0.733462148842234|-0.603594633589236|0.171269681518463|17.5745589448842|17.0351561252712|15.6765469615755|-0.256515025656508|-0.544609332679436|-0.701644673833071|9.98108629375472|19.6052723238976|23.2608899442755|-0.643098846649933|-0.638466075231378|-0.758594272933688,dt4,Definitive_rep4
Berberine Chloride,Cytoplasm_Mito_Profile,Mahalanobis distance (cutoff = 1),36,1.0260345323832543,pow,23.86466477419275,3.2480716891820545,0.5187530469312289,NA,NA,0.8369783276761009,NA,NA,NA,0.668507397255619,1.38412058418501,3.0022362130587035,3.5000085476355003,1.920278897348082e-28,-117.96751335294879,0.9999999999949182,43.68548563770606,NA,24.48597016207198,2.7897359668957096,6.385956173250862,14.618027200638414,2.258882558490874,2.258882558490874,3.230193641410306,0.137174211248285|0.137174211248285|0.137174211248285|100|100|100|0.411522633744856|0.411522633744856|0.411522633744856|75|75|75|1.23456790123457|1.23456790123457|1.23456790123457|33.3333333333333|33.3333333333333|33.3333333333333|3.7037037037037|3.7037037037037|3.7037037037037|11.1111111111111|11.1111111111111|11.1111111111111|11.1111111111111|11.1111111111111|11.1111111111111|3.7037037037037|3.7037037037037|3.7037037037037|33.3333333333333|33.3333333333333|33.3333333333333|1.23456790123457|1.23456790123457|1.23456790123457|75|75|75|0.411522633744856|0.411522633744856|0.411522633744856|100|100|100|0.137174211248285|0.137174211248285|0.137174211248285,0.258398049931605|1.43112049089922|0.980400752816194|23.4771832683703|14.8808589731063|16.4659871547987|0.0919058100935465|1.7707401439613|0.72015901222268|23.9557226347437|18.549273940055|19.685940225348|1.22034552564778|1.33945637437604|3.69649157881905|9.3801530020658|8.73432638937975|6.59271773010683|1.33261361837786|4.96126471346542|5.6068194754569|2.43908789515418|2.78850660495795|5.10558385433112|3.03783693907856|5.95822900419922|3.79449218247761|1.28321262314799|1.26345759562824|0.155043710777306|6.53321715732638|13.0921552723833|8.72231917679355|-0.361738653483559|2.74743625841195|-0.556867526057979|25.1336528106634|29.7299231562154|19.3722045266106|1.19009263682478|0.571615190408206|-0.252792335996698|16.2705615428619|28.129655712473|25.7034091785343|0.89185636187723|0.894025519366824|-0.485359182807216,dt4,Definitive_rep4
Berberine Chloride,Cytoplasm_AGP_Profile,Mahalanobis distance (cutoff = 1),23,1.0260345323832543,exp4,1.5706178999927982,1.4144298913306144,NA,NA,1.6115082025718794,NA,NA,3.0019560145883397,NA,0.029445565263802327,1.38412058418501,2.388754097879792,27.375435432258655,2.9782064690230785e-7,-82.16984839307523,0.9896153410818982,3.0019560145883397,NA,1.6115082025718794,0.22214649054818042,0.4563066006034011,0.9664139807120835,4.3850632247468395,4.3850632247468395,8.48108388666857,0.137174211248285|0.137174211248285|0.137174211248285|100|100|100|0.411522633744856|0.411522633744856|0.411522633744856|75|75|75|1.23456790123457|1.23456790123457|1.23456790123457|33.3333333333333|33.3333333333333|33.3333333333333|3.7037037037037|3.7037037037037|3.7037037037037|11.1111111111111|11.1111111111111|11.1111111111111|11.1111111111111|11.1111111111111|11.1111111111111|3.7037037037037|3.7037037037037|3.7037037037037|33.3333333333333|33.3333333333333|33.3333333333333|1.23456790123457|1.23456790123457|1.23456790123457|75|75|75|0.411522633744856|0.411522633744856|0.411522633744856|100|100|100|0.137174211248285|0.137174211248285|0.137174211248285,1.87244121362957|0.800911012992412|0.527153383553882|0.706619860336964|0.528752111269573|6.50617486907792|0.70399329299052|1.16370173943748|0.273142473743416|4.94478331572525|1.74715718687123|2.1328582738738|-0.00420099969417531|3.14889318424498|2.44074122477242|1.23665840789714|0.895316908978134|0.487750288450592|0.341857319285647|3.02119213371371|4.42776204474225|2.08425829985104|1.10470848201074|2.62068197654415|0.851697639071418|2.62309536580445|1.32376344032878|0.337788809097578|-0.42226723539481|-0.593023200713286|-0.390015697546747|2.19545598345393|0.78345627725523|-0.0396363649661341|0.974346622491374|-0.427678836465555|1.06224081042092|3.03826230251391|1.78600134512136|-0.746013450586545|-0.534094280882791|-0.815300969284146|1.98010173375137|3.08393069964859|1.37331803951415|-0.581260522255244|-0.549870167617401|-0.675759209810979,dt4,Definitive_rep4
Berberine Chloride,Cytoplasm_ER_Profile,Mahalanobis distance (cutoff = 1),40,1.0260345323832543,pow,6.789059416129375,2.246434967290479,1.7497314649230824,NA,NA,0.300000092773648,NA,NA,NA,0.592199775010243,1.38412058418501,0.30362045179625885,0.7305955444212108,1.5743404226856896e-16,-107.56019722667085,0.9999999485507158,9.921263663626778,NA,6.965809403350433,0.004605053593936048,0.046415998506511263,0.46784361428354204,0.16877268476581753,0.16877268476581753,0.4577993698863857,0.137174211248285|0.137174211248285|0.137174211248285|100|100|100|0.411522633744856|0.411522633744856|0.411522633744856|75|75|75|1.23456790123457|1.23456790123457|1.23456790123457|33.3333333333333|33.3333333333333|33.3333333333333|3.7037037037037|3.7037037037037|3.7037037037037|11.1111111111111|11.1111111111111|11.1111111111111|11.1111111111111|11.1111111111111|11.1111111111111|3.7037037037037|3.7037037037037|3.7037037037037|33.3333333333333|33.3333333333333|33.3333333333333|1.23456790123457|1.23456790123457|1.23456790123457|75|75|75|0.411522633744856|0.411522633744856|0.411522633744856|100|100|100|0.137174211248285|0.137174211248285|0.137174211248285,-0.460368772507396|1.22211797849478|0.204924764536877|5.9702589452536|3.36273787643115|9.44230844455393|-0.125605711891206|2.24049440572981|-0.223618199227442|6.30527568424071|7.72860686644261|10.0175471149471|1.82693490003997|1.68336719049485|3.83820577016835|3.99309948892054|9.05053483844373|5.40039032658184|1.56975556458173|2.80544374094267|6.92342666941473|1.2700590731446|4.16629927842653|2.70778031460023|4.1674951581907|2.49184399672083|4.38379033196382|0.652205087984197|1.45338932657535|0.183709187669677|6.2200258009393|1.58483053197519|4.15069588581652|-0.0722293840623087|7.26952282780902|2.57546085024719|7.17900230227095|5.63377078264291|11.9427095187475|3.76519181853711|5.34511761465376|1.99680135217701|8.58799033552046|4.45888984700515|3.92942256655569|4.98493845373185|2.41798140550133|0.883614505128028,dt4,Definitive_rep4
Berberine Chloride,Cytoplasm_DNA_Profile,Mahalanobis distance (cutoff = 1),39,1.0260345323832543,pow,12.099495439516303,3.289868921424522,1.4537511326360304,NA,NA,0.4657195859031166,NA,NA,NA,0.81419485082644,1.38412058418501,0.692093649242201,1.1835441008643437,1.2803905511806237e-18,-121.86119136277122,0.9999999990553626,22.574800966263545,NA,12.414500145357428,0.16084556965254518,0.7125004995300627,3.156176218761993,0.47322326200518516,0.47322326200518516,0.899973394714499,0.137174211248285|0.137174211248285|0.137174211248285|100|100|100|0.411522633744856|0.411522633744856|0.411522633744856|75|75|75|1.23456790123457|1.23456790123457|1.23456790123457|33.3333333333333|33.3333333333333|33.3333333333333|3.7037037037037|3.7037037037037|3.7037037037037|11.1111111111111|11.1111111111111|11.1111111111111|11.1111111111111|11.1111111111111|11.1111111111111|3.7037037037037|3.7037037037037|3.7037037037037|33.3333333333333|33.3333333333333|33.3333333333333|1.23456790123457|1.23456790123457|1.23456790123457|75|75|75|0.411522633744856|0.411522633744856|0.411522633744856|100|100|100|0.137174211248285|0.137174211248285|0.137174211248285,-0.372545206775857|0.535920144954818|-0.0689469319317395|20.3924819619301|23.4567635239624|19.5076521840013|0.374730857040382|1.30277893683295|0.0570042200359678|14.5250023393316|16.4649444563448|7.07375198950322|-0.597774981781103|0.387256114846574|1.78446243291679|6.27306571658068|9.71906859521315|6.43259700447106|1.68195212154062|2.22131744842222|2.58031743575497|7.62325052871282|9.32449735213906|3.60728761783969|6.00581949318275|2.71068182764451|6.71227448744509|4.99714493062093|4.47029389144673|2.15147776497|2.48258007957906|1.03039721212024|2.95625165650499|2.29165996338687|0.671814126466457|1.71639598986206|10.4757165061614|4.4230038861442|11.7548991065095|0.563540028434212|1.67979814754783|1.34583710186646|10.0201110537404|11.4791583385846|11.2450425524278|3.47104754842034|2.4392892751573|2.22261872385267,dt4,Definitive_rep4
Berberine Chloride,Nucleus_DNA_Texture,Mahalanobis distance (cutoff = 1),39,1.0260345323832543,pow,6.8208086963806,2.1727706059421457,1.7579138274201451,NA,NA,0.30000013224701827,NA,NA,NA,0.49209643555649096,1.38412058418501,0.3272476731714095,0.6414865177570059,3.3856286809413466e-18,-104.28061834619234,0.9999999842203687,9.921266679783413,NA,6.9983852612665025,0.004605059644548624,0.04641604538191041,0.46784394452870104,0.1661683580493506,0.1661683580493506,0.45073502105794316,0.137174211248285|0.137174211248285|0.137174211248285|100|100|100|0.411522633744856|0.411522633744856|0.411522633744856|75|75|75|1.23456790123457|1.23456790123457|1.23456790123457|33.3333333333333|33.3333333333333|33.3333333333333|3.7037037037037|3.7037037037037|3.7037037037037|11.1111111111111|11.1111111111111|11.1111111111111|11.1111111111111|11.1111111111111|11.1111111111111|3.7037037037037|3.7037037037037|3.7037037037037|33.3333333333333|33.3333333333333|33.3333333333333|1.23456790123457|1.23456790123457|1.23456790123457|75|75|75|0.411522633744856|0.411522633744856|0.411522633744856|100|100|100|0.137174211248285|0.137174211248285|0.137174211248285,0.922284107559752|2.93044092820399|0.336438535474844|6.71929106545057|10.7604613440016|7.18467963973824|1.04463187725859|5.37581118360006|0.00663621256330571|8.45494094599998|6.13450474934144|6.02313206888526|0.77000642689855|5.45709187051323|6.0314164564059|3.38344193717779|6.95874630106845|2.68323013029722|2.86924424745518|7.83058549770525|9.19462401207377|2.91626577022331|4.19278845995797|0.426904870348736|3.55521275449445|5.35922071598246|5.45987730537544|1.62155051461642|2.59105324441324|-0.00293632255864762|3.93490273405222|1.09837118138612|2.40736385047139|-0.312072627376705|1.4427204359894|1.09416876224298|6.08230481174406|6.30696704045514|6.416913670849|2.42017722595987|3.46909246772701|0.752800362612025|7.53126268995802|6.8297766772693|7.39842820409029|2.69460470956013|3.70839822464498|0.881399178310664,dt4,Definitive_rep4
Berberine Chloride,Nucleus_DNA_Intensity,Mahalanobis distance (cutoff = 1),35,1.0260345323832543,exp4,2.69877368576869,2.0609520140533735,NA,NA,2.7690349966859094,NA,NA,1.2175967948766253,NA,0.4463888764563109,1.38412058418501,0.24381403735056642,3.6217103802483503,5.717844582135357e-10,-101.58763587830764,0.9999817154772872,1.2175967948766253,NA,2.7690349966859094,0.09010287078494945,0.185078479390025,0.39197861651559046,0.8131237218673268,0.8131237218673268,1.217093278115203,0.137174211248285|0.137174211248285|0.137174211248285|100|100|100|0.411522633744856|0.411522633744856|0.411522633744856|75|75|75|1.23456790123457|1.23456790123457|1.23456790123457|33.3333333333333|33.3333333333333|33.3333333333333|3.7037037037037|3.7037037037037|3.7037037037037|11.1111111111111|11.1111111111111|11.1111111111111|11.1111111111111|11.1111111111111|11.1111111111111|3.7037037037037|3.7037037037037|3.7037037037037|33.3333333333333|33.3333333333333|33.3333333333333|1.23456790123457|1.23456790123457|1.23456790123457|75|75|75|0.411522633744856|0.411522633744856|0.411522633744856|100|100|100|0.137174211248285|0.137174211248285|0.137174211248285,0.536781065136234|2.91598049226823|-0.0807873642969994|3.56493113664045|1.64133940866641|2.34322836991113|1.20325296270356|4.58001143093455|0.085514849468135|2.26976938837266|2.03489604774788|3.60847597623458|0.220793972411585|5.24451946185725|5.17573001038469|1.17711001120867|3.43581637062301|0.766039020530775|1.97800684129816|8.19481548828348|8.63121765406537|2.58951283683108|4.65454944643774|0.0484137280363708|2.02294596705574|4.99190022252062|4.67943669455314|1.70526177864428|1.08396647520826|0.245555242237179|2.29652364644265|1.21047715325047|1.63693026948562|-0.0871574908337098|0.668347324375753|-0.0596588766524754|4.11971169916861|5.84023293030929|5.02647882229504|0.124439925323994|1.0457539569773|0.717364607561423|3.34294591448584|4.12289002693311|1.61192987118735|2.03266902878497|2.87947416811111|0.145734662198727,dt4,Definitive_rep4
Berberine Chloride,Nucleus_RNA_Texture,Mahalanobis distance (cutoff = 1),24,1.0260345323832543,poly2,2.4713069109524035,1.0286629525443094,-11.07682860356953,-116.24147404783774,NA,NA,NA,NA,NA,-0.25202429857145414,1.38412058418501,15.860425321545474,18.73133654987142,3.68960572130124e-11,-66.21959553462548,0.9987426057444527,15.325120479585518,NA,2.535646230754554,1.346054774485348,2.724807418534048,5.590764993791463,12.007714604333216,12.007714604333216,17.016002339606285,0.137174211248285|0.137174211248285|0.137174211248285|100|100|100|0.411522633744856|0.411522633744856|0.411522633744856|75|75|75|1.23456790123457|1.23456790123457|1.23456790123457|33.3333333333333|33.3333333333333|33.3333333333333|3.7037037037037|3.7037037037037|3.7037037037037|11.1111111111111|11.1111111111111|11.1111111111111|11.1111111111111|11.1111111111111|11.1111111111111|3.7037037037037|3.7037037037037|3.7037037037037|33.3333333333333|33.3333333333333|33.3333333333333|1.23456790123457|1.23456790123457|1.23456790123457|75|75|75|0.411522633744856|0.411522633744856|0.411522633744856|100|100|100|0.137174211248285|0.137174211248285|0.137174211248285,-0.572677377796364|-0.443884479880693|-0.244606677839048|1.49247958236893|1.20028817262991|1.52644803121533|-0.741188269149421|2.41282002181916|-0.0173993623313549|2.30777751681178|2.2797145147696|3.7343497904092|0.766636020676015|0.920109221507995|1.20087354679107|1.91294577702309|3.06507236758593|3.09977154228231|0.342111012267763|3.29462931865475|1.67536907972362|0.752828493047697|-0.308737126844373|0.960199105523448|0.615106907964575|1.76234348794003|1.10239075701998|0.286315104768584|-0.772662735656059|-0.700020499882625|1.90909597471049|-0.13998231619222|2.17756597073852|-0.782488010317213|1.21451570952144|1.28848734993044|2.54874284713184|3.10935091792454|1.98564223895809|0.958300811536124|2.68483403619383|-0.405294465656607|0.90373414145141|3.02490269193506|0.153966968876998|0.813667464965222|0.383963879270732|-0.343761968900473,dt4,Definitive_rep4
Berberine Chloride,Nucleus_RNA_Profile,Mahalanobis distance (cutoff = 1),33,1.0260345323832543,pow,4.19800370690452,2.5706542398509717,1.0819436870836967,NA,NA,0.30000006910352395,NA,NA,NA,0.6679280335923049,1.38412058418501,1.0847245589228098,5.832779854681778,3.8031166889355694e-8,-111.53141490356023,0.9999810294427318,9.92126185499481,NA,4.307296770356947,0.004605049965701903,0.04641597039779285,0.46784341625279224,0.8378978690708443,0.8378978690708443,2.2728153387092878,0.137174211248285|0.137174211248285|0.137174211248285|100|100|100|0.411522633744856|0.411522633744856|0.411522633744856|75|75|75|1.23456790123457|1.23456790123457|1.23456790123457|33.3333333333333|33.3333333333333|33.3333333333333|3.7037037037037|3.7037037037037|3.7037037037037|11.1111111111111|11.1111111111111|11.1111111111111|11.1111111111111|11.1111111111111|11.1111111111111|3.7037037037037|3.7037037037037|3.7037037037037|33.3333333333333|33.3333333333333|33.3333333333333|1.23456790123457|1.23456790123457|1.23456790123457|75|75|75|0.411522633744856|0.411522633744856|0.411522633744856|100|100|100|0.137174211248285|0.137174211248285|0.137174211248285,2.07561443873624|0.894345776773523|1.82177471604717|13.9530922335029|5.2433794654197|7.6691876408357|-0.471394693343676|4.69924736121269|1.44298693432667|2.47420327512482|5.74652480788612|1.25380317318311|-0.60697089902174|3.10782192983321|4.37908213756748|4.0183242694636|5.26768355902118|2.26533169002074|-0.744199792899294|5.40324208206826|6.09261641703481|0.580873961222512|1.39271071846872|4.26406357515544|1.59897947322291|3.81733850368869|0.857124635650169|1.08236901792056|-0.227884039391776|0.0356332370528109|0.205724003297793|1.96719100155719|0.524189240123584|0.391723018528043|2.45687040730295|1.17890963631734|1.7868707052016|4.98180977921478|10.1104808661917|-0.107480654400277|1.24480288133648|2.54285152384863|1.73349894369108|6.74337721938565|0.391505477021793|1.80373442210167|-0.0399582529127959|-0.0122320050147915,dt4,Definitive_rep4
Berberine Chloride,Nucleus_RNA_Axial,Mahalanobis distance (cutoff = 1),27,1.0260345323832543,exp4,4.060483890308418,2.331791934308448,NA,NA,4.166196689642335,NA,NA,7.412293547317765,NA,0.45074781628998595,1.38412058418501,2.494349431493881,8.11852071266541,2.52094809180944e-10,-104.05412262292937,0.9999956728676679,7.412293547317765,NA,4.166196689642335,0.5485140323334705,1.126691548715083,2.386225540433897,3.0234144268148864,3.0234144268148864,4.318172925604662,0.137174211248285|0.137174211248285|0.137174211248285|100|100|100|0.411522633744856|0.411522633744856|0.411522633744856|75|75|75|1.23456790123457|1.23456790123457|1.23456790123457|33.3333333333333|33.3333333333333|33.3333333333333|3.7037037037037|3.7037037037037|3.7037037037037|11.1111111111111|11.1111111111111|11.1111111111111|11.1111111111111|11.1111111111111|11.1111111111111|3.7037037037037|3.7037037037037|3.7037037037037|33.3333333333333|33.3333333333333|33.3333333333333|1.23456790123457|1.23456790123457|1.23456790123457|75|75|75|0.411522633744856|0.411522633744856|0.411522633744856|100|100|100|0.137174211248285|0.137174211248285|0.137174211248285,-0.577410751948971|0.545611398854343|-0.503082859428126|6.92662970313548|6.07284087263909|13.320643199204|-0.506631254289215|1.45782150168641|0.324292386944577|2.95253160579196|7.75775914335007|6.38140435886789|0.928994963909373|-0.727715725629483|-0.785543108800776|4.64256633563236|9.60997508294693|7.25469136008881|1.11504330298244|-0.524261199180087|-0.160243765583898|3.31958771788335|3.80980937871012|4.84221275353856|1.81815541651848|-0.727963323184515|3.6793972192015|0.658098786774118|1.36338981371719|1.51043076504766|2.4262172590698|-0.402484138280004|3.38030179993521|2.6828806076677|-0.4884766378071|1.18756951591572|2.94683019412371|-0.252318587782945|3.97060052086188|0.719145016233293|0.396413329874015|2.49159687174348|3.21660324449597|0.505330642392542|2.62850523244055|-0.650907418856636|-0.166823919010494|0.0961841181407532,dt4,Definitive_rep4
Berberine Chloride,Nucleus_RNA_Compactness,Mahalanobis distance (cutoff = 1),39,1.0260345323832543,pow,9.649305066794604,2.3397568653666703,2.1217428954713324,NA,NA,0.3344826290423193,NA,NA,NA,0.6829169862665239,1.38412058418501,0.20476003932165218,0.39248348351129203,1.6949335943422556e-20,-110.7314975098965,0.999999998786376,12.589632889364452,NA,9.900520212031967,0.012892026410016987,0.10240192484808669,0.8133829298119921,0.11393579640476431,0.11393579640476431,0.2788405062760576,0.137174211248285|0.137174211248285|0.137174211248285|100|100|100|0.411522633744856|0.411522633744856|0.411522633744856|75|75|75|1.23456790123457|1.23456790123457|1.23456790123457|33.3333333333333|33.3333333333333|33.3333333333333|3.7037037037037|3.7037037037037|3.7037037037037|11.1111111111111|11.1111111111111|11.1111111111111|11.1111111111111|11.1111111111111|11.1111111111111|3.7037037037037|3.7037037037037|3.7037037037037|33.3333333333333|33.3333333333333|33.3333333333333|1.23456790123457|1.23456790123457|1.23456790123457|75|75|75|0.411522633744856|0.411522633744856|0.411522633744856|100|100|100|0.137174211248285|0.137174211248285|0.137174211248285,0.46467273579942|0.464449952006142|0.119131577828281|14.7649111805734|13.0417466978613|8.47719273051313|-0.0842890832698916|3.19434618369647|0.97284940520961|6.62473395340273|7.65850100025289|11.4332931867566|1.62366952508898|3.04212891240103|2.75951040593425|7.25412713048971|6.21252005002385|12.2807071841076|1.51376605680433|6.37964522338405|6.381170429823|2.41127944358561|0.684360594197914|5.1923257748137|3.45149114638416|5.20596174281094|8.07706181419132|0.387311994216714|1.26244697071197|1.50952824284882|7.39910275598232|3.90530978215747|9.95559530274987|0.841809671078223|6.64317770204725|5.91982900762806|10.8840042962206|4.39081950113675|7.4705171201393|3.09429298228125|3.6996470575855|0.950272406322324|10.9430522440102|10.3478902572657|6.31415006126095|1.82712023200207|1.28048344289684|1.33751777300948,dt4,Definitive_rep4
Berberine Chloride,Cell_DNA_Radial,Mahalanobis distance (cutoff = 1),30,1.0260345323832543,pow,9.37479078541693,2.6266100868357194,1.0261030703931127,NA,NA,0.4859662875206233,NA,NA,NA,0.6701046868965745,1.38412058418501,1.403955168026423,2.5543790546793423,5.390259281403819e-16,-113.37230788430384,0.999999970587478,24.01893503285925,NA,9.618859079706102,0.21027993683345098,0.875475688434047,3.64493965796713,0.9998625581418764,0.9998625581418764,1.8512844932624322,0.137174211248285|0.137174211248285|0.137174211248285|100|100|100|0.411522633744856|0.411522633744856|0.411522633744856|75|75|75|1.23456790123457|1.23456790123457|1.23456790123457|33.3333333333333|33.3333333333333|33.3333333333333|3.7037037037037|3.7037037037037|3.7037037037037|11.1111111111111|11.1111111111111|11.1111111111111|11.1111111111111|11.1111111111111|11.1111111111111|3.7037037037037|3.7037037037037|3.7037037037037|33.3333333333333|33.3333333333333|33.3333333333333|1.23456790123457|1.23456790123457|1.23456790123457|75|75|75|0.411522633744856|0.411522633744856|0.411522633744856|100|100|100|0.137174211248285|0.137174211248285|0.137174211248285,0.723478246823318|-0.175763005792136|0.655111989572329|12.9420737522648|9.61822329143001|16.9955348144315|-0.0464637375895021|0.356167347421195|0.398464306618896|9.3502298162258|13.414468952879|7.50030108762097|-0.571473460933941|0.525984290605836|0.800178751041886|6.49402520972325|11.1344154998593|8.69469906127568|1.3294653375008|0.42719280044259|1.42361116135547|6.42185776271335|6.89463178794114|3.79279723322601|1.30100398458473|0.229136118187793|4.12627718820191|2.09164537049922|4.23306736754576|2.34109205948555|2.48240297678267|0.683253647147353|1.92086278082028|2.17018832628174|0.301094597599639|1.22017484090975|6.23413608585254|4.56722716370617|11.4976636394825|0.767372176059848|0.982017344874727|3.54035102823755|9.80068795380607|3.20970886638781|5.20969197414507|0.69608288021576|0.580726364834256|0.960118449227974,dt4,Definitive_rep4
Berberine Chloride,Cell_Mito_Radial,Mahalanobis distance (cutoff = 1),35,1.0260345323832543,exp4,18.0674890237014,2.3723290854730825,NA,NA,18.537867651773045,NA,NA,15.289648427751377,NA,0.37638776557953024,1.38412058418501,1.496029310984453,1.9703608534283479,5.570377682101108e-35,-102.59960678939346,0.9999999999999977,15.289648427751377,NA,18.537867651773045,1.1314428737245317,2.3240738587054537,4.922167389843555,1.2559711328039223,1.2559711328039223,1.7116998677868738,0.137174211248285|0.137174211248285|0.137174211248285|100|100|100|0.411522633744856|0.411522633744856|0.411522633744856|75|75|75|1.23456790123457|1.23456790123457|1.23456790123457|33.3333333333333|33.3333333333333|33.3333333333333|3.7037037037037|3.7037037037037|3.7037037037037|11.1111111111111|11.1111111111111|11.1111111111111|11.1111111111111|11.1111111111111|11.1111111111111|3.7037037037037|3.7037037037037|3.7037037037037|33.3333333333333|33.3333333333333|33.3333333333333|1.23456790123457|1.23456790123457|1.23456790123457|75|75|75|0.411522633744856|0.411522633744856|0.411522633744856|100|100|100|0.137174211248285|0.137174211248285|0.137174211248285,1.06938339388826|0.69102322379999|0.674015981292095|18.1320772018069|14.2715851935421|18.6502069208278|0.0134566344512895|1.6159205808884|0.748492594758063|20.7940601391034|21.614809159176|16.8954993454685|2.13480731522696|-0.140021070074239|0.659700959382055|16.2123004235157|15.8689505376783|9.65614137797255|2.91956734855634|3.60725142752242|2.90080698162432|8.5738365952336|7.69024646546029|3.77554706469683|5.51494906434692|6.223993296533|8.08959989166769|2.82463000460109|5.84645190764077|2.86793649557003|11.5844042735375|15.4737346641203|13.646065429632|2.17040951797772|0.274657782117344|0.061959312220243|18.5224366108006|27.8023944322303|17.5633281957043|0.666070481166407|0.252548141037282|2.07852829242709|13.2070769460509|20.1710402841526|13.54492599466|-0.673472550603278|0.160198756910851|-0.162737928185397,dt4,Definitive_rep4
Berberine Chloride,Cell_Mito_Axial,Mahalanobis distance (cutoff = 1),11,1.0260345323832543,exp5,1.5242031971700132,0.9896195886605954,NA,NA,1.5638851146653956,7.999993592215052,NA,30.810842706049108,NA,-0.40313909298379713,1.38412058418501,15.957356482992694,40.25060896542016,9.74373553976483e-7,-62.612895238541924,0.9694812340876289,30.810842706049108,NA,1.5638851146653956,22.25142635048612,24.346416551368094,26.74073791421025,32.519110010432215,32.519110010432215,35.521357241681564,0.137174211248285|0.137174211248285|0.137174211248285|100|100|100|0.411522633744856|0.411522633744856|0.411522633744856|75|75|75|1.23456790123457|1.23456790123457|1.23456790123457|33.3333333333333|33.3333333333333|33.3333333333333|3.7037037037037|3.7037037037037|3.7037037037037|11.1111111111111|11.1111111111111|11.1111111111111|11.1111111111111|11.1111111111111|11.1111111111111|3.7037037037037|3.7037037037037|3.7037037037037|33.3333333333333|33.3333333333333|33.3333333333333|1.23456790123457|1.23456790123457|1.23456790123457|75|75|75|0.411522633744856|0.411522633744856|0.411522633744856|100|100|100|0.137174211248285|0.137174211248285|0.137174211248285,0.194844655176069|-0.82811420874872|-0.217572550254037|0.980758043838768|0.845693597725258|2.38716812713708|-0.717474507320817|-0.84151994284591|0.36621313273009|1.10905136327407|2.18578959163717|2.45486321370029|-0.732729441392854|-0.733059407677496|-0.76752112926646|0.398387923145224|1.03592558083978|2.6171516674534|-0.76901007577887|-0.0180091960846649|-0.218276342440512|-0.510652964348363|-0.48881818527983|0.18325147061654|-0.647200272383388|-0.0575654003277584|0.269671629639922|-0.819021690415233|-0.601376230082004|-0.67847867147952|0.987107632815914|4.21448123647462|0.777617800868331|-0.3707628787748|-0.78892458628583|0.338400223611856|1.72034468397585|3.81494805846833|0.2570547456628|-0.352445496691377|-0.0199967364570637|0.348060917693022|-0.249981555003131|5.14089127917671|1.41925130921463|-0.823697534486954|0.20911571161888|-0.156750405698828,dt4,Definitive_rep4
Berberine Chloride,Cell_Mito_Compactness,Mahalanobis distance (cutoff = 1),27,1.0260345323832543,poly2,16.742810357804988,1.5167770377619,-68.71555173769138,-150.49565255036697,NA,NA,NA,NA,NA,0.17868186231985345,1.38412058418501,2.9435367621654196,3.301626160172667,1.637223470978949e-38,-85.72009469473024,0.9999999999999603,22.0392894742017,NA,17.178701596251948,1.9052965800855797,3.8614272553951157,7.944033136277189,2.281738510240801,2.281738510240801,3.095049054066544,0.137174211248285|0.137174211248285|0.137174211248285|100|100|100|0.411522633744856|0.411522633744856|0.411522633744856|75|75|75|1.23456790123457|1.23456790123457|1.23456790123457|33.3333333333333|33.3333333333333|33.3333333333333|3.7037037037037|3.7037037037037|3.7037037037037|11.1111111111111|11.1111111111111|11.1111111111111|11.1111111111111|11.1111111111111|11.1111111111111|3.7037037037037|3.7037037037037|3.7037037037037|33.3333333333333|33.3333333333333|33.3333333333333|1.23456790123457|1.23456790123457|1.23456790123457|75|75|75|0.411522633744856|0.411522633744856|0.411522633744856|100|100|100|0.137174211248285|0.137174211248285|0.137174211248285,-0.555049600310535|-0.844276751974676|-0.28942662766134|15.036172002107|14.4372041453711|14.2947676254352|-0.817766890720592|-0.818103993755372|0.762427090929574|18.3880559807428|17.825906143149|17.0975230475149|-0.707370552326637|-0.761930170183914|0.463785933820306|10.315495543207|10.2449613832858|10.9277548392904|0.598965462830935|2.64884668221802|2.40044222679876|4.8493948443592|4.08775021220347|4.48226478378914|8.66308121297793|7.10335231106991|2.56570808765245|0.523336620287505|-0.334009030119318|-0.41085539473756|11.3186813621826|16.1513225512768|12.6223423242984|-0.60239229554963|-0.67972423936301|-0.723602423909323|18.9910794862149|21.0993480154021|15.9392993466921|0.762321901811595|0.00767512712686069|1.23117230728756|13.2774181686657|17.3235958083233|15.9489671811604|-0.669025333266982|0.0929200856445724|0.792759368047465,dt4,Definitive_rep4
Berberine Chloride,Cell_AGP_Radial,Mahalanobis distance (cutoff = 1),32,1.0260345323832543,pow,4.935806793065221,2.5177436847430537,1.041310841529513,NA,NA,0.34346986951382774,NA,NA,NA,0.3436032107076606,1.38412058418501,1.4804525233696864,3.798703240426594,6.029871255693547e-14,-99.77301284628959,0.9999991184489738,13.291137321863582,NA,5.064308214856764,0.016296660245635544,0.12261298526220137,0.9225168794284152,0.9578842370190287,0.9578842370190287,2.2900136812664478,0.137174211248285|0.137174211248285|0.137174211248285|100|100|100|0.411522633744856|0.411522633744856|0.411522633744856|75|75|75|1.23456790123457|1.23456790123457|1.23456790123457|33.3333333333333|33.3333333333333|33.3333333333333|3.7037037037037|3.7037037037037|3.7037037037037|11.1111111111111|11.1111111111111|11.1111111111111|11.1111111111111|11.1111111111111|11.1111111111111|3.7037037037037|3.7037037037037|3.7037037037037|33.3333333333333|33.3333333333333|33.3333333333333|1.23456790123457|1.23456790123457|1.23456790123457|75|75|75|0.411522633744856|0.411522633744856|0.411522633744856|100|100|100|0.137174211248285|0.137174211248285|0.137174211248285,1.43069532674386|0.305854166567425|0.790488381016085|2.51452344492462|6.13054199716326|8.97605230484379|0.131819032660028|2.22791614594949|0.770510368052522|0.528334293170399|7.18246257353906|3.11979216313164|0.70035922234528|3.05047974948559|3.47396575814802|1.55195985677426|4.67627898798307|5.49565948363204|0.610424900222385|3.85056997427927|3.53053458351983|1.27766919638074|1.00248934815485|2.90806784004346|1.45431243693116|2.11202374779871|7.47289307675462|0.566630753991471|1.15837905926882|1.07414296604588|3.40792414502267|1.92489494494966|5.41570131738011|0.0571088115961942|-0.0170860378292546|0.71441309561268|5.24949883003843|4.11263526522631|17.7354100539071|1.24107011551377|0.0695848365128759|1.87230813927183|6.80035883827929|4.27489881025849|3.21985081869194|-0.482393521981549|0.573128690288868|0.304556348721929,dt4,Definitive_rep4
Berberine Chloride,Cell_AGP_Compactness,Mahalanobis distance (cutoff = 1),40,1.0260345323832543,pow,6.463118217010636,2.0480057634186095,1.6657262979213314,NA,NA,0.3000002175509563,NA,NA,NA,0.5760712794062548,1.38412058418501,0.34040929088936894,0.8992135067049202,2.3446546611658895e-16,-104.87196394278816,0.9999999243374553,9.921273197849986,NA,6.6313824775281995,0.004605072720248363,0.046416146682124584,0.4678446582055951,0.1988512353768187,0.1988512353768187,0.5393878316273547,0.137174211248285|0.137174211248285|0.137174211248285|100|100|100|0.411522633744856|0.411522633744856|0.411522633744856|75|75|75|1.23456790123457|1.23456790123457|1.23456790123457|33.3333333333333|33.3333333333333|33.3333333333333|3.7037037037037|3.7037037037037|3.7037037037037|11.1111111111111|11.1111111111111|11.1111111111111|11.1111111111111|11.1111111111111|11.1111111111111|3.7037037037037|3.7037037037037|3.7037037037037|33.3333333333333|33.3333333333333|33.3333333333333|1.23456790123457|1.23456790123457|1.23456790123457|75|75|75|0.411522633744856|0.411522633744856|0.411522633744856|100|100|100|0.137174211248285|0.137174211248285|0.137174211248285,1.7298892250473|1.95585184472527|2.32514520670924|3.10932682334523|10.2624747531531|9.08031044800575|1.21206316627123|2.85947982046027|2.96358212974038|3.20457364020091|8.86814587058457|4.33085138096817|0.872864567912934|3.83743523553257|4.505024966909|2.67192593686451|8.27944434453815|5.42608573100956|0.616518244795965|3.40546043883311|2.65733309110591|7.16158816859573|2.26521414799923|6.36648128845031|-0.00560511415603404|3.09588511633753|3.00203276578795|2.74019597938925|-0.341510649298326|0.709035643883456|4.73672932513459|3.29626773516579|4.50176168013473|1.22430821349647|1.10326963288287|2.04171746648514|4.17535012099746|4.35510762238528|11.1370216796106|3.32069881955761|2.85990214139157|3.84654555116387|5.63897088006793|6.7351712608725|8.96311753607443|-0.212278756453588|-0.518809911508453|-0.557228324296675,dt4,Definitive_rep4
Berberine Chloride,Cell_AGP_Symmetry,Mahalanobis distance (cutoff = 1),39,1.0260345323832543,exp4,3.7350626478466866,2.4447762415488445,NA,NA,3.8323032573055347,NA,NA,0.278466844953866,NA,0.7159289641090161,1.38412058418501,0.07765614649532451,0.3997377927424915,3.799291345287804e-12,-112.4686460475121,0.999999744896111,0.278466844953866,NA,3.8323032573055347,0.02060670843940016,0.042327821854870724,0.08964630088529257,0.12518715450023413,0.12518715450023413,0.1800289597431402,0.137174211248285|0.137174211248285|0.137174211248285|100|100|100|0.411522633744856|0.411522633744856|0.411522633744856|75|75|75|1.23456790123457|1.23456790123457|1.23456790123457|33.3333333333333|33.3333333333333|33.3333333333333|3.7037037037037|3.7037037037037|3.7037037037037|11.1111111111111|11.1111111111111|11.1111111111111|11.1111111111111|11.1111111111111|11.1111111111111|3.7037037037037|3.7037037037037|3.7037037037037|33.3333333333333|33.3333333333333|33.3333333333333|1.23456790123457|1.23456790123457|1.23456790123457|75|75|75|0.411522633744856|0.411522633744856|0.411522633744856|100|100|100|0.137174211248285|0.137174211248285|0.137174211248285,4.70408416541508|1.73954529489635|0.670000113711503|3.31517536130902|0.815756215520211|6.048662932609|0.555401789906325|4.06287417100131|1.24856239399807|0.987478358845736|10.0878001516346|2.19297637726424|0.499391338595123|5.89302277948638|8.61377877485596|3.42204407226002|5.03283832639477|8.2980034407048|0.422852654394354|5.99748873834304|6.18948234544149|2.95281662192646|4.14198020667038|2.62295623350543|-0.533552587044959|2.0819703131721|1.9479250339597|6.47027029933942|2.45474915669106|2.18802711799194|5.87577187750092|5.19213485560786|7.49519563824718|1.63827786372204|3.43195152528282|5.21724868554649|3.04108983978207|7.03455722369212|9.1181300619781|2.74817618608654|1.83764394333715|2.53619731807127|1.60684952858335|4.19113099033043|1.07226600715566|1.61451469555486|0.642625222009394|0.388457513350598,dt4,Definitive_rep4
Berberine Chloride,Cell_ER_Radial,Mahalanobis distance (cutoff = 1),41,1.0260345323832543,exp4,2.9730012322811414,2.533904613923624,NA,NA,3.0504019291384195,NA,NA,0.11573666430911192,NA,0.6707489590129698,1.38412058418501,0.025406635568796767,0.2688311204138671,1.0455877122632956e-10,-111.81439092527143,0.9999969309363457,0.11573666430911192,NA,3.0504019291384195,0.008564580453237507,0.017592330999996315,0.0372588838496506,0.06846150118737529,0.06846150118737529,0.1009648852892212,0.137174211248285|0.137174211248285|0.137174211248285|100|100|100|0.411522633744856|0.411522633744856|0.411522633744856|75|75|75|1.23456790123457|1.23456790123457|1.23456790123457|33.3333333333333|33.3333333333333|33.3333333333333|3.7037037037037|3.7037037037037|3.7037037037037|11.1111111111111|11.1111111111111|11.1111111111111|11.1111111111111|11.1111111111111|11.1111111111111|3.7037037037037|3.7037037037037|3.7037037037037|33.3333333333333|33.3333333333333|33.3333333333333|1.23456790123457|1.23456790123457|1.23456790123457|75|75|75|0.411522633744856|0.411522633744856|0.411522633744856|100|100|100|0.137174211248285|0.137174211248285|0.137174211248285,1.44769274172277|0.397873694614556|1.32248995469295|2.93967333876452|3.23570074843998|4.86937415246985|-0.104280884940435|5.68314470677617|1.28565355384758|2.18482988789888|5.11881324184809|2.38009239700361|0.881988222631428|3.26763125122212|6.82255490022392|2.46895579586213|5.6755033027812|3.21391101205352|0.423238195767453|4.86822518606732|8.00513366224782|1.10253794026424|1.09244479771162|1.53003024810035|1.29576625931853|3.77206138109127|1.97397008752091|-0.217916577497872|1.59585801525577|1.8374418100006|-0.0993969086905703|1.60376399371297|1.41670839458053|1.48421644441092|6.58937872659045|3.17920887877415|6.20341658542755|3.6929777250145|10.9315767786646|4.42671469065451|7.49281368012628|2.57109599813726|3.98731593581414|10.0345535500636|4.80096319560483|0.79549920654839|4.51291488184199|1.49303868845747,dt4,Definitive_rep4
Berberine Chloride,Cell_ER_Compactness,Mahalanobis distance (cutoff = 1),45,1.0260345323832543,pow,14.744113508432141,2.781504583845694,3.5704590162661063,NA,NA,0.31352829550450056,NA,NA,NA,0.8676927790936797,1.38412058418501,0.03743117557388753,0.06450068995146052,1.8830616393225796e-25,-119.33493350904374,0.9999999999980623,10.9613333934612,NA,15.127969609029794,0.007085305786356605,0.06463908661498452,0.5897009450834139,0.018736357713746293,0.018736357713746293,0.04868093437729067,0.137174211248285|0.137174211248285|0.137174211248285|100|100|100|0.411522633744856|0.411522633744856|0.411522633744856|75|75|75|1.23456790123457|1.23456790123457|1.23456790123457|33.3333333333333|33.3333333333333|33.3333333333333|3.7037037037037|3.7037037037037|3.7037037037037|11.1111111111111|11.1111111111111|11.1111111111111|11.1111111111111|11.1111111111111|11.1111111111111|3.7037037037037|3.7037037037037|3.7037037037037|33.3333333333333|33.3333333333333|33.3333333333333|1.23456790123457|1.23456790123457|1.23456790123457|75|75|75|0.411522633744856|0.411522633744856|0.411522633744856|100|100|100|0.137174211248285|0.137174211248285|0.137174211248285,1.34280971082413|3.06534043557277|1.18042996338247|18.5934300299382|18.810699654272|18.5343882408161|0.088123063183928|4.23708565062204|2.02703753207453|10.6860155461195|12.714913306769|9.59930671394822|3.90742039402631|5.3408705040645|6.337864827584|12.6970536106575|13.1511900562971|14.5057976955815|5.12334100541107|7.31499180482708|9.23473267351859|6.00637713324337|6.33106608484962|12.6197944192917|3.60295910537452|6.12941195934391|12.687455162949|1.89852834860446|4.66434129406221|1.99535806873355|10.7537460087062|5.19511734424496|9.20568628601054|1.90864866120439|6.89528331755088|5.59862911876943|14.5010505316149|8.73897312960141|20.2694094955638|2.03521771197855|1.37828123897391|6.61405893733708|12.6865177287105|14.7281140282592|13.9906583162523|0.774131517444264|0.986581406374973|1.31253944264329,dt4,Definitive_rep4
Berberine Chloride,Cell_ER_Symmetry,Mahalanobis distance (cutoff = 1),44,1.0260345323832543,pow,11.281919898403878,3.149580777216179,2.9076660891956347,NA,NA,0.3000002290567747,NA,NA,NA,0.9143433412047246,1.38412058418501,0.05731033595227923,0.12949872956774594,3.0170202246624805e-19,-123.24231469369909,0.9999999997750914,9.921274077008626,NA,11.575639407344154,0.004605074483904575,0.04641616034553755,0.4678447544665809,0.03104983562160278,0.03104983562160278,0.08422327794756235,0.137174211248285|0.137174211248285|0.137174211248285|100|100|100|0.411522633744856|0.411522633744856|0.411522633744856|75|75|75|1.23456790123457|1.23456790123457|1.23456790123457|33.3333333333333|33.3333333333333|33.3333333333333|3.7037037037037|3.7037037037037|3.7037037037037|11.1111111111111|11.1111111111111|11.1111111111111|11.1111111111111|11.1111111111111|11.1111111111111|3.7037037037037|3.7037037037037|3.7037037037037|33.3333333333333|33.3333333333333|33.3333333333333|1.23456790123457|1.23456790123457|1.23456790123457|75|75|75|0.411522633744856|0.411522633744856|0.411522633744856|100|100|100|0.137174211248285|0.137174211248285|0.137174211248285,4.51622193009242|1.74707319042485|1.05259324918067|12.3631060996415|13.2741979186728|20.8547523295357|0.479497083551961|2.19925338062949|1.7978610208986|4.32951189165026|16.5908622245839|7.31670126306071|0.77918049117297|0.664631991536648|4.57310045975504|13.4242223494766|10.7567354076607|11.4348982917871|1.28433741977981|4.00234389796162|4.00903574481208|8.99257780782459|3.87592655173321|8.10048063378576|5.7711205595648|7.23029440176958|2.0219741877475|3.74796526240201|8.09203025839113|3.05445734307087|7.21443859567601|5.30765811861516|7.23564179020026|5.55753583746575|9.1851632304232|5.74902520552307|5.78821320675403|11.5671134477925|7.6451054452311|2.83556332146306|4.35393262902177|1.25137060704706|17.6938316587786|10.1771849683788|5.98575640705289|2.42312238135616|1.53728886203967|0.813129901345809,dt4,Definitive_rep4
Berberine Chloride,Nucleus_DNA_Profile,Mahalanobis distance (cutoff = 1),20,1.0260345323832543,pow,3.2194910618267705,1.0954186780882966,0.24383858751588272,NA,NA,0.5659233837448316,NA,NA,NA,-0.18770046709913046,1.38412058418501,16.931328050839465,28.35459828250614,6.696465312549409e-14,-71.3720575657708,0.9999567167296918,29.38142667275616,NA,3.3033090061334973,0.5023995428829503,1.7099222188172318,5.819738564304474,12.66858090739236,12.66858090739236,21.501173244146372,0.137174211248285|0.137174211248285|0.137174211248285|100|100|100|0.411522633744856|0.411522633744856|0.411522633744856|75|75|75|1.23456790123457|1.23456790123457|1.23456790123457|33.3333333333333|33.3333333333333|33.3333333333333|3.7037037037037|3.7037037037037|3.7037037037037|11.1111111111111|11.1111111111111|11.1111111111111|11.1111111111111|11.1111111111111|11.1111111111111|3.7037037037037|3.7037037037037|3.7037037037037|33.3333333333333|33.3333333333333|33.3333333333333|1.23456790123457|1.23456790123457|1.23456790123457|75|75|75|0.411522633744856|0.411522633744856|0.411522633744856|100|100|100|0.137174211248285|0.137174211248285|0.137174211248285,-0.519306544772063|-0.728882713494205|0.169196895231734|4.83023190711553|3.31602507797017|3.5716044265557|-0.43512846370342|-0.554698529161019|0.549582266445786|2.64518397435695|3.95310536400234|1.52660501958627|-0.795366472102573|-0.0359927141976868|-0.11378777489615|2.40117016760069|4.64059424838952|0.754818142981839|0.0379506582170761|1.24981282058569|0.39925236885169|3.19812986265109|3.78337449680147|0.723097981811763|0.449591526004646|-0.177864233064807|2.55436008888629|1.61660360983803|2.14000001179972|0.967374159314551|0.42054699830845|0.830748275605942|0.374872682021929|0.757166015945713|0.0349196352661938|0.354363028138784|1.69129035059229|2.9245264830184|5.75319757090873|0.329681660870972|0.422795117466927|1.00768660265215|3.64498959845647|3.24858926878675|2.21722812127858|0.0375795197397915|-0.0863294004877097|0.0790696328495544,dt4,Definitive_rep4
Berberine Chloride,Nucleus_DNA_Radial,Mahalanobis distance (cutoff = 1),32,1.0260345323832543,pow,8.341740804793314,2.2782043100401244,0.7459008404422232,NA,NA,0.5298687862511418,NA,NA,NA,0.3866397374842479,1.38412058418501,2.653470374922384,4.004533131189085,4.7509770917138334e-17,-101.92730562474782,0.9999999874912746,27.032002842250396,NA,8.55891412590842,0.35044392582749856,1.2964038509191145,4.795811314775631,1.8253635945487905,1.8253635945487905,3.2115574561541114,0.137174211248285|0.137174211248285|0.137174211248285|100|100|100|0.411522633744856|0.411522633744856|0.411522633744856|75|75|75|1.23456790123457|1.23456790123457|1.23456790123457|33.3333333333333|33.3333333333333|33.3333333333333|3.7037037037037|3.7037037037037|3.7037037037037|11.1111111111111|11.1111111111111|11.1111111111111|11.1111111111111|11.1111111111111|11.1111111111111|3.7037037037037|3.7037037037037|3.7037037037037|33.3333333333333|33.3333333333333|33.3333333333333|1.23456790123457|1.23456790123457|1.23456790123457|75|75|75|0.411522633744856|0.411522633744856|0.411522633744856|100|100|100|0.137174211248285|0.137174211248285|0.137174211248285,-0.57427965006345|-0.480015394275571|0.00806760850878008|8.72169735605796|9.91849469625327|16.6527244456712|-0.405614864315086|1.00376377122215|0.0443987058047853|8.95971290796524|9.42416564076274|8.55615227948092|0.136317067401277|1.99132295483633|0.808889638765238|4.13412853396572|7.33019692423036|5.67605556283546|1.36724510381995|0.333910261679544|0.713676665456791|2.70178133347068|4.59909986932705|5.18432872911373|1.79556578820147|-0.637269100363998|1.23592636039938|2.0010467751551|2.31859011473268|2.45356948208307|3.3605531136421|-0.408855705880142|2.1726637606347|2.26617375498016|0.253012886039081|3.24958326141347|6.32232484472585|1.23889619625033|5.92783300740611|1.17932842860059|3.14385977184096|1.63712729495615|7.17925292592901|2.44030693360412|9.33821256598832|0.215333599439358|0.774894052501189|0.344837905096203,dt4,Definitive_rep4
Berberine Chloride,Nucleus_DNA_Axial,Mahalanobis distance (cutoff = 1),25,1.0260345323832543,exp4,4.414579596579579,2.9600088992739404,NA,NA,4.529511112045184,NA,NA,12.335613009709112,NA,0.6036024046908666,1.38412058418501,3.2893294191450773,13.465694961801647,2.3867913271710492e-8,-113.44713874341664,0.9999841638331906,12.335613009709112,NA,4.529511112045184,0.9128425351838934,1.875051337016788,3.9711803954834157,4.571184563204441,4.571184563204441,6.489965735705133,0.137174211248285|0.137174211248285|0.137174211248285|100|100|100|0.411522633744856|0.411522633744856|0.411522633744856|75|75|75|1.23456790123457|1.23456790123457|1.23456790123457|33.3333333333333|33.3333333333333|33.3333333333333|3.7037037037037|3.7037037037037|3.7037037037037|11.1111111111111|11.1111111111111|11.1111111111111|11.1111111111111|11.1111111111111|11.1111111111111|3.7037037037037|3.7037037037037|3.7037037037037|33.3333333333333|33.3333333333333|33.3333333333333|1.23456790123457|1.23456790123457|1.23456790123457|75|75|75|0.411522633744856|0.411522633744856|0.411522633744856|100|100|100|0.137174211248285|0.137174211248285|0.137174211248285,-0.677465839072193|-0.740581215066126|-0.438152240264887|10.6527642437924|8.38508080609621|16.681687697327|-0.622069694358023|-0.396675514992648|0.0398790199490856|2.77164373203772|8.63996124126359|7.46139832620082|-0.263610411433841|-0.526992588735221|-0.0473640979527244|3.23521266928321|10.4801308003603|9.98553921752145|0.541247581796491|-0.446381244948963|-0.375845212877835|2.88995390365273|2.56518683431077|4.56326751043485|2.16386332434466|-0.74957705610043|1.96487008962233|1.53703307890161|2.37366429925711|1.99137296489524|2.21535178925503|-0.695784887160024|2.83588054615539|2.65095898506296|-0.729219756279274|2.68425749300102|5.6046008057346|-0.0018809220323881|2.86884308654802|-0.665363632629746|0.667130543308198|-0.183748378284578|2.40701238019118|0.484394662793358|4.06138628109845|-0.591503595877922|0.239731563613287|0.0302646554677415,dt4,Definitive_rep4
Berberine Chloride,Nucleus_NA_NA,Mahalanobis distance (cutoff = 1),30,1.0260345323832543,pow,3.74447275549746,1.9595248603282385,0.9649595636514674,NA,NA,0.30002176900247735,NA,NA,NA,0.38831590212099165,1.38412058418501,1.8037488500236112,6.97146288842748,1.730702050144619e-10,-99.07841236197288,0.999989724820134,9.922919960843412,NA,3.841958352708672,0.0046083771570493365,0.04644174472065017,0.4680249856283513,1.22697702384576,1.22697702384576,3.3279604094266744,0.137174211248285|0.137174211248285|0.137174211248285|100|100|100|0.411522633744856|0.411522633744856|0.411522633744856|75|75|75|1.23456790123457|1.23456790123457|1.23456790123457|33.3333333333333|33.3333333333333|33.3333333333333|3.7037037037037|3.7037037037037|3.7037037037037|11.1111111111111|11.1111111111111|11.1111111111111|11.1111111111111|11.1111111111111|11.1111111111111|3.7037037037037|3.7037037037037|3.7037037037037|33.3333333333333|33.3333333333333|33.3333333333333|1.23456790123457|1.23456790123457|1.23456790123457|75|75|75|0.411522633744856|0.411522633744856|0.411522633744856|100|100|100|0.137174211248285|0.137174211248285|0.137174211248285,0.253589490788848|1.94594055796306|3.11889676627389|3.27072692781667|5.16344879442536|5.23916040152819|0.323618963273443|1.17077154728669|1.5588698867748|2.03721993545729|5.19027094279908|7.47723325531542|0.361534892537311|-0.117391635989446|-0.310137135126507|2.52216049016809|1.61749994688835|4.87812981841061|1.63007694855451|-0.172650175282813|3.43164397706271|0.993572363121412|0.995702360013191|1.23613936427265|0.110338799844095|3.4609143824168|2.16297427927329|1.26245575961758|0.861440590551569|6.11186908376334|2.63583043982483|3.00647567540892|0.528934267107936|0.622153750936296|0.387252844792097|7.16802275906507|1.08799097505903|3.32141896067785|6.49277015946564|0.188861740590995|0.621886908391042|5.09956415749085|7.10630843995426|2.08121983510658|0.940351421244118|2.39859887199352|0.475886879209604|0.979616710444112,dt4,Definitive_rep4
Tetrandrine,Ring_Mito_Texture,Mahalanobis distance (cutoff = 1),20,1.0260345323832543,pow,5.135898493874925,2.5370307991784604,1.8177112460926632,NA,NA,0.4420274484530987,NA,NA,NA,0.33375780855487924,1.38412058418501,0.3892764605796046,0.7824293217670035,3.3414713043160225e-9,-63.96770375405006,0.9998975779900987,2.3159887408924607,NA,5.2696092095308185,0.012659993862739853,0.060737168532469465,0.2913906342560605,0.27423813182078544,0.27423813182078544,0.5398265728809449,0.137174211248285|0.137174211248285|0.137174211248285|0.411522633744856|0.411522633744856|0.411522633744856|1.23456790123457|1.23456790123457|1.23456790123457|11.1111111111111|11.1111111111111|11.1111111111111|3.7037037037037|3.7037037037037|3.7037037037037|3.7037037037037|3.7037037037037|3.7037037037037|11.1111111111111|11.1111111111111|11.1111111111111|1.23456790123457|1.23456790123457|1.23456790123457|0.411522633744856|0.411522633744856|0.411522633744856|0.137174211248285|0.137174211248285|0.137174211248285,-0.644118108976875|3.07759086122499|-0.461983464980508|0.745392909321412|0.17185545470497|0.50431522474028|2.92795627868405|0.972481114756463|-0.229508337186628|5.29027794237421|4.19053016598983|4.83776608643465|3.96424348602071|2.62205140274949|4.55986741311058|3.8431471977149|1.90392637033371|2.80656607113632|4.88607454537369|5.7725379798113|9.02374932139768|10.9615960329886|9.63820130062072|0.579317317032346|2.12758044054154|2.13472232435014|0.773707916136728|2.37148493614498|3.82363014761223|0.880983777838761,dt4,Definitive_rep4
Tetrandrine,Ring_AGP_Texture,Mahalanobis distance (cutoff = 1),18,1.0260345323832543,hill,25.366148897666545,3.0080218034709088,NA,NA,26.026544722581292,2.5011000870429294,NA,2.2915670102429684,NA,0.7302359833176761,1.38412058418501,0.6401268513635446,0.8154662006677432,1.6102579487720637e-21,-73.58215709268461,0.9999999978810273,2.2915670102429684,NA,26.026544722581292,0.7060835611996242,0.9519265586763858,1.3164806777228555,0.6392368318050518,0.6392368318050518,0.7246841644645535,0.137174211248285|0.137174211248285|0.137174211248285|0.411522633744856|0.411522633744856|0.411522633744856|1.23456790123457|1.23456790123457|1.23456790123457|11.1111111111111|11.1111111111111|11.1111111111111|3.7037037037037|3.7037037037037|3.7037037037037|3.7037037037037|3.7037037037037|3.7037037037037|11.1111111111111|11.1111111111111|11.1111111111111|1.23456790123457|1.23456790123457|1.23456790123457|0.411522633744856|0.411522633744856|0.411522633744856|0.137174211248285|0.137174211248285|0.137174211248285,-0.51402115869069|1.78595701667668|-0.776624454918813|0.657241548658509|0.312387761387876|-0.681551839156173|11.8091570515123|3.97800902883517|3.34327391836861|34.5392353579307|31.1597567481304|23.4018252002672|17.0575584053712|19.9063781457109|23.7037308611358|23.6108055396698|17.7303964335521|19.455037861924|23.8473921515633|20.507787672532|27.7822055320295|6.28360403457075|5.68199990702244|0.754049266325799|-0.724177652999361|-0.309285640186346|-0.0273131418821383|0.178460934421916|-0.280017155690805|-0.27478558591353,dt4,Definitive_rep4
Tetrandrine,Ring_ER_Texture,Mahalanobis distance (cutoff = 1),24,1.0260345323832543,exp4,3.5481412159382018,2.9236366196489647,NA,NA,3.640515413324904,NA,NA,0.2501622561662411,NA,0.49460791534142545,1.38412058418501,0.0923433955866013,0.3454162639411638,7.99419456553224e-8,-68.31865318088582,0.9999480659533256,0.2501622561662411,NA,3.640515413324904,0.018512152411588913,0.03802543680046167,0.0805342585403223,0.11948204579796715,0.11948204579796715,0.17264277210106205,0.137174211248285|0.137174211248285|0.137174211248285|0.411522633744856|0.411522633744856|0.411522633744856|1.23456790123457|1.23456790123457|1.23456790123457|11.1111111111111|11.1111111111111|11.1111111111111|3.7037037037037|3.7037037037037|3.7037037037037|3.7037037037037|3.7037037037037|3.7037037037037|11.1111111111111|11.1111111111111|11.1111111111111|1.23456790123457|1.23456790123457|1.23456790123457|0.411522633744856|0.411522633744856|0.411522633744856|0.137174211248285|0.137174211248285|0.137174211248285,1.74807045293823|-0.381775171144885|-0.271794581024035|3.24134355152621|1.57452235816403|3.13863290392618|15.3204989961505|2.12696735598117|2.69584163250492|3.90354706729398|4.26046892655129|3.15313724524911|4.93365202727515|2.24711308492585|0.703789372826649|4.56731106136321|2.28657676044567|1.60712960723699|4.98382695655229|5.10358893646749|3.54987133984382|8.02525509945342|9.38268974298505|-0.549389944856607|2.54933640216542|2.73478310182291|5.7225619063891|-0.224265950479802|1.32076280100937|0.39440295361872,dt4,Definitive_rep4
Tetrandrine,Ring_Mito_Intensity,Mahalanobis distance (cutoff = 1),5,1.0260345323832543,pow,3.636487149749446,1.2523144135318438,0.03626947674506239,NA,NA,1.9242537232560646,NA,NA,NA,-0.20969952732065056,1.38412058418501,5.819495194572261,9.786599191065688,0.023578121449906172,-45.8859036370662,0.9530030026944005,7.750284125100006,NA,3.7311613922108857,2.342262882086399,3.357959877884796,4.814102903530596,5.680428850490898,5.680428850490898,6.636605352245599,0.137174211248285|0.137174211248285|0.137174211248285|0.411522633744856|0.411522633744856|0.411522633744856|1.23456790123457|1.23456790123457|1.23456790123457|11.1111111111111|11.1111111111111|11.1111111111111|3.7037037037037|3.7037037037037|3.7037037037037|3.7037037037037|3.7037037037037|3.7037037037037|11.1111111111111|11.1111111111111|11.1111111111111|1.23456790123457|1.23456790123457|1.23456790123457|0.411522633744856|0.411522633744856|0.411522633744856|0.137174211248285|0.137174211248285|0.137174211248285,-0.453415651741349|-0.491087584784394|-0.68728635773748|-0.733001231815506|-0.759266375549002|-0.643216907305283|1.02298993812459|-0.708022000390642|0.132302473449993|6.34678191333921|0.0722209040653818|4.60040655286241|0.550932143854341|0.877152943325379|0.210780101722644|1.81650729221392|0.330080573934729|-0.616693254071395|0.0240642648325788|4.43349111676811|2.12379154685748|0.397964940975751|-0.234169280829906|-0.57702018381654|0.261499313232287|-0.558067573108129|-0.252355842788557|-0.666425534122834|-0.651252238484179|-0.225770417519207,dt4,Definitive_rep4
Tetrandrine,Ring_AGP_Intensity,Mahalanobis distance (cutoff = 1),12,1.0260345323832543,exp5,25.694367723441033,3.9589686753531885,NA,NA,26.3633085720042,7.999999716809782,NA,3.576301555340022,NA,0.25163211697799787,1.38412058418501,2.557081536759245,2.636282704799683,5.187106147242983e-25,-71.57230216241078,0.9999999988399093,3.576301555340022,NA,26.3633085720042,2.5827865616315124,2.8259578586415617,3.1038733305279806,2.5013538835816016,2.5013538835816016,2.5990220674575286,0.137174211248285|0.137174211248285|0.137174211248285|0.411522633744856|0.411522633744856|0.411522633744856|1.23456790123457|1.23456790123457|1.23456790123457|11.1111111111111|11.1111111111111|11.1111111111111|3.7037037037037|3.7037037037037|3.7037037037037|3.7037037037037|3.7037037037037|3.7037037037037|11.1111111111111|11.1111111111111|11.1111111111111|1.23456790123457|1.23456790123457|1.23456790123457|0.411522633744856|0.411522633744856|0.411522633744856|0.137174211248285|0.137174211248285|0.137174211248285,-0.359115791931806|-0.850862482029792|-0.602349432733106|-0.801846548810923|-0.801565283168896|-0.666414024606138|0.252545158575931|-0.386043631536103|-0.170958962345001|41.693634235909|34.2924343208802|26.2634646842625|15.6017588447964|20.0116609741186|23.2363280608022|15.8439057438078|15.291113324848|13.9492770951198|35.7159537621309|25.5160131334835|25.1946952934749|-0.283144153288569|-0.321635789093898|-0.317668696297722|-0.820029085372468|-0.711499817462388|-0.604591353430219|-0.678129572716619|-0.8370879007495|-0.538248508420246,dt4,Definitive_rep4
Tetrandrine,Cytoplasm_Mito_Texture,Mahalanobis distance (cutoff = 1),22,1.0260345323832543,pow,7.101283154496663,2.8279710295708864,2.191230735981536,NA,NA,0.4989786841469174,NA,NA,NA,0.5400411162724472,1.38412058418501,0.29409356063278197,0.5621324207403059,6.759438191613191e-10,-69.06340359742467,0.99994444842595,2.769907047507092,NA,7.286161740745064,0.02743920788992312,0.11006870715759337,0.4415258758177654,0.2185741392614337,0.2185741392614337,0.3982491855967163,0.137174211248285|0.137174211248285|0.137174211248285|0.411522633744856|0.411522633744856|0.411522633744856|1.23456790123457|1.23456790123457|1.23456790123457|11.1111111111111|11.1111111111111|11.1111111111111|3.7037037037037|3.7037037037037|3.7037037037037|3.7037037037037|3.7037037037037|3.7037037037037|11.1111111111111|11.1111111111111|11.1111111111111|1.23456790123457|1.23456790123457|1.23456790123457|0.411522633744856|0.411522633744856|0.411522633744856|0.137174211248285|0.137174211248285|0.137174211248285,-0.569396307907138|1.24365820580551|-0.167379212965222|1.52443678214442|0.541583411879758|1.15252044008378|3.56011555055898|0.0497167187631601|0.0390340327695624|8.08108287663712|5.65825314474124|8.59642388806971|2.946061885479|3.91214073788249|5.65499929561985|8.00530715887312|4.28554893062852|3.86303354338635|4.8958527972395|6.1444298441427|11.7938134305816|12.1572748384274|10.3191320561697|1.27047465128071|2.25157014988659|3.16540508297895|0.645356593029262|1.01225730013875|3.7349452071965|-0.486593334487276,dt4,Definitive_rep4
Tetrandrine,Cytoplasm_ER_Texture,Mahalanobis distance (cutoff = 1),23,1.0260345323832543,exp5,4.379092013285695,1.884569912048879,NA,NA,4.493099626114832,7.999903222019369,NA,0.408762069891004,NA,0.16153591246139404,1.38412058418501,0.3505937934457516,0.4124295096204894,5.727178141458762e-12,-56.980848397378004,0.999999045337559,0.408762069891004,NA,4.493099626114832,0.2952047024422671,0.3229987977254092,0.3547641325669497,0.3614750546229985,0.3614750546229985,0.3776892311749272,0.137174211248285|0.137174211248285|0.137174211248285|0.411522633744856|0.411522633744856|0.411522633744856|1.23456790123457|1.23456790123457|1.23456790123457|11.1111111111111|11.1111111111111|11.1111111111111|3.7037037037037|3.7037037037037|3.7037037037037|3.7037037037037|3.7037037037037|3.7037037037037|11.1111111111111|11.1111111111111|11.1111111111111|1.23456790123457|1.23456790123457|1.23456790123457|0.411522633744856|0.411522633744856|0.411522633744856|0.137174211248285|0.137174211248285|0.137174211248285,1.09791489281646|-0.413421326838915|-0.763495042752141|3.2904550134789|2.51003191057187|1.47931075554502|11.7423916753586|2.04156906440813|4.36844154171674|5.82121671712533|3.93043254996116|5.20532656753674|3.14435421697524|4.38401419484256|4.74605708149384|5.02270501588813|3.46041698206762|2.56791654233203|4.20864867878669|4.37377620304743|6.02088005612612|6.02466420826408|6.334068809894|0.447256160663796|2.08173806214333|0.0945494478879096|4.54136992949458|0.052527045337984|-0.557124198900511|-0.0280224384995287,dt4,Definitive_rep4
Tetrandrine,Cytoplasm_Mito_Intensity,Mahalanobis distance (cutoff = 1),8,1.0260345323832543,pow,8.6309388968313,1.8982678143395688,0.040680646982550146,NA,NA,2.235539491250112,NA,NA,NA,-0.4506302046048612,1.38412058418501,4.652376478259399,5.127858209187598,3.3996284118993213e-8,-47.10442216525475,0.9997788359181994,8.148936962956968,NA,8.855641355038742,2.9092540028895764,3.9667805289809444,5.408722562372836,4.236826168701663,4.236826168701663,4.843926029078732,0.137174211248285|0.137174211248285|0.137174211248285|0.411522633744856|0.411522633744856|0.411522633744856|1.23456790123457|1.23456790123457|1.23456790123457|11.1111111111111|11.1111111111111|11.1111111111111|3.7037037037037|3.7037037037037|3.7037037037037|3.7037037037037|3.7037037037037|3.7037037037037|11.1111111111111|11.1111111111111|11.1111111111111|1.23456790123457|1.23456790123457|1.23456790123457|0.411522633744856|0.411522633744856|0.411522633744856|0.137174211248285|0.137174211248285|0.137174211248285,-0.470036675390239|-0.423268695683221|-0.538382612892659|-0.478039013107147|-0.420121838632186|-0.613071055801904|0.99171038119618|-0.637450261028666|-0.186961633820903|9.72118499823445|2.30157012879357|9.91482989941618|1.16795261858392|0.752045273876289|0.525443290402348|1.61615008504006|0.511069820298165|0.21628213369657|2.07235049764443|8.48481642642184|5.35270719628125|0.33004034999514|0.219862709600909|-0.0794420564865974|-0.00985215275021345|-0.0798434677395266|-0.266128935523913|-0.554030114950838|-0.01159614293379|-0.364834780969329,dt4,Definitive_rep4
Tetrandrine,Cytoplasm_AGP_Intensity,Mahalanobis distance (cutoff = 1),13,1.0260345323832543,hill,26.1322674625424,2.3317392226059672,NA,NA,26.812608826043824,5.658643713877859,NA,3.0911767450850283,NA,0.32667303665656433,1.38412058418501,1.7554464602282807,1.9262517331111444,2.2028057444366518e-26,-63.76652968426029,0.9999999990626542,3.0911767450850283,NA,26.812608826043824,1.8371367638547662,2.096473346209458,2.419509428979602,1.748532814303215,1.748532814303215,1.8480888482406008,0.137174211248285|0.137174211248285|0.137174211248285|0.411522633744856|0.411522633744856|0.411522633744856|1.23456790123457|1.23456790123457|1.23456790123457|11.1111111111111|11.1111111111111|11.1111111111111|3.7037037037037|3.7037037037037|3.7037037037037|3.7037037037037|3.7037037037037|3.7037037037037|11.1111111111111|11.1111111111111|11.1111111111111|1.23456790123457|1.23456790123457|1.23456790123457|0.411522633744856|0.411522633744856|0.411522633744856|0.137174211248285|0.137174211248285|0.137174211248285,-0.712604407153848|-0.779086566037866|-0.849864214226363|-0.581836473046826|-0.71639465149235|-0.467653317516981|1.3645465888952|-0.0458510336518752|0.159452540462292|31.7925453146926|33.351980160938|25.357397688018|17.2096663693398|22.3762882841769|26.5523819794468|20.0953811796397|19.4550815691911|18.4060217253338|30.8921550089372|25.6628084139477|24.55270195903|0.0954245959573476|-0.339334077954446|-0.154599270764236|-0.753721066054394|-0.595456834953007|-0.59870222468682|-0.845606335758186|-0.768690499934467|-0.802198494346215,dt4,Definitive_rep4
Tetrandrine,Cytoplasm_ER_Intensity,Mahalanobis distance (cutoff = 1),17,1.0260345323832543,poly1,4.974896340250417,2.1079776187523604,0.45939738961116044,NA,NA,NA,NA,NA,NA,0.2701538990135842,1.38412058418501,2.487216257070717,3.8533969442876046,2.5521653561429313e-7,-60.91298017161678,0.9994014243465372,5.55555555555555,NA,5.104415440124,0.555555555555555,1.11111111111111,2.22222222222222,2.233435704220484,2.233435704220484,3.012904764993433,0.137174211248285|0.137174211248285|0.137174211248285|0.411522633744856|0.411522633744856|0.411522633744856|1.23456790123457|1.23456790123457|1.23456790123457|11.1111111111111|11.1111111111111|11.1111111111111|3.7037037037037|3.7037037037037|3.7037037037037|3.7037037037037|3.7037037037037|3.7037037037037|11.1111111111111|11.1111111111111|11.1111111111111|1.23456790123457|1.23456790123457|1.23456790123457|0.411522633744856|0.411522633744856|0.411522633744856|0.137174211248285|0.137174211248285|0.137174211248285,-0.678474023084819|0.0429878037527953|-0.78545422226383|-0.300056157948378|0.42770894261275|1.12699152853187|1.11095245440899|-0.238045611227804|2.7880094781149|4.46567919448193|5.24868468769273|6.35001435426146|1.47863478254913|2.1278025425801|3.02758403785064|7.85767353926487|2.70033122637322|-0.335042430364984|2.73108876367353|6.62797220321844|2.45413186385135|7.16442622823281|4.47514652973614|0.518337696851159|0.849736587510104|-0.808691379923336|-0.564162753991902|1.23099446704368|-0.848041017301334|0.0835752501442822,dt4,Definitive_rep4
Tetrandrine,Cytoplasm_Mito_Profile,Mahalanobis distance (cutoff = 1),22,1.0260345323832543,exp4,10.469454595638476,2.0062043497302344,NA,NA,10.742021950343636,NA,NA,2.619903773524879,NA,0.5046202142637952,1.38412058418501,0.39111915247308365,0.7091573038892899,9.904998297820846e-14,-64.17473196632588,0.999998193142626,2.619903773524879,NA,10.742021950343636,0.1938744025675863,0.39823347810414117,0.8434206305990758,0.3794486484705077,0.3794486484705077,0.5213835051880809,0.137174211248285|0.137174211248285|0.137174211248285|0.411522633744856|0.411522633744856|0.411522633744856|1.23456790123457|1.23456790123457|1.23456790123457|11.1111111111111|11.1111111111111|11.1111111111111|3.7037037037037|3.7037037037037|3.7037037037037|3.7037037037037|3.7037037037037|3.7037037037037|11.1111111111111|11.1111111111111|11.1111111111111|1.23456790123457|1.23456790123457|1.23456790123457|0.411522633744856|0.411522633744856|0.411522633744856|0.137174211248285|0.137174211248285|0.137174211248285,0.955482653626573|0.996518242450016|0.181945585142876|0.483534198541571|-0.0733101023143371|-0.56868292416249|1.1505164987411|1.24320174027517|1.43298160041903|15.013466272822|10.4338366240492|9.92159747450385|8.96342133220399|4.31883936821758|3.17044315243383|9.52627230850523|8.25279007648862|8.14158352800406|10.0410727528034|9.77381313799229|5.78969568717153|3.48808808586946|3.76985234499896|1.2513670310284|2.33574814991436|4.13913766737712|3.34771486383871|0.373096771797969|3.11613065097236|-0.517635994287628,dt4,Definitive_rep4
Tetrandrine,Cytoplasm_AGP_Profile,Mahalanobis distance (cutoff = 1),22,1.0260345323832543,exp5,36.27342660758169,3.987796216842383,NA,NA,37.21778830724837,2.153869559012724,NA,2.913808605302564,NA,0.6014970554772328,1.38412058418501,0.714786863632346,0.7966528069174912,1.6779762636855887e-23,-74.93154100383664,0.9999999999443476,2.913808605302564,NA,37.21778830724837,0.8698988407962485,1.2150969162746612,1.7215632560865115,0.6562777588046695,0.6562777588046695,0.7558692658297548,0.137174211248285|0.137174211248285|0.137174211248285|0.411522633744856|0.411522633744856|0.411522633744856|1.23456790123457|1.23456790123457|1.23456790123457|11.1111111111111|11.1111111111111|11.1111111111111|3.7037037037037|3.7037037037037|3.7037037037037|3.7037037037037|3.7037037037037|3.7037037037037|11.1111111111111|11.1111111111111|11.1111111111111|1.23456790123457|1.23456790123457|1.23456790123457|0.411522633744856|0.411522633744856|0.411522633744856|0.137174211248285|0.137174211248285|0.137174211248285,2.78457394262878|0.621713689455297|1.47993450679516|0.611076420430282|0.652086879121164|2.14069519435402|4.12209072944285|3.78308006147664|3.79541466395578|23.7522787294161|34.4216878638213|23.6274786100294|24.8172850152614|25.3873437081563|30.2352470084578|24.6023208401671|28.2648394508641|19.801848939668|37.9179698044576|38.4193001171613|40.9632662533072|4.65616801487259|4.28438458384227|1.44558483527355|-0.146599453111972|0.44492506584501|-0.427445701664235|1.62813580255241|0.118049644777953|0.294948833155687,dt4,Definitive_rep4
Tetrandrine,Cytoplasm_ER_Profile,Mahalanobis distance (cutoff = 1),27,1.0260345323832543,pow,17.362324063963513,1.902499313162423,4.520049507865872,NA,NA,0.569564788598316,NA,NA,NA,0.4645280228843528,1.38412058418501,0.11018222252358376,0.14276861087797385,1.2254074967882153e-20,-62.85964959849322,0.9999999980040288,3.2902670332039743,NA,17.814344052055326,0.057743703330970904,0.19499836858307643,0.6585023397636312,0.07401932307735919,0.07401932307735919,0.1252017894423048,0.137174211248285|0.137174211248285|0.137174211248285|0.411522633744856|0.411522633744856|0.411522633744856|1.23456790123457|1.23456790123457|1.23456790123457|11.1111111111111|11.1111111111111|11.1111111111111|3.7037037037037|3.7037037037037|3.7037037037037|3.7037037037037|3.7037037037037|3.7037037037037|11.1111111111111|11.1111111111111|11.1111111111111|1.23456790123457|1.23456790123457|1.23456790123457|0.411522633744856|0.411522633744856|0.411522633744856|0.137174211248285|0.137174211248285|0.137174211248285,1.31265296018966|0.434027767477183|1.8857800206675|1.28993990555988|3.70642663390744|1.65357612214649|5.75083144022001|2.89352229985363|4.735871611078|14.2140094523564|20.7747040703296|16.1243025626108|8.27665842251619|9.31031079134955|8.48768101597222|12.3713643278824|12.4274736440696|9.59592496353811|18.5935806732339|21.2640167479763|16.3331089020716|6.35388363723964|5.61696421879251|0.876244569068969|2.75148634546653|1.7691213164745|4.4334415410466|0.479297276443962|3.54229023165717|4.69510701640768,dt4,Definitive_rep4
Tetrandrine,Cytoplasm_DNA_Profile,Mahalanobis distance (cutoff = 1),20,1.0260345323832543,exp2,24.470232593956922,3.0759909252299495,2.141624103116323,4.368520082310148,NA,NA,NA,NA,NA,0.2026314579674772,1.38412058418501,2.1335926056458354,2.2541256810471024,2.9699280521312364e-17,-64.1068828972744,0.9999993184954393,8.413601966894019,NA,25.107303656850057,2.0153078210499413,3.389137025928711,5.274447452289271,1.7099621548152026,1.7099621548152026,2.177826106081929,0.137174211248285|0.137174211248285|0.137174211248285|0.411522633744856|0.411522633744856|0.411522633744856|1.23456790123457|1.23456790123457|1.23456790123457|11.1111111111111|11.1111111111111|11.1111111111111|3.7037037037037|3.7037037037037|3.7037037037037|3.7037037037037|3.7037037037037|3.7037037037037|11.1111111111111|11.1111111111111|11.1111111111111|1.23456790123457|1.23456790123457|1.23456790123457|0.411522633744856|0.411522633744856|0.411522633744856|0.137174211248285|0.137174211248285|0.137174211248285,0.208937271851541|-0.36095051729542|-0.0640055704615665|1.5072640845658|0.753020519965378|0.305909330565051|0.244885578946216|1.74948774439761|0.776574142969245|27.9117657589609|25.118870670086|26.2694244497751|3.62725764325097|2.3063447552455|1.37513575336429|3.62619241032447|2.87967055643814|1.83247109098254|13.3523450526536|21.0946119515103|15.1947676885092|1.0265337609764|0.790759410741888|2.22613974689715|0.408829237843154|0.941345994556122|1.43744319185975|1.10371877300524|2.62776412916348|1.37145359314867,dt4,Definitive_rep4
Tetrandrine,Membrane_AGP_Texture,Mahalanobis distance (cutoff = 1),17,1.0260345323832543,hill,27.314109911901742,3.631892115995874,NA,NA,28.025219990922913,2.612979219639592,NA,1.7908473807810026,NA,0.8921544080478627,1.38412058418501,0.48788735726550697,0.6817846733866866,2.0117732627525824e-20,-78.96309718574187,0.9999999994557424,1.7908473807810026,NA,28.025219990922913,0.5803276765366481,0.7724409228041618,1.0535308467146753,0.5123248021173711,0.5123248021173711,0.5774584162021966,0.137174211248285|0.137174211248285|0.137174211248285|0.411522633744856|0.411522633744856|0.411522633744856|1.23456790123457|1.23456790123457|1.23456790123457|11.1111111111111|11.1111111111111|11.1111111111111|3.7037037037037|3.7037037037037|3.7037037037037|3.7037037037037|3.7037037037037|3.7037037037037|11.1111111111111|11.1111111111111|11.1111111111111|1.23456790123457|1.23456790123457|1.23456790123457|0.411522633744856|0.411522633744856|0.411522633744856|0.137174211248285|0.137174211248285|0.137174211248285,-0.847576470203685|0.53722326252184|-0.791450781042811|0.835722496198907|0.210695145370464|-0.734666950303072|15.800238159037|2.59953083274187|6.30631590631891|27.5934353305217|31.7394372570542|24.4850771595209|28.004014043003|24.2682149187942|23.8855218197029|25.9386621779566|22.4535761125846|18.4080099840737|28.4057105006021|17.0429617925695|30.1691104303169|11.2327147010917|11.2357699108645|-0.442292708628182|-0.761260338711432|-0.564420250806875|0.148769443507053|-0.677285266254641|-0.213770526113612|-0.156111725373234,dt4,Definitive_rep4
Tetrandrine,Nucleus_RNA_Profile,Mahalanobis distance (cutoff = 1),23,1.0260345323832543,pow,8.9004834818731,1.8452152239377828,2.0575906826893813,NA,NA,0.6188973996674967,NA,NA,NA,0.255115053202703,1.38412058418501,0.4473000512847264,0.6285086132754805,1.778943396585963e-14,-58.56885885945716,0.9999983139610193,3.625435947570602,NA,9.132203407308545,0.08781799826497003,0.26914157369992864,0.8248558168578616,0.3248756163379403,0.3248756163379403,0.5269718249165506,0.137174211248285|0.137174211248285|0.137174211248285|0.411522633744856|0.411522633744856|0.411522633744856|1.23456790123457|1.23456790123457|1.23456790123457|11.1111111111111|11.1111111111111|11.1111111111111|3.7037037037037|3.7037037037037|3.7037037037037|3.7037037037037|3.7037037037037|3.7037037037037|11.1111111111111|11.1111111111111|11.1111111111111|1.23456790123457|1.23456790123457|1.23456790123457|0.411522633744856|0.411522633744856|0.411522633744856|0.137174211248285|0.137174211248285|0.137174211248285,1.15764640083031|0.00904852711407722|-0.0398914790310251|0.663650014768294|1.97319479329165|0.903320484605444|4.59415196753968|3.95251830992636|2.19526865362309|8.99460195866376|10.7039399679449|7.456436258309|10.7747841112816|5.33926442791049|2.71382914637713|3.61933621754516|4.03894996978346|2.35880521593649|13.7115294383449|8.25799239692788|9.60317299185095|3.93160526469804|2.52121826965787|-0.261949943583101|2.21051941625214|-0.668596717617135|1.46978391614812|1.6609403127737|-0.355344780314192|1.46981273980701,dt4,Definitive_rep4
Tetrandrine,Nucleus_RNA_Radial,Mahalanobis distance (cutoff = 1),24,1.0260345323832543,pow,6.700573147679481,2.051269270142831,2.445742471456166,NA,NA,0.42922303593334105,NA,NA,NA,0.5811212313402357,1.38412058418501,0.18493349773173573,0.4140700620666047,3.940296803442465e-9,-65.7280376216179,0.9999594979758494,2.2101436004096944,NA,6.875019436279107,0.010342592487322846,0.051995578152607254,0.2613986919370245,0.1321567144799392,0.1321567144799392,0.265454391070051,0.137174211248285|0.137174211248285|0.137174211248285|0.411522633744856|0.411522633744856|0.411522633744856|1.23456790123457|1.23456790123457|1.23456790123457|11.1111111111111|11.1111111111111|11.1111111111111|3.7037037037037|3.7037037037037|3.7037037037037|3.7037037037037|3.7037037037037|3.7037037037037|11.1111111111111|11.1111111111111|11.1111111111111|1.23456790123457|1.23456790123457|1.23456790123457|0.411522633744856|0.411522633744856|0.411522633744856|0.137174211248285|0.137174211248285|0.137174211248285,2.09340398227588|0.523390210426971|2.46332246120862|1.07846735963219|4.54770619199874|-0.398584832199994|4.01482094418386|1.26402513563341|1.3185854850342|7.04909029378592|7.37636061771803|3.65061070358528|6.8327714702178|0.295085810881279|0.376117317479421|2.18391096284426|6.32251320280925|8.12997390533964|7.66965264009667|9.60598632096592|6.44858432215377|0.837377710494353|1.69061129323674|0.261828352468714|2.39846941312442|3.93400589900389|1.88108680819358|1.52218059806402|3.87121431887825|1.45456564139231,dt4,Definitive_rep4
Tetrandrine,Nucleus_RNA_Axial,Mahalanobis distance (cutoff = 1),17,1.0260345323832543,pow,2.766419671608492,1.446270123744284,0.8856670884799607,NA,NA,0.48367765938821217,NA,NA,NA,-0.03436562724787965,1.38412058418501,1.6915377566253247,4.1069064169117615,9.588377534625866e-7,-50.78317104244055,0.9995086922139155,2.650819707420478,NA,2.8384421141346547,0.02269277215085652,0.09511846923480688,0.3986962513626353,1.3554863430782607,1.3554863430782607,2.517061895279907,0.137174211248285|0.137174211248285|0.137174211248285|0.411522633744856|0.411522633744856|0.411522633744856|1.23456790123457|1.23456790123457|1.23456790123457|11.1111111111111|11.1111111111111|11.1111111111111|3.7037037037037|3.7037037037037|3.7037037037037|3.7037037037037|3.7037037037037|3.7037037037037|11.1111111111111|11.1111111111111|11.1111111111111|1.23456790123457|1.23456790123457|1.23456790123457|0.411522633744856|0.411522633744856|0.411522633744856|0.137174211248285|0.137174211248285|0.137174211248285,1.34001470194401|0.661432688459395|0.112501346008767|-0.23268010207946|0.657650747091745|-0.0221100560901185|2.2789280386152|-0.516719788742519|5.13775819363194|3.20988195969981|4.15617217774184|3.20457745616818|1.06682695452712|1.36434754057153|1.71326173712365|2.68818024705709|2.37006645725814|-0.103915991559856|2.11143936970519|2.64154929408567|1.76260437471705|5.10756337109944|4.10012203841499|-0.185749741537051|-0.404817771444374|0.974805783666385|1.04690196653662|0.27796773214987|-0.626883174806716|0.0222074914814194,dt4,Definitive_rep4
Tetrandrine,Nucleus_RNA_Compactness,Mahalanobis distance (cutoff = 1),25,1.0260345323832543,pow,5.2249551902299975,2.055939134645541,2.277993787574628,NA,NA,0.3554284965163553,NA,NA,NA,0.42326284483587184,1.38412058418501,0.15343942608243816,0.42535561797352683,2.7482484320065327e-9,-63.09232930215941,0.9999146217757394,1.5805490109416653,NA,5.360984455331093,0.002428301181682373,0.017070729255551722,0.1200056234846681,0.10602988489540238,0.10602988489540238,0.2461600744038618,0.137174211248285|0.137174211248285|0.137174211248285|0.411522633744856|0.411522633744856|0.411522633744856|1.23456790123457|1.23456790123457|1.23456790123457|11.1111111111111|11.1111111111111|11.1111111111111|3.7037037037037|3.7037037037037|3.7037037037037|3.7037037037037|3.7037037037037|3.7037037037037|11.1111111111111|11.1111111111111|11.1111111111111|1.23456790123457|1.23456790123457|1.23456790123457|0.411522633744856|0.411522633744856|0.411522633744856|0.137174211248285|0.137174211248285|0.137174211248285,1.58213676088533|0.318658753374366|-0.0323418331869145|2.40943026496793|5.30285097969564|0.179701144444613|4.12739945131678|1.90743983217166|6.6612953868663|5.86136328065181|11.7347429930433|4.57705653143552|6.61583838732224|1.39566660575198|1.20651721120436|2.11295800720475|2.00678487622181|1.22876544757468|8.4067329338689|5.48069739432971|4.99221392167506|2.83573988178823|2.6908218520234|0.881248816233876|2.36404660166788|0.95415463477341|2.63180975027931|1.40085501532743|1.67391382220906|2.3267598843534,dt4,Definitive_rep4
Tetrandrine,Nucleus_RNA_Symmetry,Mahalanobis distance (cutoff = 1),30,1.0260345323832543,pow,16.583598033429595,4.339011444170209,8.262538206649953,NA,NA,0.3000000117254368,NA,NA,NA,0.8422351549742063,1.38412058418501,0.0019572180852820737,0.0034023339254698323,8.566196955496069e-17,-80.01412732600878,0.9999999997739621,1.1023619411934105,NA,17.01534425346179,5.116712411789162e-4,0.005157322473365018,0.051982548468021764,9.553483869932462e-4,9.553483869932462e-4,0.0025914027977961894,0.137174211248285|0.137174211248285|0.137174211248285|0.411522633744856|0.411522633744856|0.411522633744856|1.23456790123457|1.23456790123457|1.23456790123457|11.1111111111111|11.1111111111111|11.1111111111111|3.7037037037037|3.7037037037037|3.7037037037037|3.7037037037037|3.7037037037037|3.7037037037037|11.1111111111111|11.1111111111111|11.1111111111111|1.23456790123457|1.23456790123457|1.23456790123457|0.411522633744856|0.411522633744856|0.411522633744856|0.137174211248285|0.137174211248285|0.137174211248285,4.57568804348421|2.13059299308399|3.656393599566|4.16736790563635|5.7784802038978|6.16004539613403|11.016413913903|8.25751579922344|8.65634044527674|15.3596755211876|16.9110760874571|18.3602462838766|11.5115757208271|11.8204688496004|8.70072854310417|15.1787123323733|27.4244144940229|17.5245903535493|11.4364963568359|20.6373733066536|15.7275147663958|21.7817592348551|9.08265260491565|2.68130259744897|7.65777107990258|6.66357052718845|5.1922644775958|5.67744601424371|5.41120511636239|6.96316741368561,dt4,Definitive_rep4
Tetrandrine,Cell_DNA_Radial,Mahalanobis distance (cutoff = 1),17,1.0260345323832543,exp2,7.5110390029629635,1.0594318100537239,5.3173479166139135,12.403368161087375,NA,NA,NA,NA,NA,-0.19593986045582845,1.38412058418501,2.674765109422247,3.1217660885985525,1.5569797271468187e-14,-44.04448346003324,0.9999549100740895,6.7602384626607686,NA,7.706585391117488,0.8677530224905142,1.678746438545596,3.1571303667915807,2.1884188773390063,2.1884188773390063,2.8695442102047646,0.137174211248285|0.137174211248285|0.137174211248285|0.411522633744856|0.411522633744856|0.411522633744856|1.23456790123457|1.23456790123457|1.23456790123457|11.1111111111111|11.1111111111111|11.1111111111111|3.7037037037037|3.7037037037037|3.7037037037037|3.7037037037037|3.7037037037037|3.7037037037037|11.1111111111111|11.1111111111111|11.1111111111111|1.23456790123457|1.23456790123457|1.23456790123457|0.411522633744856|0.411522633744856|0.411522633744856|0.137174211248285|0.137174211248285|0.137174211248285,0.384857796937363|-0.425533657066621|-0.431285465441297|-0.00870634324972719|0.307928385598125|1.17454315347112|0.200552562604473|0.812262665788793|0.264570877283221|8.11161852318178|8.92095928512448|6.28872979469026|3.03503015970631|0.668212146591853|2.26018645249309|1.48978404144039|0.759882174494801|1.8552943060924|5.11132263224774|7.40546533837532|10.4569102156277|1.22727266619767|0.609254791412463|1.35407823828728|1.13084666508467|0.194956479325124|1.63236821855249|1.95730431152255|0.324514887525689|1.34923272396405,dt4,Definitive_rep4
Tetrandrine,Cell_Mito_Radial,Mahalanobis distance (cutoff = 1),17,1.0260345323832543,poly1,11.600293342776306,1.4820876677374333,1.0712071399917669,NA,NA,NA,NA,NA,NA,0.13217248835906176,1.38412058418501,1.1612205667706454,1.4642721130525438,5.580400906091765e-17,-53.96755162298937,0.9999950683978366,5.55555555555555,NA,11.902301555464064,0.5555555555555549,1.1111111111111098,2.2222222222222197,0.9578301843573785,0.9578301843573785,1.2921129186981035,0.137174211248285|0.137174211248285|0.137174211248285|0.411522633744856|0.411522633744856|0.411522633744856|1.23456790123457|1.23456790123457|1.23456790123457|11.1111111111111|11.1111111111111|11.1111111111111|3.7037037037037|3.7037037037037|3.7037037037037|3.7037037037037|3.7037037037037|3.7037037037037|11.1111111111111|11.1111111111111|11.1111111111111|1.23456790123457|1.23456790123457|1.23456790123457|0.411522633744856|0.411522633744856|0.411522633744856|0.137174211248285|0.137174211248285|0.137174211248285,0.0723578539847624|-0.766537492514257|-0.708434815519724|-0.42469171637774|-0.449963866268612|-0.392927308607132|1.38153508391858|-0.294365304248013|0.411341294501916|14.797315281093|12.8244397315556|15.6821302158526|3.5722813986251|3.96226756777639|4.97471406197043|5.41718516195239|3.72193328470746|2.20649441071852|8.99829433076274|8.45392058723442|11.4048584129715|2.13334811518411|0.662745878096726|0.448117993467449|1.20127334674522|-0.316233680078107|2.32547428268452|0.540744600438083|-0.370267722182184|1.21123980702726,dt4,Definitive_rep4
Tetrandrine,Cell_Mito_Compactness,Mahalanobis distance (cutoff = 1),9,1.0260345323832543,poly2,1.5322518757814698,0.9396366009131492,-7.788663350220502,-13.20066886092588,NA,NA,NA,NA,NA,-0.24017717290337492,1.38412058418501,2.7338336819920004,3.6685418789232696,0.004863057052745586,-39.575499011927334,0.928745319994616,1.5035273828516464,NA,1.5721433368608047,0.1346003389140848,0.27206293729202347,0.5563601098188835,2.060654420151596,2.060654420151596,3.051088268706701,0.137174211248285|0.137174211248285|0.137174211248285|0.411522633744856|0.411522633744856|0.411522633744856|1.23456790123457|1.23456790123457|1.23456790123457|11.1111111111111|11.1111111111111|11.1111111111111|3.7037037037037|3.7037037037037|3.7037037037037|3.7037037037037|3.7037037037037|3.7037037037037|11.1111111111111|11.1111111111111|11.1111111111111|1.23456790123457|1.23456790123457|1.23456790123457|0.411522633744856|0.411522633744856|0.411522633744856|0.137174211248285|0.137174211248285|0.137174211248285,-0.623880921275694|-0.419582339998601|-0.699340294633508|-0.660860850608961|-0.408668312897532|-0.576268875047757|-0.746144016369811|-0.816801357530138|0.30579869149098|1.88580866351943|0.830836516450571|1.0327220027209|-0.450821589324813|1.23133017957011|1.27603909551031|3.12739236614235|3.86261972483081|2.89609244696113|0.301582778506374|0.22501460200904|2.03705939228205|0.974161322765154|1.46171127929656|0.0902380346840659|0.763823992257259|0.338318244292934|0.392670587566955|-0.234534250310416|-0.172426150737879|0.947515535717691,dt4,Definitive_rep4
Tetrandrine,Cell_AGP_Axial,Mahalanobis distance (cutoff = 1),13,1.0260345323832543,hill,7.016924432676815,0.9301741859143273,NA,NA,7.199606779050187,3.7349194214506287,NA,4.4727429716106,NA,-0.3950434961223741,1.38412058418501,2.7822945783383277,3.3379968777374405,3.243472716873376e-16,-38.66519446911934,0.9999669285300872,4.4727429716106,NA,7.199606779050187,2.0332749655776166,2.483600933052285,3.085860979321534,2.766314500715449,2.766314500715449,3.045506076330405,0.137174211248285|0.137174211248285|0.137174211248285|0.411522633744856|0.411522633744856|0.411522633744856|1.23456790123457|1.23456790123457|1.23456790123457|11.1111111111111|11.1111111111111|11.1111111111111|3.7037037037037|3.7037037037037|3.7037037037037|3.7037037037037|3.7037037037037|3.7037037037037|11.1111111111111|11.1111111111111|11.1111111111111|1.23456790123457|1.23456790123457|1.23456790123457|0.411522633744856|0.411522633744856|0.411522633744856|0.137174211248285|0.137174211248285|0.137174211248285,-0.766654386830293|-0.796718915908282|-0.845560479871846|-0.802200862004281|-0.815650862323119|-0.470273913414346|0.370804569002903|0.00929182443198939|1.2501168215233|5.10488610529024|6.84677874462425|6.97405422361983|2.16457109588658|3.17972717918378|3.90570086261358|2.08142892051374|1.69577080526102|2.15653537947524|6.51002769530984|8.45365000937923|10.0799912561474|-0.122766657990324|-0.735875271513621|-0.0147885943211614|0.166540713172556|-0.625863742442094|-0.215525335237906|-0.4554060913074|-0.55721259307965|-0.315773109143815,dt4,Definitive_rep4
Tetrandrine,Cell_AGP_Compactness,Mahalanobis distance (cutoff = 1),29,1.0260345323832543,exp4,22.21958036310317,2.6725216608216735,NA,NA,22.7980567476087,NA,NA,1.5226494735775062,NA,0.7302395869541768,1.38412058418501,0.11564939843666475,0.16172316822471747,3.366774845553275e-22,-71.89773904903431,0.999999999983038,1.5226494735775062,NA,22.7980567476087,0.11267694637979632,0.2314474302162578,0.49018364421005167,0.1011578945653697,0.1011578945653697,0.13758790262918325,0.137174211248285|0.137174211248285|0.137174211248285|0.411522633744856|0.411522633744856|0.411522633744856|1.23456790123457|1.23456790123457|1.23456790123457|11.1111111111111|11.1111111111111|11.1111111111111|3.7037037037037|3.7037037037037|3.7037037037037|3.7037037037037|3.7037037037037|3.7037037037037|11.1111111111111|11.1111111111111|11.1111111111111|1.23456790123457|1.23456790123457|1.23456790123457|0.411522633744856|0.411522633744856|0.411522633744856|0.137174211248285|0.137174211248285|0.137174211248285,2.93695214461448|2.91347744345292|1.67845380771447|5.86357994159906|6.45194687997296|5.20172861263035|14.1863047206247|9.29748271521121|10.023990585462|19.0044077928359|22.8669794026413|21.2512300594243|18.4811492331033|18.2563451205402|22.1635542829829|17.1502745497496|16.604372488519|17.4366297429388|23.3617312934179|24.4818651348665|26.1331530752052|4.1921823135344|12.2933509168017|3.13542255462973|9.78321169237632|2.71480775682709|1.21332719487934|1.96564103064698|0.68665847433386|1.66732079268638,dt4,Definitive_rep4
Tetrandrine,Cell_ER_Radial,Mahalanobis distance (cutoff = 1),24,1.0260345323832543,pow,3.894551652155249,1.7214459288281398,1.6286737867052028,NA,NA,0.372730143293759,NA,NA,NA,0.22516762811785812,1.38412058418501,0.4042574777395745,1.12967149366844,4.3809404364703305e-8,-57.6181095979829,0.9995385718955924,1.7303033905918086,NA,3.995944483261541,0.0035910056793529853,0.023059576326828538,0.1480766414350642,0.28947796312391383,0.28947796312391383,0.6462869247301275,0.137174211248285|0.137174211248285|0.137174211248285|0.411522633744856|0.411522633744856|0.411522633744856|1.23456790123457|1.23456790123457|1.23456790123457|11.1111111111111|11.1111111111111|11.1111111111111|3.7037037037037|3.7037037037037|3.7037037037037|3.7037037037037|3.7037037037037|3.7037037037037|11.1111111111111|11.1111111111111|11.1111111111111|1.23456790123457|1.23456790123457|1.23456790123457|0.411522633744856|0.411522633744856|0.411522633744856|0.137174211248285|0.137174211248285|0.137174211248285,1.21102302567071|0.0254980469982048|0.392651298792749|-0.566994248089407|0.369621969726196|1.40146479982575|1.1255193393083|2.45412291578764|2.31691904251178|3.67594479286705|5.12234247976437|3.36458786272289|3.15304255121281|1.25911704173966|3.40062909544581|1.66916675778815|1.19338891822958|-0.306239826626879|3.3532135161628|8.05531209664527|5.47682599475918|1.92960175964421|1.16177553741808|0.441810994273148|5.89278545293497|1.7075859466573|4.6118508810692|1.98885022957159|1.69886338448401|3.73300997700328,dt4,Definitive_rep4
Tetrandrine,Cell_ER_Axial,Mahalanobis distance (cutoff = 1),9,1.0260345323832543,pow,5.46333668162882,0.923557200102258,0.09038847072468223,NA,NA,1.7140751275896342,NA,NA,NA,-0.3367311048511108,1.38412058418501,4.605669478310962,5.350831222363075,2.3837637343487552e-11,-39.8189584294724,0.9993963679157607,7.4154085934112235,NA,5.605572097387307,1.9352188507895864,2.899696140081246,4.3448510753041925,4.125920223102011,4.125920223102011,4.913267932420809,0.137174211248285|0.137174211248285|0.137174211248285|0.411522633744856|0.411522633744856|0.411522633744856|1.23456790123457|1.23456790123457|1.23456790123457|11.1111111111111|11.1111111111111|11.1111111111111|3.7037037037037|3.7037037037037|3.7037037037037|3.7037037037037|3.7037037037037|3.7037037037037|11.1111111111111|11.1111111111111|11.1111111111111|1.23456790123457|1.23456790123457|1.23456790123457|0.411522633744856|0.411522633744856|0.411522633744856|0.137174211248285|0.137174211248285|0.137174211248285,-0.834796218360067|-0.735973597797402|-0.838570960618098|-0.794557166108534|-0.744657591016696|0.284259930341273|-0.196332587411502|-0.38801632409294|0.87719648984359|3.3929547257697|5.64560758931565|5.81148263428663|-0.107117512696271|2.11991344434428|2.2536512138732|0.862858403265349|0.308994531810204|1.11681238325033|3.35382888922316|5.97213694525238|7.71081636790517|-0.247939279594386|-0.647507598130513|0.0268101380743505|-0.0409013698310914|-0.617854824356417|-0.426548667180412|-0.434490247333592|-0.61590937589076|-0.093705152403931,dt4,Definitive_rep4
Tetrandrine,Cell_ER_Compactness,Mahalanobis distance (cutoff = 1),30,1.0260345323832543,pow,9.380638090071766,2.574953082373255,3.8308388484931895,NA,NA,0.3825939372653624,NA,NA,NA,0.7078074422266993,1.38412058418501,0.048861155360749677,0.10632292131711359,4.48724873586324e-12,-70.67493582839701,0.9999973893596289,1.8152824023708751,NA,9.624858616203328,0.004417809798291223,0.027040848009355807,0.16551356768412886,0.03195932258980501,0.03195932258980501,0.06988993435878588,0.137174211248285|0.137174211248285|0.137174211248285|0.411522633744856|0.411522633744856|0.411522633744856|1.23456790123457|1.23456790123457|1.23456790123457|11.1111111111111|11.1111111111111|11.1111111111111|3.7037037037037|3.7037037037037|3.7037037037037|3.7037037037037|3.7037037037037|3.7037037037037|11.1111111111111|11.1111111111111|11.1111111111111|1.23456790123457|1.23456790123457|1.23456790123457|0.411522633744856|0.411522633744856|0.411522633744856|0.137174211248285|0.137174211248285|0.137174211248285,2.66538467800496|2.10029729508527|1.11517661273916|1.11357470983976|2.22783364397642|2.43290756589269|8.30306705338648|6.43682832693224|1.85194520850383|11.3519045495807|7.51153571266351|6.05627042133705|14.3112811400036|5.61119577091557|1.88296845807649|6.13141631908599|9.54351740106018|8.00479329316262|12.4366532099074|11.4325807275369|7.51159359251067|1.32189727792504|3.40075954820485|1.63091530007352|6.48988759587469|1.19802518063363|3.24613415453662|2.84261850382896|1.46188460514504|2.73667966932874,dt4,Definitive_rep4
Tetrandrine,Cell_ER_Symmetry,Mahalanobis distance (cutoff = 1),28,1.0260345323832543,exp3,15.085891292141056,2.7585533968141682,0.9364470289334335,0.33310852576374805,NA,0.30000052023127066,NA,NA,NA,0.5627667784903347,1.38412058418501,0.21779385653620842,0.26683455960703895,2.15347652733532e-15,-69.18423293258807,0.9999997862295993,4.79875572035287,NA,15.478645417516557,0.06149164514506608,0.3068393409914089,1.1759705532043851,0.12202308496171592,0.12202308496171592,0.24100914139303461,0.137174211248285|0.137174211248285|0.137174211248285|0.411522633744856|0.411522633744856|0.411522633744856|1.23456790123457|1.23456790123457|1.23456790123457|11.1111111111111|11.1111111111111|11.1111111111111|3.7037037037037|3.7037037037037|3.7037037037037|3.7037037037037|3.7037037037037|3.7037037037037|11.1111111111111|11.1111111111111|11.1111111111111|1.23456790123457|1.23456790123457|1.23456790123457|0.411522633744856|0.411522633744856|0.411522633744856|0.137174211248285|0.137174211248285|0.137174211248285,2.95833396511345|2.52009359970818|2.22625234900049|0.945156195637803|1.11808064133237|1.72031925661463|3.14584556798452|1.82955408571791|4.78473338818468|14.4406888685773|15.1876918553096|24.5916680365643|3.94458319616898|7.16299993918662|8.42367055869881|8.20462827937654|5.81583376988762|3.55187007368238|13.8587827559733|15.8114420190621|23.1824093121103|1.52654013254679|2.4335855448728|1.9034529965674|1.45633262099832|2.03531513304687|4.72099389399043|0.734519892425294|5.41856678642186|4.87034146084046,dt4,Definitive_rep4
Tetrandrine,Nucleus_DNA_Radial,Mahalanobis distance (cutoff = 1),13,1.0260345323832543,poly1,4.321727804086324,1.0564467278077385,0.3990817769898082,NA,NA,NA,NA,NA,NA,-0.27838629790458636,1.38412058418501,3.0910523947060558,4.009433180917656,1.6782071528805795e-10,-42.315646147567804,0.9990065074253662,5.55555555555555,NA,4.43424196655342,0.555555555555555,1.11111111111111,2.22222222222222,2.570988182227768,2.570988182227768,3.4682630578252582,0.137174211248285|0.137174211248285|0.137174211248285|0.411522633744856|0.411522633744856|0.411522633744856|1.23456790123457|1.23456790123457|1.23456790123457|11.1111111111111|11.1111111111111|11.1111111111111|3.7037037037037|3.7037037037037|3.7037037037037|3.7037037037037|3.7037037037037|3.7037037037037|11.1111111111111|11.1111111111111|11.1111111111111|1.23456790123457|1.23456790123457|1.23456790123457|0.411522633744856|0.411522633744856|0.411522633744856|0.137174211248285|0.137174211248285|0.137174211248285,0.500427311855242|0.619995297855441|-0.052183061106243|0.0449439873471014|-0.0506611729543582|0.393055352748356|-0.0972728094509541|-0.537827853942086|0.334467188143277|4.82859423871389|4.62250430169023|2.4657966220376|2.12868398200623|0.0518011228914125|1.28821908409972|0.817672989473989|-0.0590990734371178|1.99320750016532|5.01819005560868|3.96860431966469|5.13899804960236|0.635710203003899|-0.196517124799598|2.17703730858499|-0.306620076305726|0.900707544903747|3.76144964726402|1.5825387628278|-0.319750491341686|1.1573607500849,dt4,Definitive_rep4
Tetrandrine,Nucleus_DNA_Compactness,Mahalanobis distance (cutoff = 1),28,1.0260345323832543,pow,7.78704561691876,2.290638549833611,3.3973551193985663,NA,NA,0.35514328572468123,NA,NA,NA,0.5538158542650444,1.38412058418501,0.05625486918589342,0.11945265575467366,7.181314557468273e-12,-66.73812755362479,0.9999979360139138,1.5780755589398292,NA,7.989777708202309,0.002411919946378261,0.016982146617439506,0.11957001482128934,0.0343448379914565,0.0343448379914565,0.07978928202640191,0.137174211248285|0.137174211248285|0.137174211248285|0.411522633744856|0.411522633744856|0.411522633744856|1.23456790123457|1.23456790123457|1.23456790123457|11.1111111111111|11.1111111111111|11.1111111111111|3.7037037037037|3.7037037037037|3.7037037037037|3.7037037037037|3.7037037037037|3.7037037037037|11.1111111111111|11.1111111111111|11.1111111111111|1.23456790123457|1.23456790123457|1.23456790123457|0.411522633744856|0.411522633744856|0.411522633744856|0.137174211248285|0.137174211248285|0.137174211248285,3.94431297106715|2.40703208419536|1.21740808152225|-0.0662209288358401|0.603735527743938|1.20091366374854|4.94852935281163|3.08071289832751|2.20854155619161|10.4588089757371|8.85371997772175|7.23514899984455|5.06011982818079|6.98153208825133|4.79145830894538|3.55013910540974|1.66463072885716|5.65146220997477|4.45702203417783|8.41632372684652|14.9582600842917|3.20448971994101|2.59246490756536|4.36957758747908|1.78640014443572|6.32249001400288|3.43875795873116|5.78120070655683|4.99248512673511|2.57619370560301,dt4,Definitive_rep4
Tetrandrine,Nucleus_DNA_Symmetry,Mahalanobis distance (cutoff = 1),29,1.0260345323832543,pow,7.153349254182021,3.5926749002423497,3.5640528665992424,NA,NA,0.30000002162287753,NA,NA,NA,0.9605789190827012,1.38412058418501,0.021225683609753885,0.09736763469270576,7.926943513947717e-8,-79.63186245594365,0.9999848719492972,1.1023620252225743,NA,7.33958335698875,5.116714097466426e-4,0.005157323779296473,0.051982557668537745,0.015754075805028384,0.015754075805028384,0.04273326393768019,0.137174211248285|0.137174211248285|0.137174211248285|0.411522633744856|0.411522633744856|0.411522633744856|1.23456790123457|1.23456790123457|1.23456790123457|11.1111111111111|11.1111111111111|11.1111111111111|3.7037037037037|3.7037037037037|3.7037037037037|3.7037037037037|3.7037037037037|3.7037037037037|11.1111111111111|11.1111111111111|11.1111111111111|1.23456790123457|1.23456790123457|1.23456790123457|0.411522633744856|0.411522633744856|0.411522633744856|0.137174211248285|0.137174211248285|0.137174211248285,3.64729752949291|4.97074090511968|1.84254594595978|6.63973662980641|2.36732599559|0.832869611554977|2.76340032472157|2.24347972421921|3.09256500124923|3.73002702264647|3.85889356166058|13.4317873384945|4.43224518490322|6.32087872635451|5.74926459222627|7.88440158202663|2.69262767105595|1.90458228232639|6.80878140155571|14.6972383669589|14.7554942937909|2.08041455534277|1.21179333726027|3.51386696140229|2.79385338513083|1.67327243070921|4.08887589308976|7.0667527777468|2.85301181388936|12.654048110676,dt4,Definitive_rep4
Tetrandrine,Nucleus_NA_NA,Mahalanobis distance (cutoff = 1),20,1.0260345323832543,pow,4.330918891287988,2.5146523944748225,2.1578175180149812,NA,NA,0.3000000634961153,NA,NA,NA,0.7303570432773201,1.38412058418501,0.10919095615945713,0.591995444332576,8.42525856710478e-6,-70.8165721158579,0.9995220810489646,1.102362380725915,NA,4.443672339412473,5.116721229089185e-4,0.005157329304321241,0.05198259659329784,0.0839120706964645,0.0839120706964645,0.22761323542982723,0.137174211248285|0.137174211248285|0.137174211248285|0.411522633744856|0.411522633744856|0.411522633744856|1.23456790123457|1.23456790123457|1.23456790123457|11.1111111111111|11.1111111111111|11.1111111111111|3.7037037037037|3.7037037037037|3.7037037037037|3.7037037037037|3.7037037037037|3.7037037037037|11.1111111111111|11.1111111111111|11.1111111111111|1.23456790123457|1.23456790123457|1.23456790123457|0.411522633744856|0.411522633744856|0.411522633744856|0.137174211248285|0.137174211248285|0.137174211248285,-0.400610582868153|-0.438584697388988|7.64867286403064|5.79551099827286|1.66286397063025|3.83970772905754|3.3554498537851|3.22442089863115|-0.480743637561938|6.11328609991594|1.55598367622679|3.6513817256072|1.83628825332349|2.80110107905802|5.47080951082734|1.01333019172569|0.856117017309926|3.3765227624272|4.67124973061789|5.64062083409083|5.54744741095281|8.08779002145935|0.746862676825152|0.78806232330099|5.19935407084878|0.123723927368445|0.158096815633844|4.74578225090208|-0.682799677546076|3.9723699968895,dt4,Definitive_rep4
Amperozide,Ring_Mito_Texture,Mahalanobis distance (cutoff = 1),30,1.0260345323832543,exp2,28.62679431128383,3.3249008647768634,1.2673075311515136,23.544984739803514,NA,NA,NA,NA,NA,0.8096059302351646,1.38412058418501,17.019923063414875,17.872456411930006,6.850090444898499e-18,-106.57900451495506,0.999999774934658,59.63412689348646,NA,29.37207951480971,18.119515307188646,28.236663572546096,40.71068021954107,13.964897145384999,13.964897145384999,17.380997453615496,75|75|75|75|75|75|33.3333333333333|33.3333333333333|33.3333333333333|33.3333333333333|33.3333333333333|33.3333333333333|11.1111111111111|11.1111111111111|11.1111111111111|11.1111111111111|11.1111111111111|11.1111111111111|3.7037037037037|3.7037037037037|3.7037037037037|3.7037037037037|3.7037037037037|3.7037037037037|1.23456790123457|1.23456790123457|1.23456790123457|1.23456790123457|1.23456790123457|1.23456790123457|0.411522633744856|0.411522633744856|0.411522633744856|0.411522633744856|0.411522633744856|0.411522633744856|0.137174211248285|0.137174211248285|0.137174211248285|0.137174211248285|0.137174211248285|0.137174211248285,20.7385456270589|20.9415653653918|29.3584828139775|30.0274108497715|31.0517427805607|39.7222078325886|7.82151572454192|2.49738107693048|6.25414314718565|3.06767037689412|2.77665309286295|2.09859568544478|1.81242748712415|-0.187955325922947|1.00875058965485|-0.778392262571241|1.8445014085403|0.250295694766148|3.5167212043422|1.41787785574093|0.725274838291777|1.39172075162008|2.074541364742|2.11958954176744|2.06904288509015|-0.0717442523217287|2.80651653425295|0.0594913680257066|3.50062689470287|1.12026198702537|4.8733554807101|0.129151622932992|3.15076546405807|-0.246198047433147|4.00015345296863|0.516303593177598|6.93382148043248|-0.203958984952696|3.69433258735086|0.555186786507638|4.05381406686774|1.11763758383464,dt4,Definitive_rep4
Amperozide,Ring_AGP_Texture,Mahalanobis distance (cutoff = 1),25,1.0260345323832543,poly1,14.507137719726378,2.0293415423125003,0.19846432355305232,NA,NA,NA,NA,NA,NA,0.42894124533982503,1.38412058418501,6.293503891415909,7.812988700315579,1.0060902361148422e-18,-88.13507878743705,0.9999995275296287,37.5,NA,14.884824266478924,3.75,7.5,15,5.169868891367676,5.169868891367676,6.974153134454994,75|75|75|75|75|75|33.3333333333333|33.3333333333333|33.3333333333333|33.3333333333333|33.3333333333333|33.3333333333333|11.1111111111111|11.1111111111111|11.1111111111111|11.1111111111111|11.1111111111111|11.1111111111111|3.7037037037037|3.7037037037037|3.7037037037037|3.7037037037037|3.7037037037037|3.7037037037037|1.23456790123457|1.23456790123457|1.23456790123457|1.23456790123457|1.23456790123457|1.23456790123457|0.411522633744856|0.411522633744856|0.411522633744856|0.411522633744856|0.411522633744856|0.411522633744856|0.137174211248285|0.137174211248285|0.137174211248285|0.137174211248285|0.137174211248285|0.137174211248285,8.1424295098707|13.7210855425158|17.0381347632473|13.3273608788064|19.3900600692388|16.4642094459513|4.16849793394879|9.44968420740764|2.45490281794295|8.81208669473183|3.80366019018942|6.51565925944866|3.73556221069745|-0.464695809209214|4.26819697218675|-0.0722070884140243|3.04274605037928|1.07781035085274|2.63388997474964|-0.368692063729886|0.619692649218598|0.747146704351501|1.06433102514147|1.23937888289138|0.270872040749133|-0.266132035603703|2.83455338232298|1.16721969107985|0.292265334526612|-0.194864061013809|1.24101718433005|-0.70515967474865|1.44242233396566|0.322338261193852|-0.13755952342565|0.172540563357678|2.49205749313595|-0.519417259807428|-0.582564962654149|-0.122467883515467|2.74063965989716|-0.229369692024614,dt4,Definitive_rep4
Amperozide,Ring_ER_Texture,Mahalanobis distance (cutoff = 1),28,1.0260345323832543,exp2,28.526184259720136,2.8447377635506,3.2100118562753748,32.40699946747796,NA,NA,NA,NA,NA,0.6394272397122167,1.38412058418501,11.3885452447812,11.86955841753388,3.562963522124571e-23,-98.97339359784861,0.9999999845931021,55.59152337409506,NA,29.268850127600498,12.172842223925528,21.001180611804052,33.638848774235676,8.98826757945294,8.98826757945294,11.618081136835595,75|75|75|75|75|75|33.3333333333333|33.3333333333333|33.3333333333333|33.3333333333333|33.3333333333333|33.3333333333333|11.1111111111111|11.1111111111111|11.1111111111111|11.1111111111111|11.1111111111111|11.1111111111111|3.7037037037037|3.7037037037037|3.7037037037037|3.7037037037037|3.7037037037037|3.7037037037037|1.23456790123457|1.23456790123457|1.23456790123457|1.23456790123457|1.23456790123457|1.23456790123457|0.411522633744856|0.411522633744856|0.411522633744856|0.411522633744856|0.411522633744856|0.411522633744856|0.137174211248285|0.137174211248285|0.137174211248285|0.137174211248285|0.137174211248285|0.137174211248285,25.4709206100927|28.1083007092673|31.3551686420832|29.5108127965071|28.5976121815382|32.0559900739901|6.55698055588107|7.81773575785921|6.49443217612285|3.30043999263515|5.5949445838904|3.14815029926039|0.825443968288642|2.10531761124195|2.75157039341929|-0.0429018432367737|-0.114334368753135|1.78505438400795|-0.691988577620363|7.40122135866743|0.662487052270729|3.64661709318566|0.335533331119332|2.95153973525011|0.390386392826448|3.09752746937826|2.66876102007584|6.68247310252134|0.322998652450826|0.735916384475158|0.430741963143197|1.52824656401964|0.135899067076265|3.76441783323157|1.95547055572278|3.14461384067977|10.8283520007779|2.97437608181739|0.103781191966461|-0.269249473698334|0.942980321878449|1.88483037363282,dt4,Definitive_rep4
Amperozide,Ring_AGP_Intensity,Mahalanobis distance (cutoff = 1),8,1.0260345323832543,pow,4.54675781585509,4.312397744469353,2.673594781030438e-4,NA,NA,2.262202466529793,NA,NA,NA,-0.27124745757955404,1.38412058418501,37.00634500357376,48.597397111265586,1.6621856140147158e-7,-82.7719910982555,0.9999792596838148,55.20670563141583,NA,4.665130529450783,19.95008497108777,27.10280129412622,36.81998543131209,38.39954619499016,38.39954619499016,43.83262650934395,75|75|75|75|75|75|33.3333333333333|33.3333333333333|33.3333333333333|33.3333333333333|33.3333333333333|33.3333333333333|11.1111111111111|11.1111111111111|11.1111111111111|11.1111111111111|11.1111111111111|11.1111111111111|3.7037037037037|3.7037037037037|3.7037037037037|3.7037037037037|3.7037037037037|3.7037037037037|1.23456790123457|1.23456790123457|1.23456790123457|1.23456790123457|1.23456790123457|1.23456790123457|0.411522633744856|0.411522633744856|0.411522633744856|0.411522633744856|0.411522633744856|0.411522633744856|0.137174211248285|0.137174211248285|0.137174211248285|0.137174211248285|0.137174211248285|0.137174211248285,4.24393943206865|18.6603128680472|3.57665914399552|22.2491513617963|7.25345149629379|20.5041056835202|0.0239999892699683|0.985356261849944|0.221026724677318|3.29887169916197|0.0746833092353624|2.13517396408495|-0.215090058077814|-0.0610671653479262|0.231627510692172|0.293135539835357|0.731673180279045|-0.710757417471311|-0.00768813076057762|-0.354428679971224|0.237750691197803|-0.493715087883828|-0.420686830631984|-0.252563470549447|-0.0559673641642344|0.640731415487832|-0.75177612952222|-0.280339740020348|-0.25717660138262|-0.316148558237629|-0.847042691151394|0.56304033511637|0.499519513101404|-0.375048006571085|-0.755483258219159|-0.483729549661878|0.953222218292728|0.182146164937251|-0.812478615527272|-0.00592229436387348|-0.563677741778234|-0.192217329555226,dt4,Definitive_rep4
Amperozide,Ring_ER_Intensity,Mahalanobis distance (cutoff = 1),17,1.0260345323832543,pow,37.32930425620904,3.5527775839335356,3.474023042976505e-6,NA,NA,3.7558128451857224,NA,NA,NA,0.15544853402014158,1.38412058418501,30.63060925511455,31.420286853724733,5.398972332391277e-22,-92.2852580516234,0.9999996292818742,62.36067945361363,NA,38.301155236711665,33.779785685514774,40.626304084741655,48.860481204700235,28.608610924446715,28.608610924446715,30.982250880390254,75|75|75|75|75|75|33.3333333333333|33.3333333333333|33.3333333333333|33.3333333333333|33.3333333333333|33.3333333333333|11.1111111111111|11.1111111111111|11.1111111111111|11.1111111111111|11.1111111111111|11.1111111111111|3.7037037037037|3.7037037037037|3.7037037037037|3.7037037037037|3.7037037037037|3.7037037037037|1.23456790123457|1.23456790123457|1.23456790123457|1.23456790123457|1.23456790123457|1.23456790123457|0.411522633744856|0.411522633744856|0.411522633744856|0.411522633744856|0.411522633744856|0.411522633744856|0.137174211248285|0.137174211248285|0.137174211248285|0.137174211248285|0.137174211248285|0.137174211248285,21.7594454487913|37.8562262086375|28.4684840762799|39.6314935598517|30.5768964178302|43.1316107450334|1.8122054774257|2.60489659663123|0.858987156675623|2.31157828570548|1.35961641617996|2.04197720248777|-0.214901944020076|-0.843082182226833|-0.644105248831701|-0.664072758179318|-0.102493469090248|-0.654928158590497|-0.482361438944536|2.2274447519379|-0.536740440597681|2.38474551090377|-0.368243265443938|-0.174005893334|-0.514023433459515|-0.363693177319347|0.494342592252754|1.0756960934043|-0.623653341765668|-0.699535153096636|1.37764521190704|-0.830427216910857|-0.586827902066635|2.29471277478311|0.918360772247073|0.45211331575068|6.78304482217979|-0.470469253045471|-0.449116494786268|-0.549116773605798|-0.478592746090126|-0.59832511536279,dt4,Definitive_rep4
Amperozide,Cytoplasm_Mito_Texture,Mahalanobis distance (cutoff = 1),29,1.0260345323832543,exp2,38.876986095008945,2.7183179358786043,0.1600749881906419,13.581490153062845,NA,NA,NA,NA,NA,0.6549701357112416,1.38412058418501,30.516366277664623,31.111485918738488,3.9488553492051687e-23,-98.27355478015328,0.9999999549166537,65.64020483877246,NA,39.889130248462784,35.30761247426225,44.20744282171889,53.35685591343553,27.200893554165866,27.200893554165866,30.784022979555914,75|75|75|75|75|75|33.3333333333333|33.3333333333333|33.3333333333333|33.3333333333333|33.3333333333333|33.3333333333333|11.1111111111111|11.1111111111111|11.1111111111111|11.1111111111111|11.1111111111111|11.1111111111111|3.7037037037037|3.7037037037037|3.7037037037037|3.7037037037037|3.7037037037037|3.7037037037037|1.23456790123457|1.23456790123457|1.23456790123457|1.23456790123457|1.23456790123457|1.23456790123457|0.411522633744856|0.411522633744856|0.411522633744856|0.411522633744856|0.411522633744856|0.411522633744856|0.137174211248285|0.137174211248285|0.137174211248285|0.137174211248285|0.137174211248285|0.137174211248285,29.746131132594|46.9652281196737|34.5453485663162|40.7565184094743|39.0837361317626|41.647772220123|4.14385068951169|0.949837759769944|2.55780168326216|0.627993530786309|1.02741890825217|0.344164060347827|0.91286882448945|1.35413617189787|0.128258851353743|0.0766512180807675|0.319116170359874|1.52603386524895|2.43972028503317|3.75894725254398|0.423103834323451|1.86595190764076|1.49893570405727|3.10695319947746|2.05650213590964|0.373670617247389|1.79701214295258|0.212437060081264|3.31829838839138|2.75547161740983|2.41635237787311|1.29217216606849|2.69034091548465|0.671243326462381|2.74402724310395|2.1749178817173|2.80084302318374|0.147651243638116|1.97442127716971|-0.124207119262864|2.60150269937102|1.97188827014831,dt4,Definitive_rep4
Amperozide,Cytoplasm_AGP_Texture,Mahalanobis distance (cutoff = 1),12,1.0260345323832543,exp5,10.024497615322419,1.781272802900146,NA,NA,10.285480723114386,7.999999890024308,NA,29.742984691311086,NA,-0.2371092409686932,1.38412058418501,23.56331994315073,25.196732643283354,4.0295860774851323e-22,-67.397460649599,0.9999999537655452,29.742984691311086,NA,10.285480723114386,21.480230488438348,23.502610296078696,25.813946561360588,23.495031537436713,23.495031537436713,24.44982771994398,75|75|75|75|75|75|33.3333333333333|33.3333333333333|33.3333333333333|33.3333333333333|33.3333333333333|33.3333333333333|11.1111111111111|11.1111111111111|11.1111111111111|11.1111111111111|11.1111111111111|11.1111111111111|3.7037037037037|3.7037037037037|3.7037037037037|3.7037037037037|3.7037037037037|3.7037037037037|1.23456790123457|1.23456790123457|1.23456790123457|1.23456790123457|1.23456790123457|1.23456790123457|0.411522633744856|0.411522633744856|0.411522633744856|0.411522633744856|0.411522633744856|0.411522633744856|0.137174211248285|0.137174211248285|0.137174211248285|0.137174211248285|0.137174211248285|0.137174211248285,10.7240329106348|1.40050969704691|9.28792797505285|5.84450649660938|13.2924081930217|10.7464310480183|8.73067791118087|9.52767151622663|7.4174187319296|8.04008752754128|5.57891181221889|10.3741921067988|-0.133508798657974|-0.786507196209488|0.00154680523561312|-0.557716196087218|-0.593517657993425|-0.580509279179449|-0.255978191830013|-0.265267597712609|-0.538851030738009|-0.157794869417537|-0.672812728075615|0.0275403185495212|-0.658313239670915|-0.71072514185274|-0.2422528143671|0.0199881230777573|-0.838512932239725|-0.833687923031861|-0.497476975057277|-0.818912670157219|-0.28210362211441|-0.778637638735309|-0.643463395122583|-0.842037000092698|-0.737367648597659|-0.784966424244603|-0.698333372653015|-0.589244396716792|0.0465055364128623|-0.235365255061948,dt4,Definitive_rep4
Amperozide,Cytoplasm_ER_Texture,Mahalanobis distance (cutoff = 1),24,1.0260345323832543,exp2,19.647282348901317,2.76670448648074,2.1295760064027442,31.940147485152167,NA,NA,NA,NA,NA,0.6100756859057125,1.38412058418501,15.395840077181207,16.629541458964685,3.1633730794856153e-18,-97.78485289399251,0.9999991670256642,55.77542232216146,NA,20.15879015745673,12.377073766244106,21.275001877616553,33.93226779684182,12.560753336474082,12.560753336474082,15.993892824125743,75|75|75|75|75|75|33.3333333333333|33.3333333333333|33.3333333333333|33.3333333333333|33.3333333333333|33.3333333333333|11.1111111111111|11.1111111111111|11.1111111111111|11.1111111111111|11.1111111111111|11.1111111111111|3.7037037037037|3.7037037037037|3.7037037037037|3.7037037037037|3.7037037037037|3.7037037037037|1.23456790123457|1.23456790123457|1.23456790123457|1.23456790123457|1.23456790123457|1.23456790123457|0.411522633744856|0.411522633744856|0.411522633744856|0.411522633744856|0.411522633744856|0.411522633744856|0.137174211248285|0.137174211248285|0.137174211248285|0.137174211248285|0.137174211248285|0.137174211248285,16.995611011514|27.7749791097602|19.0616452793928|23.4039513927514|17.7380087844839|21.5798820114018|8.35686202488147|3.05600386353534|7.41899230179251|1.09209359345142|5.06951964731567|1.55304190147687|-0.529889598167522|1.14648735535608|-0.0596738615208066|-0.418735496398217|-0.328666063517397|1.41979417387158|-0.670665862452847|4.43586634756175|0.777893311057979|3.16061601370717|0.254062006215209|3.02841892295851|0.537656401504958|1.73152143198489|0.129298011802931|3.15681478559407|-0.356163290451389|1.39453892010364|0.92799194826484|1.22285145219332|-0.416251100661878|3.89830615477554|0.966935073965505|1.10087274432143|10.5069762603586|1.00351464780509|0.0155586165596083|-0.380159622038176|-0.189503112412071|0.322327251271579,dt4,Definitive_rep4
Amperozide,Cytoplasm_AGP_Intensity,Mahalanobis distance (cutoff = 1),12,1.0260345323832543,exp3,25.987120530683782,5.964766211989469,19.57904211606072,78.9987069756413,NA,2.916042798276593,NA,NA,NA,0.04295313244492485,1.38412058418501,31.164537287251353,31.821008065371732,2.753267851670748e-6,-94.73982446713502,0.9999887146175086,63.10165931039117,NA,26.6636830616874,31.082904640973684,39.00116604782529,48.48654462617316,28.486121329315232,28.486121329315232,31.471875002695576,75|75|75|75|75|75|33.3333333333333|33.3333333333333|33.3333333333333|33.3333333333333|33.3333333333333|33.3333333333333|11.1111111111111|11.1111111111111|11.1111111111111|11.1111111111111|11.1111111111111|11.1111111111111|3.7037037037037|3.7037037037037|3.7037037037037|3.7037037037037|3.7037037037037|3.7037037037037|1.23456790123457|1.23456790123457|1.23456790123457|1.23456790123457|1.23456790123457|1.23456790123457|0.411522633744856|0.411522633744856|0.411522633744856|0.411522633744856|0.411522633744856|0.411522633744856|0.137174211248285|0.137174211248285|0.137174211248285|0.137174211248285|0.137174211248285|0.137174211248285,3.18240822643372|27.0126920871904|3.44980669165505|25.7963264682734|7.49705741677392|28.1750672229416|0.417593364864541|2.49288955198735|0.326069310345001|4.51800909441011|0.539738667053954|3.83062109059331|-0.457213775709315|0.432083333306982|-0.196568131319544|1.20377975562923|-0.120220943620703|-0.738127679162912|-0.721908401991926|-0.121172375034505|-0.365160582204783|-0.746687529509434|-0.685095187237934|-0.57281559587778|-0.686438077058699|1.61207995682204|-0.831138800967966|0.110760014581517|-0.803383999755481|0.127230027176802|-0.847812231945373|1.46933447275351|-0.135146876429968|-0.298657088730829|-0.786133419170614|-0.120544151861666|-0.388058144094323|0.768437029301651|-0.848575556568597|0.788238149150726|-0.598308788394323|0.572327414988758,dt4,Definitive_rep4
Amperozide,Cytoplasm_ER_Intensity,Mahalanobis distance (cutoff = 1),12,1.0260345323832543,pow,38.7608704103962,3.6272908018030163,4.226764467249179e-6,NA,NA,3.719103789831819,NA,NA,NA,0.04726916957013014,1.38412058418501,30.137733472055587,30.718983750791736,5.356288943594402e-24,-89.39252012390132,0.9999997587076984,62.247185750023306,NA,39.76999154629878,33.514885415135204,40.38120560549517,48.65425454854404,28.05245436497915,28.05245436497915,30.403860786537702,75|75|75|75|75|75|33.3333333333333|33.3333333333333|33.3333333333333|33.3333333333333|33.3333333333333|33.3333333333333|11.1111111111111|11.1111111111111|11.1111111111111|11.1111111111111|11.1111111111111|11.1111111111111|3.7037037037037|3.7037037037037|3.7037037037037|3.7037037037037|3.7037037037037|3.7037037037037|1.23456790123457|1.23456790123457|1.23456790123457|1.23456790123457|1.23456790123457|1.23456790123457|0.411522633744856|0.411522633744856|0.411522633744856|0.411522633744856|0.411522633744856|0.411522633744856|0.137174211248285|0.137174211248285|0.137174211248285|0.137174211248285|0.137174211248285|0.137174211248285,22.6148695211587|42.2726739577181|29.4769749921568|39.2606170706829|32.5996802227655|40.5294471225754|1.89480469956545|0.623816631479537|4.04448032926176|1.80385250413141|0.984947137159655|4.72232130530613|-0.821043043501086|-0.851876246783504|-0.181319255483233|0.109885054099883|-0.626664606820883|-0.785237991110783|-0.622577331847542|1.50099716970599|0.851912764629623|0.647422093198931|-0.595966898195653|-0.598199332303312|0.0997495594746935|-0.323331384071027|0.0819695986796337|0.373974652572242|-0.6951056259186|-0.702602125706376|0.65901374877544|-0.665155720770432|-0.489198637406592|0.642871415368408|0.617137220429684|-0.315375624494137|8.22113428933541|-0.494692534995665|-0.463565615630666|-0.426227295738658|-0.221051432299107|-0.603495242805414,dt4,Definitive_rep4
Amperozide,Cytoplasm_Mito_Profile,Mahalanobis distance (cutoff = 1),25,1.0260345323832543,exp2,30.357476299827486,5.1380378240522155,6.964303094188969,44.12452911595719,NA,NA,NA,NA,NA,0.8090771573316506,1.38412058418501,7.590917602148516,8.327142887489462,2.3340185981505896e-20,-112.77831277453342,0.9999999733929098,51.82049395715702,NA,31.14781899962922,8.905106946385906,16.311291415768167,28.193568575695235,6.064275444610026,6.064275444610026,7.998682665978667,75|75|75|75|75|75|33.3333333333333|33.3333333333333|33.3333333333333|33.3333333333333|33.3333333333333|33.3333333333333|11.1111111111111|11.1111111111111|11.1111111111111|11.1111111111111|11.1111111111111|11.1111111111111|3.7037037037037|3.7037037037037|3.7037037037037|3.7037037037037|3.7037037037037|3.7037037037037|1.23456790123457|1.23456790123457|1.23456790123457|1.23456790123457|1.23456790123457|1.23456790123457|0.411522633744856|0.411522633744856|0.411522633744856|0.411522633744856|0.411522633744856|0.411522633744856|0.137174211248285|0.137174211248285|0.137174211248285|0.137174211248285|0.137174211248285|0.137174211248285,25.8041082577766|55.9604484530252|30.4577485886829|44.4186431146268|30.0961987065588|40.9974158499749|13.1513409452737|8.34801415019992|10.8429326731527|4.85689176026965|7.55810453325063|5.35029023365525|3.19909402490734|-0.0453634349496007|4.12954008947949|0.468051299907181|2.03425750586357|-0.263533094609855|1.50929627676775|-0.168369954774148|-0.278879044574264|0.105135397864287|1.33132323436699|0.591553855453769|0.527502050275154|0.155220611324338|2.98212423195427|0.223152035590674|0.86662519051483|1.61596906912319|5.12694666268729|0.2339734880938|2.28333153033071|-0.0843537469516578|2.43582774258184|0.397497585128621|7.19493281097007|0.147724945483409|2.51826296732668|-0.105332464577486|3.46703375984993|0.715356482328953,dt4,Definitive_rep4
Amperozide,Membrane_AGP_Texture,Mahalanobis distance (cutoff = 1),15,1.0260345323832543,pow,36.82153595349458,1.8062230855186598,4.4433372279985967e-4,NA,NA,2.6290098884011357,NA,NA,NA,-0.1546491401350205,1.38412058418501,21.12852171198378,21.491464335362984,1.0840562989545894e-34,-71.67329703043353,0.9999999978816575,57.61798712177654,NA,37.780167423677,23.9986464408106,31.238482511662205,40.66240952539591,19.026591471518056,19.026591471518056,21.321306443293928,75|75|75|75|75|75|33.3333333333333|33.3333333333333|33.3333333333333|33.3333333333333|33.3333333333333|33.3333333333333|11.1111111111111|11.1111111111111|11.1111111111111|11.1111111111111|11.1111111111111|11.1111111111111|3.7037037037037|3.7037037037037|3.7037037037037|3.7037037037037|3.7037037037037|3.7037037037037|1.23456790123457|1.23456790123457|1.23456790123457|1.23456790123457|1.23456790123457|1.23456790123457|0.411522633744856|0.411522633744856|0.411522633744856|0.411522633744856|0.411522633744856|0.411522633744856|0.137174211248285|0.137174211248285|0.137174211248285|0.137174211248285|0.137174211248285|0.137174211248285,30.7948053938144|43.6892611902817|39.7279934279508|37.2643357946206|37.3440264254942|37.7311925221978|6.11127206966446|4.37953693635073|9.53607796039019|2.23415268170051|4.85964672805311|3.89885835396412|-0.19530417077782|0.0981338252061303|-0.349752493333213|-0.803428713980986|-0.819698883196634|0.495684571640814|-0.213990011270783|0.929093707641248|0.840723088580425|1.28742637462339|-0.339824232233846|1.93685726645324|-0.349016130538307|-0.740630887096246|0.0018693375279718|0.0725712418426557|-0.652398469748894|-0.143057194914171|-0.25679135638562|-0.744563431314516|0.198234245724849|-0.589240578203255|-0.223134598405492|-0.744406624938703|0.577379398273929|-0.398658752068474|-0.3754782764155|-0.315331450730077|0.8955206119706|1.06029320976018,dt4,Definitive_rep4
Amperozide,Nucleus_DNA_Texture,Mahalanobis distance (cutoff = 1),19,1.0260345323832543,pow,19.06386915317176,2.0214383921077324,0.1378529292580969,NA,NA,1.147672915714664,NA,NA,NA,0.01598280564782959,1.38412058418501,7.132887744012292,7.828059935005054,5.824145634358587e-26,-79.8857294852537,0.9999999967643612,40.99824631479179,NA,19.56018807199013,5.51362068411964,10.086322915714037,18.451379916843514,5.748797682873623,5.748797682873623,7.4620839097380856,75|75|75|75|75|75|33.3333333333333|33.3333333333333|33.3333333333333|33.3333333333333|33.3333333333333|33.3333333333333|11.1111111111111|11.1111111111111|11.1111111111111|11.1111111111111|11.1111111111111|11.1111111111111|3.7037037037037|3.7037037037037|3.7037037037037|3.7037037037037|3.7037037037037|3.7037037037037|1.23456790123457|1.23456790123457|1.23456790123457|1.23456790123457|1.23456790123457|1.23456790123457|0.411522633744856|0.411522633744856|0.411522633744856|0.411522633744856|0.411522633744856|0.411522633744856|0.137174211248285|0.137174211248285|0.137174211248285|0.137174211248285|0.137174211248285|0.137174211248285,16.4712368393625|21.4465558570877|19.3691873985487|19.484557441552|13.430303974357|26.216576007653|8.53325849294995|12.9341169107411|8.03911292715899|7.04496132206007|3.08055055339778|8.25892553629062|1.65457013571449|-0.0726574306898428|3.17813338430226|1.62039522271525|1.7977741774801|3.59770012524087|0.104258495541188|-0.100816586268421|0.373656729753298|0.700431837373832|-0.435725650066443|2.04027982708456|0.0345866101121396|-0.145450253732992|-0.0321679157538124|0.0714490814548678|-0.0494396570542325|0.429615712613695|0.802416410273218|-0.366266312330715|0.0479314912225641|0.377780347018245|-0.666030422410716|-0.194620080900996|3.23916831283168|0.221428663035521|-0.638149802051776|0.763401338984792|-0.605807188310954|-0.0818061112558798,dt4,Definitive_rep4
Amperozide,Nucleus_RNA_Intensity,Mahalanobis distance (cutoff = 1),14,1.0260345323832543,pow,21.296318005042682,4.2096531810881235,5.068481950119809e-7,NA,NA,4.071647548682891,NA,NA,NA,0.11961478068953009,1.38412058418501,37.60421231245031,38.65643955089911,7.539983228580698e-9,-92.48595787954484,0.9999916321480443,63.25983399125982,NA,21.850757685789045,35.93579210931052,42.604987053406816,50.511893999705954,35.38576391477328,35.38576391477328,38.08549617036071,75|75|75|75|75|75|33.3333333333333|33.3333333333333|33.3333333333333|33.3333333333333|33.3333333333333|33.3333333333333|11.1111111111111|11.1111111111111|11.1111111111111|11.1111111111111|11.1111111111111|11.1111111111111|3.7037037037037|3.7037037037037|3.7037037037037|3.7037037037037|3.7037037037037|3.7037037037037|1.23456790123457|1.23456790123457|1.23456790123457|1.23456790123457|1.23456790123457|1.23456790123457|0.411522633744856|0.411522633744856|0.411522633744856|0.411522633744856|0.411522633744856|0.411522633744856|0.137174211248285|0.137174211248285|0.137174211248285|0.137174211248285|0.137174211248285|0.137174211248285,2.40006599579304|23.4828353169397|7.6379178694056|21.5745485532099|11.5253369879018|22.1473793140781|-0.803370858909623|2.49049531442682|-0.647044471188717|4.45869611047027|-0.591560336219694|4.77478944195463|-0.29575082569277|0.593015573524174|-0.513588760693475|-0.189520954477387|-0.00407050024219147|0.274746873405112|0.103939773977577|-0.220462101816108|0.310576072754007|0.17947701527713|-0.374617729499556|0.302330922837218|-0.488596684086433|0.47179031972507|-0.291552316399999|0.743483779401331|-0.548413924682579|1.06749069481308|1.6708771235818|1.62858750548842|-0.451507217373021|0.376234283546437|0.153875526626629|0.936217670146508|0.711218440721419|1.19730110795691|-0.139392593590404|0.301108588378972|-0.689228748781792|1.70934340483856,dt4,Definitive_rep4
Amperozide,Nucleus_DNA_Intensity,Mahalanobis distance (cutoff = 1),23,1.0260345323832543,poly1,10.7290405956985,2.6951873396917505,0.1467782153403795,NA,NA,NA,NA,NA,NA,0.36265594410192137,1.38412058418501,8.41958660559612,11.209082758520283,3.4153696667305607e-9,-92.02453759413795,0.9999913435114042,37.5,NA,11.008366150528461,3.75,7.5,15,6.990373401147265,6.990373401147265,9.43001371814766,75|75|75|75|75|75|33.3333333333333|33.3333333333333|33.3333333333333|33.3333333333333|33.3333333333333|33.3333333333333|11.1111111111111|11.1111111111111|11.1111111111111|11.1111111111111|11.1111111111111|11.1111111111111|3.7037037037037|3.7037037037037|3.7037037037037|3.7037037037037|3.7037037037037|3.7037037037037|1.23456790123457|1.23456790123457|1.23456790123457|1.23456790123457|1.23456790123457|1.23456790123457|0.411522633744856|0.411522633744856|0.411522633744856|0.411522633744856|0.411522633744856|0.411522633744856|0.137174211248285|0.137174211248285|0.137174211248285|0.137174211248285|0.137174211248285|0.137174211248285,1.94275600957642|11.7648888767717|3.59236706495363|11.6689054332588|2.06801520755805|13.1202785745437|6.81194970952716|9.20839224277574|3.54337478273436|3.82578740651637|2.00515121690401|5.41716470780269|1.58376882046732|-0.322719418583733|2.98957494681331|2.04404885032559|1.19771363407759|3.12242459854195|-0.105049456382088|0.437001482131954|0.333729559398546|-0.13468749765002|-0.236108879535603|0.608517954923749|-0.233060512157062|1.86957947640801|0.00265246735237146|2.61612839840286|-0.465762975665399|0.808947421827456|1.05056553980089|0.338704964258564|-0.27265659003498|1.61972558700358|-0.797471684567177|0.72531009983821|4.41245959764258|0.873667646860236|-0.613028798355867|1.66297501168066|-0.849586499717932|0.636495866349396,dt4,Definitive_rep4
Amperozide,Nucleus_RNA_Texture,Mahalanobis distance (cutoff = 1),19,1.0260345323832543,exp5,8.641024287298421,1.879561641848505,NA,NA,8.865989313930578,3.9752041869403536,NA,19.33536843235714,NA,0.29645596022921283,1.38412058418501,10.86105867355583,17.637533930554696,2.9853960153914004e-16,-84.4031000688193,0.999999524783522,19.33536843235714,NA,8.865989313930578,10.043796725984976,12.037595208606545,14.538666301197148,12.515321693899022,12.515321693899022,13.571855802474097,75|75|75|75|75|75|33.3333333333333|33.3333333333333|33.3333333333333|33.3333333333333|33.3333333333333|33.3333333333333|11.1111111111111|11.1111111111111|11.1111111111111|11.1111111111111|11.1111111111111|11.1111111111111|3.7037037037037|3.7037037037037|3.7037037037037|3.7037037037037|3.7037037037037|3.7037037037037|1.23456790123457|1.23456790123457|1.23456790123457|1.23456790123457|1.23456790123457|1.23456790123457|0.411522633744856|0.411522633744856|0.411522633744856|0.411522633744856|0.411522633744856|0.411522633744856|0.137174211248285|0.137174211248285|0.137174211248285|0.137174211248285|0.137174211248285|0.137174211248285,6.23525959274267|10.7343304662157|5.89538838852169|14.1015744346857|4.23604755272851|12.7608830268259|10.5187021042601|9.82154146119446|5.48287253738567|9.53688392693074|6.46409615331242|9.01859185613909|0.0469560103122698|1.22192724382371|0.993655614727348|0.280165646822013|0.917943579253057|0.356982285759728|-0.193196107362928|3.38572268478105|0.822278257209671|0.631824031569203|-0.230872954553048|2.4529519635481|0.57086860969412|0.294043011645362|0.206122914537165|0.609848274423376|0.227654595375844|0.771312017187004|3.3004668917989|1.63827591712223|0.942866890928052|-0.566092289231557|-0.101665161690941|0.279074693950685|-0.566293112738226|1.16039429933063|-0.62105577992358|-0.153556541108169|0.508181866916367|2.36037579272714,dt4,Definitive_rep4
Amperozide,Nucleus_RNA_Profile,Mahalanobis distance (cutoff = 1),36,1.0260345323832543,exp2,40.42945249960554,3.725684476878109,2.112073311879627,24.774948818763562,NA,NA,NA,NA,NA,0.7737157244573406,1.38412058418501,12.290410244135277,12.735641269745294,7.625153949353228e-25,-105.44710416414172,0.9999999943692862,58.99945568231143,NA,41.48201438994376,16.948966645882454,26.919319658528828,39.51481490383394,9.809639587757419,9.809639587757419,12.486694145401268,75|75|75|75|75|75|33.3333333333333|33.3333333333333|33.3333333333333|33.3333333333333|33.3333333333333|33.3333333333333|11.1111111111111|11.1111111111111|11.1111111111111|11.1111111111111|11.1111111111111|11.1111111111111|3.7037037037037|3.7037037037037|3.7037037037037|3.7037037037037|3.7037037037037|3.7037037037037|1.23456790123457|1.23456790123457|1.23456790123457|1.23456790123457|1.23456790123457|1.23456790123457|0.411522633744856|0.411522633744856|0.411522633744856|0.411522633744856|0.411522633744856|0.411522633744856|0.137174211248285|0.137174211248285|0.137174211248285|0.137174211248285|0.137174211248285|0.137174211248285,35.6927018079108|46.2916433708022|43.9456859147696|40.9039311284059|35.1831430289386|42.1910921602841|5.51615576667057|5.2518541639686|7.10057790337302|6.05707615395795|3.88647624966071|7.00289136698137|-0.510798895138505|1.28157176390961|3.03183300781176|0.647973536250432|-0.418266587950144|2.29876374136682|-0.694839947721186|3.1176281768916|7.62641870765707|3.05306989544536|1.77099601368298|2.58565498604435|2.34897197941824|1.03506614145459|1.4340937956504|1.82743848347287|1.5731540886771|4.14455958885721|3.32183059510845|2.67767921206727|2.44853260596812|1.5703831238126|2.560849424119|1.77318269157413|17.7090528118471|1.57377411098144|1.72938735702578|0.168394560300237|1.39961421612715|0.801233764673001,dt4,Definitive_rep4
Amperozide,Nucleus_RNA_Radial,Mahalanobis distance (cutoff = 1),30,1.0260345323832543,exp2,29.762997069897537,1.947389361669937,1.437352986888989,24.176719230288278,NA,NA,NA,NA,NA,0.3526133190279084,1.38412058418501,16.033609920944688,16.617930133934983,5.1469125256662205e-26,-85.89740664378388,0.9999999825626402,59.30505080955103,NA,30.537862780936486,17.499581404110646,27.5446132206887,40.08674133628073,13.024826087396132,13.024826087396132,16.306135108557758,75|75|75|75|75|75|33.3333333333333|33.3333333333333|33.3333333333333|33.3333333333333|33.3333333333333|33.3333333333333|11.1111111111111|11.1111111111111|11.1111111111111|11.1111111111111|11.1111111111111|11.1111111111111|3.7037037037037|3.7037037037037|3.7037037037037|3.7037037037037|3.7037037037037|3.7037037037037|1.23456790123457|1.23456790123457|1.23456790123457|1.23456790123457|1.23456790123457|1.23456790123457|0.411522633744856|0.411522633744856|0.411522633744856|0.411522633744856|0.411522633744856|0.411522633744856|0.137174211248285|0.137174211248285|0.137174211248285|0.137174211248285|0.137174211248285|0.137174211248285,33.999865337728|24.7254028698464|33.3829371358719|25.5764579426416|29.938045508876|30.7005382026137|5.51112082605695|4.29284556517058|4.6170762318902|3.56755627587863|2.75474615064531|3.477894870986|0.360925361816991|1.27500236397573|2.47602688243554|0.636073564134099|1.82909782300913|1.16971451500272|0.794065340072435|2.55896072408887|4.32138466067749|0.689568520032475|-0.0669240741893573|0.584731568809599|1.84550915738332|1.39624686908386|0.516887353968343|3.69982405684174|0.560551326686241|1.17412563433897|1.39442542144872|0.737390196301742|1.81153104514141|2.62821072433344|0.696797077114374|1.58159130639605|2.7579483677977|1.3177569170647|0.380503059301987|0.24037646447525|1.67201537604042|1.10135268905353,dt4,Definitive_rep4
Amperozide,Nucleus_RNA_Axial,Mahalanobis distance (cutoff = 1),18,1.0260345323832543,exp2,17.646635808959356,2.8478431562204634,0.5188600620541468,20.946084874625694,NA,NA,NA,NA,NA,-0.11771066636875835,1.38412058418501,26.912362583092676,27.538419875536427,9.0266908920487e-24,-75.9742981935864,0.9999989637500045,61.05682419838436,NA,18.106057720383202,21.149372878569533,31.455993419746527,43.50154429223706,22.853786136577416,22.853786136577416,27.220327089642524,75|75|75|75|75|75|33.3333333333333|33.3333333333333|33.3333333333333|33.3333333333333|33.3333333333333|33.3333333333333|11.1111111111111|11.1111111111111|11.1111111111111|11.1111111111111|11.1111111111111|11.1111111111111|3.7037037037037|3.7037037037037|3.7037037037037|3.7037037037037|3.7037037037037|3.7037037037037|1.23456790123457|1.23456790123457|1.23456790123457|1.23456790123457|1.23456790123457|1.23456790123457|0.411522633744856|0.411522633744856|0.411522633744856|0.411522633744856|0.411522633744856|0.411522633744856|0.137174211248285|0.137174211248285|0.137174211248285|0.137174211248285|0.137174211248285|0.137174211248285,18.1902882320886|16.5529804006751|32.5611066682732|19.6324576147659|17.8370101867415|18.0729422710474|3.75556247034457|1.14477066188529|2.63951602659064|1.72823752031624|2.56592306470069|0.802784347634398|-0.443908685569902|-0.301295622513777|1.43914349856212|-0.520055444685483|1.5430585077362|-0.562518354801217|0.732509346551586|1.20528108374728|3.54701789816682|0.521119788789207|-0.722962597197594|0.22782582022748|1.3114431217934|-0.454344978105557|-0.0611585945904204|0.244239455805828|1.51460886533411|0.33415986246453|0.246306114598563|-0.534804182406249|0.135364554293294|-0.547928742679198|0.785396762810702|-0.391246542088186|9.70796314820322|0.109424062154752|0.471396250680994|-0.75660788049467|-0.61702789376447|-0.392457638943,dt4,Definitive_rep4
Amperozide,Nucleus_RNA_Compactness,Mahalanobis distance (cutoff = 1),37,1.0260345323832543,exp3,25.739951942595916,3.2423586894528613,0.7202287189851656,5.359445025391123,NA,0.48847833994720424,NA,NA,NA,0.9600567827495442,1.38412058418501,5.896355657968377,6.55772698265652,4.2091797840040506e-18,-109.24480790956447,0.9999999654911774,49.48844049601924,NA,26.410079554988837,5.82461818191014,12.98055534439,24.96434507564891,4.179948815829232,4.179948815829232,6.181496633256314,75|75|75|75|75|75|33.3333333333333|33.3333333333333|33.3333333333333|33.3333333333333|33.3333333333333|33.3333333333333|11.1111111111111|11.1111111111111|11.1111111111111|11.1111111111111|11.1111111111111|11.1111111111111|3.7037037037037|3.7037037037037|3.7037037037037|3.7037037037037|3.7037037037037|3.7037037037037|1.23456790123457|1.23456790123457|1.23456790123457|1.23456790123457|1.23456790123457|1.23456790123457|0.411522633744856|0.411522633744856|0.411522633744856|0.411522633744856|0.411522633744856|0.411522633744856|0.137174211248285|0.137174211248285|0.137174211248285|0.137174211248285|0.137174211248285|0.137174211248285,29.2877651485226|27.0751608594333|33.4951085553855|22.438472225719|27.2960683426257|19.8073159119586|5.27236848340776|9.23363185307334|4.74098265150121|5.92843441057912|5.37891761502875|5.28630613620868|1.22983480907214|5.11290583826578|6.20142467289341|2.33520782794598|3.131084288632|3.24129880316893|2.05591406968171|7.97196567993936|3.71125138345108|3.20790940390981|0.228457550834847|3.31329259394216|1.79875453737436|3.50741982824697|0.849483154241095|5.70414817363227|0.626118829953488|2.7271381735079|2.86364341955407|4.46334658406833|2.49352855376736|3.90821496273936|1.48774231099028|2.66645593505177|9.21479325743514|3.18391605245947|2.19990968165352|0.891271038760022|0.974493331449815|2.55601401480197,dt4,Definitive_rep4
Amperozide,Cell_DNA_Radial,Mahalanobis distance (cutoff = 1),19,1.0260345323832543,exp2,33.824586597900456,2.954723464589093,0.3099932314841153,15.866344617813077,NA,NA,NA,NA,NA,0.1229549382360516,1.38412058418501,26.76032436223397,27.15828300213051,2.9325140273438187e-25,-87.82962750133669,0.9999998616402683,64.14213628726989,NA,34.70519389303368,29.93544932262243,39.68275015876894,50.016249570232986,23.17923284448148,23.17923284448148,26.94683798527267,75|75|75|75|75|75|33.3333333333333|33.3333333333333|33.3333333333333|33.3333333333333|33.3333333333333|33.3333333333333|11.1111111111111|11.1111111111111|11.1111111111111|11.1111111111111|11.1111111111111|11.1111111111111|3.7037037037037|3.7037037037037|3.7037037037037|3.7037037037037|3.7037037037037|3.7037037037037|1.23456790123457|1.23456790123457|1.23456790123457|1.23456790123457|1.23456790123457|1.23456790123457|0.411522633744856|0.411522633744856|0.411522633744856|0.411522633744856|0.411522633744856|0.411522633744856|0.137174211248285|0.137174211248285|0.137174211248285|0.137174211248285|0.137174211248285|0.137174211248285,28.3765704053011|36.2032368330741|34.6310434899661|36.206764723372|21.5658142405579|33.5687000171785|1.9890703968098|2.08909453555239|1.71880760349401|2.82784733305737|1.28448513164422|5.82023891101328|0.427780432021252|-0.275430873393543|0.154510655576362|-0.676931394389435|1.91595652197711|-0.0216878782292662|0.817025864488851|0.851915646663394|6.20824316673923|0.403698760321873|-0.409593123285049|0.263082553302536|1.8665394496183|0.766421977947032|-0.060403111575601|0.691002235487763|0.575323972537772|1.55379574255512|1.92859458133099|-0.105822750987936|2.08603624040228|-0.160009013910438|0.19416652048702|0.51825841692639|8.61791483305781|-0.149563433422377|0.319412006934919|-0.313703444422935|-0.814724269535191|0.306439242811909,dt4,Definitive_rep4
Amperozide,Cell_Mito_Radial,Mahalanobis distance (cutoff = 1),27,1.0260345323832543,exp2,22.214668581571864,2.808276700035505,0.16619274406986145,15.218148471562362,NA,NA,NA,NA,NA,0.5270999158133467,1.38412058418501,33.55947712400554,34.4528895631612,2.1382692488907374e-19,-96.1250986669077,0.9999990431309217,64.5613447382815,NA,22.793017090142058,31.371548390337033,40.91938529678912,50.94170918576844,29.986300462140015,29.986300462140015,33.9831012196722,75|75|75|75|75|75|33.3333333333333|33.3333333333333|33.3333333333333|33.3333333333333|33.3333333333333|33.3333333333333|11.1111111111111|11.1111111111111|11.1111111111111|11.1111111111111|11.1111111111111|11.1111111111111|3.7037037037037|3.7037037037037|3.7037037037037|3.7037037037037|3.7037037037037|3.7037037037037|1.23456790123457|1.23456790123457|1.23456790123457|1.23456790123457|1.23456790123457|1.23456790123457|0.411522633744856|0.411522633744856|0.411522633744856|0.411522633744856|0.411522633744856|0.411522633744856|0.137174211248285|0.137174211248285|0.137174211248285|0.137174211248285|0.137174211248285|0.137174211248285,20.7610685071067|24.3920876441467|22.8861512383556|22.9026563167468|19.7056137652261|26.2049780204248|2.35233532123431|-0.226604819321665|1.27746376565079|-0.288115767897406|1.08610856429113|2.18089292558517|2.19205893786974|-0.580911183306011|1.7026836566006|-0.433667318181058|4.69181944516872|1.29814918307314|2.35510934732159|-0.443370482062413|8.76503758409994|0.344813942650892|1.85955907457489|0.0246440456310094|4.38775025336268|-0.322992570550588|1.65012399402324|0.398502550007238|1.88728210296883|0.927018248380797|3.73992902853265|-0.475083803186985|4.55263310053052|0.652946087584408|1.20449103000786|0.256853121326813|10.6883096235113|-0.143516974794701|1.17863191304176|1.34649847504874|1.40089473036045|0.00739047328282305,dt4,Definitive_rep4
Amperozide,Cell_Mito_Axial,Mahalanobis distance (cutoff = 1),8,1.0260345323832543,exp2,24.59238649498633,1.3388137807179767,2.3657045364330518e-5,5.403462561663912,NA,NA,NA,NA,NA,-0.562334612515996,1.38412058418501,59.22463985615674,59.40508236145769,3.1977823902293545e-33,-53.139599891569276,0.9999992939186736,71.25461022617043,NA,25.232637777571554,58.81276906920135,62.55811324923119,66.30348275900728,57.69587160767374,57.69587160767374,59.31343925841564,75|75|75|75|75|75|33.3333333333333|33.3333333333333|33.3333333333333|33.3333333333333|33.3333333333333|33.3333333333333|11.1111111111111|11.1111111111111|11.1111111111111|11.1111111111111|11.1111111111111|11.1111111111111|3.7037037037037|3.7037037037037|3.7037037037037|3.7037037037037|3.7037037037037|3.7037037037037|1.23456790123457|1.23456790123457|1.23456790123457|1.23456790123457|1.23456790123457|1.23456790123457|0.411522633744856|0.411522633744856|0.411522633744856|0.411522633744856|0.411522633744856|0.411522633744856|0.137174211248285|0.137174211248285|0.137174211248285|0.137174211248285|0.137174211248285|0.137174211248285,25.1705162457139|25.3163017387881|22.9528048542379|24.5891443014366|25.7842108242582|27.331075273402|0.358052420398133|-0.409533300744259|-0.53776608403517|-0.329233243861888|-0.205423957684813|0.0247901587896074|-0.818893927049019|-0.190172038196016|-0.782837037741289|-0.726823534777986|-0.0874152551706364|-0.386311492030397|-0.602263619614477|-0.26530060370217|2.49584900786979|0.250122722932782|-0.847935890425829|-0.436628556966928|0.0308290660879738|-0.579532858185354|-0.356683590486284|0.408267895085521|-0.454765931310485|0.510531121556577|0.584469593623948|-0.637457375318543|-0.0427494173596243|-0.0633686934618567|-0.353117370206481|0.0791238168588552|7.1391666672054|-0.459139393842718|-0.679282327667587|-0.381859663185681|-0.840092664959725|-0.273754900767618,dt4,Definitive_rep4
Amperozide,Cell_AGP_Radial,Mahalanobis distance (cutoff = 1),14,1.0260345323832543,pow,28.16576864228174,2.1793405479312136,8.884542628859132e-8,NA,NA,4.5397175420435225,NA,NA,NA,-0.265068672237735,1.38412058418501,38.178827155681454,38.66341203364855,5.7982977432080426e-30,-71.95003356886801,0.9999995037085803,64.37999986278336,NA,28.89905125809847,38.76796007665945,45.16304771585243,52.613056631070485,35.95170201176168,35.95170201176168,38.40238793689099,75|75|75|75|75|75|33.3333333333333|33.3333333333333|33.3333333333333|33.3333333333333|33.3333333333333|33.3333333333333|11.1111111111111|11.1111111111111|11.1111111111111|11.1111111111111|11.1111111111111|11.1111111111111|3.7037037037037|3.7037037037037|3.7037037037037|3.7037037037037|3.7037037037037|3.7037037037037|1.23456790123457|1.23456790123457|1.23456790123457|1.23456790123457|1.23456790123457|1.23456790123457|0.411522633744856|0.411522633744856|0.411522633744856|0.411522633744856|0.411522633744856|0.411522633744856|0.137174211248285|0.137174211248285|0.137174211248285|0.137174211248285|0.137174211248285|0.137174211248285,26.8182972695128|35.3338243696803|28.9961579792835|27.530028640369|29.9393976706379|29.2813041705849|0.954077778103305|0.21619106659127|0.589556525386438|0.358079295599555|0.641865612718162|1.89052696883115|0.179948405169723|-0.413590515161908|-0.467272715140939|-0.7507587129199|1.07616380850291|0.268022055463595|-0.644943093839479|-0.0337693947255516|7.57195142371213|0.537348904177369|0.415342179490044|0.0498688214541178|1.85145114334551|-0.490135657888534|-0.551285862142271|0.1700964459171|0.0125363282618378|1.06885058172621|-0.0257388182008876|0.038926339522585|1.54519852570051|0.790450314668244|0.0399441094876712|1.22996220126636|8.84067505146124|-0.177692629146848|-0.375299860201156|-0.205259892542334|0.012862007039451|-0.572653920493393,dt4,Definitive_rep4
Amperozide,Cell_AGP_Axial,Mahalanobis distance (cutoff = 1),11,1.0260345323832543,pow,26.487576819398296,1.3001976794364052,5.658495336788414e-7,NA,NA,4.096667876737788,NA,NA,NA,-0.4271277582769152,1.38412058418501,36.0375979451847,36.51915996842965,2.3947033684926633e-33,-56.39793803442262,0.9999994441959579,63.32564088133031,NA,27.177168495856854,36.09763678840914,42.75239415585385,50.63398517667998,33.70508945830257,33.70508945830257,36.260309614139125,75|75|75|75|75|75|33.3333333333333|33.3333333333333|33.3333333333333|33.3333333333333|33.3333333333333|33.3333333333333|11.1111111111111|11.1111111111111|11.1111111111111|11.1111111111111|11.1111111111111|11.1111111111111|3.7037037037037|3.7037037037037|3.7037037037037|3.7037037037037|3.7037037037037|3.7037037037037|1.23456790123457|1.23456790123457|1.23456790123457|1.23456790123457|1.23456790123457|1.23456790123457|0.411522633744856|0.411522633744856|0.411522633744856|0.411522633744856|0.411522633744856|0.411522633744856|0.137174211248285|0.137174211248285|0.137174211248285|0.137174211248285|0.137174211248285|0.137174211248285,24.7243053361957|27.3337288750107|25.5046735917096|28.3128972468517|26.8965870117881|28.2562981735161|1.95454305914806|0.541704468325909|0.407536255773377|1.06700137952546|0.537770005549885|1.86810730391012|-0.700349474360506|-0.501052660754277|-0.645160588261902|-0.739361507268509|0.476347167117307|-0.120250487729618|-0.565437498057869|-0.451764358775855|2.22564328071477|0.129954718934882|-0.824740055166609|-0.132531154124898|-0.0563871577415671|-0.626752980577615|-0.478662110575423|0.180468502995464|-0.411953592329904|0.443422675744486|-0.172257044860412|-0.450553536856371|-0.1305545481441|0.236991648050102|-0.661513376994672|0.0595061809794202|6.71511989485521|-0.588384643392058|-0.836325133353897|-0.509117968644309|-0.822317812168225|-0.370649197845956,dt4,Definitive_rep4
Amperozide,Cell_AGP_Compactness,Mahalanobis distance (cutoff = 1),28,1.0260345323832543,pow,35.4239907674305,3.9327118647763406,0.05051563366672193,NA,NA,1.52370149944306,NA,NA,NA,0.5894535402532433,1.38412058418501,8.41960868138409,9.09514077138606,3.712829659954221e-26,-105.33709938555411,0.9999999991453113,47.58787620725837,NA,36.346237802209274,10.500253828796756,16.548732574866197,26.081326632636248,7.2154381172629485,7.2154381172629485,8.781912329325403,75|75|75|75|75|75|33.3333333333333|33.3333333333333|33.3333333333333|33.3333333333333|33.3333333333333|33.3333333333333|11.1111111111111|11.1111111111111|11.1111111111111|11.1111111111111|11.1111111111111|11.1111111111111|3.7037037037037|3.7037037037037|3.7037037037037|3.7037037037037|3.7037037037037|3.7037037037037|1.23456790123457|1.23456790123457|1.23456790123457|1.23456790123457|1.23456790123457|1.23456790123457|0.411522633744856|0.411522633744856|0.411522633744856|0.411522633744856|0.411522633744856|0.411522633744856|0.137174211248285|0.137174211248285|0.137174211248285|0.137174211248285|0.137174211248285|0.137174211248285,35.6415274527884|51.1085988608978|34.5325315875262|45.2826233339006|32.3355133152849|39.9197361304633|9.63681680527269|11.6019458700397|9.71097635204719|11.1861766869198|10.3733389460005|11.3177787873138|1.74820446183287|1.42504170817771|2.71458377422348|0.995395962500031|0.342439381514853|1.8599610316467|0.011443692926325|0.848065256793566|10.081620563368|1.1057620198554|-0.18379485103914|2.43881685612282|1.63377003597358|0.32634796054155|1.74344536234289|1.70184192330011|1.25262955781234|3.350330399949|0.378620021084979|0.654615455657796|6.85314869855508|2.52920166533731|-0.0789286669781429|2.09976105728459|11.448565522446|0.342995082343941|0.66889080474608|0.72475814863959|0.335238356374803|0.889299012679168,dt4,Definitive_rep4
Amperozide,Cell_AGP_Symmetry,Mahalanobis distance (cutoff = 1),22,1.0260345323832543,pow,38.51065255926512,3.9900320128368016,0.007428400272115228,NA,NA,1.9870537731106348,NA,NA,NA,0.7107563016596317,1.38412058418501,13.438486630170935,14.415827950902917,2.936124934229493e-24,-107.55094126360603,0.9999999828994947,52.913393740942034,NA,39.513259390419556,16.607641952775822,23.539846122068276,33.36562511561347,11.942783701343881,11.942783701343881,13.884654397887823,75|75|75|75|75|75|33.3333333333333|33.3333333333333|33.3333333333333|33.3333333333333|33.3333333333333|33.3333333333333|11.1111111111111|11.1111111111111|11.1111111111111|11.1111111111111|11.1111111111111|11.1111111111111|3.7037037037037|3.7037037037037|3.7037037037037|3.7037037037037|3.7037037037037|3.7037037037037|1.23456790123457|1.23456790123457|1.23456790123457|1.23456790123457|1.23456790123457|1.23456790123457|0.411522633744856|0.411522633744856|0.411522633744856|0.411522633744856|0.411522633744856|0.411522633744856|0.137174211248285|0.137174211248285|0.137174211248285|0.137174211248285|0.137174211248285|0.137174211248285,34.9636742138508|44.0674602173273|31.8256604041801|38.6483139782649|41.3211277706932|54.8083674945805|14.7359526012896|11.2930444070114|9.37256008269839|5.58867265173931|4.84706710074354|6.18064160101228|0.427127067130951|1.69366154682622|-0.368360712243001|0.82159247756038|1.95913605395438|0.4492697646289|0.544825624695007|0.737613437347173|13.2916726228032|-0.116566141781072|-0.0300758016490237|0.121178379472423|1.05802699220094|2.12119833484422|1.77712529393663|0.0366915534873207|1.88444662476405|0.226622747922974|0.479295583877376|-0.312062683360086|3.17548987466281|2.88386244824188|0.512594970294104|0.947700105824784|6.35181060990146|-0.0138204583153381|0.900653303864831|0.157080679241258|0.523598908187914|0.0188800477404478,dt4,Definitive_rep4
Amperozide,Cell_ER_Axial,Mahalanobis distance (cutoff = 1),10,1.0260345323832543,pow,27.738424442305224,1.3328183716372966,5.38026571686393e-9,NA,NA,5.185665253709445,NA,NA,NA,-0.417821147340297,1.38412058418501,41.69978025541415,42.045064866399954,2.4753026570097544e-32,-58.46964717922585,0.9999994686048009,65.61616636854365,NA,28.46058135170887,42.0892865547113,48.10851755454988,54.98856480467869,39.51649321449911,39.51649321449911,41.86487600400897,75|75|75|75|75|75|33.3333333333333|33.3333333333333|33.3333333333333|33.3333333333333|33.3333333333333|33.3333333333333|11.1111111111111|11.1111111111111|11.1111111111111|11.1111111111111|11.1111111111111|11.1111111111111|3.7037037037037|3.7037037037037|3.7037037037037|3.7037037037037|3.7037037037037|3.7037037037037|1.23456790123457|1.23456790123457|1.23456790123457|1.23456790123457|1.23456790123457|1.23456790123457|0.411522633744856|0.411522633744856|0.411522633744856|0.411522633744856|0.411522633744856|0.411522633744856|0.137174211248285|0.137174211248285|0.137174211248285|0.137174211248285|0.137174211248285|0.137174211248285,27.4765753663773|28.5575080557017|24.7586405043614|28.5966663456276|28.8333694239435|31.558740675979|1.01141856835769|0.584601240834044|-0.116453982376029|0.0246120992110039|-0.148527848086238|1.78433039420625|-0.762353683654455|0.0957295802666813|-0.591997364078233|-0.75739301547014|0.612483821404992|0.154957728080814|-0.437985292101626|-0.140034539247307|1.02960681669802|1.40486281814788|-0.784387909357438|0.229520325239433|-0.131301431394966|-0.384965923175066|-0.632749736794252|0.870650903830301|-0.634191038918714|0.45147286089344|0.361785447913118|-0.15811977574053|-0.19920165786068|0.58594262875381|-0.545153249375684|0.507233593312303|6.0846128484957|-0.331663659160525|-0.662968482052791|-0.23179355460691|-0.831543206681584|0.00810390771732006,dt4,Definitive_rep4
Amperozide,Nucleus_DNA_Profile,Mahalanobis distance (cutoff = 1),9,1.0260345323832543,pow,17.863429897609116,3.820091742452483,1.2029378858344184e-10,NA,NA,5.964009732950599,NA,NA,NA,-0.1933144978433888,1.38412058418501,48.155622741200304,49.16146751952772,1.7653080621527046e-19,-82.12376926535867,0.9999945738753797,66.7708389084654,NA,18.32849594175441,45.385215663929,50.978709125715675,57.261571771924146,46.25314580521741,46.25314580521741,48.63407890835262,75|75|75|75|75|75|33.3333333333333|33.3333333333333|33.3333333333333|33.3333333333333|33.3333333333333|33.3333333333333|11.1111111111111|11.1111111111111|11.1111111111111|11.1111111111111|11.1111111111111|11.1111111111111|3.7037037037037|3.7037037037037|3.7037037037037|3.7037037037037|3.7037037037037|3.7037037037037|1.23456790123457|1.23456790123457|1.23456790123457|1.23456790123457|1.23456790123457|1.23456790123457|0.411522633744856|0.411522633744856|0.411522633744856|0.411522633744856|0.411522633744856|0.411522633744856|0.137174211248285|0.137174211248285|0.137174211248285|0.137174211248285|0.137174211248285|0.137174211248285,11.5587602058998|19.1789290324968|18.1186966821177|23.4985879044726|16.6149321672092|28.3149524796227|-0.31472428002907|0.799060902792472|-0.647074498597191|0.711611029174957|-0.652808506308587|0.773721437643312|0.422658938476739|-0.145552427986166|0.497428184123657|-0.569067637699276|0.806665438378989|-0.401971876790465|0.191468773627217|-0.671864570873842|1.89841464749056|-0.00534667162623026|-0.404742978772754|-0.592624868902663|-0.0131059958128534|-0.389901171184853|-0.213829843920594|0.236464303047744|-0.214583404974679|0.498461010074279|2.09859527408802|0.158905503920619|1.01882001864217|-0.219487855307609|-0.0390837498063834|-0.0730442954458732|20.5028939123878|-0.507201805876108|-0.143286597915062|0.219778799323639|-0.812226026981693|0.826586633854455,dt4,Definitive_rep4
Amperozide,Nucleus_DNA_Radial,Mahalanobis distance (cutoff = 1),25,1.0260345323832543,exp5,20.081732013402394,2.3769424268799653,NA,NA,20.604550515817152,2.358997786052755,NA,38.31906734338226,NA,0.16809378034209016,1.38412058418501,13.675232712259696,15.348535865356737,1.9864192766035765e-24,-84.32503499615848,0.9999999943959788,38.31906734338226,NA,20.604550515817152,12.70789781263552,17.242290049287412,23.70006684379419,12.685376188459225,12.685376188459225,14.457681591002533,75|75|75|75|75|75|33.3333333333333|33.3333333333333|33.3333333333333|33.3333333333333|33.3333333333333|33.3333333333333|11.1111111111111|11.1111111111111|11.1111111111111|11.1111111111111|11.1111111111111|11.1111111111111|3.7037037037037|3.7037037037037|3.7037037037037|3.7037037037037|3.7037037037037|3.7037037037037|1.23456790123457|1.23456790123457|1.23456790123457|1.23456790123457|1.23456790123457|1.23456790123457|0.411522633744856|0.411522633744856|0.411522633744856|0.411522633744856|0.411522633744856|0.411522633744856|0.137174211248285|0.137174211248285|0.137174211248285|0.137174211248285|0.137174211248285|0.137174211248285,20.0616972962578|15.6090549614838|25.2278711510824|16.588313017384|20.5527397370313|20.3996472986544|7.69158689775393|9.6710543989064|8.43735537320472|8.01557952137781|4.03559268631346|8.18478052520704|-0.698075767417054|0.418899889443902|1.11858072792474|1.24818498868084|0.489628136611327|1.28267512088967|0.414179917861424|0.0927450948061693|1.89348114150275|0.878726106303272|-0.713224917008909|0.0969657091850925|0.0876441700182428|1.79740387732691|-0.505060591521429|4.04747324671792|0.800611486708835|1.33875541951259|-0.475628629717542|1.57334792976672|0.679326796443471|1.39962343059268|-0.607329658114745|1.17868801405124|10.9096152868984|1.52821903204806|-0.334358125908383|1.12333907030035|0.0526975617827683|0.0276667830104806,dt4,Definitive_rep4
Fluphenazine,Ring_Mito_Texture,Mahalanobis distance (cutoff = 1),15,1.0260345323832543,poly1,4.845181615828654,1.423835157916103,0.44741912881578283,NA,NA,NA,NA,NA,NA,0.1586046058117041,1.38412058418501,2.6134543831440813,3.828367119923786,2.988007751481184e-8,-53.80493646782155,0.9982845331979802,5.55555555555555,NA,4.971323653508693,0.555555555555555,1.11111111111111,2.22222222222222,2.2932290246483995,2.2932290246483995,3.093565954250691,11.1111111111111|11.1111111111111|11.1111111111111|11.1111111111111|11.1111111111111|11.1111111111111|3.7037037037037|3.7037037037037|3.7037037037037|3.7037037037037|3.7037037037037|3.7037037037037|1.23456790123457|1.23456790123457|1.23456790123457|1.23456790123457|1.23456790123457|1.23456790123457|0.411522633744856|0.411522633744856|0.411522633744856|0.411522633744856|0.411522633744856|0.411522633744856|0.137174211248285|0.137174211248285|0.137174211248285|0.137174211248285|0.137174211248285|0.137174211248285,3.98705217291296|7.8349138981532|5.64261300375687|5.25099510677806|3.0290333795697|5.84420252978198|-0.237743879257685|1.91340059546253|0.559555847492935|1.50450376584312|0.471988820909924|2.75959813272422|0.260638602083044|-0.436611601207735|0.101829999822132|-0.47959016977659|1.77671734609274|-0.42730840839582|1.79723492967215|-0.0876517233896491|2.534291970692|-0.268363312900828|2.32548016117051|-0.28075804682088|2.49990578569152|-0.618229359749781|0.682416638026688|-0.731177495977853|3.68017116123849|-0.6933892334261,dt4,Definitive_rep4
Fluphenazine,Ring_AGP_Texture,Mahalanobis distance (cutoff = 1),12,1.0260345323832543,pow,8.531686042437062,2.4238370985778706,0.018851205539850348,NA,NA,2.55016840764882,NA,NA,NA,0.015258745957353631,1.38412058418501,5.1719860188738185,5.628883332925784,5.9360086703380584e-12,-56.955659064672346,0.9998016870555542,8.46670265105867,NA,8.753804498992649,3.4322849985084836,4.504291877860975,5.911119073672753,4.793689385265129,4.793689385265129,5.39077990957082,11.1111111111111|11.1111111111111|11.1111111111111|11.1111111111111|11.1111111111111|11.1111111111111|3.7037037037037|3.7037037037037|3.7037037037037|3.7037037037037|3.7037037037037|3.7037037037037|1.23456790123457|1.23456790123457|1.23456790123457|1.23456790123457|1.23456790123457|1.23456790123457|0.411522633744856|0.411522633744856|0.411522633744856|0.411522633744856|0.411522633744856|0.411522633744856|0.137174211248285|0.137174211248285|0.137174211248285|0.137174211248285|0.137174211248285|0.137174211248285,19.8104724720561|11.1284345233392|9.04696903120558|6.67222756012122|8.41558612405096|8.43474640188354|1.00633249103579|2.81519768338365|-0.171905973072625|0.0770524465219979|0.0260154528342709|0.737065066613447|0.341162676201181|-0.254622340001468|0.0141088210620259|-0.557620209069695|0.0744588930012655|-0.774120636312317|2.5832607011675|0.886536221076261|-0.438959714569771|4.60874133664136|-0.297236253917191|-0.0665063100801211|1.89970532883898|0.393963187988795|0.338097452651788|0.0583638445024245|1.22512572397528|1.33024688904688,dt4,Definitive_rep4
Fluphenazine,Ring_ER_Texture,Mahalanobis distance (cutoff = 1),16,1.0260345323832543,poly1,4.647711345124882,2.4460723176888353,0.42918411029828024,NA,NA,NA,NA,NA,NA,0.037010099429469125,1.38412058418501,2.8206487729706047,3.778338089779273,5.8220927467034593e-8,-59.821909322798554,0.9994263305752208,5.55555555555555,NA,4.768712336647553,0.555555555555555,1.11111111111111,2.22222222222222,2.3906629061131057,2.3906629061131057,3.225004260346579,11.1111111111111|11.1111111111111|11.1111111111111|11.1111111111111|11.1111111111111|11.1111111111111|3.7037037037037|3.7037037037037|3.7037037037037|3.7037037037037|3.7037037037037|3.7037037037037|1.23456790123457|1.23456790123457|1.23456790123457|1.23456790123457|1.23456790123457|1.23456790123457|0.411522633744856|0.411522633744856|0.411522633744856|0.411522633744856|0.411522633744856|0.411522633744856|0.137174211248285|0.137174211248285|0.137174211248285|0.137174211248285|0.137174211248285|0.137174211248285,4.91715816866198|4.44175242536973|4.61486210801042|1.88541063780716|5.35849227225107|4.9900632294275|1.13344175398728|2.88349986087194|0.954119244713393|1.71521424040502|2.28912981431849|2.2364429977727|0.0158884749686998|0.979421089161654|0.558952554841202|-0.30353106303332|6.50465962801656|0.834246054795695|0.42277918240161|9.34611820837821|0.144312785719363|2.60531954400232|-0.698277324046065|0.800344910283316|0.542120845947779|0.642906608650815|0.529609019031615|0.743446093487895|5.8248228716252|2.24232779018803,dt4,Definitive_rep4
Fluphenazine,Cytoplasm_Mito_Texture,Mahalanobis distance (cutoff = 1),15,1.0260345323832543,pow,2.537760250445472,1.2921572582036573,0.9722816565187395,NA,NA,0.40910103916507295,NA,NA,NA,-0.038260016952878714,1.38412058418501,1.3901896166560863,4.786159647565925,1.144505878077738e-5,-49.26739378417903,0.9932989888936585,2.041383551167394,NA,2.60382965186663,0.007337374658152973,0.039936828649357194,0.21737342808246515,1.1405779518861665,1.1405779518861665,2.370959255395908,11.1111111111111|11.1111111111111|11.1111111111111|11.1111111111111|11.1111111111111|11.1111111111111|3.7037037037037|3.7037037037037|3.7037037037037|3.7037037037037|3.7037037037037|3.7037037037037|1.23456790123457|1.23456790123457|1.23456790123457|1.23456790123457|1.23456790123457|1.23456790123457|0.411522633744856|0.411522633744856|0.411522633744856|0.411522633744856|0.411522633744856|0.411522633744856|0.137174211248285|0.137174211248285|0.137174211248285|0.137174211248285|0.137174211248285|0.137174211248285,3.01952454428794|6.61899364286228|2.85028287679941|2.9599995601768|0.893487175594057|2.26268570690948|-0.566753540279954|2.13589811585828|-0.262390891072179|3.23294864437883|-0.414603401783416|3.90590413872521|0.519369649272625|0.687993070204799|0.682989572213194|0.623091890473127|2.8237678904404|0.0385251897152745|1.15948062629586|1.30850303887209|1.91266717036189|0.175733597532282|1.08172362322922|0.501849306796384|1.14896177543135|0.673243145772432|0.411097048263508|-0.301424096194392|1.34414961378279|-0.192942136901532,dt4,Definitive_rep4
Fluphenazine,Cytoplasm_ER_Texture,Mahalanobis distance (cutoff = 1),13,1.0260345323832543,poly1,3.5787833523349897,2.0363588988766974,0.33047597730726086,NA,NA,NA,NA,NA,NA,0.24516515661484997,1.38412058418501,3.3287207581269964,5.767012473732002,1.7272387792801236e-4,-60.40815032312575,0.9864908417303956,5.55555555555555,NA,3.671955303414006,0.555555555555555,1.11111111111111,2.22222222222222,3.1047174464644858,3.1047174464644858,4.188263835280591,11.1111111111111|11.1111111111111|11.1111111111111|11.1111111111111|11.1111111111111|11.1111111111111|3.7037037037037|3.7037037037037|3.7037037037037|3.7037037037037|3.7037037037037|3.7037037037037|1.23456790123457|1.23456790123457|1.23456790123457|1.23456790123457|1.23456790123457|1.23456790123457|0.411522633744856|0.411522633744856|0.411522633744856|0.411522633744856|0.411522633744856|0.411522633744856|0.137174211248285|0.137174211248285|0.137174211248285|0.137174211248285|0.137174211248285|0.137174211248285,5.00342793210556|-0.0768004240937421|3.44549212893712|3.90929147536923|5.85682206116144|3.55152670687161|-0.655499632733941|1.40279739825419|0.42600366579135|1.35560156765279|-0.733094211320036|0.986375336424311|0.173953389042341|0.0717195682029185|1.5797140140863|-0.38582091780359|3.33333525103482|-0.769336551702746|-0.476466662544233|6.23664173045193|-0.492203587201186|2.9182405738996|-0.691237026156908|0.0269915362954082|-0.0734340668055155|-0.17968514207587|-0.256649448790747|0.375605212776044|5.83781525059908|1.8393888634034,dt4,Definitive_rep4
Fluphenazine,Cytoplasm_ER_Intensity,Mahalanobis distance (cutoff = 1),9,1.0260345323832543,pow,4.025805196478969,1.8527182364147443,2.2756878470391757e-7,NA,NA,6.94128620555462,NA,NA,NA,0.14424863484481715,1.38412058418501,9.177574760006205,9.961684681153983,7.700360329324238e-4,-57.69319811531352,0.9859139521849886,10.05517070608512,NA,4.130615152235374,7.216455351187794,7.97428900803199,8.811706314119066,9.09115504104664,9.09115504104664,9.491815837050382,11.1111111111111|11.1111111111111|11.1111111111111|11.1111111111111|11.1111111111111|11.1111111111111|3.7037037037037|3.7037037037037|3.7037037037037|3.7037037037037|3.7037037037037|3.7037037037037|1.23456790123457|1.23456790123457|1.23456790123457|1.23456790123457|1.23456790123457|1.23456790123457|0.411522633744856|0.411522633744856|0.411522633744856|0.411522633744856|0.411522633744856|0.411522633744856|0.137174211248285|0.137174211248285|0.137174211248285|0.137174211248285|0.137174211248285|0.137174211248285,3.79644045493017|-0.539658568895893|2.18313443103714|4.76223587028557|6.92583701287842|4.86917039786106|-0.435971134067207|-0.816597947891605|0.574179378416622|0.247053074345842|-0.531755691923126|-0.480261346180543|0.192017406538661|-0.822838510236378|2.12035106527671|-0.504001513663169|4.26026433210036|-0.735091176347309|-0.753725791636152|3.10467452010407|-0.805701975454103|-0.305538681184045|-0.847435580607925|-0.746627721914961|-0.564780867593992|-0.728108560853364|-0.431222021507539|-0.478766248626124|5.35912699218265|0.610570928166065,dt4,Definitive_rep4
Fluphenazine,Cytoplasm_Mito_Profile,Mahalanobis distance (cutoff = 1),12,1.0260345323832543,pow,5.2123761491581835,1.5456718399214686,6.574419049013629e-8,NA,NA,7.5642205919756655,NA,NA,NA,-0.09188416193002365,1.38412058418501,9.116042821323116,9.493621733876392,1.0845771873873401e-8,-50.043229178984014,0.997715661813134,10.138201662271314,NA,5.348077924807145,7.477554699767962,8.195135969500837,8.981579708228745,8.932322875155004,8.932322875155004,9.292919291122635,11.1111111111111|11.1111111111111|11.1111111111111|11.1111111111111|11.1111111111111|11.1111111111111|3.7037037037037|3.7037037037037|3.7037037037037|3.7037037037037|3.7037037037037|3.7037037037037|1.23456790123457|1.23456790123457|1.23456790123457|1.23456790123457|1.23456790123457|1.23456790123457|0.411522633744856|0.411522633744856|0.411522633744856|0.411522633744856|0.411522633744856|0.411522633744856|0.137174211248285|0.137174211248285|0.137174211248285|0.137174211248285|0.137174211248285|0.137174211248285,6.5873444206228|2.53420871711439|7.17852377879786|4.84646915515064|5.10423256001528|5.12467210742498|1.75285230665363|-0.66209712016972|-0.111684844032949|-0.710486831294346|-0.315665106256497|-0.39077972616937|0.0196524924031664|-0.655899444972767|0.0262828913983606|-0.745827029194086|0.0879541254801839|-0.50412106201407|1.51419704121913|0.157011277243382|2.16037147351251|-0.490987717587286|1.30878314086378|0.104127266227329|1.98162572019155|-0.704848300801962|0.344994100541106|-0.478279976559111|6.22276237714899|-0.730176733784927,dt4,Definitive_rep4
Fluphenazine,Cytoplasm_AGP_Profile,Mahalanobis distance (cutoff = 1),9,1.0260345323832543,exp2,9.876497028656557,1.8138111351727142,0.007843297481160617,1.5508069081710798,NA,NA,NA,NA,NA,-0.06621231269764952,1.38412058418501,7.682384023911283,8.31684565488212,3.440215702575586e-12,-54.094377220447214,0.999893745958631,10.037372587943544,NA,10.13362701038223,6.487931150814118,7.551003235904916,8.619973778341029,7.570128307474719,7.570128307474719,8.031336728563135,11.1111111111111|11.1111111111111|11.1111111111111|11.1111111111111|11.1111111111111|11.1111111111111|3.7037037037037|3.7037037037037|3.7037037037037|3.7037037037037|3.7037037037037|3.7037037037037|1.23456790123457|1.23456790123457|1.23456790123457|1.23456790123457|1.23456790123457|1.23456790123457|0.411522633744856|0.411522633744856|0.411522633744856|0.411522633744856|0.411522633744856|0.411522633744856|0.137174211248285|0.137174211248285|0.137174211248285|0.137174211248285|0.137174211248285|0.137174211248285,6.59693240342087|12.6034093525399|9.63989299557244|16.2850981697439|6.95369190092563|14.9529176012846|-0.214677122930041|0.876247697230615|-0.684085189395879|1.41598138837025|-0.54072971959439|-0.0904098741293663|0.187795122319502|-0.0766590560352631|0.38677536139223|-0.439136790676539|0.708844870075339|-0.222822399153831|0.212862939454989|1.05296342859556|-0.198447957457881|-0.0731374305491592|-0.361778265472056|0.686527472140321|-0.705456042547471|-0.459130979477464|-0.0320403679099378|-0.585095608234502|0.311436577604864|1.13677093051499,dt4,Definitive_rep4
Fluphenazine,Cytoplasm_ER_Profile,Mahalanobis distance (cutoff = 1),22,1.0260345323832543,pow,12.130867238201255,3.2902550480726354,2.6330590339514037,NA,NA,0.6450761647419868,NA,NA,NA,0.7879164170795754,1.38412058418501,0.30979412639821474,0.4504344464067212,1.3429557601996341e-11,-75.21956021811889,0.9999872405627173,3.79401832551259,NA,12.446688694151163,0.10687961557218247,0.31300620667795953,0.9166657729299028,0.2320082471106048,0.2320082471106048,0.3690188385833301,11.1111111111111|11.1111111111111|11.1111111111111|11.1111111111111|11.1111111111111|11.1111111111111|3.7037037037037|3.7037037037037|3.7037037037037|3.7037037037037|3.7037037037037|3.7037037037037|1.23456790123457|1.23456790123457|1.23456790123457|1.23456790123457|1.23456790123457|1.23456790123457|0.411522633744856|0.411522633744856|0.411522633744856|0.411522633744856|0.411522633744856|0.411522633744856|0.137174211248285|0.137174211248285|0.137174211248285|0.137174211248285|0.137174211248285|0.137174211248285,15.3594293704438|10.6007558971042|10.6288396468755|13.9201053180216|12.1066329846271|13.4802071288901|2.7650474524838|12.0854592434245|3.10604458240128|6.9576306662585|0.989882581349514|7.36139619645365|2.27575645392603|2.16992890481642|5.41116684707672|1.95623724190321|5.97221064120411|0.276060638745551|1.30608407981624|13.3377579264825|2.08732748372401|6.3099196062392|0.211982415623117|0.221645697933384|0.931060950060593|0.982334510335504|0.308808933395284|1.95045585623666|6.03373938174158|0.946565102374768,dt4,Definitive_rep4
Fluphenazine,Cytoplasm_DNA_Profile,Mahalanobis distance (cutoff = 1),18,1.0260345323832543,poly1,6.820030385225035,2.7483644975124086,0.6297828018429565,NA,NA,NA,NA,NA,NA,0.6258152427603587,1.38412058418501,1.7574215817411358,2.877631904511774,9.18081771123734e-7,-70.65355182502313,0.9993069631418906,5.55555555555555,NA,6.997586687143954,0.555555555555555,1.11111111111111,2.22222222222222,1.6291879190424567,1.6291879190424567,2.197774502788274,11.1111111111111|11.1111111111111|11.1111111111111|11.1111111111111|11.1111111111111|11.1111111111111|3.7037037037037|3.7037037037037|3.7037037037037|3.7037037037037|3.7037037037037|3.7037037037037|1.23456790123457|1.23456790123457|1.23456790123457|1.23456790123457|1.23456790123457|1.23456790123457|0.411522633744856|0.411522633744856|0.411522633744856|0.411522633744856|0.411522633744856|0.411522633744856|0.137174211248285|0.137174211248285|0.137174211248285|0.137174211248285|0.137174211248285|0.137174211248285,3.01019157966361|6.78275547900651|7.81043618476873|11.8091906389989|5.72123690601149|14.709958834469|-0.0616036372129874|2.1395144308211|0.325864964444726|1.97361503599424|-0.266097337903375|4.60827873689485|0.268158220909037|1.05606880409867|1.32826428895159|0.30921790749517|5.03500150592881|0.746108533388872|0.703519597849977|3.28387576211003|0.74066808270735|3.08215206766535|0.247959550058139|2.24562863737011|1.76325007272512|0.982594279526017|-0.0477572481895046|1.28774058715707|7.72064774475873|-0.120097515881463,dt4,Definitive_rep4
Fluphenazine,Membrane_AGP_Texture,Mahalanobis distance (cutoff = 1),9,1.0260345323832543,pow,4.0081493330983715,1.0707147667878325,0.013973098742872985,NA,NA,2.360789347198679,NA,NA,NA,-0.42655219275507406,1.38412058418501,6.665812644158596,7.411380311307664,5.940302000182895e-10,-39.70799262424349,0.9966733863396046,8.284094732831951,NA,4.11249962670784,3.123618022238079,4.189578708727745,5.619307364620845,6.171037889806112,6.171037889806112,7.00534619584593,11.1111111111111|11.1111111111111|11.1111111111111|11.1111111111111|11.1111111111111|11.1111111111111|3.7037037037037|3.7037037037037|3.7037037037037|3.7037037037037|3.7037037037037|3.7037037037037|1.23456790123457|1.23456790123457|1.23456790123457|1.23456790123457|1.23456790123457|1.23456790123457|0.411522633744856|0.411522633744856|0.411522633744856|0.411522633744856|0.411522633744856|0.411522633744856|0.137174211248285|0.137174211248285|0.137174211248285|0.137174211248285|0.137174211248285|0.137174211248285,6.53518172916831|3.99558599599387|2.61290617449685|4.08462213740231|4.22187571629728|4.23998632973894|0.13102590547417|1.9023714230622|-0.0202556529030219|-0.00854250522802635|0.783593703437093|0.283651131444776|-0.220521693649281|-0.580638659919071|-0.124932745511199|-0.469540221562551|4.09574809901446|-0.824873652130679|-0.448269010905476|-0.0350015595619749|-0.811166565871306|1.04686290794091|-0.663012201758186|-0.648570391327803|-0.120801417252621|-0.794360144639824|-0.674714775390468|-0.850125863715667|-0.179268472181801|-0.741565631644945,dt4,Definitive_rep4
Fluphenazine,Nucleus_RNA_Texture,Mahalanobis distance (cutoff = 1),9,1.0260345323832543,poly1,1.9676149924166775,1.1202538847524661,0.18169568357890753,NA,NA,NA,NA,NA,NA,-0.2617412379576929,1.38412058418501,5.39018560330398,11.372284741250063,1.2145716860003385e-4,-43.87179865916756,0.947137376756053,5.55555555555555,NA,2.018840928654526,0.555555555555555,1.11111111111111,2.22222222222222,5.646994535991076,5.646994535991076,7.617795629051961,11.1111111111111|11.1111111111111|11.1111111111111|11.1111111111111|11.1111111111111|11.1111111111111|3.7037037037037|3.7037037037037|3.7037037037037|3.7037037037037|3.7037037037037|3.7037037037037|1.23456790123457|1.23456790123457|1.23456790123457|1.23456790123457|1.23456790123457|1.23456790123457|0.411522633744856|0.411522633744856|0.411522633744856|0.411522633744856|0.411522633744856|0.411522633744856|0.137174211248285|0.137174211248285|0.137174211248285|0.137174211248285|0.137174211248285|0.137174211248285,0.403714359950827|1.85093296137729|1.32205196041075|5.30219921641719|1.75640266107049|4.78213737753026|2.61542470197747|2.21809730779685|0.0420444321144083|0.983674028559056|1.25643912052792|0.358680376671762|0.58153458053421|-0.551512642639618|0.218577693028914|0.907112768747699|0.972318299171825|-0.743853254748374|0.228634421212422|-0.23409764751835|0.702787322740421|-0.233088552290491|-0.0929920729962005|-0.0342876375825747|2.13056838327062|-0.603584084125085|0.287910310842748|-0.35302048999187|0.74142756890413|0.252999151806717,dt4,Definitive_rep4
Fluphenazine,Nucleus_RNA_Profile,Mahalanobis distance (cutoff = 1),22,1.0260345323832543,pow,8.32261911463271,3.0088221505242903,2.638700161992352,NA,NA,0.4877153241986183,NA,NA,NA,0.7497932613653118,1.38412058418501,0.18612859575255142,0.41432672053536235,4.590961975035638e-9,-72.80395545460846,0.9999465902208121,2.682456487792813,NA,8.539294611486106,0.023886706142104072,0.09894208805666854,0.40983200993786056,0.14417104518963925,0.14417104518963925,0.26634925279238236,11.1111111111111|11.1111111111111|11.1111111111111|11.1111111111111|11.1111111111111|11.1111111111111|3.7037037037037|3.7037037037037|3.7037037037037|3.7037037037037|3.7037037037037|3.7037037037037|1.23456790123457|1.23456790123457|1.23456790123457|1.23456790123457|1.23456790123457|1.23456790123457|0.411522633744856|0.411522633744856|0.411522633744856|0.411522633744856|0.411522633744856|0.411522633744856|0.137174211248285|0.137174211248285|0.137174211248285|0.137174211248285|0.137174211248285|0.137174211248285,7.12838416372096|10.9921495455577|6.05906830320878|11.0130408819789|5.33155638410112|11.3127770733112|0.703640664452236|7.51858894929012|1.28052936659009|6.58451467415884|1.39749922486875|7.63937518912899|2.19889140426143|2.55624190833632|4.15004602274133|1.93145567152364|7.3043605516063|0.954821723201719|1.27919758926989|4.00670888900318|3.21520720554985|3.09842352649907|0.999509314748739|0.516645952432857|-0.559553638263767|0.809017820661116|0.463362430892585|0.582155716453722|12.4634325595579|1.40313679809657,dt4,Definitive_rep4
Fluphenazine,Nucleus_RNA_Radial,Mahalanobis distance (cutoff = 1),18,1.0260345323832543,pow,3.9076993151665875,2.3977943460892184,1.5194794958308906,NA,NA,0.4029502789025683,NA,NA,NA,0.5511052509117396,1.38412058418501,0.4064452989142636,1.8831211589852217,3.739572018252263e-5,-67.22125405697126,0.9978990435480257,1.9892649273702252,NA,4.009434439531312,0.006561405258001025,0.03664896608972869,0.20470412398445298,0.37738906157651286,0.37738906157651286,0.7933035776955424,11.1111111111111|11.1111111111111|11.1111111111111|11.1111111111111|11.1111111111111|11.1111111111111|3.7037037037037|3.7037037037037|3.7037037037037|3.7037037037037|3.7037037037037|3.7037037037037|1.23456790123457|1.23456790123457|1.23456790123457|1.23456790123457|1.23456790123457|1.23456790123457|0.411522633744856|0.411522633744856|0.411522633744856|0.411522633744856|0.411522633744856|0.411522633744856|0.137174211248285|0.137174211248285|0.137174211248285|0.137174211248285|0.137174211248285|0.137174211248285,9.7370305410667|3.81993175864681|7.47979271050778|2.79705891417079|6.29239104399293|1.94731717236579|3.04912181372859|0.283190953429908|3.55319637738576|0.333324147325879|1.59510561281637|-0.172156538749226|2.77467705345165|-0.133884202619352|6.02280133570422|0.629187252044899|2.5046303882195|0.241005420459802|1.27503669033129|8.4592524918209|0.409451487397404|3.54474774257745|0.184922104894557|0.164980193931883|1.94865377157719|1.30667535559147|0.305368833891246|0.6962400972695|2.74097259603053|0.983376301583742,dt4,Definitive_rep4
Fluphenazine,Nucleus_RNA_Axial,Mahalanobis distance (cutoff = 1),14,1.0260345323832543,poly1,4.329290996480242,1.9665180626800147,0.39978018568121776,NA,NA,NA,NA,NA,NA,0.26194192513641124,1.38412058418501,2.8356478420466282,4.407026657527896,9.110268015243282e-7,-59.642427685825254,0.9943286952535358,5.55555555555555,NA,4.4420020631246375,0.555555555555555,1.11111111111111,2.22222222222222,2.5664967127745744,2.5664967127745744,3.4622040655329003,11.1111111111111|11.1111111111111|11.1111111111111|11.1111111111111|11.1111111111111|11.1111111111111|3.7037037037037|3.7037037037037|3.7037037037037|3.7037037037037|3.7037037037037|3.7037037037037|1.23456790123457|1.23456790123457|1.23456790123457|1.23456790123457|1.23456790123457|1.23456790123457|0.411522633744856|0.411522633744856|0.411522633744856|0.411522633744856|0.411522633744856|0.411522633744856|0.137174211248285|0.137174211248285|0.137174211248285|0.137174211248285|0.137174211248285|0.137174211248285,3.75841919328085|3.09259075663261|4.16600328237087|5.17484364075874|9.23263278613431|4.9829472741585|5.0611990859159|-0.319625657110858|2.6994563397269|-0.517709432441056|1.70466955625954|-0.115062654467254|1.79455566786687|-0.755212660247246|3.23219699841917|-0.0875835912247084|2.51868598822842|-0.138269960767222|-0.838177560682235|1.50725153633696|0.114540578261759|-0.603807774162216|-0.0744798088188567|-0.588313315268132|-0.47617862404287|-0.691698941595078|-0.523526588629836|-0.439927292952939|6.71792042036207|-0.496811149028884,dt4,Definitive_rep4
Fluphenazine,Nucleus_RNA_Compactness,Mahalanobis distance (cutoff = 1),25,1.0260345323832543,exp4,6.273786122080295,3.4046656842993115,NA,NA,6.437121210041205,NA,NA,1.0330494289636891,NA,0.7438845336336292,1.38412058418501,0.2080539163057269,0.6166334519569111,1.0478937749617952e-8,-74.83306655120707,0.9999491731600645,1.0330494289636891,NA,6.437121210041205,0.07644625840347473,0.15702670888412312,0.33256763459075794,0.25877607565348876,0.25877607565348876,0.3608186246214479,11.1111111111111|11.1111111111111|11.1111111111111|11.1111111111111|11.1111111111111|11.1111111111111|3.7037037037037|3.7037037037037|3.7037037037037|3.7037037037037|3.7037037037037|3.7037037037037|1.23456790123457|1.23456790123457|1.23456790123457|1.23456790123457|1.23456790123457|1.23456790123457|0.411522633744856|0.411522633744856|0.411522633744856|0.411522633744856|0.411522633744856|0.411522633744856|0.137174211248285|0.137174211248285|0.137174211248285|0.137174211248285|0.137174211248285|0.137174211248285,10.5420967836889|6.10757617809602|6.92590265858957|4.47621491160158|8.64186770989576|3.66379906931406|7.5978296737775|8.97678050014287|3.08835888742731|5.02432214032025|2.37203364330883|6.72383537869097|2.93320985843243|1.85316893692741|6.86589675617384|2.92909148807945|4.32326604399003|3.64345837696155|1.56871920644169|13.4885961039283|0.42167053978002|6.3700898706623|-0.205794437456086|-0.00581850060414024|-0.100101598393709|1.13783544556222|0.0377304967757299|2.69939606128311|9.86563800973835|1.16208028181666,dt4,Definitive_rep4
Fluphenazine,Cell_DNA_Radial,Mahalanobis distance (cutoff = 1),12,1.0260345323832543,poly1,3.2138631040204104,1.8932912327354499,0.2967781074369641,NA,NA,NA,NA,NA,NA,-0.06243431464593264,1.38412058418501,3.6575720384981314,6.253334929396821,3.645532907827676e-6,-52.74018644127509,0.9946576908395043,5.55555555555555,NA,3.2975345270773757,0.555555555555555,1.11111111111111,2.22222222222222,3.457244677662704,3.457244677662704,4.663823070166988,11.1111111111111|11.1111111111111|11.1111111111111|11.1111111111111|11.1111111111111|11.1111111111111|3.7037037037037|3.7037037037037|3.7037037037037|3.7037037037037|3.7037037037037|3.7037037037037|1.23456790123457|1.23456790123457|1.23456790123457|1.23456790123457|1.23456790123457|1.23456790123457|0.411522633744856|0.411522633744856|0.411522633744856|0.411522633744856|0.411522633744856|0.411522633744856|0.137174211248285|0.137174211248285|0.137174211248285|0.137174211248285|0.137174211248285|0.137174211248285,8.23280529555482|3.07326813039974|1.95893192826435|5.2776591112984|2.78029036557906|4.42300505529553|-0.628957038553643|1.05409444406246|-0.798281394209379|0.67889730682874|0.0101020419140485|0.29015965090025|0.862196588996204|0.960761990899199|0.964010301467704|1.69370653011136|1.46168577648485|1.10512826597822|1.27092928755187|0.377690311799806|0.393536536764556|0.548466904838036|-0.422018830024498|-0.0185571459354162|-0.199143627636393|0.228927096845266|0.274032903816145|-0.229095570852621|7.80823999240952|-0.508687665553937,dt4,Definitive_rep4
Fluphenazine,Cell_Mito_Radial,Mahalanobis distance (cutoff = 1),14,1.0260345323832543,poly1,4.096148216935337,1.6783828980530051,0.37825105683021776,NA,NA,NA,NA,NA,NA,0.12050558127963341,1.38412058418501,3.078384855150066,4.593231705404273,6.984568461611909e-7,-55.013479282129524,0.9952956978044751,5.55555555555555,NA,4.202789520335749,0.555555555555555,1.11111111111111,2.22222222222222,2.7125754544654224,2.7125754544654224,3.659264288073855,11.1111111111111|11.1111111111111|11.1111111111111|11.1111111111111|11.1111111111111|11.1111111111111|3.7037037037037|3.7037037037037|3.7037037037037|3.7037037037037|3.7037037037037|3.7037037037037|1.23456790123457|1.23456790123457|1.23456790123457|1.23456790123457|1.23456790123457|1.23456790123457|0.411522633744856|0.411522633744856|0.411522633744856|0.411522633744856|0.411522633744856|0.411522633744856|0.137174211248285|0.137174211248285|0.137174211248285|0.137174211248285|0.137174211248285|0.137174211248285,4.57513864733351|1.77027180556781|3.67859202186509|4.46372311213441|4.90910313770568|5.40385767703132|2.52270405417462|-0.156489021883548|0.729439277347007|-0.0606425669279681|2.37506607474839|-0.113888637242236|0.429156136765632|-0.602606368963334|4.50624186671627|-0.191507484522107|3.19363372435124|-0.379700295041714|1.39113380426553|0.0204688549340045|1.6905104471535|0.579295068920981|0.385710248802343|0.708008368842153|0.715494078156572|-0.402635162213485|1.05568164746589|-0.714435827430423|5.85525434034574|-0.44739792020508,dt4,Definitive_rep4
Fluphenazine,Cell_AGP_Radial,Mahalanobis distance (cutoff = 1),13,1.0260345323832543,exp2,3.2912770958263713,1.3907450243822594,0.14106415127765976,3.454473617910004,NA,NA,NA,NA,NA,0.02774319671191356,1.38412058418501,7.64604305353494,9.084360683077733,4.8403294341958735e-05,-51.52516890383324,0.9889792673579673,8.852463241294886,NA,3.376963955959926,2.7189289663578085,4.221317741297065,6.065224582804646,7.299514963084152,7.299514963084152,8.223913549836839,11.1111111111111|11.1111111111111|11.1111111111111|11.1111111111111|11.1111111111111|11.1111111111111|3.7037037037037|3.7037037037037|3.7037037037037|3.7037037037037|3.7037037037037|3.7037037037037|1.23456790123457|1.23456790123457|1.23456790123457|1.23456790123457|1.23456790123457|1.23456790123457|0.411522633744856|0.411522633744856|0.411522633744856|0.411522633744856|0.411522633744856|0.411522633744856|0.137174211248285|0.137174211248285|0.137174211248285|0.137174211248285|0.137174211248285|0.137174211248285,5.53654312752983|2.04771420114741|1.81412665762893|3.47005566171913|3.21692330335555|4.8668298448958|0.394103137648796|0.0803186187193332|-0.366274889374|0.111622248938161|2.32174430930308|-0.717890645571962|0.206614086085223|0.268382630387205|1.80858414782861|-0.190217361791929|0.807837812355162|-0.676693887492419|0.406289189095849|1.35895652820547|-0.0650156162461091|3.44262471453191|-0.708819736823665|2.24048198710803|-0.686729392000874|0.3266086508963|0.136920933116836|-0.108828417594446|3.85121617412556|1.55247871301216,dt4,Definitive_rep4
Fluphenazine,Cell_AGP_Compactness,Mahalanobis distance (cutoff = 1),25,1.0260345323832543,poly1,9.81760676249343,2.584787001340801,0.9065883207309868,NA,NA,NA,NA,NA,NA,0.6147909717428699,1.38412058418501,1.3411492730415508,1.7829124450851832,9.499473513617339e-11,-69.17046743931314,0.9999689059555192,5.55555555555555,NA,10.073203563677621,0.555555555555555,1.11111111111111,2.22222222222222,1.131753530153529,1.131753530153529,1.5267355121771107,11.1111111111111|11.1111111111111|11.1111111111111|11.1111111111111|11.1111111111111|11.1111111111111|3.7037037037037|3.7037037037037|3.7037037037037|3.7037037037037|3.7037037037037|3.7037037037037|1.23456790123457|1.23456790123457|1.23456790123457|1.23456790123457|1.23456790123457|1.23456790123457|0.411522633744856|0.411522633744856|0.411522633744856|0.411522633744856|0.411522633744856|0.411522633744856|0.137174211248285|0.137174211248285|0.137174211248285|0.137174211248285|0.137174211248285|0.137174211248285,7.25725195171869|11.2823787483453|9.77078885556431|12.0353992774322|8.09171252192853|11.9177336684213|1.38687276566213|1.59542081476192|2.46781067589767|2.80966645174188|5.10297846534035|1.8903323058439|3.16265581134606|2.81252616347362|7.5794839994978|1.07566735105594|6.29251058177417|0.473553630961151|3.29252563129937|2.96936385290285|1.50059194407271|2.38977810597955|0.374681113368511|1.18928878295241|-0.143655415781563|-0.618118561918686|1.20086968478873|0.119219035118354|8.10748106261022|2.06103762601851,dt4,Definitive_rep4
Fluphenazine,Cell_AGP_Symmetry,Mahalanobis distance (cutoff = 1),20,1.0260345323832543,exp2,13.763997626577508,2.6923560787550342,3.4762008142441188,6.850777890210298,NA,NA,NA,NA,NA,0.5752676352470341,1.38412058418501,2.17674909409317,2.4525733338403755,1.6429029658472363e-12,-68.86005894576846,0.9999807677006887,7.5974300438374245,NA,14.122336868509676,1.2668840683221456,2.3356503114442635,4.074265250530996,1.7718443612008055,1.7718443612008055,2.2961381607574634,11.1111111111111|11.1111111111111|11.1111111111111|11.1111111111111|11.1111111111111|11.1111111111111|3.7037037037037|3.7037037037037|3.7037037037037|3.7037037037037|3.7037037037037|3.7037037037037|1.23456790123457|1.23456790123457|1.23456790123457|1.23456790123457|1.23456790123457|1.23456790123457|0.411522633744856|0.411522633744856|0.411522633744856|0.411522633744856|0.411522633744856|0.411522633744856|0.137174211248285|0.137174211248285|0.137174211248285|0.137174211248285|0.137174211248285|0.137174211248285,10.9782004433622|11.3583291088993|14.2166826580579|23.6624995974241|15.0959154918517|15.8508370109461|1.98792164694635|2.91057794270442|0.147509693673959|3.62297616117912|3.04249664771055|0.631724189006678|1.30199116997665|-0.421351538253342|7.16573192635703|-0.056279680197902|3.24193606087206|0.266421136017793|1.58146013342796|2.95615619112504|0.995729976077993|2.20614050327018|1.69945505389788|0.883411773536306|0.890408794563698|-0.53068033885388|4.1224465528523|1.03320144196154|2.84970394044468|0.743195356418727,dt4,Definitive_rep4
Fluphenazine,Cell_ER_Radial,Mahalanobis distance (cutoff = 1),26,1.0260345323832543,pow,5.729721701423113,3.577360969891276,2.854750943327019,NA,NA,0.30000003226798855,NA,NA,NA,0.7291259518244686,1.38412058418501,0.049646670915967334,0.18283368391358404,1.2826151826922872e-7,-74.73424666969449,0.9999581442831097,1.1023621155994514,NA,5.878892326605848,5.116715910483249e-4,0.0051573251838805895,0.05198256756407824,0.03301003624878922,0.03301003624878922,0.08954041856353104,11.1111111111111|11.1111111111111|11.1111111111111|11.1111111111111|11.1111111111111|11.1111111111111|3.7037037037037|3.7037037037037|3.7037037037037|3.7037037037037|3.7037037037037|3.7037037037037|1.23456790123457|1.23456790123457|1.23456790123457|1.23456790123457|1.23456790123457|1.23456790123457|0.411522633744856|0.411522633744856|0.411522633744856|0.411522633744856|0.411522633744856|0.411522633744856|0.137174211248285|0.137174211248285|0.137174211248285|0.137174211248285|0.137174211248285|0.137174211248285,9.67102602702373|3.89157920030337|6.84341555011306|5.91740769499123|6.97034453463444|4.14357493250198|0.267679438687241|4.66681987756675|3.46784042564593|5.66385298802875|1.3227032270043|3.49887238393022|1.67314761689802|4.41679607086593|5.82753071192516|1.21801525871752|4.94367109139211|-0.196018348900543|2.42558373758593|15.0838003726437|1.1732860357262|4.19986016685137|-0.0740008226434746|2.64315227760862|0.28750284017047|3.85146085463256|2.7670213264098|3.46453855806472|12.2785302602093|2.45995494200276,dt4,Definitive_rep4
Fluphenazine,Cell_ER_Compactness,Mahalanobis distance (cutoff = 1),24,1.0260345323832543,pow,5.322400872386985,3.5110768380115296,2.6518091397500925,NA,NA,0.30000004689499715,NA,NA,NA,0.7909694974885189,1.38412058418501,0.057757182516857394,0.26532034672274907,8.390932274471925e-7,-75.46445487511313,0.9998388778226099,1.1023622397825978,NA,5.460967090255805,5.116718401675832e-4,0.005157327113862238,0.05198258116113482,0.042208436338040965,0.042208436338040965,0.11449126696674787,11.1111111111111|11.1111111111111|11.1111111111111|11.1111111111111|11.1111111111111|11.1111111111111|3.7037037037037|3.7037037037037|3.7037037037037|3.7037037037037|3.7037037037037|3.7037037037037|1.23456790123457|1.23456790123457|1.23456790123457|1.23456790123457|1.23456790123457|1.23456790123457|0.411522633744856|0.411522633744856|0.411522633744856|0.411522633744856|0.411522633744856|0.411522633744856|0.137174211248285|0.137174211248285|0.137174211248285|0.137174211248285|0.137174211248285|0.137174211248285,9.79197916830035|6.12054960214631|4.63412785131391|1.93926875559151|6.06479588563696|3.86080745491438|2.01906200905796|6.84918421956958|4.23158043817566|4.24666221551087|0.804769394879867|10.0618995585855|2.27380511736546|2.94186846572772|3.72548413953339|1.5972493912179|4.24990462876522|0.533462331892463|0.11089307752485|16.1275993825178|1.09329094892399|6.37745964831869|0.721654293812285|1.13321294180847|-0.142707735506819|1.74119457523451|5.48413182928372|4.58502131431594|4.79268691632032|0.692468037094294,dt4,Definitive_rep4
Fluphenazine,Nucleus_DNA_Radial,Mahalanobis distance (cutoff = 1),14,1.0260345323832543,exp2,5.719972809141082,2.9734877309827206,0.09023275673714734,2.651635512135673,NA,NA,NA,NA,NA,0.46409047210234367,1.38412058418501,7.0691259469030205,7.87058894830443,1.5571566539807638e-5,-69.7968492109047,0.9988041264600767,9.312987427122172,NA,5.868889626472,3.8380015170225725,5.344261414495805,6.999396329304001,6.66979961286615,6.66979961286615,7.407561878519907,11.1111111111111|11.1111111111111|11.1111111111111|11.1111111111111|11.1111111111111|11.1111111111111|3.7037037037037|3.7037037037037|3.7037037037037|3.7037037037037|3.7037037037037|3.7037037037037|1.23456790123457|1.23456790123457|1.23456790123457|1.23456790123457|1.23456790123457|1.23456790123457|0.411522633744856|0.411522633744856|0.411522633744856|0.411522633744856|0.411522633744856|0.411522633744856|0.137174211248285|0.137174211248285|0.137174211248285|0.137174211248285|0.137174211248285|0.137174211248285,15.6240096642288|7.15367785800645|3.82715500392669|5.81594460447479|4.47947012398584|6.53369483422975|0.103983554941916|0.0800137887121657|-0.556180421700064|-0.130938521394344|0.304962301033366|0.804279235829239|-0.0175377841360558|2.51301653629992|-0.285392684818788|1.14419096579486|0.262059886181312|0.769790684239042|-0.600715885970552|7.32094329865469|-0.382810046334699|5.64537366287198|-0.357033559491566|0.976746801236923|-0.137312946243293|2.97899338505758|-0.596812135973367|1.34274954438318|6.27410900769962|3.97673400517287,dt4,Definitive_rep4
Fluphenazine,Nucleus_DNA_Compactness,Mahalanobis distance (cutoff = 1),24,1.0260345323832543,pow,7.991785986491898,3.4850214892631617,2.852754085440574,NA,NA,0.4384778413454119,NA,NA,NA,0.868074270871228,1.38412058418501,0.12613541116962093,0.31890267364204883,6.227864475855415e-8,-77.51644205593273,0.9999271674691282,2.2867746965689597,NA,8.19984839755726,0.01198412752010941,0.058229161204838675,0.2829271641952734,0.09708958199149585,0.09708958199149585,0.19216756549467492,11.1111111111111|11.1111111111111|11.1111111111111|11.1111111111111|11.1111111111111|11.1111111111111|3.7037037037037|3.7037037037037|3.7037037037037|3.7037037037037|3.7037037037037|3.7037037037037|1.23456790123457|1.23456790123457|1.23456790123457|1.23456790123457|1.23456790123457|1.23456790123457|0.411522633744856|0.411522633744856|0.411522633744856|0.411522633744856|0.411522633744856|0.411522633744856|0.137174211248285|0.137174211248285|0.137174211248285|0.137174211248285|0.137174211248285|0.137174211248285,17.6407970824064|14.2164679699521|6.23679113167393|8.79363547947684|5.90514185837694|9.8175451559032|5.95598436623552|5.64467498914057|0.913655350874975|0.796729028211961|1.13728436383987|5.58939575080798|0.963700621632998|2.08260733253336|1.84523043474478|4.72212157915401|5.31069253123939|-0.0104558380927293|-0.12037650370263|5.45366015707413|0.890214900718223|5.40739222789016|2.66705377140728|2.83627216175441|2.30554978531282|2.04167216478393|2.27856254368304|1.53506924949489|11.9490342709007|1.34014358680995,dt4,Definitive_rep4
Fluphenazine,Nucleus_NA_NA,Mahalanobis distance (cutoff = 1),16,1.0260345323832543,poly1,4.483947486748288,6.511854277539436,0.41406164665171674,NA,NA,NA,NA,NA,NA,0.8288826292018134,1.38412058418501,2.5080839787113614,5.075601055460925,0.0028072197634262273,-85.74425673749298,0.9968870583235304,5.55555555555555,NA,4.600684962796848,0.555555555555555,1.11111111111111,2.22222222222222,2.4779752983166095,2.4779752983166095,3.342788677429106,11.1111111111111|11.1111111111111|11.1111111111111|11.1111111111111|11.1111111111111|11.1111111111111|3.7037037037037|3.7037037037037|3.7037037037037|3.7037037037037|3.7037037037037|3.7037037037037|1.23456790123457|1.23456790123457|1.23456790123457|1.23456790123457|1.23456790123457|1.23456790123457|0.411522633744856|0.411522633744856|0.411522633744856|0.411522633744856|0.411522633744856|0.411522633744856|0.137174211248285|0.137174211248285|0.137174211248285|0.137174211248285|0.137174211248285|0.137174211248285,5.1632916004702|5.10390182218612|3.25268033534776|0.0281015527515183|6.31752139685264|4.85337940796841|3.79602637293181|0.321381252658128|0.69665568929688|0.230073822027077|0.872995699069281|4.21666112739994|4.12165287842511|0.825290713061571|2.85440012286208|0.838739807691256|0.90549812696289|-0.386429240970495|0.0967974813729617|2.17628755194129|2.72384186986377|0.281933324786936|2.22462674825602|-0.081889437927307|25.0659242501182|-0.459641176255648|17.3956250190215|-0.524965115272012|15.5912313804454|5.2186079549703,dt4,Definitive_rep4
