"","bmd","chem","bmdl","bmdu","exp","feat","source"
"1",0.0776198297227084,"NPPB",0.0290756829333628,0.205233253756714,"rep1","cytoplasm_Mito_Texture","Columbus"
"2",2.36123637442096,"NPPB",1.10482531606857,6.028540735194,"rep1","cytoplasm_AGP_Intensity","Columbus"
"3",3.00667099877288,"NPPB",1.57472506236952,6.69888087933115,"rep1","nuclei_RNA_Texture","Columbus"
"4",0.0869389814234714,"NPPB",0.0214966611907833,0.243481183511379,"rep1","nuclei_RNA_Radial","Columbus"
"5",0.116316442518558,"NPPB",0.041967101586817,0.306046100786705,"rep1","nuclei_RNA_Axial","Columbus"
"6",0.109161763676637,"NPPB",0.0273167921372446,0.324188433572575,"rep1","nuclei_DNA_Axial","Columbus"
"7",0.0519210760738794,"NPPB",0.016580067697069,0.121351003050096,"rep1","nuclei_DNA_Symmetry","Columbus"
"8",32.4963377409223,"Metoclopramide",23.3730306502616,50.8344384230564,"rep1","cytoplasm_Mito_Intensity","Columbus"
"9",0.899787172635467,"Ca-074-Me",0.822561483546998,1.00497610497517,"rep1","cytoplasm_ER_Texture","Columbus"
"10",6.42018094002854,"Ca-074-Me",6.17121997609427,6.6527687237117,"rep1","cytoplasm_Mito_Intensity","Columbus"
"11",0.771069842763251,"Ca-074-Me",0.682182195158422,0.873945309581392,"rep1","cytoplasm_ER_Intensity","Columbus"
"12",1.98312886525415,"Ca-074-Me",1.6244567927141,2.5660529019504,"rep1","cytoplasm_Mito_Profile","Columbus"
"13",4.80028065607554,"Ca-074-Me",4.5039277912785,5.11433441842613,"rep1","cytoplasm_AGP_Profile","Columbus"
"14",1.91174971183054,"Ca-074-Me",1.8028102400715,2.04122129234263,"rep1","cytoplasm_ER_Profile","Columbus"
"15",0.762208090319943,"Ca-074-Me",0.720633888430028,0.805997813757484,"rep1","cytoplasm_DNA_Profile","Columbus"
"16",3.31142731560276,"Ca-074-Me",3.13536622950447,3.49630962217421,"rep1","nuclei_DNA_Texture","Columbus"
"17",6.01142460358799,"Ca-074-Me",5.75715493287221,6.21716944074732,"rep1","nuclei_RNA_Intensity","Columbus"
"18",3.88755682271794,"Ca-074-Me",3.38382195996801,4.5466185098433,"rep1","nuclei_DNA_Intensity","Columbus"
"19",5.76944533507986,"Ca-074-Me",4.13257617617793,9.11966202302149,"rep1","nuclei_RNA_Texture","Columbus"
"20",5.58511250327568,"Ca-074-Me",4.39195811318603,7.69407540095782,"rep1","nuclei_RNA_Profile","Columbus"
"21",1.80405409773642,"Ca-074-Me",1.72809431539277,1.88639777818231,"rep1","nuclei_RNA_Radial","Columbus"
"22",0.834600081428917,"Ca-074-Me",0.758118452945798,0.98009760288332,"rep1","nuclei_RNA_Axial","Columbus"
"23",0.186847629170489,"Ca-074-Me",0.155603610637315,0.230693421885996,"rep1","nuclei_RNA_Compactness","Columbus"
"24",3.86695156210722,"Ca-074-Me",3.75981276872606,3.97095758790392,"rep1","cells_DNA_Radial","Columbus"
"25",7.1631843201198,"Ca-074-Me",6.58710570826214,7.80554221254816,"rep1","cells_Mito_Radial","Columbus"
"26",6.44981424659288,"Ca-074-Me",6.16247318376237,6.82772977619316,"rep1","cells_Mito_Axial","Columbus"
"27",3.45443620430329,"Ca-074-Me",3.31291777181201,3.5865443430523,"rep1","cells_AGP_Radial","Columbus"
"28",3.5627624401829,"Ca-074-Me",3.44018866985772,3.68880717319026,"rep1","cells_AGP_Compactness","Columbus"
"29",1.81876622740993,"Ca-074-Me",1.70647226273003,1.93912645523386,"rep1","cells_AGP_Symmetry","Columbus"
"30",0.365747037777688,"Ca-074-Me",0.255473848578159,0.550753563236051,"rep1","cells_ER_Radial","Columbus"
"31",3.68299858280127,"Ca-074-Me",3.56219434646055,3.8203310426714,"rep1","cells_ER_Axial","Columbus"
"32",0.907806791240634,"Ca-074-Me",0.775583141283848,1.05045575813117,"rep1","cells_ER_Compactness","Columbus"
"33",5.86366251425433,"Ca-074-Me",4.21752823866653,6.32754821719074,"rep1","nuclei_DNA_Profile","Columbus"
"34",1.64139579204159,"Ca-074-Me",1.53172257855988,1.7428823616706,"rep1","nuclei_DNA_Radial","Columbus"
"35",3.46696659620164,"Ca-074-Me",3.31278087027359,3.63504417028473,"rep1","nuclei_DNA_Axial","Columbus"
"36",3.82772051409605,"Ca-074-Me",3.66928147287052,3.97630746386233,"rep1","nuclei_DNA_Compactness","Columbus"
"37",0.852530878992273,"Ca-074-Me",0.746079357887527,0.994659532425211,"rep1","nuclei_DNA_Symmetry","Columbus"
"38",3.63478786617048,"Ca-074-Me",3.27833780466187,5.3485056462885,"rep1","nuclei__Shape_Morph","Columbus"
"39",0.591234979624387,"Tetrandrine",0.561446612204197,0.621959921075701,"rep1","cytoplasm_Mito_Texture","Columbus"
"40",1.03876822977691,"Tetrandrine",0.974964886408049,1.13372691557738,"rep1","cytoplasm_AGP_Texture","Columbus"
"41",2.97450617015516,"Tetrandrine",2.79054127697976,3.182130590063,"rep1","cytoplasm_ER_Texture","Columbus"
"42",0.940753836286025,"Tetrandrine",0.90761815871209,0.971094856408579,"rep1","cytoplasm_Mito_Intensity","Columbus"
"43",0.855652459413023,"Tetrandrine",0.845416863603273,0.865937634218646,"rep1","cytoplasm_AGP_Intensity","Columbus"
"44",1.06626747359725,"Tetrandrine",0.956911704231942,1.17980999234996,"rep1","cytoplasm_ER_Intensity","Columbus"
"45",0.427121272751585,"Tetrandrine",0.400697916757003,0.478374506002604,"rep1","cytoplasm_Mito_Profile","Columbus"
"46",1.04621236321288,"Tetrandrine",1.03111182644039,1.06628890966807,"rep1","cytoplasm_AGP_Profile","Columbus"
"47",0.65104940206602,"Tetrandrine",0.584007565761839,0.727332177926766,"rep1","cytoplasm_ER_Profile","Columbus"
"48",1.75481610638737,"Tetrandrine",1.72121004712364,1.79165358600533,"rep1","cytoplasm_DNA_Profile","Columbus"
"49",0.123647702576177,"Tetrandrine",0.0458279540019467,0.503523459121521,"rep1","nuclei_RNA_Profile","Columbus"
"50",9.80897992762701,"Tetrandrine",9.43537149064243,10.3062282350209,"rep1","nuclei_RNA_Radial","Columbus"
"51",1.8983077093504,"Tetrandrine",1.54226431724211,2.5117264431527,"rep1","nuclei_RNA_Compactness","Columbus"
"52",0.363830810812642,"Tetrandrine",0.32235821266543,0.418228921779485,"rep1","cells_Mito_Radial","Columbus"
"53",8.71333846937481,"Tetrandrine",8.48478298677641,8.99708329101181,"rep1","cells_Mito_Axial","Columbus"
"54",0.568380753737506,"Tetrandrine",0.316469378903292,1.10013019684519,"rep1","cells_Mito_Compactness","Columbus"
"55",0.0519803616256952,"Tetrandrine",0.0423747598677764,0.0639351630970569,"rep1","cells_AGP_Radial","Columbus"
"56",1.32650195750575,"Tetrandrine",1.0126944099443,1.78497325946501,"rep1","cells_AGP_Axial","Columbus"
"57",0.682099702655758,"Tetrandrine",0.604790155482911,0.781195796982234,"rep1","cells_AGP_Compactness","Columbus"
"58",5.96944752951211,"Tetrandrine",5.65289890012754,6.52365131354624,"rep1","cells_ER_Axial","Columbus"
"59",0.0140294467347751,"Tetrandrine",0.00982724073525878,0.021094326443575,"rep1","cells_ER_Compactness","Columbus"
"60",2.67199934657048,"Fluphenazine",2.50695912434244,2.89031389523879,"rep1","NA_Position_Position","Columbus"
"61",0.910167613646832,"Fluphenazine",0.747775314998122,1.1312042433165,"rep1","cytoplasm_Mito_Texture","Columbus"
"62",9.45572845446707,"Fluphenazine",9.40012538111104,9.50984172730477,"rep1","cytoplasm_AGP_Texture","Columbus"
"63",0.194911182111077,"Fluphenazine",0.0810904574264951,0.63894096047468,"rep1","cytoplasm_ER_Texture","Columbus"
"64",1.97288812398162,"Fluphenazine",1.79420592482936,2.17781417477616,"rep1","cytoplasm_Mito_Intensity","Columbus"
"65",0.00731953301437497,"Fluphenazine",0.00307849953661299,0.0167136044813237,"rep1","cytoplasm_AGP_Intensity","Columbus"
"66",2.46055025354004,"Fluphenazine",1.83395906778092,3.66272314504133,"rep1","cytoplasm_ER_Intensity","Columbus"
"67",0.0124748796978071,"Fluphenazine",0.0066981950272568,0.0281466297410156,"rep1","cytoplasm_ER_Profile","Columbus"
"68",0.0224749082187264,"Fluphenazine",0.0117518555791264,0.0483497285053399,"rep1","cytoplasm_DNA_Profile","Columbus"
"69",1.71343996317127,"Fluphenazine",1.33932761226375,2.25084417977896,"rep1","nuclei_RNA_Compactness","Columbus"
"70",3.20259572870348,"Fluphenazine",2.27496683412505,5.5288161850082,"rep1","cells_DNA_Radial","Columbus"
"71",5.06460377646827,"Fluphenazine",4.83118298416331,5.32013816755967,"rep1","cells_AGP_Compactness","Columbus"
"72",0.180534697515575,"Fluphenazine",0.0741239193558658,0.577174129607836,"rep1","cells_ER_Compactness","Columbus"
"73",72.9439395638127,"Berberine Chloride",71.15877459532,76.2669703265341,"rep1","NA_Position_Position","Columbus"
"74",5.40350851895747,"Berberine Chloride",5.02774983131256,5.65719530900547,"rep1","cytoplasm_Mito_Texture","Columbus"
"75",19.9631452788134,"Berberine Chloride",18.8770821916741,20.881790586497,"rep1","cytoplasm_Mito_Intensity","Columbus"
"76",12.7584094875309,"Berberine Chloride",12.0420179058715,13.5311526379221,"rep1","cytoplasm_Mito_Profile","Columbus"
"77",0.360152705135796,"Berberine Chloride",0.221003533169708,0.599577782126274,"rep1","cytoplasm_AGP_Profile","Columbus"
"78",11.4193459032888,"Berberine Chloride",10.8150964901694,12.2386164360719,"rep1","cytoplasm_ER_Profile","Columbus"
"79",85.604083419588,"Berberine Chloride",66.0305962145481,118.675190842851,"rep1","cytoplasm_DNA_Profile","Columbus"
"80",88.2223132741235,"Berberine Chloride",63.927753922039,135.777190413783,"rep1","nuclei_DNA_Texture","Columbus"
"81",2.43710673078816,"Berberine Chloride",1.22216001867794,5.84160669920216,"rep1","nuclei_RNA_Radial","Columbus"
"82",47.4510744596265,"Berberine Chloride",41.1119159022106,56.8906353431955,"rep1","nuclei_RNA_Compactness","Columbus"
"83",0.112194773876286,"Berberine Chloride",0.00225681238172318,1.80762497573318,"rep1","cells_DNA_Radial","Columbus"
"84",9.53800194420449,"Berberine Chloride",8.98655586711753,10.1273960271466,"rep1","cells_Mito_Radial","Columbus"
"85",21.7526942306464,"Berberine Chloride",7.44967636651352,98.2683938712072,"rep1","cells_Mito_Axial","Columbus"
"86",0.559848633372663,"Berberine Chloride",0.509728145188178,0.620611628983718,"rep1","cells_Mito_Compactness","Columbus"
"87",0.0228013028767424,"Berberine Chloride",5.57459419933847e-05,0.654528065786213,"rep1","cells_AGP_Compactness","Columbus"
"88",0.746063947248235,"Berberine Chloride",0.443807757015978,1.37715058489779,"rep1","cells_ER_Compactness","Columbus"
"89",94.1669672735081,"Berberine Chloride",68.2945387493897,148.330407079882,"rep1","nuclei_DNA_Profile","Columbus"
"90",53.2069890815808,"Berberine Chloride",49.2622479753522,58.0469129220971,"rep1","nuclei_DNA_Compactness","Columbus"
"91",0.000415603516714256,"Rapamycin",8.55001388576939e-05,0.00164969813708495,"rep1","cytoplasm_Mito_Texture","Columbus"
"92",0.0888751124808223,"Rapamycin",0.0663123129812901,0.117057315329547,"rep1","cytoplasm_ER_Texture","Columbus"
"93",17.3669295234099,"Rapamycin",16.1128896036526,19.7902735075921,"rep1","cytoplasm_AGP_Intensity","Columbus"
"94",0.282978379041108,"Rapamycin",0.0900529600527444,0.755530794716848,"rep1","cytoplasm_ER_Intensity","Columbus"
"95",0.159659630150066,"Rapamycin",0.0482388425822997,0.483504798082201,"rep1","cytoplasm_AGP_Profile","Columbus"
"96",0.0108168472455684,"Rapamycin",0.00738918524706263,0.0160388985476337,"rep1","cytoplasm_DNA_Profile","Columbus"
"97",0.21104576857479,"Rapamycin",0.182225883679824,0.245259953110707,"rep1","nuclei_DNA_Texture","Columbus"
"98",0.00021511741943408,"Rapamycin",9.3157666891384e-05,0.000481804115656693,"rep1","nuclei_RNA_Intensity","Columbus"
"99",0.0979101240788905,"Rapamycin",0.0723881504915791,0.133375718915577,"rep1","nuclei_DNA_Intensity","Columbus"
"100",0.0781004107012111,"Rapamycin",0.0558123678218386,0.105824776798954,"rep1","nuclei_RNA_Texture","Columbus"
"101",0.00136442001164358,"Rapamycin",0.000715486366654201,0.00255676844161246,"rep1","nuclei_RNA_Radial","Columbus"
"102",0.0117849923880405,"Rapamycin",0.00629611400857281,0.019746718889485,"rep1","nuclei_RNA_Axial","Columbus"
"103",0.00183785802006169,"Rapamycin",0.000675689292207306,0.00500924195350487,"rep1","nuclei_RNA_Compactness","Columbus"
"104",0.00141765293928177,"Rapamycin",0.000471458286223957,0.00376727939333814,"rep1","cells_DNA_Radial","Columbus"
"105",0.00189364066125997,"Rapamycin",0.000347697354286752,0.00823062294171001,"rep1","cells_Mito_Radial","Columbus"
"106",0.386267047125726,"Rapamycin",0.14576913597457,1.37671867937006,"rep1","cells_AGP_Axial","Columbus"
"107",0.124920762968097,"Rapamycin",0.071558331918836,0.24992453048329,"rep1","cells_ER_Axial","Columbus"
"108",17.3967769439922,"Rapamycin",16.9294578640273,18.1784682953494,"rep1","nuclei_DNA_Profile","Columbus"
"109",0.0441279499050225,"Rapamycin",0.0238717974150454,0.0977707210134899,"rep1","nuclei_DNA_Radial","Columbus"
"110",0.0106387761984346,"Rapamycin",0.00705487407738345,0.0177052467309807,"rep1","nuclei_DNA_Compactness","Columbus"
"111",11.8072703951114,"Amperozide",11.6863511711223,11.936688025618,"rep1","cytoplasm_Mito_Texture","Columbus"
"112",16.5075609508504,"Amperozide",16.2399540900692,16.8127549444432,"rep1","cytoplasm_AGP_Texture","Columbus"
"113",11.5796718583485,"Amperozide",11.1878725271238,12.0244784565708,"rep1","cytoplasm_ER_Texture","Columbus"
"114",11.8275648794305,"Amperozide",11.6429249705668,12.0232491185526,"rep1","cytoplasm_Mito_Intensity","Columbus"
"115",3.74147686106788,"Amperozide",3.61969264134512,3.89828243629654,"rep1","cytoplasm_AGP_Intensity","Columbus"
"116",15.1398282801316,"Amperozide",14.9722360441494,15.2929174034391,"rep1","cytoplasm_ER_Intensity","Columbus"
"117",3.80085589191323,"Amperozide",3.62008073505246,3.97487647285463,"rep1","cytoplasm_Mito_Profile","Columbus"
"118",4.60787081239264,"Amperozide",4.54556404030239,4.66995478164228,"rep1","cytoplasm_ER_Profile","Columbus"
"119",11.7530742667053,"Amperozide",11.6081119231283,11.9975249521061,"rep1","cytoplasm_DNA_Profile","Columbus"
"120",7.35581358352455,"Amperozide",6.35290550157978,8.67084004093775,"rep1","nuclei_DNA_Texture","Columbus"
"121",18.8916581924967,"Amperozide",17.960867335272,19.8980697573665,"rep1","nuclei_RNA_Intensity","Columbus"
"122",57.6564813841984,"Amperozide",57.2142130929224,58.0290219827001,"rep1","nuclei_DNA_Intensity","Columbus"
"123",6.08451308832609,"Amperozide",5.2290288222767,7.19413690975073,"rep1","nuclei_RNA_Texture","Columbus"
"124",9.50614354652583,"Amperozide",9.37952517089932,9.69600459960824,"rep1","nuclei_RNA_Profile","Columbus"
"125",0.03125351282722,"Amperozide",0.0160454472033683,0.0544410589887597,"rep1","nuclei_RNA_Radial","Columbus"
"126",0.0267709336635193,"Amperozide",0.00588611991315896,0.0534654847982896,"rep1","nuclei_RNA_Axial","Columbus"
"127",15.4385964710334,"Amperozide",15.3023629135116,15.6037509611457,"rep1","nuclei_RNA_Compactness","Columbus"
"128",5.8156563889333,"Amperozide",5.2017295279761,6.54841235407583,"rep1","cells_DNA_Radial","Columbus"
"129",29.5823980302745,"Amperozide",28.7507397171255,30.5869847972518,"rep1","cells_Mito_Radial","Columbus"
"130",27.3128136967137,"Amperozide",27.1119665812388,27.5384882905744,"rep1","cells_Mito_Axial","Columbus"
"131",0.576728490588099,"Amperozide",0.38534838648869,0.931539778640545,"rep1","cells_Mito_Compactness","Columbus"
"132",23.978338466474,"Amperozide",23.903703600312,24.049356139725,"rep1","cells_AGP_Axial","Columbus"
"133",20.7497451383826,"Amperozide",20.3061198113831,21.2374902513687,"rep1","cells_AGP_Compactness","Columbus"
"134",7.74686015486919,"Amperozide",7.35161845341368,8.35738207717113,"rep1","cells_ER_Radial","Columbus"
"135",16.5961195474963,"Amperozide",16.3985812823327,16.7678718446939,"rep1","cells_ER_Axial","Columbus"
"136",10.4336268849508,"Amperozide",9.88676434950308,11.2897733436551,"rep1","nuclei_DNA_Profile","Columbus"
"137",50.1766293939231,"Amperozide",49.1715142634263,51.3935633845836,"rep1","nuclei_DNA_Compactness","Columbus"
"138",53.8071027744063,"Amperozide",51.9250131600389,56.3273711894128,"rep1","nuclei__Shape_Morph","Columbus"
"139",0.132179518443203,"Etoposide",0.110102077786635,0.163611611949157,"rep1","cytoplasm_Mito_Texture","Columbus"
"140",0.307473979573213,"Etoposide",0.260971329666632,0.390269661379233,"rep1","cytoplasm_ER_Texture","Columbus"
"141",0.172396633349124,"Etoposide",0.152305773482092,0.195257730355056,"rep1","cytoplasm_Mito_Intensity","Columbus"
"142",0.114171511832467,"Etoposide",0.11093731966373,0.117674942647244,"rep1","cytoplasm_AGP_Intensity","Columbus"
"143",0.211329938299337,"Etoposide",0.198705878199677,0.223663706706502,"rep1","cytoplasm_ER_Intensity","Columbus"
"144",0.962842603577101,"Etoposide",0.72078981594672,1.27479500759647,"rep1","cytoplasm_AGP_Profile","Columbus"
"145",0.277130515447929,"Etoposide",0.2491293292287,0.305678442053211,"rep1","cytoplasm_ER_Profile","Columbus"
"146",0.191382898350654,"Etoposide",0.177825826865906,0.207625133575418,"rep1","cytoplasm_DNA_Profile","Columbus"
"147",0.181444974321891,"Etoposide",0.116387077673904,0.264557142633188,"rep1","nuclei_DNA_Texture","Columbus"
"148",0.308765184833603,"Etoposide",0.296917812285828,0.322176490152328,"rep1","nuclei_RNA_Intensity","Columbus"
"149",0.275092095845211,"Etoposide",0.254512363299065,0.297768628380407,"rep1","nuclei_DNA_Intensity","Columbus"
"150",0.26680407282192,"Etoposide",0.243879794578796,0.289712538040131,"rep1","nuclei_RNA_Texture","Columbus"
"151",0.11472923894658,"Etoposide",0.0682789455647033,0.228469688902319,"rep1","nuclei_RNA_Profile","Columbus"
"152",0.130194969946852,"Etoposide",0.124720294767432,0.136006413658859,"rep1","nuclei_RNA_Radial","Columbus"
"153",0.122075498210425,"Etoposide",0.109719485849359,0.135763825513439,"rep1","nuclei_RNA_Axial","Columbus"
"154",0.192515276862614,"Etoposide",0.170618485256473,0.215453073168707,"rep1","nuclei_RNA_Compactness","Columbus"
"155",0.00254109886729103,"Etoposide",0.00214898879017354,0.00300337471415998,"rep1","nuclei_RNA_Symmetry","Columbus"
"156",0.179646593205515,"Etoposide",0.162901168334744,0.194409424313906,"rep1","cells_DNA_Radial","Columbus"
"157",0.163197409451212,"Etoposide",0.145395040075795,0.183087212439104,"rep1","cells_Mito_Radial","Columbus"
"158",0.191183140548628,"Etoposide",0.170894419858461,0.208897724230072,"rep1","cells_Mito_Axial","Columbus"
"159",0.37350957103959,"Etoposide",0.32467083383794,0.427075829128401,"rep1","cells_Mito_Compactness","Columbus"
"160",0.174770558669776,"Etoposide",0.158434048562196,0.189366372045793,"rep1","cells_AGP_Radial","Columbus"
"161",0.214671351832306,"Etoposide",0.195059685761166,0.239021431126304,"rep1","cells_AGP_Axial","Columbus"
"162",0.264211469107719,"Etoposide",0.247376881676467,0.285423753501477,"rep1","cells_AGP_Compactness","Columbus"
"163",0.105874310620568,"Etoposide",0.101748959262804,0.10975123986048,"rep1","cells_AGP_Symmetry","Columbus"
"164",0.129371862538178,"Etoposide",0.115841694148474,0.142537584750602,"rep1","cells_ER_Radial","Columbus"
"165",0.182143575751837,"Etoposide",0.161588188919035,0.202557520600174,"rep1","cells_ER_Axial","Columbus"
"166",0.0731800511617244,"Etoposide",0.0598893057200402,0.0889935108371246,"rep1","cells_ER_Compactness","Columbus"
"167",0.262288054567838,"Etoposide",0.220790294047843,0.322975761855754,"rep1","nuclei_DNA_Profile","Columbus"
"168",0.17931347040505,"Etoposide",0.168308123833744,0.190748395743126,"rep1","nuclei_DNA_Radial","Columbus"
"169",0.164619628733752,"Etoposide",0.150030116783969,0.180225472581574,"rep1","nuclei_DNA_Axial","Columbus"
"170",0.167113334300864,"Etoposide",0.152407252654807,0.184477306333526,"rep1","nuclei_DNA_Compactness","Columbus"
"171",0.0833784911267842,"Etoposide",0.0731266955665056,0.0968355946381703,"rep1","nuclei_DNA_Symmetry","Columbus"
"172",0.000122150784051415,"Etoposide",2.89139552007103e-05,0.000423725269370291,"rep1","cells_position_position","Columbus"
"173",0.244928896579858,"Etoposide",0.223798845681016,0.266799906070362,"rep1","nuclei__Shape_Morph","Columbus"
"174",0.720556920760179,"Latrunculin B",0.705476563918601,0.739785049964392,"rep1","cytoplasm_Mito_Texture","Columbus"
"175",1.88530861740561,"Latrunculin B",1.87075196610659,1.90141969407125,"rep1","cytoplasm_AGP_Texture","Columbus"
"176",0.742836600260532,"Latrunculin B",0.717295156880196,0.769601083949567,"rep1","cytoplasm_ER_Texture","Columbus"
"177",1.41417140720283,"Latrunculin B",1.3013671364455,1.56563789093561,"rep1","cytoplasm_Mito_Intensity","Columbus"
"178",1.10843026235349,"Latrunculin B",1.05341999239275,1.1678832248072,"rep1","cytoplasm_AGP_Intensity","Columbus"
"179",1.09882532007937,"Latrunculin B",1.05692931364761,1.14161243813153,"rep1","cytoplasm_ER_Intensity","Columbus"
"180",0.0486137276961911,"Latrunculin B",0.0475421064770812,0.0498839880583445,"rep1","cytoplasm_Mito_Profile","Columbus"
"181",0.551822481029831,"Latrunculin B",0.543764581378948,0.560281226373688,"rep1","cytoplasm_AGP_Profile","Columbus"
"182",0.187613990504795,"Latrunculin B",0.183533080033373,0.192284685493191,"rep1","cytoplasm_DNA_Profile","Columbus"
"183",0.761788846812631,"Latrunculin B",0.735283282767495,0.785081874891811,"rep1","nuclei_DNA_Texture","Columbus"
"184",1.1358035984388,"Latrunculin B",1.09718055093888,1.16372918384303,"rep1","nuclei_RNA_Intensity","Columbus"
"185",0.462466323781715,"Latrunculin B",0.433740076869843,0.492721049671357,"rep1","nuclei_DNA_Intensity","Columbus"
"186",0.874954087904532,"Latrunculin B",0.824298862595262,0.944541450116565,"rep1","nuclei_RNA_Texture","Columbus"
"187",0.170696882759504,"Latrunculin B",0.16531085513908,0.176809681496914,"rep1","nuclei_RNA_Radial","Columbus"
"188",0.396923564371868,"Latrunculin B",0.377311056469047,0.415242051399339,"rep1","nuclei_RNA_Axial","Columbus"
"189",0.146924535143809,"Latrunculin B",0.136779804341771,0.15323210360967,"rep1","nuclei_RNA_Compactness","Columbus"
"190",0.282895504433216,"Latrunculin B",0.262630974983168,0.305616296646317,"rep1","cells_DNA_Radial","Columbus"
"191",0.670180850720276,"Latrunculin B",0.632315837208994,0.71159337102192,"rep1","cells_Mito_Radial","Columbus"
"192",1.18107272811732,"Latrunculin B",1.16335973013435,1.19999480251114,"rep1","cells_Mito_Axial","Columbus"
"193",0.794318450216778,"Latrunculin B",0.741511965461416,0.850972580397967,"rep1","cells_Mito_Compactness","Columbus"
"194",0.320313404055605,"Latrunculin B",0.29892305962191,0.34694062553385,"rep1","cells_AGP_Radial","Columbus"
"195",1.46000747164674,"Latrunculin B",1.38596688346239,1.53139405437076,"rep1","cells_AGP_Axial","Columbus"
"196",0.224132298177963,"Latrunculin B",0.203814019200932,0.243304429994315,"rep1","cells_AGP_Compactness","Columbus"
"197",0.116167630439397,"Latrunculin B",0.112409696951941,0.121004565083138,"rep1","cells_AGP_Symmetry","Columbus"
"198",0.20509582269674,"Latrunculin B",0.193406572021832,0.218133241974738,"rep1","cells_ER_Radial","Columbus"
"199",0.472386747248024,"Latrunculin B",0.43629652044342,0.50865861259915,"rep1","cells_ER_Axial","Columbus"
"200",0.0127909805620574,"Latrunculin B",0.012099497470683,0.0135768069623595,"rep1","cells_ER_Compactness","Columbus"
"201",0.581346969740758,"Latrunculin B",0.551209579986226,0.615701592928863,"rep1","nuclei_DNA_Axial","Columbus"
"202",0.000283945973361481,"Latrunculin B",8.13031205822654e-05,0.000874847563779592,"rep1","nuclei_position_position","Columbus"
"203",0.192532154209521,"Latrunculin B",0.181040146131068,0.205045115221607,"rep1","nuclei__Shape_Morph","Columbus"
"204",0.00241078989718281,"Fenbendazole",0.000753100318564557,0.00961802376598664,"rep1","cytoplasm_Mito_Texture","Columbus"
"205",0.201123740219417,"Fenbendazole",0.168515805245727,0.268934850516724,"rep1","cytoplasm_ER_Texture","Columbus"
"206",0.116962208551097,"Fenbendazole",0.0449114531394844,0.395996268193121,"rep1","cytoplasm_AGP_Intensity","Columbus"
"207",0.0131144852991103,"Fenbendazole",0.00800388607373079,0.0232384762440549,"rep1","cytoplasm_ER_Intensity","Columbus"
"208",0.0257321743249092,"Fenbendazole",0.0205900587962425,0.0330911141774542,"rep1","cytoplasm_Mito_Profile","Columbus"
"209",0.0986119602267868,"Fenbendazole",0.0868814676178633,0.115807654773682,"rep1","cytoplasm_AGP_Profile","Columbus"
"210",0.000542809778689691,"Fenbendazole",0.000321266651332558,0.000993097122135855,"rep1","cytoplasm_ER_Profile","Columbus"
"211",0.404066166742803,"Fenbendazole",0.402335774443846,0.406376317866613,"rep1","cytoplasm_DNA_Profile","Columbus"
"212",0.546364543816655,"Fenbendazole",0.542174656631892,0.550982037052178,"rep1","nuclei_DNA_Texture","Columbus"
"213",0.107109173014883,"Fenbendazole",0.0525788420806581,0.201531229654644,"rep1","nuclei_RNA_Intensity","Columbus"
"214",0.574562634110455,"Fenbendazole",0.557949709268234,0.593971156291658,"rep1","nuclei_DNA_Intensity","Columbus"
"215",0.125935133504048,"Fenbendazole",0.118208911130079,0.136953771253011,"rep1","nuclei_RNA_Texture","Columbus"
"216",0.0013991655112139,"Fenbendazole",0.00062959600781163,0.00281347939399144,"rep1","nuclei_RNA_Radial","Columbus"
"217",0.238269951693567,"Fenbendazole",0.232432872416884,0.246136318918415,"rep1","cells_DNA_Radial","Columbus"
"218",0.165521981157977,"Fenbendazole",0.156916440448948,0.176274164251804,"rep1","cells_Mito_Compactness","Columbus"
"219",0.000148760865808002,"Fenbendazole",9.35733664883242e-05,0.000214380763413571,"rep1","cells_Mito_Symmetry","Columbus"
"220",0.220683955384176,"Fenbendazole",0.170181869677699,0.313629130559507,"rep1","cells_AGP_Radial","Columbus"
"221",0.374211328698831,"Fenbendazole",0.350791632598918,0.406530683711227,"rep1","cells_AGP_Compactness","Columbus"
"222",0.0338306062496391,"Fenbendazole",0.0188027444520494,0.070735353668982,"rep1","cells_AGP_Symmetry","Columbus"
"223",0.193131062112862,"Fenbendazole",0.133543770025568,0.360598096810718,"rep1","cells_ER_Radial","Columbus"
"224",0.0113137340034782,"Fenbendazole",0.00971065344746566,0.0137792070716711,"rep1","cells_ER_Compactness","Columbus"
"225",0.615456319988185,"Fenbendazole",0.610209443361964,0.621886817376457,"rep1","nuclei_DNA_Radial","Columbus"
"226",0.526834907934954,"Fenbendazole",0.521757428135866,0.531231521624579,"rep1","nuclei_DNA_Axial","Columbus"
"227",0.113443247386386,"Fenbendazole",0.106316789127336,0.12379144668136,"rep1","nuclei_DNA_Symmetry","Columbus"
"228",0.0404423849137566,"Taxol (Paclitaxel)",0.0334760531415928,0.0519354198838544,"rep1","cytoplasm_Mito_Texture","Columbus"
"229",0.0494478745042383,"Taxol (Paclitaxel)",0.0288290405963731,0.0948060086074501,"rep1","cytoplasm_AGP_Intensity","Columbus"
"230",0.00124708931959249,"Taxol (Paclitaxel)",0.00107742118963347,0.00140053447635007,"rep1","cytoplasm_Mito_Profile","Columbus"
"231",0.0173681583633897,"Taxol (Paclitaxel)",0.0143593088308385,0.0208443044220082,"rep1","cytoplasm_AGP_Profile","Columbus"
"232",0.00431928162224105,"Taxol (Paclitaxel)",0.00348181417918916,0.00531134713728748,"rep1","cytoplasm_ER_Profile","Columbus"
"233",0.00272071715736572,"Taxol (Paclitaxel)",0.00250760950026451,0.0031677490955719,"rep1","cytoplasm_DNA_Profile","Columbus"
"234",0.00673328973690893,"Taxol (Paclitaxel)",0.00571419187002325,0.00810521096519062,"rep1","nuclei_DNA_Texture","Columbus"
"235",0.0174051944130925,"Taxol (Paclitaxel)",0.0166518095490949,0.0182960781472907,"rep1","nuclei_DNA_Intensity","Columbus"
"236",0.0118696486587762,"Taxol (Paclitaxel)",0.0101619288959033,0.0134530661110789,"rep1","nuclei_RNA_Radial","Columbus"
"237",0.0134216338955661,"Taxol (Paclitaxel)",0.0128624907413679,0.014053180460191,"rep1","nuclei_RNA_Axial","Columbus"
"238",0.00887249602491794,"Taxol (Paclitaxel)",0.0084121463533714,0.00937616947033768,"rep1","nuclei_RNA_Compactness","Columbus"
"239",0.000425660067813286,"Taxol (Paclitaxel)",0.000394595881477552,0.000425660067813286,"rep1","cells_DNA_Radial","Columbus"
"240",0.000726944324795479,"Taxol (Paclitaxel)",0.000396514034329822,0.00147515418033074,"rep1","cells_Mito_Radial","Columbus"
"241",0.08204953418945,"Taxol (Paclitaxel)",0.0649477567671283,0.114602929398565,"rep1","cells_Mito_Axial","Columbus"
"242",0.0117275262470121,"Taxol (Paclitaxel)",0.00844737524245153,0.0175485079130572,"rep1","cells_AGP_Radial","Columbus"
"243",0.000100671630022794,"Taxol (Paclitaxel)",7.97266200708891e-05,0.000100671630022794,"rep1","cells_AGP_Compactness","Columbus"
"244",0.00087164479950857,"Taxol (Paclitaxel)",0.000295089801005153,0.00164685807644154,"rep1","cells_AGP_Symmetry","Columbus"
"245",0.0177992065471341,"Taxol (Paclitaxel)",0.0145711348384864,0.0226568372641418,"rep1","cells_ER_Radial","Columbus"
"246",0.000517212664362544,"Taxol (Paclitaxel)",0.000440991270678002,0.000627147162979128,"rep1","cells_ER_Compactness","Columbus"
"247",0.000828577450554465,"Taxol (Paclitaxel)",0.000757842410555638,0.000889612606804466,"rep1","nuclei_DNA_Profile","Columbus"
"248",0.00522209896814797,"Taxol (Paclitaxel)",0.00450280653228093,0.0061134948198254,"rep1","nuclei_DNA_Radial","Columbus"
"249",0.00434239093069119,"Taxol (Paclitaxel)",0.00380221140178639,0.00492554467682544,"rep1","nuclei_DNA_Axial","Columbus"
"250",0.00254002457117134,"Taxol (Paclitaxel)",0.00240185411640928,0.00266209488367135,"rep1","nuclei_DNA_Compactness","Columbus"
"251",0.00379044811605475,"Taxol (Paclitaxel)",0.00363082933497603,0.00400259027491602,"rep1","nuclei__Shape_Morph","Columbus"
"252",0.0854282919339487,"NPPB",0.0152996996028631,0.282363797016861,"rep2","NA_Position_Position","Columbus"
"253",61.8794293561235,"NPPB",45.239758804554,96.952696231848,"rep2","cytoplasm_Mito_Texture","Columbus"
"254",39.7075525076749,"NPPB",27.3174530053757,75.3833710267353,"rep2","cytoplasm_Mito_Intensity","Columbus"
"255",56.7569333799386,"NPPB",43.4492582285322,81.2459867718684,"rep2","cytoplasm_ER_Profile","Columbus"
"256",32.2702666926354,"NPPB",24.8812910670059,46.1124623597397,"rep2","cytoplasm_DNA_Profile","Columbus"
"257",52.633439105877,"NPPB",48.2039239226956,57.2779169182724,"rep2","nuclei_RNA_Texture","Columbus"
"258",7.22723172736298,"NPPB",2.36794042088895,38.19401917584,"rep2","nuclei_RNA_Profile","Columbus"
"259",0.231942769822946,"NPPB",0.0923283035121727,0.656988341493038,"rep2","nuclei_RNA_Radial","Columbus"
"260",57.6884171774958,"NPPB",55.6774786304888,59.9247068316671,"rep2","nuclei_RNA_Compactness","Columbus"
"261",91.6668560781548,"NPPB",88.5152475932534,96.3942571024049,"rep2","cells_Mito_Compactness","Columbus"
"262",1.0107286860526,"NPPB",0.469795230040131,2.75009065882296,"rep2","cells_ER_Compactness","Columbus"
"263",71.8299024004729,"NPPB",68.2316094670062,75.772977952112,"rep2","nuclei_DNA_Compactness","Columbus"
"264",83.4464295451736,"Metoclopramide",80.3190655166763,88.8948073980138,"rep2","cytoplasm_AGP_Texture","Columbus"
"265",28.2852774283138,"Metoclopramide",24.3458025815827,33.1033863796468,"rep2","cytoplasm_Mito_Intensity","Columbus"
"266",0.285727653379712,"Metoclopramide",0.0679779329225575,0.945631952496511,"rep2","cytoplasm_DNA_Profile","Columbus"
"267",1.39766718678415,"Metoclopramide",0.442316794399259,6.91134997397437,"rep2","nuclei_RNA_Texture","Columbus"
"268",0.000619787143740551,"Metoclopramide",0.000185030028856664,0.00188641387892278,"rep2","cells_Mito_Symmetry","Columbus"
"269",6.59189477400837,"Metoclopramide",1.72549052093384,58.2454506116608,"rep2","nuclei_DNA_Radial","Columbus"
"270",0.000372337728920641,"Metoclopramide",5.99148528779515e-05,0.0017867897226324,"rep2","cells_position_position","Columbus"
"271",4.23379518677894,"Ca-074-Me",3.83147049196657,4.56410835427475,"rep2","cytoplasm_Mito_Texture","Columbus"
"272",5.05144772288739,"Ca-074-Me",3.48463599034588,8.70438162117816,"rep2","cytoplasm_ER_Texture","Columbus"
"273",3.90161075661733,"Ca-074-Me",3.7440059464264,4.05592771973959,"rep2","cytoplasm_Mito_Intensity","Columbus"
"274",2.07855940378303,"Ca-074-Me",2.02006016207939,2.13653055690917,"rep2","cytoplasm_ER_Intensity","Columbus"
"275",1.74505956469621,"Ca-074-Me",1.49805537247808,2.09286639169247,"rep2","cytoplasm_Mito_Profile","Columbus"
"276",3.59544859452983,"Ca-074-Me",3.01325130033611,4.78296082671382,"rep2","cytoplasm_AGP_Profile","Columbus"
"277",2.718515242548,"Ca-074-Me",2.37654518767514,3.11409302161221,"rep2","cytoplasm_ER_Profile","Columbus"
"278",1.61815474193915,"Ca-074-Me",1.56556342297126,1.66620443964873,"rep2","cytoplasm_DNA_Profile","Columbus"
"279",2.66375738610542,"Ca-074-Me",2.1391096817049,3.45363001914177,"rep2","nuclei_DNA_Texture","Columbus"
"280",3.90888690230485,"Ca-074-Me",3.05391944583137,5.31609557043532,"rep2","nuclei_DNA_Intensity","Columbus"
"281",1.26933037785214,"Ca-074-Me",1.10421216623811,1.77977631679365,"rep2","nuclei_RNA_Profile","Columbus"
"282",1.28224502470101,"Ca-074-Me",1.23738778385215,1.34258013722821,"rep2","nuclei_RNA_Radial","Columbus"
"283",2.17332800850311,"Ca-074-Me",1.87912642035468,2.61385771158473,"rep2","nuclei_RNA_Axial","Columbus"
"284",2.31560875610384,"Ca-074-Me",2.21488978404799,2.41422761657385,"rep2","nuclei_RNA_Compactness","Columbus"
"285",3.14022158580038,"Ca-074-Me",3.01380234841339,3.26566985632165,"rep2","cells_DNA_Radial","Columbus"
"286",3.14263368422172,"Ca-074-Me",2.96129624049945,3.37537913240211,"rep2","cells_Mito_Radial","Columbus"
"287",3.48096377507478,"Ca-074-Me",3.28221969501352,3.65330557328778,"rep2","cells_Mito_Axial","Columbus"
"288",5.47661523033327,"Ca-074-Me",5.1314795443066,5.9405952660995,"rep2","cells_Mito_Compactness","Columbus"
"289",3.06945460477708,"Ca-074-Me",2.87198766201513,3.25452908444009,"rep2","cells_AGP_Radial","Columbus"
"290",4.21180499499778,"Ca-074-Me",3.96368215871614,4.4440541487119,"rep2","cells_AGP_Axial","Columbus"
"291",1.61086146484221,"Ca-074-Me",1.52388310912571,1.70487751110795,"rep2","cells_AGP_Compactness","Columbus"
"292",2.90491003699724,"Ca-074-Me",2.67881946979289,3.06883765565926,"rep2","cells_ER_Radial","Columbus"
"293",3.36051444495964,"Ca-074-Me",3.11083867585019,3.62043948095981,"rep2","cells_ER_Axial","Columbus"
"294",2.11859305943134,"Ca-074-Me",1.94418640891181,2.29525560376765,"rep2","cells_ER_Compactness","Columbus"
"295",6.33057083884485,"Ca-074-Me",5.94134433660655,6.65228474304745,"rep2","nuclei_DNA_Profile","Columbus"
"296",2.32188551780047,"Ca-074-Me",2.0726251920155,2.56036198936734,"rep2","nuclei_DNA_Radial","Columbus"
"297",2.80132566822177,"Ca-074-Me",2.64639902682424,2.97601020378508,"rep2","nuclei_DNA_Axial","Columbus"
"298",2.68783338748504,"Ca-074-Me",2.61044231870212,2.77122624179188,"rep2","nuclei_DNA_Compactness","Columbus"
"299",0.0114362628132923,"Ca-074-Me",0.00375409339152703,0.0242923436304451,"rep2","nuclei_position_position","Columbus"
"300",4.14558293467966,"Ca-074-Me",4.0255228015079,4.2948301694906,"rep2","nuclei__Shape_Morph","Columbus"
"301",0.208276764482464,"Tetrandrine",0.182482859119456,0.237755408496727,"rep2","cytoplasm_Mito_Texture","Columbus"
"302",0.938468027159296,"Tetrandrine",0.889240000829011,1.00979359681966,"rep2","cytoplasm_AGP_Texture","Columbus"
"303",0.810801902070112,"Tetrandrine",0.542779502736872,1.15802537697855,"rep2","cytoplasm_ER_Texture","Columbus"
"304",0.322702547830419,"Tetrandrine",0.307150389221766,0.336481180292838,"rep2","cytoplasm_Mito_Intensity","Columbus"
"305",1.15240886907278,"Tetrandrine",1.12743284699422,1.18458098207427,"rep2","cytoplasm_AGP_Intensity","Columbus"
"306",0.56084808603516,"Tetrandrine",0.514497954773641,0.611378223702044,"rep2","cytoplasm_ER_Intensity","Columbus"
"307",0.38053796672361,"Tetrandrine",0.351847459263837,0.412682054650228,"rep2","cytoplasm_Mito_Profile","Columbus"
"308",0.829761448400633,"Tetrandrine",0.820002156232164,0.841765175527871,"rep2","cytoplasm_AGP_Profile","Columbus"
"309",0.11021675622787,"Tetrandrine",0.100132873996532,0.121872717349921,"rep2","cytoplasm_ER_Profile","Columbus"
"310",0.695398871341208,"Tetrandrine",0.658635384086151,0.7668294187085,"rep2","cytoplasm_DNA_Profile","Columbus"
"311",0.239737840870707,"Tetrandrine",0.13488272954852,0.413528294012143,"rep2","nuclei_RNA_Profile","Columbus"
"312",9.66919607739049,"Tetrandrine",9.48266205571249,9.91940885567766,"rep2","nuclei_RNA_Radial","Columbus"
"313",3.1216424820111,"Tetrandrine",2.99799317560892,3.29605545501011,"rep2","nuclei_RNA_Compactness","Columbus"
"314",1.89712786808767,"Tetrandrine",1.51952579197137,2.5717007178825,"rep2","nuclei_RNA_Symmetry","Columbus"
"315",0.553578381319142,"Tetrandrine",0.457604503658204,0.675220747508938,"rep2","cells_Mito_Radial","Columbus"
"316",2.07678053283506,"Tetrandrine",1.90266744880875,2.26260962452283,"rep2","cells_Mito_Axial","Columbus"
"317",0.209912673712301,"Tetrandrine",0.144402342463447,0.295365016797695,"rep2","cells_Mito_Compactness","Columbus"
"318",1.50766923657042,"Tetrandrine",1.45592451528771,1.56110998902612,"rep2","cells_AGP_Radial","Columbus"
"319",3.05428800774172,"Tetrandrine",2.75792819898909,3.39791847475776,"rep2","cells_AGP_Axial","Columbus"
"320",0.645908929826225,"Tetrandrine",0.593068320724303,0.712767238595065,"rep2","cells_AGP_Compactness","Columbus"
"321",0.126220884947801,"Tetrandrine",0.105041755837027,0.152930185424658,"rep2","cells_AGP_Symmetry","Columbus"
"322",5.47306965333866,"Tetrandrine",5.1660936020283,5.85999776413369,"rep2","cells_ER_Radial","Columbus"
"323",8.8090931495476,"Tetrandrine",8.01385918630583,9.72174169998963,"rep2","cells_ER_Axial","Columbus"
"324",1.14070462617746,"Tetrandrine",0.910358663293116,1.48632067161009,"rep2","cells_ER_Compactness","Columbus"
"325",6.45736044397806,"Tetrandrine",4.80039111842751,9.72885248809925,"rep2","nuclei_DNA_Radial","Columbus"
"326",4.12039620104438,"Tetrandrine",3.07856147055532,6.281986310775,"rep2","nuclei_DNA_Compactness","Columbus"
"327",3.81484525339643,"Tetrandrine",2.86237851549938,5.69257476040559,"rep2","nuclei_DNA_Symmetry","Columbus"
"328",3.60492234827282,"Fluphenazine",3.56749955598489,3.65165742370832,"rep2","NA_Position_Position","Columbus"
"329",1.16746271233843,"Fluphenazine",1.10554006559508,1.23377299218399,"rep2","cytoplasm_Mito_Texture","Columbus"
"330",5.64566390250725,"Fluphenazine",5.55717650759216,5.72297708647101,"rep2","cytoplasm_AGP_Texture","Columbus"
"331",3.82580775487035,"Fluphenazine",3.60985403382365,4.22593351466014,"rep2","cytoplasm_ER_Texture","Columbus"
"332",3.18468395665543,"Fluphenazine",3.00967213965505,3.33979626717873,"rep2","cytoplasm_Mito_Intensity","Columbus"
"333",8.64533669504495,"Fluphenazine",8.56676343148235,8.75336452990154,"rep2","cytoplasm_AGP_Intensity","Columbus"
"334",5.55335318248014,"Fluphenazine",5.30121698787255,5.81895914487482,"rep2","cytoplasm_ER_Intensity","Columbus"
"335",1.31505503317944,"Fluphenazine",1.2466628233849,1.39701748336027,"rep2","cytoplasm_Mito_Profile","Columbus"
"336",2.91775764302887,"Fluphenazine",2.81921055460785,3.03527995847101,"rep2","cytoplasm_AGP_Profile","Columbus"
"337",1.58411541795383,"Fluphenazine",1.227463770731,2.20680169846547,"rep2","cytoplasm_ER_Profile","Columbus"
"338",0.0727817492130377,"Fluphenazine",0.0389515032144158,0.162805325561446,"rep2","cytoplasm_DNA_Profile","Columbus"
"339",10.3123696068861,"Fluphenazine",10.20871132821,10.4952909967627,"rep2","nuclei_DNA_Texture","Columbus"
"340",8.60200415542199,"Fluphenazine",8.31376057476786,9.37065531279831,"rep2","nuclei_RNA_Texture","Columbus"
"341",1.55129143580816,"Fluphenazine",1.15669384662658,2.22843660134315,"rep2","nuclei_RNA_Profile","Columbus"
"342",0.220219627302783,"Fluphenazine",0.0783735043701142,0.999923352472255,"rep2","nuclei_RNA_Radial","Columbus"
"343",8.49610397779102,"Fluphenazine",8.09340908226126,9.00557251431873,"rep2","nuclei_RNA_Axial","Columbus"
"344",5.71899451317192,"Fluphenazine",5.50724781053621,5.99711584322656,"rep2","nuclei_RNA_Compactness","Columbus"
"345",9.68860198365905,"Fluphenazine",9.52389946174887,9.91350632102021,"rep2","cells_DNA_Radial","Columbus"
"346",9.84947887631048,"Fluphenazine",9.69071346077522,10.1153151669589,"rep2","cells_Mito_Axial","Columbus"
"347",2.40938414428809,"Fluphenazine",1.77838361818951,3.84792524321112,"rep2","cells_AGP_Radial","Columbus"
"348",7.99369540030169,"Fluphenazine",7.74320441895342,8.36499361113331,"rep2","cells_AGP_Axial","Columbus"
"349",0.0127257077378744,"Fluphenazine",0.00694379549739934,0.027043014215099,"rep2","cells_AGP_Compactness","Columbus"
"350",9.49885149224473,"Fluphenazine",9.22341504949654,9.80171900843832,"rep2","cells_ER_Radial","Columbus"
"351",8.84891619158543,"Fluphenazine",8.54125205530563,9.23668988615149,"rep2","cells_ER_Axial","Columbus"
"352",3.28267482592714,"Fluphenazine",3.08434679151145,3.63781342676871,"rep2","nuclei_DNA_Radial","Columbus"
"353",4.69762945062059,"Fluphenazine",4.50763151988171,4.9362854868643,"rep2","nuclei_DNA_Compactness","Columbus"
"354",4.69133808923204,"Fluphenazine",4.48957895394566,4.95679707111101,"rep2","nuclei_DNA_Symmetry","Columbus"
"355",76.8802051821346,"Berberine Chloride",75.6032438867995,78.0088865569465,"rep2","NA_Position_Position","Columbus"
"356",1.33216997275255,"Berberine Chloride",1.21569201725211,1.49397778795009,"rep2","cytoplasm_Mito_Texture","Columbus"
"357",9.52588579767694,"Berberine Chloride",6.69352604364205,14.4059101469184,"rep2","cytoplasm_ER_Intensity","Columbus"
"358",68.1177148923204,"Berberine Chloride",63.9096387052832,73.3317691969181,"rep2","cytoplasm_AGP_Profile","Columbus"
"359",0.187527145379454,"Berberine Chloride",0.0515111435182107,0.651696660157945,"rep2","cytoplasm_ER_Profile","Columbus"
"360",15.3547595397028,"Berberine Chloride",7.43464346273532,38.6551785703914,"rep2","cytoplasm_DNA_Profile","Columbus"
"361",52.7653375950627,"Berberine Chloride",43.3163526292647,68.1315831894243,"rep2","nuclei_RNA_Intensity","Columbus"
"362",18.1750133787248,"Berberine Chloride",16.1578442360625,21.0119322741987,"rep2","nuclei_RNA_Profile","Columbus"
"363",0.466826995145964,"Berberine Chloride",0.362542328661458,0.625989238028721,"rep2","nuclei_RNA_Radial","Columbus"
"364",1.37861388412608,"Berberine Chloride",0.666927985181568,3.13280326243569,"rep2","nuclei_RNA_Axial","Columbus"
"365",3.91839355712447,"Berberine Chloride",2.93850409367869,5.26876946961537,"rep2","nuclei_RNA_Compactness","Columbus"
"366",0.121527814301925,"Berberine Chloride",0.0821773144372912,0.188895297843882,"rep2","nuclei_RNA_Symmetry","Columbus"
"367",16.4876391360881,"Berberine Chloride",14.8663642088697,18.7395700665903,"rep2","cells_DNA_Radial","Columbus"
"368",4.39859748294288,"Berberine Chloride",3.92335835805605,4.95204436632413,"rep2","cells_Mito_Radial","Columbus"
"369",6.15877312269008,"Berberine Chloride",4.35555696165145,8.9673727345711,"rep2","cells_Mito_Axial","Columbus"
"370",0.59426982167267,"Berberine Chloride",0.508919370396312,0.699406403145092,"rep2","cells_Mito_Compactness","Columbus"
"371",14.0114110182039,"Berberine Chloride",12.891050271799,15.3056253144777,"rep2","cells_AGP_Radial","Columbus"
"372",26.5295246613704,"Berberine Chloride",23.776182503157,30.4752124428974,"rep2","cells_AGP_Axial","Columbus"
"373",0.944251504283817,"Berberine Chloride",0.550195369784319,1.85516669584159,"rep2","cells_AGP_Symmetry","Columbus"
"374",15.5777563692807,"Berberine Chloride",13.7634398955003,17.7170917968099,"rep2","cells_ER_Radial","Columbus"
"375",17.7881074913228,"Berberine Chloride",15.4352767576854,20.657682597715,"rep2","cells_ER_Axial","Columbus"
"376",0.0782194306596209,"Berberine Chloride",0.0489158057836911,0.130281963438169,"rep2","cells_ER_Compactness","Columbus"
"377",0.0995189527217675,"Berberine Chloride",0.0573990098434258,0.18867571238263,"rep2","cells_ER_Symmetry","Columbus"
"378",79.6201843659977,"Berberine Chloride",60.4298285598074,114.810796454289,"rep2","nuclei_DNA_Profile","Columbus"
"379",2.52764608676817,"Berberine Chloride",1.56675172145543,4.36971452335075,"rep2","nuclei_DNA_Radial","Columbus"
"380",8.9041145055372,"Berberine Chloride",8.39809096231349,9.59961586532856,"rep2","nuclei_DNA_Axial","Columbus"
"381",0.631001971818145,"Berberine Chloride",0.274131210188697,1.52049672942715,"rep2","nuclei_DNA_Symmetry","Columbus"
"382",24.7872186037879,"Berberine Chloride",22.3913884407603,29.1194500527621,"rep2","nuclei__Shape_Morph","Columbus"
"383",2.31454592830954,"Rapamycin",0.93550974553841,8.30575342861176,"rep2","NA_Position_Position","Columbus"
"384",1.55593028187432,"Rapamycin",1.24659163247205,1.93998470684278,"rep2","cytoplasm_Mito_Texture","Columbus"
"385",2.46365724607887,"Rapamycin",2.27263498097605,2.75401412967429,"rep2","cytoplasm_AGP_Texture","Columbus"
"386",2.17846840447099,"Rapamycin",1.90994042596345,2.58422970651671,"rep2","cytoplasm_ER_Texture","Columbus"
"387",8.66280253845284,"Rapamycin",7.35202136472661,10.6096172506423,"rep2","cytoplasm_AGP_Intensity","Columbus"
"388",2.69076193008309,"Rapamycin",2.42943122627602,3.03041317792592,"rep2","cytoplasm_ER_Intensity","Columbus"
"389",0.00157168113711218,"Rapamycin",0.00115678179301879,0.00206354034391271,"rep2","cytoplasm_Mito_Profile","Columbus"
"390",0.0969041117355138,"Rapamycin",0.0457591338833998,0.204239463428557,"rep2","cytoplasm_AGP_Profile","Columbus"
"391",0.134843674290932,"Rapamycin",0.121682913714162,0.151881041305177,"rep2","cytoplasm_ER_Profile","Columbus"
"392",0.0866047191606872,"Rapamycin",0.0477684466618705,0.1758860655868,"rep2","cytoplasm_DNA_Profile","Columbus"
"393",2.19911625073371,"Rapamycin",2.05212063177544,2.40520354484147,"rep2","nuclei_DNA_Texture","Columbus"
"394",0.000342037940113762,"Rapamycin",0.000109197296937834,0.000946069490414145,"rep2","nuclei_RNA_Intensity","Columbus"
"395",1.60899466057627,"Rapamycin",1.3681955658894,1.93816908367524,"rep2","nuclei_DNA_Intensity","Columbus"
"396",0.00490642183506303,"Rapamycin",0.00366931116486346,0.00668375369255426,"rep2","nuclei_RNA_Texture","Columbus"
"397",0.00434117160520953,"Rapamycin",0.00302604391874142,0.00657038480265599,"rep2","nuclei_RNA_Profile","Columbus"
"398",0.0759508118707777,"Rapamycin",0.0672185532198481,0.0873989563739837,"rep2","nuclei_RNA_Compactness","Columbus"
"399",0.000431135244517664,"Rapamycin",0.000179826970906349,0.00102490108115338,"rep2","cells_Mito_Radial","Columbus"
"400",0.000117993371460394,"Rapamycin",6.17105834059733e-05,0.000206716281693965,"rep2","cells_Mito_Compactness","Columbus"
"401",0.000453437586903655,"Rapamycin",0.00016652234297484,0.00109647709569929,"rep2","cells_ER_Radial","Columbus"
"402",12.7398449564021,"Amperozide",12.3851072863681,13.1064859889954,"rep2","cytoplasm_Mito_Texture","Columbus"
"403",20.6927226180673,"Amperozide",12.413054674084,21.603929757198,"rep2","cytoplasm_AGP_Texture","Columbus"
"404",14.8544276857172,"Amperozide",12.5036459597199,16.2312095195742,"rep2","cytoplasm_ER_Texture","Columbus"
"405",15.8595760159908,"Amperozide",14.9744265476739,16.7995377520146,"rep2","cytoplasm_Mito_Intensity","Columbus"
"406",26.9257069395011,"Amperozide",26.1180521000947,27.7029973327425,"rep2","cytoplasm_AGP_Intensity","Columbus"
"407",16.3500140900161,"Amperozide",16.0412430819571,16.6587527228347,"rep2","cytoplasm_ER_Intensity","Columbus"
"408",5.88000103823164,"Amperozide",5.73290759826969,6.03659828750677,"rep2","cytoplasm_AGP_Profile","Columbus"
"409",3.59946758437014,"Amperozide",3.4976512199173,3.70876074859292,"rep2","cytoplasm_ER_Profile","Columbus"
"410",7.99132645643866,"Amperozide",7.83529988034028,8.15144533182993,"rep2","cytoplasm_DNA_Profile","Columbus"
"411",26.798894776483,"Amperozide",26.2960704736347,27.3892134557966,"rep2","nuclei_DNA_Texture","Columbus"
"412",28.5451619174966,"Amperozide",27.8282929822388,29.720324190408,"rep2","nuclei_DNA_Intensity","Columbus"
"413",24.3210302963886,"Amperozide",23.6689544977863,24.8421269394118,"rep2","nuclei_RNA_Texture","Columbus"
"414",2.59542594345432,"Amperozide",2.40506722095087,2.82747840159298,"rep2","nuclei_RNA_Profile","Columbus"
"415",13.0786439691742,"Amperozide",12.4838500657627,13.8109069742209,"rep2","nuclei_RNA_Radial","Columbus"
"416",18.6843229503313,"Amperozide",17.8720962371624,19.6124070479155,"rep2","nuclei_RNA_Axial","Columbus"
"417",13.8014034763041,"Amperozide",13.3582305661116,14.2286725996967,"rep2","nuclei_RNA_Compactness","Columbus"
"418",26.2050593458593,"Amperozide",24.9187698930586,27.4413972623528,"rep2","cells_DNA_Radial","Columbus"
"419",27.4884154780856,"Amperozide",27.0380248795024,27.919492521962,"rep2","cells_Mito_Axial","Columbus"
"420",8.87849202665865,"Amperozide",7.34514355977774,10.8920490481829,"rep2","cells_Mito_Compactness","Columbus"
"421",12.9763007569616,"Amperozide",12.14768926426,14.0049880895585,"rep2","cells_AGP_Radial","Columbus"
"422",18.2227360170836,"Amperozide",17.8465683785215,18.6861776445629,"rep2","cells_AGP_Axial","Columbus"
"423",0.0404384623050699,"Amperozide",0.028188255896221,0.0620494657736412,"rep2","cells_AGP_Compactness","Columbus"
"424",19.1240437192835,"Amperozide",18.4150232072462,19.9629986520771,"rep2","cells_ER_Radial","Columbus"
"425",19.0203891408952,"Amperozide",18.587876151579,19.4087890509187,"rep2","cells_ER_Axial","Columbus"
"426",41.2469381801836,"Amperozide",39.0462181496431,43.811207743479,"rep2","nuclei_DNA_Profile","Columbus"
"427",3.71093398111202,"Amperozide",3.42537994060278,4.04951453595069,"rep2","nuclei_DNA_Radial","Columbus"
"428",31.4445982247895,"Amperozide",30.9050225499628,31.995526733506,"rep2","nuclei_DNA_Axial","Columbus"
"429",15.5242082030737,"Amperozide",14.5898820742761,16.8542861218535,"rep2","nuclei_DNA_Compactness","Columbus"
"430",4.18537986909697,"Amperozide",3.86117864236539,4.57080596137011,"rep2","nuclei_DNA_Symmetry","Columbus"
"431",0.0167890350929791,"Fenbendazole",0.00882845275933401,0.0372339373613236,"rep2","cytoplasm_ER_Texture","Columbus"
"432",0.156623837029557,"Fenbendazole",0.127053797233725,0.192884401433415,"rep2","cytoplasm_Mito_Intensity","Columbus"
"433",0.115136251690499,"Fenbendazole",0.092387794624755,0.14550246325599,"rep2","cytoplasm_Mito_Profile","Columbus"
"434",0.541050557377707,"Fenbendazole",0.523944563975369,0.563742445983987,"rep2","cytoplasm_AGP_Profile","Columbus"
"435",0.0871368925734043,"Fenbendazole",0.085153079321461,0.0898866009739765,"rep2","cytoplasm_DNA_Profile","Columbus"
"436",0.159948198875606,"Fenbendazole",0.148844521403996,0.180353063627553,"rep2","nuclei_RNA_Texture","Columbus"
"437",0.165196759802543,"Fenbendazole",0.161208251344492,0.169640933131283,"rep2","cells_DNA_Radial","Columbus"
"438",0.00529376635743588,"Fenbendazole",0.000959305490166998,0.0106952730603575,"rep2","cells_Mito_Radial","Columbus"
"439",0.0495984018757537,"Fenbendazole",0.0172924323385079,0.193100558111588,"rep2","cells_Mito_Axial","Columbus"
"440",0.566783502010499,"Fenbendazole",0.550441920890926,0.585785574356684,"rep2","cells_Mito_Compactness","Columbus"
"441",0.103071885391202,"Fenbendazole",0.0788086603450446,0.139807967320353,"rep2","cells_AGP_Radial","Columbus"
"442",0.274259896648188,"Fenbendazole",0.22823476480841,0.338949672815271,"rep2","cells_AGP_Axial","Columbus"
"443",0.102521247867008,"Fenbendazole",0.0775734638693207,0.147390856188264,"rep2","cells_AGP_Compactness","Columbus"
"444",0.000482904894991453,"Fenbendazole",0.000301826362905966,0.000801676769110219,"rep2","cells_AGP_Symmetry","Columbus"
"445",0.0178552448379645,"Fenbendazole",0.010955374579975,0.0335638861468956,"rep2","cells_ER_Radial","Columbus"
"446",0.177518739320946,"Fenbendazole",0.175168224238909,0.180016546236062,"rep2","nuclei_DNA_Profile","Columbus"
"447",0.0547029849264938,"Fenbendazole",0.0494275064464289,0.0615550765260216,"rep2","nuclei_DNA_Radial","Columbus"
"448",0.304746859976131,"Fenbendazole",0.28988988864605,0.320640381730611,"rep2","nuclei_DNA_Axial","Columbus"
"449",0.221583416640463,"Fenbendazole",0.219462834448438,0.224393297332674,"rep2","nuclei_DNA_Compactness","Columbus"
"450",0.0632564707457834,"Fenbendazole",0.0530757788952887,0.0771389385809959,"rep2","nuclei_DNA_Symmetry","Columbus"
"451",0.288820196588836,"Latrunculin B",0.282821210447502,0.294358093045909,"rep2","cytoplasm_Mito_Texture","Columbus"
"452",0.616155176700487,"Latrunculin B",0.600894672781209,0.639674375279837,"rep2","cytoplasm_AGP_Texture","Columbus"
"453",0.152302972881637,"Latrunculin B",0.137318645412516,0.182728000691148,"rep2","cytoplasm_Mito_Intensity","Columbus"
"454",1.09071732693913,"Latrunculin B",1.07488454713414,1.10819947706751,"rep2","cytoplasm_AGP_Intensity","Columbus"
"455",0.347586869883332,"Latrunculin B",0.343204319775766,0.353486981001227,"rep2","cytoplasm_AGP_Profile","Columbus"
"456",0.0178366406199634,"Latrunculin B",0.0173309479379377,0.0184084206272526,"rep2","cells_Mito_Radial","Columbus"
"457",0.0453379866283304,"Latrunculin B",0.0402738604069554,0.0517313084046807,"rep2","cells_Mito_Compactness","Columbus"
"458",0.0115075807758,"Latrunculin B",0.0111397001568031,0.0119134156552349,"rep2","cells_AGP_Radial","Columbus"
"459",0.114147785865459,"Latrunculin B",0.103988535504793,0.126971294856246,"rep2","cells_AGP_Axial","Columbus"
"460",0.0334030041016435,"Latrunculin B",0.0304538500836057,0.0368707588735146,"rep2","cells_AGP_Compactness","Columbus"
"461",0.179098819003898,"Latrunculin B",0.169274618302112,0.189037288869536,"rep2","nuclei_DNA_Profile","Columbus"
"462",0.227702881261125,"Latrunculin B",0.223382215664955,0.233679967954726,"rep2","nuclei_DNA_Axial","Columbus"
"463",0.00164959103691148,"Latrunculin B",0.00109192891341783,0.00268176490046535,"rep2","nuclei_position_position","Columbus"
"464",0.00283846092837503,"Latrunculin B",0.00251554107844991,0.00322432137605951,"rep2","cells_position_position","Columbus"
"465",0.225970503975433,"Latrunculin B",0.211671110647908,0.238035510254297,"rep2","nuclei__Shape_Morph","Columbus"
"466",0.00120149799667868,"Taxol (Paclitaxel)",0.00120149799667868,0.00126253315292868,"rep2","cytoplasm_Mito_Texture","Columbus"
"467",0.012620765312964,"Taxol (Paclitaxel)",0.00478739407266415,0.0255214349714846,"rep2","cytoplasm_AGP_Texture","Columbus"
"468",0.0024018355514998,"Taxol (Paclitaxel)",0.00161521553752204,0.00341947645521894,"rep2","cytoplasm_ER_Texture","Columbus"
"469",0.00573896553722204,"Taxol (Paclitaxel)",0.00468884352176228,0.00698198282229048,"rep2","cytoplasm_AGP_Intensity","Columbus"
"470",0.0249001144148325,"Taxol (Paclitaxel)",0.0242231411307259,0.0254935925157485,"rep2","cytoplasm_ER_Intensity","Columbus"
"471",0.00692837974527156,"Taxol (Paclitaxel)",0.006033445072329,0.00785279550470012,"rep2","nuclei_DNA_Texture","Columbus"
"472",0.00862356341670473,"Taxol (Paclitaxel)",0.00814380998445442,0.00917247991245018,"rep2","nuclei_DNA_Intensity","Columbus"
"473",0.00135862545567749,"Taxol (Paclitaxel)",0.00110006082363028,0.0017315962461192,"rep2","nuclei_RNA_Texture","Columbus"
"474",0.0012293768008724,"Taxol (Paclitaxel)",0.00104387680259341,0.00149817554249138,"rep2","cells_DNA_Radial","Columbus"
"475",0.00924352496877327,"Taxol (Paclitaxel)",0.00749544069806289,0.0109386637199847,"rep2","cells_Mito_Radial","Columbus"
"476",0.0140230735312764,"Taxol (Paclitaxel)",0.0130333757549725,0.0153893237216465,"rep2","cells_Mito_Axial","Columbus"
"477",0.0025872601852603,"Taxol (Paclitaxel)",0.00155742838473635,0.00403949290610921,"rep2","cells_Mito_Compactness","Columbus"
"478",0.00504551330202796,"Taxol (Paclitaxel)",0.00368463933449975,0.0069472065923562,"rep2","cells_AGP_Radial","Columbus"
"479",0.0189136342872958,"Taxol (Paclitaxel)",0.0167829817195261,0.0208212900638554,"rep2","cells_AGP_Axial","Columbus"
"480",4.60957771150894e-05,"Taxol (Paclitaxel)",3.0385238391424e-05,8.84261059732948e-05,"rep2","cells_AGP_Symmetry","Columbus"
"481",0.00725365002967059,"Taxol (Paclitaxel)",0.00548024379274562,0.00977179370877808,"rep2","cells_ER_Radial","Columbus"
"482",0.025066959261373,"Taxol (Paclitaxel)",0.0241142193880865,0.0259850374757644,"rep2","cells_ER_Axial","Columbus"
"483",0.00148310438925776,"Taxol (Paclitaxel)",0.00138359402681856,0.00168235829441112,"rep2","nuclei_DNA_Profile","Columbus"
"484",0.000540628403768522,"Taxol (Paclitaxel)",0.000540628403768522,0.000540628403768522,"rep2","nuclei_DNA_Compactness","Columbus"
"485",0.00119730629177249,"Taxol (Paclitaxel)",0.00103568896169406,0.00133069593353303,"rep2","nuclei__Shape_Morph","Columbus"
"486",0.0420046599703626,"Etoposide",0.0388091120450925,0.0462368508414095,"rep2","cytoplasm_Mito_Texture","Columbus"
"487",0.1360470755208,"Etoposide",0.105064026514206,0.191381150180686,"rep2","cytoplasm_AGP_Texture","Columbus"
"488",0.128856656133795,"Etoposide",0.105314956171695,0.164794194429665,"rep2","cytoplasm_ER_Texture","Columbus"
"489",0.0294296055889868,"Etoposide",0.0282313526392222,0.030733922650315,"rep2","cytoplasm_Mito_Intensity","Columbus"
"490",0.254585008264795,"Etoposide",0.199611829680985,0.34330622477877,"rep2","cytoplasm_AGP_Intensity","Columbus"
"491",0.026588776632858,"Etoposide",0.0242140854746158,0.0289182318509104,"rep2","cytoplasm_ER_Intensity","Columbus"
"492",0.00441066972862201,"Etoposide",0.00280042704537332,0.0074308800261944,"rep2","cytoplasm_Mito_Profile","Columbus"
"493",0.247945628087496,"Etoposide",0.233876779601673,0.263542221055754,"rep2","cytoplasm_ER_Profile","Columbus"
"494",0.0250067035204562,"Etoposide",0.0226990350605392,0.0281043557113303,"rep2","cytoplasm_DNA_Profile","Columbus"
"495",0.00658574025249328,"Etoposide",0.00485197058384598,0.00934106451098903,"rep2","nuclei_DNA_Intensity","Columbus"
"496",0.204950340678674,"Etoposide",0.159690754540833,0.277991985215409,"rep2","nuclei_RNA_Texture","Columbus"
"497",0.136498178798378,"Etoposide",0.0987929311879458,0.229569359714418,"rep2","nuclei_RNA_Profile","Columbus"
"498",0.0150131584647777,"Etoposide",0.0121668151770045,0.0184987024081331,"rep2","nuclei_RNA_Radial","Columbus"
"499",0.00201435982503261,"Etoposide",0.00124356945586311,0.00351788593754889,"rep2","nuclei_RNA_Axial","Columbus"
"500",0.0284762647569056,"Etoposide",0.0178245418532083,0.0486039865543028,"rep2","nuclei_RNA_Compactness","Columbus"
"501",0.00126802398020373,"Etoposide",0.000945507974464186,0.00176130943845948,"rep2","nuclei_RNA_Symmetry","Columbus"
"502",0.0314413353375068,"Etoposide",0.0289280224982394,0.0336019841228717,"rep2","cells_DNA_Radial","Columbus"
"503",0.0141288126259225,"Etoposide",0.0117269445195089,0.0171525687789539,"rep2","cells_Mito_Radial","Columbus"
"504",0.0415879381868932,"Etoposide",0.0371496976429511,0.0465819398392059,"rep2","cells_Mito_Axial","Columbus"
"505",0.0934938085727403,"Etoposide",0.0832099218366854,0.107822187337822,"rep2","cells_Mito_Compactness","Columbus"
"506",0.000723615296933437,"Etoposide",0.000558226308469311,0.000983155186822268,"rep2","cells_Mito_Symmetry","Columbus"
"507",0.0159527471736477,"Etoposide",0.0141129949640347,0.017764871065609,"rep2","cells_AGP_Radial","Columbus"
"508",0.0329612566030029,"Etoposide",0.0302926279120712,0.0364595539889051,"rep2","cells_AGP_Axial","Columbus"
"509",0.0230070727636487,"Etoposide",0.0219404496559048,0.0244109637928136,"rep2","cells_AGP_Compactness","Columbus"
"510",0.00566092847650719,"Etoposide",0.0022355773068725,0.0119641657036226,"rep2","cells_AGP_Symmetry","Columbus"
"511",0.0343206994252157,"Etoposide",0.0301628313547388,0.0383640001611445,"rep2","cells_ER_Radial","Columbus"
"512",0.0364511933242782,"Etoposide",0.0338156320545477,0.0398247101150256,"rep2","cells_ER_Axial","Columbus"
"513",0.0619643033360718,"Etoposide",0.0483162948766805,0.0769722135776845,"rep2","cells_ER_Compactness","Columbus"
"514",0.00232516184233055,"Etoposide",0.00158171493147333,0.00354398841298913,"rep2","cells_ER_Symmetry","Columbus"
"515",0.0375509416425866,"Etoposide",0.0330127750186469,0.0434610107524513,"rep2","nuclei_DNA_Profile","Columbus"
"516",0.00240310047843361,"Etoposide",0.0020007301729061,0.00294532629701392,"rep2","nuclei_DNA_Radial","Columbus"
"517",0.0189840689614844,"Etoposide",0.013960056006205,0.0262004537750918,"rep2","nuclei_DNA_Axial","Columbus"
"518",0.00595185555141444,"Etoposide",0.0050167010733821,0.00727367427406787,"rep2","nuclei_DNA_Compactness","Columbus"
"519",0.00170912167947128,"Etoposide",0.00146255832992702,0.00196719244697949,"rep2","nuclei_DNA_Symmetry","Columbus"
"520",0.0011538061990753,"Etoposide",0.00090778863919199,0.00152903076648872,"rep2","nuclei_position_position","Columbus"
"521",0.000679850184560793,"Etoposide",0.000463265756955249,0.00103813327160629,"rep2","cells_position_position","Columbus"
"522",0.0873957642405769,"Etoposide",0.0849766475934061,0.0906638465746654,"rep2","nuclei__Shape_Morph","Columbus"
"523",33.2892425434619,"NPPB",21.5016720954996,64.1443677072559,"rep3","cytoplasm_AGP_Profile","Columbus"
"524",78.3152165314559,"NPPB",74.6221658009484,83.8690105245846,"rep3","cytoplasm_DNA_Profile","Columbus"
"525",78.2689814946239,"NPPB",74.2972930919918,85.1403546535437,"rep3","nuclei_DNA_Texture","Columbus"
"526",80.9876548034448,"NPPB",80.0132847971432,82.3360001067624,"rep3","nuclei_DNA_Intensity","Columbus"
"527",85.307075285208,"NPPB",81.6713552710625,91.8479848538036,"rep3","nuclei_DNA_Radial","Columbus"
"528",92.5638789154778,"Metoclopramide",73.0084415760128,128.451912032376,"rep3","cytoplasm_AGP_Intensity","Columbus"
"529",60.013776966436,"Metoclopramide",46.6836441912065,90.0199987681484,"rep3","cytoplasm_ER_Intensity","Columbus"
"530",21.9304062559833,"Metoclopramide",12.5415377152236,40.6947883494947,"rep3","cytoplasm_ER_Profile","Columbus"
"531",93.1406778081155,"Metoclopramide",90.1841687192446,97.4147402595757,"rep3","nuclei_RNA_Profile","Columbus"
"532",0.130407954793724,"Metoclopramide",0.0125457871174969,0.429867013269332,"rep3","nuclei_RNA_Radial","Columbus"
"533",8.06697918533799,"Ca-074-Me",7.84908744700396,8.30023510750794,"rep3","cytoplasm_AGP_Texture","Columbus"
"534",1.94312233471678,"Ca-074-Me",0.991955963674998,2.42640299741284,"rep3","cytoplasm_ER_Texture","Columbus"
"535",1.4899391732425,"Ca-074-Me",0.985837628990312,2.12670629806465,"rep3","cytoplasm_ER_Intensity","Columbus"
"536",3.72394355617212,"Ca-074-Me",3.37429658021494,4.12243382587623,"rep3","cytoplasm_AGP_Profile","Columbus"
"537",1.38424632349898,"Ca-074-Me",1.1787847003864,1.71844466599445,"rep3","cytoplasm_ER_Profile","Columbus"
"538",2.97613181160434,"Ca-074-Me",2.87413354462031,3.10917353280091,"rep3","cytoplasm_DNA_Profile","Columbus"
"539",5.81547271985813,"Ca-074-Me",5.69853808557207,5.9337298818811,"rep3","nuclei_DNA_Texture","Columbus"
"540",5.20128593484676,"Ca-074-Me",5.04339295668197,5.40255088633239,"rep3","nuclei_RNA_Intensity","Columbus"
"541",8.24981812073866,"Ca-074-Me",8.13688442738474,8.41340837256334,"rep3","nuclei_DNA_Intensity","Columbus"
"542",7.77888705264487,"Ca-074-Me",7.13356573902852,8.7673839504351,"rep3","nuclei_RNA_Texture","Columbus"
"543",0.613050678484541,"Ca-074-Me",0.308007056078372,1.24357553289274,"rep3","nuclei_RNA_Profile","Columbus"
"544",3.35660296141114,"Ca-074-Me",3.26643741391086,3.43676200759278,"rep3","nuclei_RNA_Radial","Columbus"
"545",2.98117535390322,"Ca-074-Me",2.67252127097854,3.40710427160731,"rep3","nuclei_RNA_Axial","Columbus"
"546",3.51918883987359,"Ca-074-Me",3.32787238771352,3.7735316850967,"rep3","nuclei_RNA_Compactness","Columbus"
"547",0.405348902531266,"Ca-074-Me",0.382231770208032,0.430828305595113,"rep3","nuclei_RNA_Symmetry","Columbus"
"548",1.29202227780806,"Ca-074-Me",1.0936155012403,1.49031074174785,"rep3","cells_DNA_Radial","Columbus"
"549",4.1285626293785,"Ca-074-Me",3.2326171577403,5.64621528257133,"rep3","cells_Mito_Radial","Columbus"
"550",2.02833435760707,"Ca-074-Me",1.04566766245764,2.54885291842821,"rep3","cells_Mito_Axial","Columbus"
"551",1.40441208913615,"Ca-074-Me",1.26924550989146,1.56930524701788,"rep3","cells_AGP_Radial","Columbus"
"552",9.09025950439957,"Ca-074-Me",8.66112439630137,9.77501052977024,"rep3","cells_AGP_Axial","Columbus"
"553",0.447571747349931,"Ca-074-Me",0.399508514569464,0.504956146900806,"rep3","cells_AGP_Compactness","Columbus"
"554",0.212216098968627,"Ca-074-Me",0.181498126624838,0.251686606713092,"rep3","cells_AGP_Symmetry","Columbus"
"555",1.63928107109555,"Ca-074-Me",1.49273309788855,1.81349038952025,"rep3","cells_ER_Radial","Columbus"
"556",1.39797581732737,"Ca-074-Me",1.07667780877193,1.77102959972617,"rep3","cells_ER_Axial","Columbus"
"557",0.142379301329536,"Ca-074-Me",0.111883148378751,0.188870839521044,"rep3","cells_ER_Compactness","Columbus"
"558",0.0144043871237853,"Ca-074-Me",0.0118807525952227,0.0176995452305236,"rep3","cells_ER_Symmetry","Columbus"
"559",2.21164644241571,"Ca-074-Me",1.16242496567461,2.8036360975472,"rep3","nuclei_DNA_Profile","Columbus"
"560",2.49598199405936,"Ca-074-Me",2.41140958155954,2.58374193732388,"rep3","nuclei_DNA_Radial","Columbus"
"561",3.07646677202793,"Ca-074-Me",3.00475268086606,3.16133841927959,"rep3","nuclei_DNA_Axial","Columbus"
"562",5.37452327533213,"Ca-074-Me",5.3184105522284,5.4300429720366,"rep3","nuclei_DNA_Compactness","Columbus"
"563",2.28067595873801,"Ca-074-Me",2.21600259536876,2.35925068819489,"rep3","nuclei_DNA_Symmetry","Columbus"
"564",1.53797292189844,"Tetrandrine",1.41588187965428,1.67080198585929,"rep3","cytoplasm_Mito_Texture","Columbus"
"565",1.10024320878459,"Tetrandrine",1.08793168417403,1.11367285024767,"rep3","cytoplasm_AGP_Texture","Columbus"
"566",2.55083195623884,"Tetrandrine",2.30245709255409,2.86074671476862,"rep3","cytoplasm_ER_Texture","Columbus"
"567",1.73647047381427,"Tetrandrine",1.61998490442178,1.84636898058704,"rep3","cytoplasm_Mito_Intensity","Columbus"
"568",1.39253551241087,"Tetrandrine",1.36602764169278,1.41616547131863,"rep3","cytoplasm_AGP_Intensity","Columbus"
"569",2.42758775826607,"Tetrandrine",2.3405872314138,2.5012461650541,"rep3","cytoplasm_ER_Intensity","Columbus"
"570",2.51451770990684,"Tetrandrine",2.46832579558412,2.56719370354185,"rep3","cytoplasm_Mito_Profile","Columbus"
"571",1.14269872435297,"Tetrandrine",1.12492101057343,1.16337840215168,"rep3","cytoplasm_AGP_Profile","Columbus"
"572",0.156633184410746,"Tetrandrine",0.146513990095363,0.168004064683904,"rep3","cytoplasm_ER_Profile","Columbus"
"573",8.91743330817927,"Tetrandrine",8.86972398830266,8.9767538519149,"rep3","cytoplasm_DNA_Profile","Columbus"
"574",4.58998904958126,"Tetrandrine",4.04685909372458,5.18391523560544,"rep3","nuclei_RNA_Profile","Columbus"
"575",0.136060541432063,"Tetrandrine",0.066936877304009,0.365470761253826,"rep3","nuclei_RNA_Radial","Columbus"
"576",3.04255675999405,"Tetrandrine",2.43439076185156,4.07265152937076,"rep3","nuclei_RNA_Compactness","Columbus"
"577",4.47526799883998,"Tetrandrine",4.36687292367635,4.6400538234178,"rep3","cells_Mito_Radial","Columbus"
"578",4.16760891188939,"Tetrandrine",4.00765619676448,4.31722294731963,"rep3","cells_Mito_Axial","Columbus"
"579",1.96546911596298,"Tetrandrine",1.70972069633374,2.21417262541386,"rep3","cells_Mito_Compactness","Columbus"
"580",0.0462345554613175,"Tetrandrine",0.0428060086937652,0.0505541677913231,"rep3","cells_Mito_Symmetry","Columbus"
"581",1.02341420168584,"Tetrandrine",0.993919032380275,1.07051604916851,"rep3","cells_AGP_Radial","Columbus"
"582",0.955297084698817,"Tetrandrine",0.91369351121003,0.987120785349268,"rep3","cells_AGP_Compactness","Columbus"
"583",0.946866012376367,"Tetrandrine",0.871836054215372,1.03150908560729,"rep3","cells_AGP_Symmetry","Columbus"
"584",4.58666503924037,"Tetrandrine",3.22240813421468,8.25645020646625,"rep3","cells_ER_Radial","Columbus"
"585",10.1910812547475,"Tetrandrine",9.9050670871482,10.7057095617453,"rep3","cells_ER_Axial","Columbus"
"586",0.12001708395366,"Tetrandrine",0.0924683721293867,0.161697370202628,"rep3","cells_ER_Compactness","Columbus"
"587",6.77869919354403,"Tetrandrine",6.5223998882722,7.10357008696322,"rep3","nuclei_DNA_Compactness","Columbus"
"588",0.00912143220897729,"Tetrandrine",0.00514670403984796,0.0189027789392819,"rep3","cells_position_position","Columbus"
"589",0.719584184198683,"Etoposide",0.687728174199288,0.761417498420919,"rep3","cytoplasm_Mito_Texture","Columbus"
"590",6.18739115992046,"Etoposide",3.7893362631933,6.90491299023419,"rep3","cytoplasm_AGP_Texture","Columbus"
"591",2.87088488329177,"Etoposide",2.65510339570957,3.09299942087563,"rep3","cytoplasm_ER_Texture","Columbus"
"592",2.06520666642739,"Etoposide",1.94461692351876,2.20171534346087,"rep3","cytoplasm_Mito_Intensity","Columbus"
"593",2.49744606707791,"Etoposide",2.36031712636919,2.68752213061987,"rep3","cytoplasm_AGP_Intensity","Columbus"
"594",0.167187515792071,"Etoposide",0.151628396369766,0.187922435312066,"rep3","cytoplasm_ER_Intensity","Columbus"
"595",0.499517909829073,"Etoposide",0.290034018718126,0.919469438411964,"rep3","cytoplasm_AGP_Profile","Columbus"
"596",0.127016157231488,"Etoposide",0.0681872869877513,0.239223661883891,"rep3","cytoplasm_ER_Profile","Columbus"
"597",0.155200127980329,"Etoposide",0.127819615644292,0.195552378908266,"rep3","cytoplasm_DNA_Profile","Columbus"
"598",0.221411026308089,"Etoposide",0.0565101312946995,0.559808753599996,"rep3","nuclei_DNA_Texture","Columbus"
"599",0.305057864174306,"Etoposide",0.277545120572209,0.481912915256486,"rep3","nuclei_RNA_Intensity","Columbus"
"600",0.462707450561499,"Etoposide",0.40246498989984,0.516011701257752,"rep3","nuclei_DNA_Intensity","Columbus"
"601",0.287521351591385,"Etoposide",0.141710913184014,0.643868426056469,"rep3","nuclei_RNA_Texture","Columbus"
"602",0.564947151083961,"Etoposide",0.488225657723829,0.673899509069048,"rep3","nuclei_RNA_Profile","Columbus"
"603",0.0504099384446526,"Etoposide",0.0370444121310985,0.0682731605537092,"rep3","nuclei_RNA_Radial","Columbus"
"604",0.110505622488729,"Etoposide",0.0779968798474266,0.144054035331353,"rep3","nuclei_RNA_Axial","Columbus"
"605",0.128004813550436,"Etoposide",0.0857035815814711,0.19025254520819,"rep3","nuclei_RNA_Compactness","Columbus"
"606",0.0349189216313752,"Etoposide",0.0207477810266387,0.0540166850835532,"rep3","nuclei_RNA_Symmetry","Columbus"
"607",0.106951975870831,"Etoposide",0.0965060097897279,0.122209835235756,"rep3","cells_DNA_Radial","Columbus"
"608",1.10826404597159,"Etoposide",0.993987672544167,1.22254332805109,"rep3","cells_Mito_Radial","Columbus"
"609",0.188398067884878,"Etoposide",0.169402194591542,0.209412073118556,"rep3","cells_Mito_Axial","Columbus"
"610",0.63958010582248,"Etoposide",0.475229996111233,0.821243283952375,"rep3","cells_Mito_Compactness","Columbus"
"611",0.00121572817766407,"Etoposide",0.000908830213571703,0.00163367233571092,"rep3","cells_Mito_Symmetry","Columbus"
"612",0.0673691126165428,"Etoposide",0.063222194246469,0.072243964789143,"rep3","cells_AGP_Radial","Columbus"
"613",0.233267666939995,"Etoposide",0.201568688522835,0.269846186935947,"rep3","cells_AGP_Axial","Columbus"
"614",0.148396041987094,"Etoposide",0.131832227374885,0.165694894961972,"rep3","cells_AGP_Compactness","Columbus"
"615",0.0641664085510838,"Etoposide",0.0478145987050081,0.0831141348433703,"rep3","cells_AGP_Symmetry","Columbus"
"616",0.186335689977113,"Etoposide",0.164732403634284,0.21048491574648,"rep3","cells_ER_Radial","Columbus"
"617",0.0515011870533021,"Etoposide",0.0433959512044623,0.0611324752069831,"rep3","cells_ER_Axial","Columbus"
"618",2.53696530241169,"Etoposide",2.31382342046007,2.82520576672382,"rep3","nuclei_DNA_Profile","Columbus"
"619",0.118774518065355,"Etoposide",0.0962022782689658,0.145860336916001,"rep3","nuclei_DNA_Radial","Columbus"
"620",0.134938532032167,"Etoposide",0.108242079236576,0.171470025919172,"rep3","nuclei_DNA_Axial","Columbus"
"621",0.170339021465741,"Etoposide",0.132076930725668,0.227769002387689,"rep3","nuclei_DNA_Compactness","Columbus"
"622",0.0625034459603859,"Etoposide",0.0480376003774685,0.0783412992650681,"rep3","nuclei_DNA_Symmetry","Columbus"
"623",0.0250680875753076,"Etoposide",0.0206665624104507,0.0309623447525757,"rep3","nuclei_position_position","Columbus"
"624",0.0519915114964141,"Etoposide",0.0375058804624409,0.0755736923241877,"rep3","cells_position_position","Columbus"
"625",0.1601793383656,"Etoposide",0.132462583046769,0.199064464666676,"rep3","nuclei__Shape_Morph","Columbus"
"626",9.00846167504982,"Fluphenazine",8.96514004802776,9.0569282347084,"rep3","cytoplasm_AGP_Texture","Columbus"
"627",2.63181466490933,"Fluphenazine",2.05093711954049,3.65580544555135,"rep3","cytoplasm_ER_Texture","Columbus"
"628",1.09073911864908,"Fluphenazine",0.915884879518179,1.36689294226277,"rep3","cytoplasm_Mito_Intensity","Columbus"
"629",0.017725587434745,"Fluphenazine",0.0088957444398854,0.0466952303274345,"rep3","cytoplasm_Mito_Profile","Columbus"
"630",5.29166850787693,"Fluphenazine",5.11860581790693,5.49076715691894,"rep3","cytoplasm_AGP_Profile","Columbus"
"631",7.58705802670126,"Fluphenazine",6.88856913235023,9.49826094126661,"rep3","cytoplasm_DNA_Profile","Columbus"
"632",9.57881896720716,"Fluphenazine",9.20862893687312,10.0749142530109,"rep3","nuclei_DNA_Texture","Columbus"
"633",10.210630328562,"Fluphenazine",9.95450010855939,10.5551735781698,"rep3","cells_DNA_Radial","Columbus"
"634",8.13340116472529,"Fluphenazine",7.63270071963323,8.86159061713977,"rep3","cells_AGP_Compactness","Columbus"
"635",4.13314991516293,"Fluphenazine",1.24804636846168,25.2176423357434,"rep3","cells_ER_Axial","Columbus"
"636",5.20337540971624,"Fluphenazine",3.77734185814565,7.9231257547386,"rep3","nuclei_DNA_Compactness","Columbus"
"637",9.81669254611095,"Fluphenazine",9.67110483872519,9.98117045838569,"rep3","nuclei_DNA_Symmetry","Columbus"
"638",6.40099080052226,"Berberine Chloride",5.85749336172793,6.97533444725944,"rep3","cytoplasm_Mito_Texture","Columbus"
"639",15.3506394540189,"Berberine Chloride",14.256354700617,16.5018959368347,"rep3","cytoplasm_Mito_Intensity","Columbus"
"640",16.0612843958169,"Berberine Chloride",15.5192490690001,16.5852557901058,"rep3","cytoplasm_Mito_Profile","Columbus"
"641",3.04711947723824,"Berberine Chloride",1.79486143456791,5.74884239756856,"rep3","cytoplasm_AGP_Profile","Columbus"
"642",1.98475827497219,"Berberine Chloride",1.18499665360674,3.61667116574326,"rep3","cytoplasm_ER_Profile","Columbus"
"643",29.812621749526,"Berberine Chloride",25.1513562471089,35.9715985930828,"rep3","nuclei_DNA_Texture","Columbus"
"644",20.5495222300553,"Berberine Chloride",17.1151671513373,26.9326591331901,"rep3","nuclei_RNA_Profile","Columbus"
"645",2.80902060008101,"Berberine Chloride",2.67052729322214,2.97276233967902,"rep3","nuclei_RNA_Radial","Columbus"
"646",22.2663154273408,"Berberine Chloride",12.1565132723784,27.1299601413973,"rep3","nuclei_RNA_Axial","Columbus"
"647",32.5756444632246,"Berberine Chloride",28.794751548135,39.0136259339735,"rep3","cells_DNA_Radial","Columbus"
"648",24.5732406923425,"Berberine Chloride",24.1484455730691,25.0072478526858,"rep3","cells_Mito_Radial","Columbus"
"649",42.019103006118,"Berberine Chloride",34.0531803590942,54.4493313376633,"rep3","cells_Mito_Axial","Columbus"
"650",0.430064843088577,"Berberine Chloride",0.334722022685846,0.53476070762344,"rep3","cells_Mito_Compactness","Columbus"
"651",1.23702980328891,"Berberine Chloride",1.11464930996758,1.36968598914641,"rep3","cells_Mito_Symmetry","Columbus"
"652",41.1115120377267,"Berberine Chloride",33.0407214164628,53.5151692693199,"rep3","cells_AGP_Radial","Columbus"
"653",43.2349177238624,"Berberine Chloride",34.8127622325643,54.3666840501906,"rep3","cells_AGP_Compactness","Columbus"
"654",22.9172335370473,"Berberine Chloride",11.1447466342925,58.4096346724273,"rep3","cells_AGP_Symmetry","Columbus"
"655",43.2024088626785,"Berberine Chloride",31.3978076910283,66.4217991320539,"rep3","cells_ER_Radial","Columbus"
"656",78.6652423604257,"Berberine Chloride",57.0675477052834,124.725296592675,"rep3","cells_ER_Axial","Columbus"
"657",1.54662111842465,"Berberine Chloride",1.06666997830137,2.34579338784026,"rep3","cells_ER_Compactness","Columbus"
"658",0.00630658082595252,"Berberine Chloride",0.00189107173532536,0.0198824980507554,"rep3","cells_ER_Symmetry","Columbus"
"659",9.93447815468946,"Berberine Chloride",9.23398659023489,11.1941344299321,"rep3","nuclei_DNA_Radial","Columbus"
"660",25.5805303633718,"Berberine Chloride",13.2884418304446,31.9075079148372,"rep3","nuclei_DNA_Axial","Columbus"
"661",31.5353657782521,"Berberine Chloride",24.4334893789471,46.7990514656119,"rep3","nuclei_DNA_Compactness","Columbus"
"662",12.6963870994527,"Berberine Chloride",11.2782108392622,15.7574660169649,"rep3","nuclei_DNA_Symmetry","Columbus"
"663",2.87422683344771,"Rapamycin",1.95893150179769,4.08188740892919,"rep3","cytoplasm_Mito_Texture","Columbus"
"664",0.145844585959729,"Rapamycin",0.0688615355427721,0.191401343739437,"rep3","cytoplasm_AGP_Texture","Columbus"
"665",0.10435545014298,"Rapamycin",0.0755168491170234,0.141245497643828,"rep3","cytoplasm_ER_Texture","Columbus"
"666",1.82172402287468,"Rapamycin",0.929068943313984,3.74452315181397,"rep3","cytoplasm_AGP_Intensity","Columbus"
"667",0.916755542383597,"Rapamycin",0.605041349894247,1.49952689859352,"rep3","cytoplasm_ER_Intensity","Columbus"
"668",3.5486897707764,"Rapamycin",3.34804583523038,3.79664138488709,"rep3","cytoplasm_Mito_Profile","Columbus"
"669",0.127347605670191,"Rapamycin",0.0712904399665803,0.160602568260516,"rep3","cytoplasm_AGP_Profile","Columbus"
"670",0.00907742192241149,"Rapamycin",0.00804763887375728,0.0104509173863743,"rep3","cytoplasm_ER_Profile","Columbus"
"671",0.0221855279789707,"Rapamycin",0.0182468068216465,0.0273366780789337,"rep3","cytoplasm_DNA_Profile","Columbus"
"672",0.489178656916952,"Rapamycin",0.44468872302379,0.540908322628334,"rep3","nuclei_DNA_Texture","Columbus"
"673",0.0128670867789193,"Rapamycin",0.00884008089730082,0.0198799497021351,"rep3","nuclei_RNA_Intensity","Columbus"
"674",0.781127427932481,"Rapamycin",0.654681359026337,0.943968297127413,"rep3","nuclei_DNA_Intensity","Columbus"
"675",0.00250266995533643,"Rapamycin",0.00135492199609964,0.00454472656950495,"rep3","nuclei_RNA_Texture","Columbus"
"676",0.0279568733429413,"Rapamycin",0.0219811065003994,0.0367713137685528,"rep3","nuclei_RNA_Profile","Columbus"
"677",0.0175059384239913,"Rapamycin",0.0133197629298433,0.0243314372759186,"rep3","nuclei_RNA_Compactness","Columbus"
"678",0.0210713721289658,"Rapamycin",0.0105887609487287,0.0426353593491042,"rep3","cells_DNA_Radial","Columbus"
"679",0.378419551136174,"Rapamycin",0.2511215148571,0.580484520926867,"rep3","cells_Mito_Radial","Columbus"
"680",0.0205343043813095,"Rapamycin",0.0172169934583249,0.0248799810824786,"rep3","cells_Mito_Axial","Columbus"
"681",0.884037061738681,"Rapamycin",0.723612226905969,1.11177308210016,"rep3","cells_Mito_Compactness","Columbus"
"682",0.201860172281325,"Rapamycin",0.0979997308097132,0.369015187130419,"rep3","cells_AGP_Radial","Columbus"
"683",11.3076863072473,"Rapamycin",10.8313150840789,11.9040240079366,"rep3","cells_AGP_Axial","Columbus"
"684",0.0312014488392731,"Rapamycin",0.018498004296027,0.0511391278900297,"rep3","cells_ER_Radial","Columbus"
"685",0.0959359955091111,"Rapamycin",0.0865642029902266,0.108934371027851,"rep3","cells_ER_Axial","Columbus"
"686",0.0012238223115057,"Rapamycin",0.000988342006226204,0.00160625536252418,"rep3","cells_ER_Compactness","Columbus"
"687",25.5450565915392,"Amperozide",25.124399601043,25.8924348059464,"rep3","cytoplasm_AGP_Texture","Columbus"
"688",7.69030218849883,"Amperozide",6.81920529687511,8.81941292861509,"rep3","cytoplasm_ER_Texture","Columbus"
"689",0.399326336355324,"Amperozide",0.351566598202769,0.471800786689215,"rep3","cytoplasm_AGP_Intensity","Columbus"
"690",0.0721580374853382,"Amperozide",0.0453740699625993,0.121063676014255,"rep3","cytoplasm_Mito_Profile","Columbus"
"691",8.19321840967946,"Amperozide",8.08983683549453,8.32418121485976,"rep3","cytoplasm_AGP_Profile","Columbus"
"692",13.2908695621484,"Amperozide",13.1082060802173,13.551346114678,"rep3","cytoplasm_DNA_Profile","Columbus"
"693",25.836987559601,"Amperozide",25.3522616709199,26.5069567237413,"rep3","nuclei_DNA_Texture","Columbus"
"694",42.3996967568498,"Amperozide",40.475581957755,44.5809496663817,"rep3","nuclei_DNA_Intensity","Columbus"
"695",0.335708132411328,"Amperozide",0.285404588981392,0.423784717280223,"rep3","nuclei_RNA_Texture","Columbus"
"696",15.2729244810122,"Amperozide",14.2691595228764,16.3840276563491,"rep3","nuclei_RNA_Profile","Columbus"
"697",53.0226310927144,"Amperozide",50.9864803560255,56.2161560293601,"rep3","nuclei_RNA_Axial","Columbus"
"698",21.9995018291167,"Amperozide",21.5598428633164,22.5199293443003,"rep3","cells_DNA_Radial","Columbus"
"699",0.73836005598033,"Amperozide",0.366798751553616,1.70563040434455,"rep3","cells_Mito_Radial","Columbus"
"700",40.1206073742058,"Amperozide",39.1988770084602,40.4566390944708,"rep3","cells_Mito_Axial","Columbus"
"701",0.00495945713124553,"Amperozide",0.00110152805080688,0.0189143528706189,"rep3","cells_Mito_Compactness","Columbus"
"702",0.0675719670519362,"Amperozide",0.0586714425090068,0.0823097984393732,"rep3","cells_Mito_Symmetry","Columbus"
"703",15.0531367878637,"Amperozide",14.7054915354325,15.4674079150668,"rep3","cells_AGP_Radial","Columbus"
"704",29.2028997989364,"Amperozide",28.7566472358649,29.4829770280409,"rep3","cells_AGP_Axial","Columbus"
"705",14.4947816808359,"Amperozide",12.8538223844139,15.9108526882925,"rep3","cells_AGP_Compactness","Columbus"
"706",0.0577354770416042,"Amperozide",0.0290639300426901,0.129169158812634,"rep3","cells_ER_Radial","Columbus"
"707",20.2965547944587,"Amperozide",19.4629369338644,20.6507573000292,"rep3","cells_ER_Axial","Columbus"
"708",21.6566694417195,"Amperozide",20.7631111893385,22.5105428466717,"rep3","nuclei_DNA_Profile","Columbus"
"709",28.4878031997586,"Amperozide",27.462471100353,29.7012601746746,"rep3","nuclei_DNA_Radial","Columbus"
"710",4.40891243366771,"Amperozide",4.11544612792303,4.78614598687995,"rep3","nuclei_DNA_Compactness","Columbus"
"711",18.6784061272834,"Amperozide",18.3694849977035,19.1308865509679,"rep3","nuclei_DNA_Symmetry","Columbus"
"712",2.5530303783591,"Latrunculin B",2.486998745449,2.63093637105658,"rep3","cytoplasm_Mito_Texture","Columbus"
"713",0.775771482147965,"Latrunculin B",0.722323720202154,0.847284845716208,"rep3","cytoplasm_AGP_Texture","Columbus"
"714",0.693685664733809,"Latrunculin B",0.681852300516163,0.707357056374809,"rep3","cytoplasm_ER_Texture","Columbus"
"715",1.1729265098556,"Latrunculin B",1.09686824546255,1.29305538763809,"rep3","cytoplasm_Mito_Intensity","Columbus"
"716",0.489347094190792,"Latrunculin B",0.454915828546367,0.534695503536415,"rep3","cytoplasm_AGP_Intensity","Columbus"
"717",0.348873861869332,"Latrunculin B",0.342514836516315,0.355673985789328,"rep3","cytoplasm_ER_Intensity","Columbus"
"718",0.609361844134155,"Latrunculin B",0.595530235560381,0.621874795706809,"rep3","cytoplasm_Mito_Profile","Columbus"
"719",0.219337665549027,"Latrunculin B",0.206921788350479,0.232356662610105,"rep3","cytoplasm_AGP_Profile","Columbus"
"720",0.0846063780545174,"Latrunculin B",0.0827376743101763,0.0865701287625964,"rep3","cytoplasm_DNA_Profile","Columbus"
"721",0.611236322123354,"Latrunculin B",0.575720170395456,0.647014435926007,"rep3","nuclei_DNA_Texture","Columbus"
"722",0.821353545878867,"Latrunculin B",0.813727270983199,0.829056541287481,"rep3","nuclei_RNA_Intensity","Columbus"
"723",0.384404102375063,"Latrunculin B",0.365697615190532,0.405752421482923,"rep3","nuclei_DNA_Intensity","Columbus"
"724",1.51485439296132,"Latrunculin B",1.46364423325066,1.58477348797975,"rep3","nuclei_RNA_Texture","Columbus"
"725",0.180572965110098,"Latrunculin B",0.178242677436122,0.182992211928497,"rep3","nuclei_RNA_Profile","Columbus"
"726",0.841995891905172,"Latrunculin B",0.794149510928828,0.886362421884893,"rep3","nuclei_RNA_Axial","Columbus"
"727",0.288110928759457,"Latrunculin B",0.283248565741341,0.293418221731502,"rep3","nuclei_RNA_Compactness","Columbus"
"728",0.501416740217773,"Latrunculin B",0.30672507303226,0.579135675064513,"rep3","cells_DNA_Radial","Columbus"
"729",0.684715028323812,"Latrunculin B",0.658328298436606,0.715194402150486,"rep3","cells_Mito_Axial","Columbus"
"730",0.253246824352239,"Latrunculin B",0.245107131539295,0.261643527887299,"rep3","cells_Mito_Compactness","Columbus"
"731",0.324195697737414,"Latrunculin B",0.305508337272819,0.34277408172724,"rep3","cells_AGP_Radial","Columbus"
"732",1.36803870095668,"Latrunculin B",1.32951036577818,1.41010699268938,"rep3","cells_AGP_Axial","Columbus"
"733",0.0149613859009414,"Latrunculin B",0.0137827321531992,0.0161340046130025,"rep3","cells_AGP_Compactness","Columbus"
"734",0.298916148616843,"Latrunculin B",0.2828121642051,0.315681116855334,"rep3","cells_ER_Radial","Columbus"
"735",0.331484175641517,"Latrunculin B",0.314386675865194,0.351631472570786,"rep3","cells_ER_Axial","Columbus"
"736",0.241613215927957,"Latrunculin B",0.225351335807284,0.260343423351252,"rep3","cells_ER_Compactness","Columbus"
"737",0.125444918888874,"Latrunculin B",0.120728137520508,0.13003687908421,"rep3","nuclei_DNA_Profile","Columbus"
"738",0.169680944466511,"Latrunculin B",0.161453648099727,0.179756826200301,"rep3","nuclei_DNA_Radial","Columbus"
"739",0.213353026602057,"Latrunculin B",0.204724178192264,0.222788792673904,"rep3","nuclei_DNA_Axial","Columbus"
"740",0.37018592686886,"Latrunculin B",0.275656214154927,0.481876024758782,"rep3","nuclei_DNA_Compactness","Columbus"
"741",0.81617358488575,"Latrunculin B",0.606272299850549,1.17107078231119,"rep3","nuclei_position_position","Columbus"
"742",0.697176848832409,"Latrunculin B",0.600586313375555,0.847114676979102,"rep3","cells_position_position","Columbus"
"743",0.302931490974633,"Latrunculin B",0.259151346634762,0.35121353426761,"rep3","nuclei__Shape_Morph","Columbus"
"744",0.0632731185804918,"Fenbendazole",0.0580037538967784,0.0694722399688301,"rep3","cytoplasm_AGP_Profile","Columbus"
"745",0.0364771556978058,"Fenbendazole",0.0320579841326392,0.0429860157936339,"rep3","cytoplasm_ER_Profile","Columbus"
"746",0.538980346126218,"Fenbendazole",0.527769917257751,0.553066215318177,"rep3","cytoplasm_DNA_Profile","Columbus"
"747",0.300184599752609,"Fenbendazole",0.282307638966641,0.323032546230012,"rep3","nuclei_DNA_Texture","Columbus"
"748",0.580924881821105,"Fenbendazole",0.569601635361396,0.596171706734734,"rep3","nuclei_DNA_Intensity","Columbus"
"749",0.206949506271246,"Fenbendazole",0.170655156940025,0.265053833857224,"rep3","nuclei_RNA_Profile","Columbus"
"750",0.00307853549983885,"Fenbendazole",0.00202823230163562,0.00546930937534703,"rep3","nuclei_RNA_Radial","Columbus"
"751",0.327469604813925,"Fenbendazole",0.240993583819616,0.503744921003586,"rep3","nuclei_RNA_Axial","Columbus"
"752",0.115623594302848,"Fenbendazole",0.102118629638353,0.132548794340017,"rep3","nuclei_RNA_Compactness","Columbus"
"753",0.000538512289828276,"Fenbendazole",0.000319055989216565,0.0010133797367945,"rep3","nuclei_RNA_Symmetry","Columbus"
"754",0.52551128450194,"Fenbendazole",0.519797036873173,0.531803518659011,"rep3","cells_DNA_Radial","Columbus"
"755",0.0704134139726017,"Fenbendazole",0.0304704969801075,0.219887610177709,"rep3","cells_AGP_Compactness","Columbus"
"756",0.105453941382577,"Fenbendazole",0.0870081984701133,0.136189110338725,"rep3","cells_ER_Compactness","Columbus"
"757",0.44425381742763,"Fenbendazole",0.423910608470839,0.468580296175559,"rep3","nuclei_DNA_Profile","Columbus"
"758",0.15192343265654,"Fenbendazole",0.123105577540655,0.195873228343232,"rep3","nuclei_DNA_Radial","Columbus"
"759",0.54691101438762,"Fenbendazole",0.540136775696693,0.55447493767119,"rep3","nuclei_DNA_Axial","Columbus"
"760",0.385661680632991,"Fenbendazole",0.37325184589632,0.40017722648206,"rep3","nuclei_DNA_Compactness","Columbus"
"761",0.211117366425697,"Fenbendazole",0.166802743501088,0.293092263473211,"rep3","nuclei_DNA_Symmetry","Columbus"
"762",0.0113754059993663,"Taxol (Paclitaxel)",0.0109647929277086,0.0119213019902375,"rep3","cytoplasm_Mito_Texture","Columbus"
"763",0.0755201760476745,"Taxol (Paclitaxel)",0.0673884456423437,0.0895195853731364,"rep3","cytoplasm_AGP_Texture","Columbus"
"764",0.0430045964745313,"Taxol (Paclitaxel)",0.0163945242933757,0.0882216151695764,"rep3","cytoplasm_ER_Texture","Columbus"
"765",0.366886691551323,"Taxol (Paclitaxel)",0.361164189230223,0.373589756371182,"rep3","cytoplasm_Mito_Intensity","Columbus"
"766",0.0817902237731568,"Taxol (Paclitaxel)",0.0664094392487723,0.103028576022937,"rep3","cytoplasm_AGP_Intensity","Columbus"
"767",0.221749879133601,"Taxol (Paclitaxel)",0.150564609811154,0.430176582375339,"rep3","cytoplasm_ER_Intensity","Columbus"
"768",0.0466331016441151,"Taxol (Paclitaxel)",0.0457195617449286,0.0478092923601007,"rep3","cytoplasm_Mito_Profile","Columbus"
"769",0.00512093741630395,"Taxol (Paclitaxel)",0.00410675067139471,0.00641974083235142,"rep3","cytoplasm_AGP_Profile","Columbus"
"770",0.00210263555311716,"Taxol (Paclitaxel)",0.00178603742037498,0.00239497458909924,"rep3","cytoplasm_ER_Profile","Columbus"
"771",0.0122750355311958,"Taxol (Paclitaxel)",0.0112236993735972,0.0135730377273959,"rep3","nuclei_DNA_Texture","Columbus"
"772",0.261222049164192,"Taxol (Paclitaxel)",0.174016310050789,0.389163820473304,"rep3","nuclei_RNA_Intensity","Columbus"
"773",0.0100964344739741,"Taxol (Paclitaxel)",0.00956347572725608,0.0107717591273331,"rep3","nuclei_DNA_Intensity","Columbus"
"774",0.0139544081005778,"Taxol (Paclitaxel)",0.0111320347996262,0.0166144959607139,"rep3","nuclei_RNA_Texture","Columbus"
"775",0.00389678671021972,"Taxol (Paclitaxel)",0.00345081648215236,0.00442053088571778,"rep3","nuclei_RNA_Profile","Columbus"
"776",0.00440425276053926,"Taxol (Paclitaxel)",0.00414158381768387,0.00472958116312178,"rep3","nuclei_RNA_Radial","Columbus"
"777",0.0150056592287909,"Taxol (Paclitaxel)",0.0136305097890744,0.0163701793592101,"rep3","nuclei_RNA_Axial","Columbus"
"778",0.00532377474956778,"Taxol (Paclitaxel)",0.00435915645842492,0.00646119500001263,"rep3","nuclei_RNA_Compactness","Columbus"
"779",0.000426198554371745,"Taxol (Paclitaxel)",0.000366242773611618,0.000517799165656235,"rep3","cells_DNA_Radial","Columbus"
"780",0.00937627075845146,"Taxol (Paclitaxel)",0.0033929366560092,0.0206388826838441,"rep3","cells_Mito_Radial","Columbus"
"781",0.0236536566300769,"Taxol (Paclitaxel)",0.0154805714699081,0.0377392551668624,"rep3","cells_Mito_Axial","Columbus"
"782",0.00450200028261378,"Taxol (Paclitaxel)",0.00331914819335289,0.0062227669515161,"rep3","cells_Mito_Compactness","Columbus"
"783",0.0422650351584038,"Taxol (Paclitaxel)",0.0390887591564459,0.0460831158378626,"rep3","cells_AGP_Radial","Columbus"
"784",0.0691099151469357,"Taxol (Paclitaxel)",0.0635991448218109,0.0758654907756308,"rep3","cells_AGP_Axial","Columbus"
"785",0.000525998603135307,"Taxol (Paclitaxel)",0.000413697117042551,0.000612484694745599,"rep3","cells_AGP_Compactness","Columbus"
"786",0.00753802560980359,"Taxol (Paclitaxel)",0.00666940862806372,0.0088162734441487,"rep3","cells_ER_Radial","Columbus"
"787",0.022934959057591,"Taxol (Paclitaxel)",0.0211609501428825,0.0249676059696106,"rep3","cells_ER_Axial","Columbus"
"788",0.00444975085896686,"Taxol (Paclitaxel)",0.00426064596756976,0.00470604042570406,"rep3","nuclei_DNA_Profile","Columbus"
"789",0.010462172717712,"Taxol (Paclitaxel)",0.0102201503661797,0.0106640020305363,"rep3","nuclei_DNA_Radial","Columbus"
"790",0.0100430515456292,"Taxol (Paclitaxel)",0.00822844220028917,0.011995109681288,"rep3","nuclei_DNA_Axial","Columbus"
"791",0.00226769064063327,"Taxol (Paclitaxel)",0.00226769064063327,0.00232872579688327,"rep3","nuclei_DNA_Compactness","Columbus"
"792",0.00997645010166556,"Taxol (Paclitaxel)",0.00946519029761616,0.0106062066355829,"rep3","nuclei_DNA_Symmetry","Columbus"
"793",0.00983504263450687,"Taxol (Paclitaxel)",0.00928116259634628,0.0104080844919277,"rep3","nuclei__Shape_Morph","Columbus"
"794",4.19002743524705,"NPPB",2.46972035290192,7.6521011352241,"rep4","cytoplasm_Mito_Texture","Columbus"
"795",51.9824459115771,"NPPB",39.1847524212887,77.0163823130815,"rep4","cytoplasm_ER_Texture","Columbus"
"796",1.07388232053717,"NPPB",0.700200307113533,1.71537473093285,"rep4","cytoplasm_ER_Profile","Columbus"
"797",3.91499968078151,"NPPB",2.42949644313036,6.86970618602178,"rep4","cytoplasm_DNA_Profile","Columbus"
"798",46.8176707397329,"NPPB",43.4385108595126,50.5950266877346,"rep4","nuclei_DNA_Texture","Columbus"
"799",50.4854336317374,"NPPB",35.8110490241901,79.1514580297774,"rep4","nuclei_RNA_Intensity","Columbus"
"800",30.3832357425024,"NPPB",23.668502750131,40.0088049434203,"rep4","nuclei_DNA_Intensity","Columbus"
"801",22.6484849135789,"NPPB",20.6338042077331,24.9938468688878,"rep4","nuclei_RNA_Texture","Columbus"
"802",0.919938057575921,"NPPB",0.536995744359939,1.76283457036673,"rep4","nuclei_RNA_Profile","Columbus"
"803",26.1101672112024,"NPPB",21.2652460907883,34.1675390046413,"rep4","nuclei_RNA_Radial","Columbus"
"804",86.7361432638433,"NPPB",61.2152013481496,142.03129087354,"rep4","nuclei_RNA_Axial","Columbus"
"805",0.332893656760298,"NPPB",0.213412633933271,0.553531602913626,"rep4","nuclei_RNA_Compactness","Columbus"
"806",64.2981188937416,"NPPB",43.087422093828,115.983086608373,"rep4","cells_Mito_Radial","Columbus"
"807",3.82474395683854,"NPPB",1.65316119557065,11.159799354384,"rep4","cells_AGP_Compactness","Columbus"
"808",27.5371914914387,"NPPB",23.3591310221083,33.8562417480687,"rep4","cells_AGP_Symmetry","Columbus"
"809",0.00606963544238173,"NPPB",0.000651376877477483,0.0374236019352635,"rep4","cells_ER_Radial","Columbus"
"810",0.129957537904556,"NPPB",0.0927577338892915,0.191052418690772,"rep4","cells_ER_Compactness","Columbus"
"811",0.558440937051321,"NPPB",0.33711048532026,1.06501252714921,"rep4","cells_ER_Symmetry","Columbus"
"812",52.7865360614326,"NPPB",42.942305529797,68.2945941131624,"rep4","nuclei_DNA_Radial","Columbus"
"813",0.0115306711515151,"NPPB",0.00201752419067125,0.0590308045984437,"rep4","nuclei_DNA_Compactness","Columbus"
"814",3.85194699014142,"Berberine Chloride",3.51008836188315,4.20742155960058,"rep4","cytoplasm_Mito_Texture","Columbus"
"815",4.53513907568066,"Berberine Chloride",1.56496829322193,22.0524936446092,"rep4","cytoplasm_ER_Texture","Columbus"
"816",28.6997721420673,"Berberine Chloride",27.8837096262678,29.7272114932174,"rep4","cytoplasm_Mito_Intensity","Columbus"
"817",3.23019364141031,"Berberine Chloride",3.0022362130587,3.5000085476355,"rep4","cytoplasm_Mito_Profile","Columbus"
"818",8.48108388666857,"Berberine Chloride",2.38875409787979,27.3754354322587,"rep4","cytoplasm_AGP_Profile","Columbus"
"819",0.457799369886386,"Berberine Chloride",0.303620451796259,0.730595544421211,"rep4","cytoplasm_ER_Profile","Columbus"
"820",0.899973394714499,"Berberine Chloride",0.692093649242201,1.18354410086434,"rep4","cytoplasm_DNA_Profile","Columbus"
"821",0.450735021057943,"Berberine Chloride",0.32724767317141,0.641486517757006,"rep4","nuclei_DNA_Texture","Columbus"
"822",1.2170932781152,"Berberine Chloride",0.243814037350566,3.62171038024835,"rep4","nuclei_DNA_Intensity","Columbus"
"823",17.0160023396063,"Berberine Chloride",15.8604253215455,18.7313365498714,"rep4","nuclei_RNA_Texture","Columbus"
"824",2.27281533870929,"Berberine Chloride",1.08472455892281,5.83277985468178,"rep4","nuclei_RNA_Profile","Columbus"
"825",4.31817292560466,"Berberine Chloride",2.49434943149388,8.11852071266541,"rep4","nuclei_RNA_Axial","Columbus"
"826",0.278840506276058,"Berberine Chloride",0.204760039321652,0.392483483511292,"rep4","nuclei_RNA_Compactness","Columbus"
"827",1.85128449326243,"Berberine Chloride",1.40395516802642,2.55437905467934,"rep4","cells_DNA_Radial","Columbus"
"828",1.71169986778687,"Berberine Chloride",1.49602931098445,1.97036085342835,"rep4","cells_Mito_Radial","Columbus"
"829",35.5213572416816,"Berberine Chloride",15.9573564829927,40.2506089654202,"rep4","cells_Mito_Axial","Columbus"
"830",3.09504905406654,"Berberine Chloride",2.94353676216542,3.30162616017267,"rep4","cells_Mito_Compactness","Columbus"
"831",2.29001368126645,"Berberine Chloride",1.48045252336969,3.79870324042659,"rep4","cells_AGP_Radial","Columbus"
"832",0.539387831627355,"Berberine Chloride",0.340409290889369,0.89921350670492,"rep4","cells_AGP_Compactness","Columbus"
"833",0.18002895974314,"Berberine Chloride",0.0776561464953245,0.399737792742491,"rep4","cells_AGP_Symmetry","Columbus"
"834",0.100964885289221,"Berberine Chloride",0.0254066355687968,0.268831120413867,"rep4","cells_ER_Radial","Columbus"
"835",0.0486809343772907,"Berberine Chloride",0.0374311755738875,0.0645006899514605,"rep4","cells_ER_Compactness","Columbus"
"836",0.0842232779475623,"Berberine Chloride",0.0573103359522792,0.129498729567746,"rep4","cells_ER_Symmetry","Columbus"
"837",21.5011732441464,"Berberine Chloride",16.9313280508395,28.3545982825061,"rep4","nuclei_DNA_Profile","Columbus"
"838",3.21155745615411,"Berberine Chloride",2.65347037492238,4.00453313118908,"rep4","nuclei_DNA_Radial","Columbus"
"839",6.48996573570513,"Berberine Chloride",3.28932941914508,13.4656949618016,"rep4","nuclei_DNA_Axial","Columbus"
"840",3.32796040942667,"Berberine Chloride",1.80374885002361,6.97146288842748,"rep4","nuclei_NA_NA","Columbus"
"841",0.398249185596716,"Tetrandrine",0.294093560632782,0.562132420740306,"rep4","cytoplasm_Mito_Texture","Columbus"
"842",0.377689231174927,"Tetrandrine",0.350593793445752,0.412429509620489,"rep4","cytoplasm_ER_Texture","Columbus"
"843",4.84392602907873,"Tetrandrine",4.6523764782594,5.1278582091876,"rep4","cytoplasm_Mito_Intensity","Columbus"
"844",1.8480888482406,"Tetrandrine",1.75544646022828,1.92625173311114,"rep4","cytoplasm_AGP_Intensity","Columbus"
"845",3.01290476499343,"Tetrandrine",2.48721625707072,3.8533969442876,"rep4","cytoplasm_ER_Intensity","Columbus"
"846",0.521383505188081,"Tetrandrine",0.391119152473084,0.70915730388929,"rep4","cytoplasm_Mito_Profile","Columbus"
"847",0.755869265829755,"Tetrandrine",0.714786863632346,0.796652806917491,"rep4","cytoplasm_AGP_Profile","Columbus"
"848",0.125201789442305,"Tetrandrine",0.110182222523584,0.142768610877974,"rep4","cytoplasm_ER_Profile","Columbus"
"849",2.17782610608193,"Tetrandrine",2.13359260564584,2.2541256810471,"rep4","cytoplasm_DNA_Profile","Columbus"
"850",0.526971824916551,"Tetrandrine",0.447300051284726,0.62850861327548,"rep4","nuclei_RNA_Profile","Columbus"
"851",0.265454391070051,"Tetrandrine",0.184933497731736,0.414070062066605,"rep4","nuclei_RNA_Radial","Columbus"
"852",2.51706189527991,"Tetrandrine",1.69153775662532,4.10690641691176,"rep4","nuclei_RNA_Axial","Columbus"
"853",0.246160074403862,"Tetrandrine",0.153439426082438,0.425355617973527,"rep4","nuclei_RNA_Compactness","Columbus"
"854",0.00259140279779619,"Tetrandrine",0.00195721808528207,0.00340233392546983,"rep4","nuclei_RNA_Symmetry","Columbus"
"855",2.86954421020476,"Tetrandrine",2.67476510942225,3.12176608859855,"rep4","cells_DNA_Radial","Columbus"
"856",1.2921129186981,"Tetrandrine",1.16122056677065,1.46427211305254,"rep4","cells_Mito_Radial","Columbus"
"857",3.0510882687067,"Tetrandrine",2.733833681992,3.66854187892327,"rep4","cells_Mito_Compactness","Columbus"
"858",3.04550607633041,"Tetrandrine",2.78229457833833,3.33799687773744,"rep4","cells_AGP_Axial","Columbus"
"859",0.137587902629183,"Tetrandrine",0.115649398436665,0.161723168224717,"rep4","cells_AGP_Compactness","Columbus"
"860",0.646286924730127,"Tetrandrine",0.404257477739574,1.12967149366844,"rep4","cells_ER_Radial","Columbus"
"861",4.91326793242081,"Tetrandrine",4.60566947831096,5.35083122236307,"rep4","cells_ER_Axial","Columbus"
"862",0.0698899343587859,"Tetrandrine",0.0488611553607497,0.106322921317114,"rep4","cells_ER_Compactness","Columbus"
"863",0.241009141393035,"Tetrandrine",0.217793856536208,0.266834559607039,"rep4","cells_ER_Symmetry","Columbus"
"864",3.46826305782526,"Tetrandrine",3.09105239470606,4.00943318091766,"rep4","nuclei_DNA_Radial","Columbus"
"865",0.0797892820264019,"Tetrandrine",0.0562548691858934,0.119452655754674,"rep4","nuclei_DNA_Compactness","Columbus"
"866",0.0427332639376802,"Tetrandrine",0.0212256836097539,0.0973676346927058,"rep4","nuclei_DNA_Symmetry","Columbus"
"867",0.227613235429827,"Tetrandrine",0.109190956159457,0.591995444332576,"rep4","nuclei_NA_NA","Columbus"
"868",30.7840229795559,"Amperozide",30.5163662776646,31.1114859187385,"rep4","cytoplasm_Mito_Texture","Columbus"
"869",24.449827719944,"Amperozide",23.5633199431507,25.1967326432834,"rep4","cytoplasm_AGP_Texture","Columbus"
"870",15.9938928241257,"Amperozide",15.3958400771812,16.6295414589647,"rep4","cytoplasm_ER_Texture","Columbus"
"871",31.4718750026956,"Amperozide",31.1645372872514,31.8210080653717,"rep4","cytoplasm_AGP_Intensity","Columbus"
"872",30.4038607865377,"Amperozide",30.1377334720556,30.7189837507917,"rep4","cytoplasm_ER_Intensity","Columbus"
"873",7.99868266597867,"Amperozide",7.59091760214852,8.32714288748946,"rep4","cytoplasm_Mito_Profile","Columbus"
"874",7.46208390973809,"Amperozide",7.13288774401229,7.82805993500505,"rep4","nuclei_DNA_Texture","Columbus"
"875",38.0854961703607,"Amperozide",37.6042123124503,38.6564395508991,"rep4","nuclei_RNA_Intensity","Columbus"
"876",9.43001371814766,"Amperozide",8.41958660559612,11.2090827585203,"rep4","nuclei_DNA_Intensity","Columbus"
"877",13.5718558024741,"Amperozide",10.8610586735558,17.6375339305547,"rep4","nuclei_RNA_Texture","Columbus"
"878",12.4866941454013,"Amperozide",12.2904102441353,12.7356412697453,"rep4","nuclei_RNA_Profile","Columbus"
"879",16.3061351085578,"Amperozide",16.0336099209447,16.617930133935,"rep4","nuclei_RNA_Radial","Columbus"
"880",27.2203270896425,"Amperozide",26.9123625830927,27.5384198755364,"rep4","nuclei_RNA_Axial","Columbus"
"881",6.18149663325631,"Amperozide",5.89635565796838,6.55772698265652,"rep4","nuclei_RNA_Compactness","Columbus"
"882",26.9468379852727,"Amperozide",26.760324362234,27.1582830021305,"rep4","cells_DNA_Radial","Columbus"
"883",33.9831012196722,"Amperozide",33.5594771240055,34.4528895631612,"rep4","cells_Mito_Radial","Columbus"
"884",59.3134392584156,"Amperozide",59.2246398561567,59.4050823614577,"rep4","cells_Mito_Axial","Columbus"
"885",38.402387936891,"Amperozide",38.1788271556815,38.6634120336485,"rep4","cells_AGP_Radial","Columbus"
"886",36.2603096141391,"Amperozide",36.0375979451847,36.5191599684296,"rep4","cells_AGP_Axial","Columbus"
"887",8.7819123293254,"Amperozide",8.41960868138409,9.09514077138606,"rep4","cells_AGP_Compactness","Columbus"
"888",13.8846543978878,"Amperozide",13.4384866301709,14.4158279509029,"rep4","cells_AGP_Symmetry","Columbus"
"889",41.864876004009,"Amperozide",41.6997802554141,42.0450648664,"rep4","cells_ER_Axial","Columbus"
"890",48.6340789083526,"Amperozide",48.1556227412003,49.1614675195277,"rep4","nuclei_DNA_Profile","Columbus"
"891",14.4576815910025,"Amperozide",13.6752327122597,15.3485358653567,"rep4","nuclei_DNA_Radial","Columbus"
"892",2.37095925539591,"Fluphenazine",1.39018961665609,4.78615964756592,"rep4","cytoplasm_Mito_Texture","Columbus"
"893",4.18826383528059,"Fluphenazine",3.328720758127,5.767012473732,"rep4","cytoplasm_ER_Texture","Columbus"
"894",9.49181583705038,"Fluphenazine",9.17757476000621,9.96168468115398,"rep4","cytoplasm_ER_Intensity","Columbus"
"895",9.29291929112263,"Fluphenazine",9.11604282132312,9.49362173387639,"rep4","cytoplasm_Mito_Profile","Columbus"
"896",8.03133672856313,"Fluphenazine",7.68238402391128,8.31684565488212,"rep4","cytoplasm_AGP_Profile","Columbus"
"897",0.36901883858333,"Fluphenazine",0.309794126398215,0.450434446406721,"rep4","cytoplasm_ER_Profile","Columbus"
"898",2.19777450278827,"Fluphenazine",1.75742158174114,2.87763190451177,"rep4","cytoplasm_DNA_Profile","Columbus"
"899",7.61779562905196,"Fluphenazine",5.39018560330398,11.3722847412501,"rep4","nuclei_RNA_Texture","Columbus"
"900",0.266349252792382,"Fluphenazine",0.186128595752551,0.414326720535362,"rep4","nuclei_RNA_Profile","Columbus"
"901",0.793303577695542,"Fluphenazine",0.406445298914264,1.88312115898522,"rep4","nuclei_RNA_Radial","Columbus"
"902",3.4622040655329,"Fluphenazine",2.83564784204663,4.4070266575279,"rep4","nuclei_RNA_Axial","Columbus"
"903",0.360818624621448,"Fluphenazine",0.208053916305727,0.616633451956911,"rep4","nuclei_RNA_Compactness","Columbus"
"904",4.66382307016699,"Fluphenazine",3.65757203849813,6.25333492939682,"rep4","cells_DNA_Radial","Columbus"
"905",3.65926428807385,"Fluphenazine",3.07838485515007,4.59323170540427,"rep4","cells_Mito_Radial","Columbus"
"906",8.22391354983684,"Fluphenazine",7.64604305353494,9.08436068307773,"rep4","cells_AGP_Radial","Columbus"
"907",1.52673551217711,"Fluphenazine",1.34114927304155,1.78291244508518,"rep4","cells_AGP_Compactness","Columbus"
"908",2.29613816075746,"Fluphenazine",2.17674909409317,2.45257333384038,"rep4","cells_AGP_Symmetry","Columbus"
"909",0.089540418563531,"Fluphenazine",0.0496466709159673,0.182833683913584,"rep4","cells_ER_Radial","Columbus"
"910",0.114491266966748,"Fluphenazine",0.0577571825168574,0.265320346722749,"rep4","cells_ER_Compactness","Columbus"
"911",7.40756187851991,"Fluphenazine",7.06912594690302,7.87058894830443,"rep4","nuclei_DNA_Radial","Columbus"
"912",0.192167565494675,"Fluphenazine",0.126135411169621,0.318902673642049,"rep4","nuclei_DNA_Compactness","Columbus"
"913",3.34278867742911,"Fluphenazine",2.50808397871136,5.07560105546093,"rep4","nuclei_NA_NA","Columbus"
"914",5.65694550084822,"Ca-074-Me",3.72094053939593,6.81592785034172,"rep1","cells_AGP_Compactness","CP"
"915",4.00278213632264,"Ca-074-Me",3.74678949709427,4.2640765288517,"rep1","cells_Granularity_DNA_Granularity","CP"
"916",5.7792072479135,"Ca-074-Me",3.67251802069758,7.23003222289014,"rep1","cells_Granularity_ER_Granularity","CP"
"917",3.98032071248513,"Ca-074-Me",2.49457269972951,6.70474852591494,"rep1","cells_Granularity_RNA_Granularity","CP"
"918",3.36930874290028,"Ca-074-Me",2.92557286060538,3.96716829181738,"rep1","cells_Spatial_Neighbors","CP"
"919",5.10767435158349,"Ca-074-Me",3.93690088137476,7.15575665517546,"rep1","cells_NumberOfNeighbors_Neighbors","CP"
"920",2.19186366622353,"Ca-074-Me",1.93387280247579,2.46735662465372,"rep1","cells_SubcellularOrganization_RadialDistribution","CP"
"921",4.10953630021857,"Ca-074-Me",3.54169989365237,4.93541394629243,"rep1","cytoplasm_Morphology_AreaShape","CP"
"922",4.53131740301661,"Ca-074-Me",4.12480745935856,4.89090368772484,"rep1","cytoplasm_Granularity_DNA_Granularity","CP"
"923",4.90576520389408,"Ca-074-Me",4.27236879899709,5.75561682964383,"rep1","cytoplasm_ER_Texture","CP"
"924",7.14368135132507,"Ca-074-Me",6.79527436224742,7.57524508901065,"rep1","cytoplasm_Mito_Texture","CP"
"925",4.82295608021215,"Ca-074-Me",3.07943146746637,8.34792672707419,"rep1","cytoplasm_Granularity_RNA_Granularity","CP"
"926",4.65733768452892,"Ca-074-Me",4.24777679391483,5.00147310631365,"rep1","cytoplasm_SubcellularOrganization_RadialDistribution","CP"
"927",6.74349677124949,"Ca-074-Me",6.33100189435818,7.23338621077694,"rep1","nuclei_Granularity_AGP_Granularity","CP"
"928",4.70791357900916,"Ca-074-Me",4.25505141136209,5.20178494925288,"rep1","nuclei_Granularity_DNA_Granularity","CP"
"929",3.56485687746622,"Ca-074-Me",3.18225886745683,4.38680841154378,"rep1","nuclei_Granularity_ER_Granularity","CP"
"930",6.93608969627213,"Ca-074-Me",6.21117078791583,8.00605742684057,"rep1","nuclei_Granularity_Mito_Granularity","CP"
"931",1.97527545930176,"Ca-074-Me",1.78121557401244,2.18623698553973,"rep1","nuclei_Granularity_RNA_Granularity","CP"
"932",0.331265223298821,"Taxol (Paclitaxel)",0.325474095124383,0.337417577935219,"rep1","cells_AGP_Compactness","CP"
"933",0.0453853460630906,"Taxol (Paclitaxel)",0.0233115395012042,0.076663044488865,"rep1","cells_Granularity_ER_Granularity","CP"
"934",0.0342127534762584,"Taxol (Paclitaxel)",0.0205455646167606,0.0558774471320823,"rep1","cells_Granularity_Mito_Granularity","CP"
"935",0.0160543169925627,"Taxol (Paclitaxel)",0.00847889595644483,0.0293478515184393,"rep1","cells_Granularity_RNA_Granularity","CP"
"936",0.0523084654574819,"Taxol (Paclitaxel)",0.044595458777085,0.0609812669974934,"rep1","cells_Spatial_Neighbors","CP"
"937",0.0258301460199083,"Taxol (Paclitaxel)",0.0118821129715587,0.0481095197816304,"rep1","cytoplasm_ER_Texture","CP"
"938",0.0445960762397748,"Taxol (Paclitaxel)",0.0399199077857096,0.0500322949287425,"rep1","nuclei__Shape_Morph","CP"
"939",0.0879239015523183,"Taxol (Paclitaxel)",0.0569220468995837,0.1317243261886,"rep1","nuclei_Granularity_ER_Granularity","CP"
"940",0.11093629710982,"Taxol (Paclitaxel)",0.0805670052560759,0.156354519864194,"rep1","nuclei_Granularity_Mito_Granularity","CP"
"941",0.0998230740494904,"Taxol (Paclitaxel)",0.0183706064508455,0.264120521205389,"rep1","nuclei_Granularity_RNA_Granularity","CP"
"942",0.0164767763240536,"Taxol (Paclitaxel)",0.0126353147081774,0.0208035908000714,"rep1","nuclei_Spatial_Neighbors","CP"
"943",0.022978743536173,"Taxol (Paclitaxel)",0.0176186883349903,0.0297957418141504,"rep1","nuclei_SubcellularOrganization_AGP_RadialDistribution","CP"
"944",0.144959798298921,"Taxol (Paclitaxel)",0.132542745870066,0.158654470507537,"rep1","nuclei_DNA_Radial","CP"
"945",0.0455602327659,"Taxol (Paclitaxel)",0.0400694135990464,0.0518148997845603,"rep1","nuclei_SubcellularOrganization_ER_RadialDistribution","CP"
"946",0.0437828732270251,"Taxol (Paclitaxel)",0.0372681787181248,0.0511344275290393,"rep1","nuclei_RNA_Radial","CP"
"947",13.3610065810735,"Sorbitol",4.89596505571606,59.4220866768494,"rep1","cells_Granularity_DNA_Granularity","CP"
"948",0.0135916206034263,"Staurosporine",0.0122489911872208,0.0152720754984126,"rep1","cells_AGP_Compactness","CP"
"949",0.0250854148194002,"Staurosporine",0.0215390231937891,0.0291689078248932,"rep1","cells_Spatial_Neighbors","CP"
"950",0.0216744257453603,"Staurosporine",0.0196211947645572,0.0240045968081269,"rep1","cells_NumberOfNeighbors_Neighbors","CP"
"951",0.0571220730688028,"Staurosporine",0.052184895375325,0.0636406870793055,"rep1","cytoplasm_Morphology_AreaShape","CP"
"952",0.254346400859698,"Staurosporine",0.160654753476621,0.530834664555099,"rep1","cytoplasm_AGP_Intensity","CP"
"953",0.24223784632153,"Staurosporine",0.159567160658882,0.487018083911937,"rep1","cytoplasm_ER_Intensity","CP"
"954",0.0237335751267902,"Staurosporine",0.0214398526956884,0.0283283280975246,"rep1","nuclei__Shape_Morph","CP"
"955",0.000787656110848722,"Staurosporine",0.000787656110848722,0.00085483415772339,"rep1","nuclei_Granularity_RNA_Granularity","CP"
"956",0.0139620008428281,"Staurosporine",0.0119698834065712,0.0161495297505544,"rep1","nuclei_SubcellularOrganization_AGP_RadialDistribution","CP"
"957",1.26520987139627,"Amperozide",1.07387502740929,1.51830271759525,"rep1","cells_Granularity_DNA_Granularity","CP"
"958",21.7105851228594,"Amperozide",19.875251501248,23.6335498892903,"rep1","cells_Granularity_Mito_Granularity","CP"
"959",52.3406228594907,"Amperozide",51.3162988583321,53.7084660213374,"rep1","cells_Spatial_Neighbors","CP"
"960",20.5485930459252,"Amperozide",20.3978475567773,20.6949731373947,"rep1","cells_SubcellularOrganization_RadialDistribution","CP"
"961",33.1157497373897,"Amperozide",28.8327408048276,43.5710231764765,"rep1","cytoplasm_AGP_Texture","CP"
"962",15.9358934630839,"Amperozide",15.394032642076,16.6742500353033,"rep1","cytoplasm_Mito_Texture","CP"
"963",32.0305551974631,"Amperozide",31.3815851765326,32.6348053392274,"rep1","cytoplasm_SubcellularOrganization_RadialDistribution","CP"
"964",82.5372582926788,"Amperozide",78.9284605030028,86.2253297672626,"rep1","nuclei__Shape_Morph","CP"
"965",33.3128270682735,"Amperozide",31.2717541520622,36.9401771853724,"rep1","nuclei_Granularity_DNA_Granularity","CP"
"966",53.0366668524126,"Amperozide",52.3372570660411,53.6584002510992,"rep1","nuclei_Granularity_Mito_Granularity","CP"
"967",68.0803194472871,"Amperozide",67.0670110810358,69.0696888694169,"rep1","nuclei_Spatial_Neighbors","CP"
"968",26.8962239230792,"Amperozide",22.3019465635549,33.7076137743798,"rep1","nuclei_SubcellularOrganization_AGP_RadialDistribution","CP"
"969",0.330771664931949,"Amperozide",0.130840578802731,0.714919471485635,"rep1","nuclei_SubcellularOrganization_ER_RadialDistribution","CP"
"970",78.3782810522514,"Amperozide",76.9817523830943,80.4253519875395,"rep1","nuclei_SubcellularOrganization_Mito_RadialDistribution","CP"
"971",0.259218306862595,"Amperozide",0.113838770586334,0.517802839404337,"rep1","nuclei_RNA_Radial","CP"
"972",0.100597249010033,"Etoposide",0.0647061115738576,0.1609703395258,"rep1","cells_AGP_Compactness","CP"
"973",0.203696947189976,"Etoposide",0.173305346961731,0.250805658693927,"rep1","cells_Granularity_AGP_Granularity","CP"
"974",0.522063910415243,"Etoposide",0.351503848852378,0.599809591326337,"rep1","cells_Granularity_ER_Granularity","CP"
"975",0.397325207115881,"Etoposide",0.337892254461381,0.459937431759094,"rep1","cells_Granularity_Mito_Granularity","CP"
"976",0.21951460095577,"Etoposide",0.190693937998202,0.279097446033634,"rep1","cells_Granularity_RNA_Granularity","CP"
"977",0.747710786565282,"Etoposide",0.388130460622418,0.933874279623412,"rep1","cells_Spatial_Neighbors","CP"
"978",0.245942088573967,"Etoposide",0.0692892935895074,1.4999298940247,"rep1","cells_NumberOfNeighbors_Neighbors","CP"
"979",0.096531431211997,"Etoposide",0.0662029600883701,0.135310159198245,"rep1","cells_SubcellularOrganization_RadialDistribution","CP"
"980",0.357748690779978,"Etoposide",0.275125961015943,0.445408460969898,"rep1","cytoplasm_Morphology_AreaShape","CP"
"981",0.237663214373577,"Etoposide",0.203338098846853,0.293350271534388,"rep1","cytoplasm_AGP_Texture","CP"
"982",0.269875508642548,"Etoposide",0.211667457702355,0.3519049645414,"rep1","cytoplasm_Granularity_DNA_Granularity","CP"
"983",0.2335373284374,"Etoposide",0.201483215873354,0.283205563267115,"rep1","cytoplasm_ER_Texture","CP"
"984",0.336510060433067,"Etoposide",0.281775070985773,0.440571989135982,"rep1","cytoplasm_Mito_Texture","CP"
"985",0.28469547425759,"Etoposide",0.270553969511353,0.313878697259346,"rep1","cytoplasm_Granularity_RNA_Granularity","CP"
"986",0.355588250586123,"Etoposide",0.255519250679593,0.511456023828873,"rep1","cytoplasm_SubcellularOrganization_RadialDistribution","CP"
"987",0.372631812590886,"Etoposide",0.323714388998949,0.820441812486334,"rep1","nuclei__Shape_Morph","CP"
"988",0.176435568613474,"Etoposide",0.147063044505241,0.206034308178526,"rep1","nuclei_Granularity_AGP_Granularity","CP"
"989",0.306818140866835,"Etoposide",0.28442594784733,0.364423017758032,"rep1","nuclei_Granularity_DNA_Granularity","CP"
"990",0.17549715068761,"Etoposide",0.146863886652585,0.206709805714962,"rep1","nuclei_Granularity_Mito_Granularity","CP"
"991",0.243614366789292,"Etoposide",0.185707796471393,0.349932293436557,"rep1","nuclei_Granularity_RNA_Granularity","CP"
"992",0.443188781902126,"Etoposide",0.29990342972149,0.650662717484438,"rep1","nuclei_Spatial_Neighbors","CP"
"993",1.48306129872142,"Etoposide",1.37996695607987,1.65544382619048,"rep1","nuclei_SubcellularOrganization_AGP_RadialDistribution","CP"
"994",0.542761843980059,"Etoposide",0.28462773290197,0.89544911864592,"rep1","nuclei_SubcellularOrganization_ER_RadialDistribution","CP"
"995",0.472585103168583,"Etoposide",0.244573629158347,0.825284103578736,"rep1","nuclei_RNA_Radial","CP"
"996",1.35978483555265,"Fenbendazole",1.28526583086914,1.44878028278889,"rep1","cells_AGP_Compactness","CP"
"997",0.865861805737852,"Fenbendazole",0.631929481002817,1.42153415793423,"rep1","cells_position_position","CP"
"998",0.904022079848595,"Fenbendazole",0.828141540680954,0.955256386601908,"rep1","cells_Granularity_AGP_Granularity","CP"
"999",0.345915088700407,"Fenbendazole",0.328041438955884,0.366013623393745,"rep1","cells_Granularity_DNA_Granularity","CP"
"1000",0.39924245363794,"Fenbendazole",0.362007963235088,0.455880497773568,"rep1","cells_Granularity_ER_Granularity","CP"
"1001",0.673998931054457,"Fenbendazole",0.611096014371041,0.933591368032892,"rep1","cells_Granularity_Mito_Granularity","CP"
"1002",0.357839917854818,"Fenbendazole",0.309753082836953,0.420605215765169,"rep1","cells_Granularity_RNA_Granularity","CP"
"1003",0.180072916916185,"Fenbendazole",0.0723126948690493,0.644652000514275,"rep1","cells_MaxIntensity_RNA_Location","CP"
"1004",0.813469788523017,"Fenbendazole",0.732459378616583,0.899626724709051,"rep1","cells_Spatial_Neighbors","CP"
"1005",0.00865593395062571,"Fenbendazole",0.00667368537248785,0.0117075431681428,"rep1","cells_SubcellularOrganization_RadialDistribution","CP"
"1006",0.72778322858675,"Fenbendazole",0.713571504618469,0.741907792434413,"rep1","cytoplasm_Morphology_AreaShape","CP"
"1007",0.868997276043978,"Fenbendazole",0.634394369844039,1.4286495550366,"rep1","cytoplasm_Position_AreaShape","CP"
"1008",1.03435930112472,"Fenbendazole",0.953926214267443,1.0773437121331,"rep1","cytoplasm_AGP_Texture","CP"
"1009",0.523621500029632,"Fenbendazole",0.507428374002187,0.542270335626462,"rep1","cytoplasm_Granularity_DNA_Granularity","CP"
"1010",0.348105192881311,"Fenbendazole",0.318593734992781,0.3798492015001,"rep1","cytoplasm_ER_Texture","CP"
"1011",0.568189065156614,"Fenbendazole",0.507283003045271,0.67708331837151,"rep1","cytoplasm_Mito_Texture","CP"
"1012",0.34634694948461,"Fenbendazole",0.311541516449724,0.388489750548217,"rep1","cytoplasm_Granularity_RNA_Granularity","CP"
"1013",0.168459317019293,"Fenbendazole",0.0597573294735347,0.721208308297497,"rep1","cytoplasm_AGP_Intensity","CP"
"1014",0.199371901832599,"Fenbendazole",0.0781821024415925,0.728275721342887,"rep1","cytoplasm_ER_Intensity","CP"
"1015",0.201994548695599,"Fenbendazole",0.0771506273925624,0.783720702213574,"rep1","cytoplasm_MaxIntensity_RNA_Location","CP"
"1016",0.18411068317673,"Fenbendazole",0.160993624005158,0.208414483127256,"rep1","cytoplasm_SubcellularOrganization_RadialDistribution","CP"
"1017",0.662742875345869,"Fenbendazole",0.273863945958998,0.785910362214566,"rep1","nuclei__Shape_Morph","CP"
"1018",0.883379307868479,"Fenbendazole",0.634159483562581,1.4537764405641,"rep1","nuclei_position_position","CP"
"1019",0.290937003348647,"Fenbendazole",0.239876554736495,0.356573269325519,"rep1","nuclei_Granularity_AGP_Granularity","CP"
"1020",0.527172855065805,"Fenbendazole",0.508844250912967,0.548452219856895,"rep1","nuclei_Granularity_DNA_Granularity","CP"
"1021",0.617519001863065,"Fenbendazole",0.515855673180729,0.760817928931169,"rep1","nuclei_Granularity_ER_Granularity","CP"
"1022",0.805774477211818,"Fenbendazole",0.720331481139398,0.893165582868415,"rep1","nuclei_Granularity_Mito_Granularity","CP"
"1023",0.777283598398785,"Fenbendazole",0.641780769055188,0.997286264963432,"rep1","nuclei_Granularity_RNA_Granularity","CP"
"1024",0.358861583937088,"Fenbendazole",0.320043054272651,0.409871733025101,"rep1","nuclei_Spatial_Neighbors","CP"
"1025",0.132737847284425,"Fenbendazole",0.125992365041298,0.142944821783629,"rep1","nuclei_SubcellularOrganization_AGP_RadialDistribution","CP"
"1026",0.732508431321395,"Fenbendazole",0.650234092649511,0.981183841056274,"rep1","nuclei_DNA_Radial","CP"
"1027",0.16409206310399,"Fenbendazole",0.0819605367390953,0.400018349048921,"rep1","nuclei_SubcellularOrganization_ER_RadialDistribution","CP"
"1028",0.977049055952573,"Fenbendazole",0.734083207779616,1.35061011188123,"rep1","nuclei_SubcellularOrganization_Mito_RadialDistribution","CP"
"1029",0.113789944237281,"Fenbendazole",0.0604191109374744,0.254563542647222,"rep1","nuclei_RNA_Radial","CP"
"1030",3.11731522327713,"Tetrandrine",2.55228279810566,4.04932009689935,"rep1","cells_AGP_Compactness","CP"
"1031",3.93708271466304,"Tetrandrine",2.54213625568659,6.54060407038682,"rep1","cells_position_position","CP"
"1032",1.37793061833919,"Tetrandrine",1.3327630750644,1.43028445482838,"rep1","cells_Granularity_AGP_Granularity","CP"
"1033",3.65882067757856,"Tetrandrine",2.68211813537437,5.92038660501285,"rep1","cells_Granularity_DNA_Granularity","CP"
"1034",4.43841457676454,"Tetrandrine",3.31408717960059,6.64241004029458,"rep1","cells_Granularity_ER_Granularity","CP"
"1035",0.988666384581718,"Tetrandrine",0.661737139605446,1.58854401254379,"rep1","cells_Granularity_Mito_Granularity","CP"
"1036",1.80245360122095,"Tetrandrine",1.55003244317546,2.13099700435505,"rep1","cells_Granularity_RNA_Granularity","CP"
"1037",0.132977367400391,"Tetrandrine",0.0691402683619147,0.302422870357439,"rep1","cells_CenterMassIntensity_AGP_Location","CP"
"1038",0.109298628859194,"Tetrandrine",0.0562397992754919,0.252032414063276,"rep1","cells_CenterMassIntensity_DNA_Location","CP"
"1039",0.127405427499747,"Tetrandrine",0.0658560617656585,0.287295066809946,"rep1","cells_CenterMassIntensity_ER_Location","CP"
"1040",0.13137970866301,"Tetrandrine",0.0690946755149235,0.291475326673993,"rep1","cells_CenterMassIntensity_Mito_Location","CP"
"1041",0.13008707273195,"Tetrandrine",0.0671862887350602,0.294859277884093,"rep1","cells_CenterMassIntensity_RNA_Location","CP"
"1042",0.150465594611986,"Tetrandrine",0.0783085286358286,0.338941401765759,"rep1","cells_MaxIntensity_AGP_Location","CP"
"1043",0.0989306303894224,"Tetrandrine",0.0515286582366863,0.222834080083633,"rep1","cells_MaxIntensity_DNA_Location","CP"
"1044",0.120968738911351,"Tetrandrine",0.0651257631337561,0.260084066683438,"rep1","cells_MaxIntensity_ER_Location","CP"
"1045",0.130861690252314,"Tetrandrine",0.0686591708369959,0.286033801714027,"rep1","cells_MaxIntensity_Mito_Location","CP"
"1046",0.120358293297823,"Tetrandrine",0.0639795941647714,0.264235676762602,"rep1","cells_MaxIntensity_RNA_Location","CP"
"1047",3.06370113337959,"Tetrandrine",2.80909236812197,3.24710787337006,"rep1","cells_Spatial_Neighbors","CP"
"1048",0.00630393455821424,"Tetrandrine",0.0030292807924246,0.0117736635502472,"rep1","cells_NumberOfNeighbors_Neighbors","CP"
"1049",0.287616975667881,"Tetrandrine",0.227538441678859,0.376980006095583,"rep1","cells_SubcellularOrganization_RadialDistribution","CP"
"1050",6.225588006094,"Tetrandrine",4.11208659731483,12.5226969846224,"rep1","cytoplasm_Morphology_AreaShape","CP"
"1051",3.96538024761826,"Tetrandrine",2.55170469810461,6.61250717534012,"rep1","cytoplasm_Position_AreaShape","CP"
"1052",1.61235249897333,"Tetrandrine",1.5782410321516,1.64068817802773,"rep1","cytoplasm_AGP_Texture","CP"
"1053",1.7478902298575,"Tetrandrine",1.41603338887568,2.3332776440511,"rep1","cytoplasm_Granularity_DNA_Granularity","CP"
"1054",1.95752018925344,"Tetrandrine",1.67887057613975,2.26131391689758,"rep1","cytoplasm_ER_Texture","CP"
"1055",0.95226501957138,"Tetrandrine",0.785303697929029,1.14223584695533,"rep1","cytoplasm_Mito_Texture","CP"
"1056",1.83790875134519,"Tetrandrine",1.59811405504145,2.19505257936333,"rep1","cytoplasm_Granularity_RNA_Granularity","CP"
"1057",0.147347547997985,"Tetrandrine",0.0775156491883109,0.325342419292096,"rep1","cytoplasm_CenterMassIntensity_AGP_Location","CP"
"1058",0.139438952898856,"Tetrandrine",0.0726322644353969,0.312136120926155,"rep1","cytoplasm_CenterMassIntensity_DNA_Location","CP"
"1059",0.142272813316786,"Tetrandrine",0.0744858524086782,0.316142349617155,"rep1","cytoplasm_CenterMassIntensity_ER_Location","CP"
"1060",0.146161124300075,"Tetrandrine",0.076788716419716,0.323617929333184,"rep1","cytoplasm_CenterMassIntensity_Mito_Location","CP"
"1061",0.14850371006211,"Tetrandrine",0.0771284370558779,0.334027891334948,"rep1","cytoplasm_CenterMassIntensity_RNA_Location","CP"
"1062",0.150675010244293,"Tetrandrine",0.0783158055796603,0.336819823269466,"rep1","cytoplasm_Position_Location","CP"
"1063",0.148314402569571,"Tetrandrine",0.0778491778437846,0.329330169864537,"rep1","cytoplasm_AGP_Intensity","CP"
"1064",0.132627374152259,"Tetrandrine",0.0664694558864694,0.320803506093866,"rep1","cytoplasm_MaxIntensity_DNA_Location","CP"
"1065",0.151946785963523,"Tetrandrine",0.0786091205311506,0.343965788661727,"rep1","cytoplasm_ER_Intensity","CP"
"1066",0.133316405744286,"Tetrandrine",0.070332809955962,0.290321678984118,"rep1","cytoplasm_Mito_Intensity","CP"
"1067",0.155838168559542,"Tetrandrine",0.0794454710114567,0.35834289763776,"rep1","cytoplasm_MaxIntensity_RNA_Location","CP"
"1068",1.70353393665575,"Tetrandrine",1.48905801572396,2.00048904905172,"rep1","cytoplasm_SubcellularOrganization_RadialDistribution","CP"
"1069",3.73871473819931,"Tetrandrine",2.41282107884707,6.26219761134064,"rep1","nuclei_position_position","CP"
"1070",1.27489223540393,"Tetrandrine",0.650157372901003,2.27292660443228,"rep1","nuclei_Granularity_AGP_Granularity","CP"
"1071",0.099689544142269,"Tetrandrine",0.0521883446718234,0.224011237134429,"rep1","nuclei_Position_Location","CP"
"1072",1.53545357379541,"Tetrandrine",1.48084277003263,1.59563654239011,"rep1","nuclei_SubcellularOrganization_AGP_RadialDistribution","CP"
"1073",3.27699137452609,"Tetrandrine",1.58481204845216,3.52192255594482,"rep1","nuclei_SubcellularOrganization_Mito_RadialDistribution","CP"
"1074",28.1705197966997,"Berberine Chloride",26.5087201481759,30.0394661933357,"rep1","cells_Granularity_Mito_Granularity","CP"
"1075",1.8344426172351,"Berberine Chloride",0.50375831495976,7.58680550683195,"rep1","cells_CenterMassIntensity_AGP_Location","CP"
"1076",1.73926478224713,"Berberine Chloride",0.487457013797898,6.67465591342968,"rep1","cells_CenterMassIntensity_DNA_Location","CP"
"1077",1.72707591244645,"Berberine Chloride",0.477291353886497,6.91293006931229,"rep1","cells_CenterMassIntensity_ER_Location","CP"
"1078",1.75010671808135,"Berberine Chloride",0.465164963900772,7.26163166663208,"rep1","cells_CenterMassIntensity_Mito_Location","CP"
"1079",1.76464366953819,"Berberine Chloride",0.483871990536146,7.17287399755642,"rep1","cells_CenterMassIntensity_RNA_Location","CP"
"1080",2.23707351389954,"Berberine Chloride",0.62437989189245,9.2828154872761,"rep1","cells_MaxIntensity_AGP_Location","CP"
"1081",1.57192996625272,"Berberine Chloride",0.44508084510935,6.0423731687181,"rep1","cells_MaxIntensity_DNA_Location","CP"
"1082",2.05717178616612,"Berberine Chloride",0.522951312837821,8.95561799282463,"rep1","cells_MaxIntensity_ER_Location","CP"
"1083",1.76032076849833,"Berberine Chloride",0.492289651216473,6.99414781434903,"rep1","cells_MaxIntensity_Mito_Location","CP"
"1084",2.29528787466735,"Berberine Chloride",0.618152166923218,10.1393380134234,"rep1","cells_MaxIntensity_RNA_Location","CP"
"1085",9.2538429672114,"Berberine Chloride",8.58617161607988,9.90353638147847,"rep1","cells_SubcellularOrganization_RadialDistribution","CP"
"1086",25.9653591745705,"Berberine Chloride",24.5621317130286,27.2950169859741,"rep1","cytoplasm_Mito_Texture","CP"
"1087",2.15102843039776,"Berberine Chloride",0.549979310907023,9.95795210437939,"rep1","cytoplasm_CenterMassIntensity_AGP_Location","CP"
"1088",1.86129091430204,"Berberine Chloride",0.504186104127153,7.73718312299018,"rep1","cytoplasm_CenterMassIntensity_DNA_Location","CP"
"1089",1.94491702285334,"Berberine Chloride",0.503509168515684,8.59595583828441,"rep1","cytoplasm_CenterMassIntensity_ER_Location","CP"
"1090",1.93477091512655,"Berberine Chloride",0.500695241773296,8.72575171192657,"rep1","cytoplasm_CenterMassIntensity_Mito_Location","CP"
"1091",2.01107073312407,"Berberine Chloride",0.519938254216572,9.01188201892979,"rep1","cytoplasm_CenterMassIntensity_RNA_Location","CP"
"1092",1.97650191375477,"Berberine Chloride",0.530644239886195,8.49276613109108,"rep1","cytoplasm_Position_Location","CP"
"1093",2.24937739958564,"Berberine Chloride",0.615169224197554,9.59647961873842,"rep1","cytoplasm_AGP_Intensity","CP"
"1094",1.86597835940334,"Berberine Chloride",0.555458911817588,6.5115625980499,"rep1","cytoplasm_MaxIntensity_DNA_Location","CP"
"1095",2.36640622066693,"Berberine Chloride",0.615299151406753,10.569553513992,"rep1","cytoplasm_ER_Intensity","CP"
"1096",1.92699707128416,"Berberine Chloride",0.545141956605274,7.62164508434484,"rep1","cytoplasm_Mito_Intensity","CP"
"1097",3.25230063515144,"Berberine Chloride",0.850972852973749,14.2288919628466,"rep1","cytoplasm_MaxIntensity_RNA_Location","CP"
"1098",14.444126295533,"Berberine Chloride",13.7586347829664,15.1854854199727,"rep1","cytoplasm_SubcellularOrganization_RadialDistribution","CP"
"1099",50.0461215624882,"Berberine Chloride",41.3637093327155,64.183638987338,"rep1","nuclei_Granularity_Mito_Granularity","CP"
"1100",1.62344860089039,"Berberine Chloride",0.484889388939808,5.88674049897739,"rep1","nuclei_Position_Location","CP"
"1101",51.393306113392,"Berberine Chloride",49.8000987544993,52.6951062184362,"rep1","nuclei_SubcellularOrganization_Mito_RadialDistribution","CP"
"1102",0.0254084744770362,"Fluphenazine",0.00157028443923776,0.0713278234764248,"rep1","cells_NumberOfNeighbors_Neighbors","CP"
"1103",6.36844248457621,"Fluphenazine",5.98663908525047,6.74141653846057,"rep1","cells_SubcellularOrganization_RadialDistribution","CP"
"1104",9.38864839537472,"Fluphenazine",9.04695562660652,9.82726978047681,"rep1","cytoplasm_SubcellularOrganization_RadialDistribution","CP"
"1105",9.62929414880804,"Fluphenazine",9.53395120501854,9.7542029738637,"rep1","nuclei_SubcellularOrganization_Mito_RadialDistribution","CP"
"1106",0.618216545017815,"Latrunculin B",0.543907457654179,0.70096140343257,"rep1","cells_AGP_Compactness","CP"
"1107",0.557489076942249,"Latrunculin B",0.500475486870267,0.636315293620601,"rep1","cells_Granularity_AGP_Granularity","CP"
"1108",0.34780103415378,"Latrunculin B",0.310477064242907,0.38524592934172,"rep1","cells_Granularity_ER_Granularity","CP"
"1109",0.35484888267736,"Latrunculin B",0.322689478226253,0.392891568359632,"rep1","cells_Granularity_RNA_Granularity","CP"
"1110",1.5144241843616,"Latrunculin B",1.32894304260865,1.71231202120155,"rep1","cells_Spatial_Neighbors","CP"
"1111",0.258351247164702,"Latrunculin B",0.110479647105964,0.450892698050802,"rep1","cells_NumberOfNeighbors_Neighbors","CP"
"1112",1.2196800882503,"Latrunculin B",1.12103582898586,1.33650831713087,"rep1","cytoplasm_Morphology_AreaShape","CP"
"1113",0.65923621996753,"Latrunculin B",0.596923185464143,0.768155923440168,"rep1","cytoplasm_AGP_Texture","CP"
"1114",0.883157680944976,"Latrunculin B",0.785043045864117,0.991979646302605,"rep1","cytoplasm_SubcellularOrganization_RadialDistribution","CP"
"1115",1.03435334759197,"Latrunculin B",0.850319345990939,1.2340060370101,"rep1","nuclei__Shape_Morph","CP"
"1116",0.202687597659057,"Latrunculin B",0.164444076924677,0.244947115301158,"rep1","nuclei_Granularity_AGP_Granularity","CP"
"1117",0.552724304600143,"Latrunculin B",0.503694532530841,0.603638164338966,"rep1","nuclei_Granularity_DNA_Granularity","CP"
"1118",0.324878459023917,"Latrunculin B",0.251272789126732,0.404278176809027,"rep1","nuclei_Granularity_ER_Granularity","CP"
"1119",0.319052729582304,"Latrunculin B",0.259612599412902,0.429843048778847,"rep1","nuclei_Granularity_RNA_Granularity","CP"
"1120",2.27124148495735,"Latrunculin B",2.01497195477843,2.56294503911757,"rep1","nuclei_Spatial_Neighbors","CP"
"1121",0.391087823921477,"Latrunculin B",0.369158963406364,0.41574179833059,"rep1","nuclei_SubcellularOrganization_AGP_RadialDistribution","CP"
"1122",2.04310284175023,"Latrunculin B",1.88337994978519,2.21270220500635,"rep1","nuclei_DNA_Radial","CP"
"1123",1.02748870956616,"Latrunculin B",0.922337440215685,1.13181061481179,"rep1","nuclei_SubcellularOrganization_ER_RadialDistribution","CP"
"1124",1.00703517847369,"Latrunculin B",0.919069437631919,1.0871771399594,"rep1","nuclei_SubcellularOrganization_Mito_RadialDistribution","CP"
"1125",0.937928540428639,"Latrunculin B",0.837565046191545,1.04037872333493,"rep1","nuclei_RNA_Radial","CP"
"1126",0.0112400586869781,"Rapamycin",0.00235950013065293,0.0498333207012948,"rep1","cells_SubcellularOrganization_RadialDistribution","CP"
"1127",15.6507617556019,"Rapamycin",15.2290870749526,16.2558994673676,"rep1","nuclei_Granularity_DNA_Granularity","CP"
"1128",9.48474963058385,"5-Nitro-2-(3-phenylpropylamino)benzoic acid",3.16042860895677,41.3422850632605,"rep2","cells_AGP_Compactness","CP"
"1129",0.227027921718864,"5-Nitro-2-(3-phenylpropylamino)benzoic acid",0.0843238658085006,0.697550737739498,"rep2","cells_Granularity_DNA_Granularity","CP"
"1130",7.09747994595731,"5-Nitro-2-(3-phenylpropylamino)benzoic acid",2.50541371937362,28.4488802636925,"rep2","cytoplasm_Morphology_AreaShape","CP"
"1131",0.323240438186032,"5-Nitro-2-(3-phenylpropylamino)benzoic acid",0.125177608984897,0.777423526726657,"rep2","cytoplasm_Granularity_DNA_Granularity","CP"
"1132",6.48408986589737,"Ca-074-Me",5.88896626948975,7.29555853460265,"rep2","cells_AGP_Compactness","CP"
"1133",8.69157550068045,"Ca-074-Me",8.51222911090155,8.94138750536788,"rep2","cells_Granularity_AGP_Granularity","CP"
"1134",1.15012595005993,"Ca-074-Me",1.04572317037454,1.25869794336786,"rep2","cells_Granularity_DNA_Granularity","CP"
"1135",1.53815250710971,"Ca-074-Me",1.38677918154173,1.73504584658673,"rep2","cells_Granularity_ER_Granularity","CP"
"1136",4.08719868750124,"Ca-074-Me",3.55363616347203,4.9754944608765,"rep2","cells_Granularity_Mito_Granularity","CP"
"1137",4.81988049503128,"Ca-074-Me",4.54622131279359,5.22377330482786,"rep2","cells_Granularity_RNA_Granularity","CP"
"1138",3.49676180092356,"Ca-074-Me",2.89086296993733,4.46490846945363,"rep2","cells_Spatial_Neighbors","CP"
"1139",0.714550734021339,"Ca-074-Me",0.616392608044196,0.830457672667854,"rep2","cells_SubcellularOrganization_RadialDistribution","CP"
"1140",4.39140838400638,"Ca-074-Me",3.51389142541561,5.89511104624072,"rep2","cytoplasm_Morphology_AreaShape","CP"
"1141",1.15319570507029,"Ca-074-Me",1.03684636119907,1.2758907390315,"rep2","cytoplasm_Granularity_DNA_Granularity","CP"
"1142",3.04271189439542,"Ca-074-Me",2.56071025621086,3.75902421687319,"rep2","cytoplasm_ER_Texture","CP"
"1143",4.09364564150154,"Ca-074-Me",3.53629163902599,5.03337875759337,"rep2","cytoplasm_Mito_Texture","CP"
"1144",1.88525374810481,"Ca-074-Me",1.62658127971185,2.37723416539837,"rep2","cytoplasm_Granularity_RNA_Granularity","CP"
"1145",2.77945074106781,"Ca-074-Me",2.19694343486917,3.67305457809593,"rep2","cytoplasm_SubcellularOrganization_RadialDistribution","CP"
"1146",5.55546382788352,"Ca-074-Me",4.40060975139855,7.60157867204888,"rep2","nuclei__Shape_Morph","CP"
"1147",7.57826865834384,"Ca-074-Me",7.29203368994155,8.05244347684892,"rep2","nuclei_Granularity_AGP_Granularity","CP"
"1148",3.67879217191607,"Ca-074-Me",3.28593223685399,4.60699607863905,"rep2","nuclei_Granularity_DNA_Granularity","CP"
"1149",1.40811703531065,"Ca-074-Me",1.28784004240968,1.55673871454802,"rep2","nuclei_Granularity_ER_Granularity","CP"
"1150",5.87417226593079,"Ca-074-Me",3.71244439677235,6.88727374006711,"rep2","nuclei_Granularity_Mito_Granularity","CP"
"1151",1.77966546049814,"Ca-074-Me",1.51404525724895,2.13705933706338,"rep2","nuclei_Granularity_RNA_Granularity","CP"
"1152",8.36053849678271,"Ca-074-Me",7.51116459803898,9.58222900380937,"rep2","nuclei_Spatial_Neighbors","CP"
"1153",6.79016249238631,"Ca-074-Me",6.38530149813298,7.16969500131939,"rep2","nuclei_DNA_Radial","CP"
"1154",6.25986664389935,"Ca-074-Me",6.04098145881668,6.464149649256,"rep2","nuclei_SubcellularOrganization_Mito_RadialDistribution","CP"
"1155",6.67493954693257,"Ca-074-Me",6.35396134402391,7.042299040734,"rep2","nuclei_RNA_Radial","CP"
"1156",36.6725826815061,"Metoclopramide",18.0326080436934,94.286478734064,"rep2","cells_AGP_Compactness","CP"
"1157",2.29978324373407,"Metoclopramide",0.978825865676028,5.66856091074515,"rep2","cells_position_position","CP"
"1158",0.757088198071948,"Metoclopramide",0.209107381794539,2.53286789042202,"rep2","cells_CenterMassIntensity_AGP_Location","CP"
"1159",0.842511713134817,"Metoclopramide",0.246951983868064,2.76687533886969,"rep2","cells_CenterMassIntensity_DNA_Location","CP"
"1160",0.809981248886603,"Metoclopramide",0.232708736325244,2.60471349038496,"rep2","cells_CenterMassIntensity_ER_Location","CP"
"1161",0.752379671265616,"Metoclopramide",0.20708341786005,2.47112769513017,"rep2","cells_CenterMassIntensity_Mito_Location","CP"
"1162",0.808015614894483,"Metoclopramide",0.240950650407089,2.54495721858271,"rep2","cells_CenterMassIntensity_RNA_Location","CP"
"1163",0.711462636467629,"Metoclopramide",0.194247546653406,2.39730490821876,"rep2","cells_MaxIntensity_AGP_Location","CP"
"1164",0.725512457067927,"Metoclopramide",0.213836137983248,2.41027843324669,"rep2","cells_MaxIntensity_DNA_Location","CP"
"1165",0.639302707023099,"Metoclopramide",0.187898277885984,1.98560295097088,"rep2","cells_MaxIntensity_ER_Location","CP"
"1166",0.711270318962437,"Metoclopramide",0.171026692101689,2.50921215364752,"rep2","cells_MaxIntensity_Mito_Location","CP"
"1167",0.788302943660083,"Metoclopramide",0.210738912420846,2.87222098241603,"rep2","cells_MaxIntensity_RNA_Location","CP"
"1168",40.6447275879049,"Metoclopramide",30.1064975260063,63.8377261526668,"rep2","cells_NumberOfNeighbors_Neighbors","CP"
"1169",82.4914403054484,"Metoclopramide",79.7014130915003,85.6076745538188,"rep2","cytoplasm_Morphology_AreaShape","CP"
"1170",2.2889168368777,"Metoclopramide",0.964149544784277,5.70749505454235,"rep2","cytoplasm_Position_AreaShape","CP"
"1171",0.724764940949324,"Metoclopramide",0.208779848012023,2.38518060170779,"rep2","cytoplasm_CenterMassIntensity_AGP_Location","CP"
"1172",0.745581999439658,"Metoclopramide",0.215817246323347,2.45033549454743,"rep2","cytoplasm_CenterMassIntensity_DNA_Location","CP"
"1173",0.725578944674346,"Metoclopramide",0.203505932913071,2.32049217982756,"rep2","cytoplasm_CenterMassIntensity_ER_Location","CP"
"1174",0.714936473843758,"Metoclopramide",0.199398588248014,2.32113283440727,"rep2","cytoplasm_CenterMassIntensity_Mito_Location","CP"
"1175",0.745380408244854,"Metoclopramide",0.211652820404169,2.39744283741049,"rep2","cytoplasm_CenterMassIntensity_RNA_Location","CP"
"1176",0.73407883218374,"Metoclopramide",0.204621176530617,2.49013045159906,"rep2","cytoplasm_Position_Location","CP"
"1177",0.72104714979771,"Metoclopramide",0.198297891204076,2.36024659182226,"rep2","cytoplasm_AGP_Intensity","CP"
"1178",0.916798477163276,"Metoclopramide",0.30124910684439,2.89028111335609,"rep2","cytoplasm_MaxIntensity_DNA_Location","CP"
"1179",0.636169363988441,"Metoclopramide",0.174278516129819,2.09415848775873,"rep2","cytoplasm_ER_Intensity","CP"
"1180",0.759416644804861,"Metoclopramide",0.182432381735013,2.74160754079234,"rep2","cytoplasm_Mito_Intensity","CP"
"1181",0.732193916696042,"Metoclopramide",0.1936391013478,2.51155864588315,"rep2","cytoplasm_MaxIntensity_RNA_Location","CP"
"1182",2.3110804138187,"Metoclopramide",0.939145948888155,6.10207996955711,"rep2","nuclei_position_position","CP"
"1183",0.86344712196773,"Metoclopramide",0.264171617681675,2.80578340331565,"rep2","nuclei_Position_Location","CP"
"1184",0.0827012437370558,"Taxol (Paclitaxel)",0.0310010493738253,0.235276669655444,"rep2","cells_AGP_Compactness","CP"
"1185",0.00628710885899353,"Taxol (Paclitaxel)",0.00398639848165041,0.00978368928991721,"rep2","cells_Granularity_ER_Granularity","CP"
"1186",0.017428586161681,"Taxol (Paclitaxel)",0.013900873538046,0.0215440833249358,"rep2","cells_Spatial_Neighbors","CP"
"1187",0.0481526168749314,"Taxol (Paclitaxel)",0.0281439906141943,0.0826362757019832,"rep2","cells_NumberOfNeighbors_Neighbors","CP"
"1188",0.00640991751481315,"Taxol (Paclitaxel)",0.00205300512521776,0.0152933736416894,"rep2","cytoplasm_Morphology_AreaShape","CP"
"1189",0.00535526476523038,"Taxol (Paclitaxel)",0.00335907290421898,0.00866145424960202,"rep2","cytoplasm_ER_Texture","CP"
"1190",0.000153149485191382,"Taxol (Paclitaxel)",8.35134705820606e-05,0.000283291309649434,"rep2","cytoplasm_SubcellularOrganization_RadialDistribution","CP"
"1191",0.00171291814829032,"Taxol (Paclitaxel)",0.00146570855426641,0.00194963796041775,"rep2","nuclei__Shape_Morph","CP"
"1192",0.0142244537118186,"Taxol (Paclitaxel)",0.00689302405957274,0.0316839800509038,"rep2","nuclei_Granularity_AGP_Granularity","CP"
"1193",0.00988540476049713,"Taxol (Paclitaxel)",0.00618988755677875,0.0150870347592008,"rep2","nuclei_Granularity_ER_Granularity","CP"
"1194",0.00473157281990274,"Taxol (Paclitaxel)",0.00296809480750822,0.00802253957046908,"rep2","nuclei_Granularity_Mito_Granularity","CP"
"1195",0.00725057882709638,"Taxol (Paclitaxel)",0.00395864862886376,0.0126782333350278,"rep2","nuclei_Granularity_RNA_Granularity","CP"
"1196",0.016324094493145,"Taxol (Paclitaxel)",0.0131126302184732,0.0205515482554964,"rep2","nuclei_Spatial_Neighbors","CP"
"1197",0.00242068798246874,"Taxol (Paclitaxel)",0.0019454649635663,0.0029597671407943,"rep2","nuclei_SubcellularOrganization_AGP_RadialDistribution","CP"
"1198",0.00101374566559423,"Taxol (Paclitaxel)",0.000802822368357356,0.00126960626025918,"rep2","nuclei_SubcellularOrganization_ER_RadialDistribution","CP"
"1199",0.00256442973743956,"Taxol (Paclitaxel)",0.00217075000995268,0.00307681785360311,"rep2","nuclei_RNA_Radial","CP"
"1200",0.00688203480083367,"Staurosporine",0.00658139193462537,0.00734452796459571,"rep2","cells_Spatial_Neighbors","CP"
"1201",0.00510756725896864,"Staurosporine",0.00417039200153504,0.00634141684461817,"rep2","cells_NumberOfNeighbors_Neighbors","CP"
"1202",0.0100027633289441,"Staurosporine",0.00811348179824215,0.0122562150287136,"rep2","nuclei__Shape_Morph","CP"
"1203",0.00527855408529524,"Staurosporine",0.00475233582530992,0.00590018923746979,"rep2","nuclei_Granularity_Mito_Granularity","CP"
"1204",0.00810900563219017,"Staurosporine",0.00770619088643968,0.00878790365040783,"rep2","nuclei_Spatial_Neighbors","CP"
"1205",0.000188241982023275,"Staurosporine",0.000152962515889881,0.000230595412875851,"rep2","nuclei_SubcellularOrganization_ER_RadialDistribution","CP"
"1206",0.0109705673773981,"Staurosporine",0.00917357311575482,0.0132883314492815,"rep2","nuclei_SubcellularOrganization_Mito_RadialDistribution","CP"
"1207",0.000337556108465515,"Staurosporine",0.000292815875532851,0.000411072320276961,"rep2","nuclei_RNA_Radial","CP"
"1208",21.3250216459853,"Amperozide",20.2316511841172,22.675776699585,"rep2","cells_AGP_Compactness","CP"
"1209",77.5468944821351,"Amperozide",74.8522080958287,81.4804343839517,"rep2","cells_position_position","CP"
"1210",21.3836492282214,"Amperozide",19.4382069759718,24.7624432010022,"rep2","cells_Granularity_AGP_Granularity","CP"
"1211",2.15031587477652,"Amperozide",1.960282197643,2.54600109054935,"rep2","cells_Granularity_DNA_Granularity","CP"
"1212",16.3260834163543,"Amperozide",15.6846277607099,17.1074424871966,"rep2","cells_Granularity_ER_Granularity","CP"
"1213",25.8891821808983,"Amperozide",23.1627401586824,30.2199433356727,"rep2","cells_Granularity_Mito_Granularity","CP"
"1214",22.0176911357436,"Amperozide",19.8743068853737,24.3095827044811,"rep2","cells_Granularity_RNA_Granularity","CP"
"1215",82.0860563630175,"Amperozide",80.5244410394498,84.9338495596454,"rep2","cells_CenterMassIntensity_AGP_Location","CP"
"1216",80.5705135124131,"Amperozide",78.7256055940081,83.9955371601656,"rep2","cells_CenterMassIntensity_DNA_Location","CP"
"1217",81.4987122896527,"Amperozide",79.6964986849998,84.9172444390378,"rep2","cells_CenterMassIntensity_ER_Location","CP"
"1218",92.8770843933864,"Amperozide",92.084548740279,94.3579024029114,"rep2","cells_CenterMassIntensity_Mito_Location","CP"
"1219",83.0903988376695,"Amperozide",81.43379985638,86.1961157282907,"rep2","cells_CenterMassIntensity_RNA_Location","CP"
"1220",73.9535141725207,"Amperozide",71.4096466285417,79.0299053705959,"rep2","cells_MaxIntensity_AGP_Location","CP"
"1221",79.6772360201936,"Amperozide",77.6319071517706,83.6228199994983,"rep2","cells_MaxIntensity_DNA_Location","CP"
"1222",80.3270963995717,"Amperozide",78.519044545197,83.7745090373095,"rep2","cells_MaxIntensity_ER_Location","CP"
"1223",80.8440747069799,"Amperozide",79.1439874705221,84.0481836807983,"rep2","cells_MaxIntensity_Mito_Location","CP"
"1224",80.0611500983176,"Amperozide",78.1501910087194,83.6409675207826,"rep2","cells_MaxIntensity_RNA_Location","CP"
"1225",36.264814337093,"Amperozide",35.2238968816299,37.887649131674,"rep2","cells_Spatial_Neighbors","CP"
"1226",41.3885526894878,"Amperozide",40.1488875822967,42.7994487253917,"rep2","cells_NumberOfNeighbors_Neighbors","CP"
"1227",25.5232968948867,"Amperozide",25.1596465718075,25.851581727316,"rep2","cells_SubcellularOrganization_RadialDistribution","CP"
"1228",11.1073380731127,"Amperozide",10.6648062209746,11.5495427830538,"rep2","cytoplasm_Morphology_AreaShape","CP"
"1229",77.2302117498027,"Amperozide",74.6248819018382,80.9853075884771,"rep2","cytoplasm_Position_AreaShape","CP"
"1230",28.9631610399895,"Amperozide",28.1260618122085,30.5329123223131,"rep2","cytoplasm_AGP_Texture","CP"
"1231",14.8602395852626,"Amperozide",14.2879037493697,15.556472999586,"rep2","cytoplasm_ER_Texture","CP"
"1232",20.9367616708983,"Amperozide",18.5830530447546,23.8711777336299,"rep2","cytoplasm_Mito_Texture","CP"
"1233",17.2803427104957,"Amperozide",16.7093876951974,17.9248049306181,"rep2","cytoplasm_Granularity_RNA_Granularity","CP"
"1234",81.5853327925763,"Amperozide",80.0733811138769,84.3959848599071,"rep2","cytoplasm_CenterMassIntensity_AGP_Location","CP"
"1235",82.2962845877885,"Amperozide",80.8057406066834,85.039680179852,"rep2","cytoplasm_CenterMassIntensity_DNA_Location","CP"
"1236",94.250031609468,"Amperozide",93.6245440962386,95.4328346159681,"rep2","cytoplasm_CenterMassIntensity_ER_Location","CP"
"1237",78.9178300299476,"Amperozide",77.0056904409959,82.5280497361448,"rep2","cytoplasm_CenterMassIntensity_Mito_Location","CP"
"1238",80.7437332650905,"Amperozide",78.9659527636438,84.1776546931948,"rep2","cytoplasm_CenterMassIntensity_RNA_Location","CP"
"1239",81.5417312847864,"Amperozide",80.0785715758802,84.2294260889917,"rep2","cytoplasm_Position_Location","CP"
"1240",74.5005699886101,"Amperozide",72.3521841846361,78.6989310864027,"rep2","cytoplasm_AGP_Intensity","CP"
"1241",77.1310041818634,"Amperozide",74.4268768200886,82.6307360312582,"rep2","cytoplasm_MaxIntensity_DNA_Location","CP"
"1242",80.5518269437232,"Amperozide",78.6804420600655,84.1868131167664,"rep2","cytoplasm_ER_Intensity","CP"
"1243",92.2528210766823,"Amperozide",91.5002182110359,93.5986588776539,"rep2","cytoplasm_Mito_Intensity","CP"
"1244",80.0371214023898,"Amperozide",77.8416840316553,84.3356338940843,"rep2","cytoplasm_MaxIntensity_RNA_Location","CP"
"1245",38.4923902741211,"Amperozide",38.2548520683691,38.7105077810308,"rep2","cytoplasm_SubcellularOrganization_RadialDistribution","CP"
"1246",70.3717391180875,"Amperozide",69.0282828270234,71.8374736009448,"rep2","nuclei__Shape_Morph","CP"
"1247",77.2471308605156,"Amperozide",74.7755308823837,80.5611944581544,"rep2","nuclei_position_position","CP"
"1248",30.8820152961706,"Amperozide",29.2905672183345,33.3935575957065,"rep2","nuclei_Granularity_AGP_Granularity","CP"
"1249",24.6323886766791,"Amperozide",23.6032641441706,25.5584157170494,"rep2","nuclei_Granularity_DNA_Granularity","CP"
"1250",34.1361562953188,"Amperozide",32.8921074452792,35.382448563657,"rep2","nuclei_Granularity_ER_Granularity","CP"
"1251",57.5017260391574,"Amperozide",56.2932118589401,58.9129178547242,"rep2","nuclei_Granularity_Mito_Granularity","CP"
"1252",41.2792398103093,"Amperozide",39.5387057624944,42.8870227243195,"rep2","nuclei_Granularity_RNA_Granularity","CP"
"1253",79.7404389057074,"Amperozide",77.8127972630808,83.3375113048188,"rep2","nuclei_Position_Location","CP"
"1254",33.9203590311314,"Amperozide",32.3885270463042,35.6700761052116,"rep2","nuclei_SubcellularOrganization_AGP_RadialDistribution","CP"
"1255",79.9051254150951,"Amperozide",77.4904397949455,82.5840845735014,"rep2","nuclei_DNA_Radial","CP"
"1256",32.9964694321811,"Amperozide",29.7063105429846,37.1485941067546,"rep2","nuclei_SubcellularOrganization_ER_RadialDistribution","CP"
"1257",26.0606086223578,"Amperozide",21.0930023469566,31.3301935307036,"rep2","nuclei_SubcellularOrganization_Mito_RadialDistribution","CP"
"1258",37.7770940961501,"Amperozide",33.1709594125309,61.3833377875431,"rep2","nuclei_RNA_Radial","CP"
"1259",0.112526344351179,"Etoposide",0.0522843701348587,0.267840968714344,"rep2","cells_Granularity_AGP_Granularity","CP"
"1260",0.0310545022529638,"Etoposide",0.0220536165931042,0.0437410290754904,"rep2","cells_Granularity_ER_Granularity","CP"
"1261",0.0767067379234196,"Etoposide",0.0480187814438082,0.125505335556739,"rep2","cells_Granularity_Mito_Granularity","CP"
"1262",0.0522031782022578,"Etoposide",0.035423175019186,0.0759575029098584,"rep2","cells_Granularity_RNA_Granularity","CP"
"1263",0.341659950855352,"Etoposide",0.313936702331301,0.434204269080071,"rep2","cells_Spatial_Neighbors","CP"
"1264",0.0811100266040835,"Etoposide",0.0345675427873605,0.0936270022879504,"rep2","cells_NumberOfNeighbors_Neighbors","CP"
"1265",0.0502855893959639,"Etoposide",0.0311017733624316,0.0805670488492804,"rep2","cells_SubcellularOrganization_RadialDistribution","CP"
"1266",0.343448431773248,"Etoposide",0.277364285604882,0.830344589139729,"rep2","cytoplasm_AGP_Texture","CP"
"1267",0.0374685273878484,"Etoposide",0.0272937649767696,0.05114522396332,"rep2","cytoplasm_Granularity_DNA_Granularity","CP"
"1268",0.0427054124143227,"Etoposide",0.0276560646025671,0.0650236431426899,"rep2","cytoplasm_ER_Texture","CP"
"1269",0.0524148957429945,"Etoposide",0.0291108592528847,0.0918602004439816,"rep2","cytoplasm_Mito_Texture","CP"
"1270",0.043191458471134,"Etoposide",0.0346452243726659,0.0535166340252582,"rep2","cytoplasm_Granularity_RNA_Granularity","CP"
"1271",0.250470272848203,"Etoposide",0.201880117338045,0.305869038122565,"rep2","nuclei__Shape_Morph","CP"
"1272",0.0690047795851412,"Etoposide",0.0418738693292538,0.116476590347679,"rep2","nuclei_Granularity_AGP_Granularity","CP"
"1273",0.0377327857478155,"Etoposide",0.0254764440215685,0.0541389456286789,"rep2","nuclei_Granularity_ER_Granularity","CP"
"1274",0.0622825195388276,"Etoposide",0.0288113821574666,0.123414640463532,"rep2","nuclei_Granularity_Mito_Granularity","CP"
"1275",0.041368567253367,"Etoposide",0.0288869480695445,0.057522433361639,"rep2","nuclei_Granularity_RNA_Granularity","CP"
"1276",0.436243336728867,"Etoposide",0.368059805188555,0.514239617314706,"rep2","nuclei_Spatial_Neighbors","CP"
"1277",4.86178213709882,"Etoposide",2.67718347107563,8.94788010981059,"rep2","nuclei_SubcellularOrganization_AGP_RadialDistribution","CP"
"1278",4.73389625144288,"Etoposide",3.69337341106898,6.45508424617001,"rep2","nuclei_SubcellularOrganization_ER_RadialDistribution","CP"
"1279",0.484675316696557,"Etoposide",0.179121260827338,2.06953540222296,"rep2","nuclei_SubcellularOrganization_Mito_RadialDistribution","CP"
"1280",2.17107286393488,"Etoposide",1.54202246027592,3.07831377566116,"rep2","nuclei_RNA_Radial","CP"
"1281",0.493385764626723,"Fenbendazole",0.371140097513595,0.682316605446209,"rep2","cells_AGP_Compactness","CP"
"1282",0.262529801896508,"Fenbendazole",0.218354850794063,0.305343558773961,"rep2","cells_Granularity_AGP_Granularity","CP"
"1283",0.433794881638367,"Fenbendazole",0.3953568493296,0.485904161070808,"rep2","cells_Granularity_DNA_Granularity","CP"
"1284",0.0408523131846037,"Fenbendazole",0.0368778041736496,0.0458974129283817,"rep2","cells_Granularity_ER_Granularity","CP"
"1285",0.290071563408067,"Fenbendazole",0.245598608920783,0.32240132875548,"rep2","cells_Granularity_Mito_Granularity","CP"
"1286",0.0635976444107316,"Fenbendazole",0.0501357839211688,0.0781768064951007,"rep2","cells_Granularity_RNA_Granularity","CP"
"1287",0.379270578739263,"Fenbendazole",0.354329370913702,0.405993530265451,"rep2","cells_Spatial_Neighbors","CP"
"1288",0.546957685198982,"Fenbendazole",0.512145080100539,0.586732248508581,"rep2","cells_NumberOfNeighbors_Neighbors","CP"
"1289",0.0141486829437018,"Fenbendazole",0.0120544453753694,0.0166800915196501,"rep2","cells_SubcellularOrganization_RadialDistribution","CP"
"1290",0.726057655560254,"Fenbendazole",0.706972113428781,0.751792532698408,"rep2","cytoplasm_Morphology_AreaShape","CP"
"1291",0.345105115856077,"Fenbendazole",0.299244175678861,0.386196918493009,"rep2","cytoplasm_AGP_Texture","CP"
"1292",0.00936331666997622,"Fenbendazole",0.00750464504191145,0.011860746112058,"rep2","cytoplasm_ER_Texture","CP"
"1293",0.116051983386311,"Fenbendazole",0.104933370227492,0.132035321388856,"rep2","cytoplasm_Mito_Texture","CP"
"1294",0.0162096158177938,"Fenbendazole",0.0131990737685105,0.0199981117763483,"rep2","cytoplasm_Granularity_RNA_Granularity","CP"
"1295",0.0694794967396471,"Fenbendazole",0.0575046302983506,0.086352579458069,"rep2","cytoplasm_SubcellularOrganization_RadialDistribution","CP"
"1296",0.410889914679639,"Fenbendazole",0.222621685803242,0.493482066952634,"rep2","nuclei__Shape_Morph","CP"
"1297",0.0879881980193083,"Fenbendazole",0.0725694667259928,0.106919875953508,"rep2","nuclei_Granularity_AGP_Granularity","CP"
"1298",0.569669127297208,"Fenbendazole",0.517978175070915,0.714458443998708,"rep2","nuclei_Granularity_DNA_Granularity","CP"
"1299",0.0154836934486079,"Fenbendazole",0.0105925221767667,0.0238705703016262,"rep2","nuclei_Granularity_ER_Granularity","CP"
"1300",0.066572564768408,"Fenbendazole",0.0608169652483547,0.073072671812522,"rep2","nuclei_Granularity_Mito_Granularity","CP"
"1301",0.0765981227017412,"Fenbendazole",0.0699350730903226,0.0873053257696,"rep2","nuclei_Granularity_RNA_Granularity","CP"
"1302",0.416034095676253,"Fenbendazole",0.387021847040448,0.446402758837182,"rep2","nuclei_Spatial_Neighbors","CP"
"1303",0.474149484309877,"Fenbendazole",0.262557016188616,0.509432155238438,"rep2","nuclei_SubcellularOrganization_AGP_RadialDistribution","CP"
"1304",0.524091149740429,"Fenbendazole",0.489562237066818,0.556513035718932,"rep2","nuclei_DNA_Radial","CP"
"1305",0.468809359755218,"Fenbendazole",0.230303022035384,0.51555753629413,"rep2","nuclei_SubcellularOrganization_Mito_RadialDistribution","CP"
"1306",2.73186678767684,"Tetrandrine",2.42008502938492,3.16668862297058,"rep2","cells_AGP_Compactness","CP"
"1307",1.30463946205262,"Tetrandrine",1.26848289841147,1.34505449023838,"rep2","cells_Granularity_AGP_Granularity","CP"
"1308",4.17790573323933,"Tetrandrine",3.90492294639856,4.47463583387746,"rep2","cells_Granularity_ER_Granularity","CP"
"1309",1.32241962563847,"Tetrandrine",1.07224210846201,1.57223424578996,"rep2","cells_Granularity_Mito_Granularity","CP"
"1310",4.30453636934392,"Tetrandrine",3.9984445139057,4.69149978223665,"rep2","cells_Granularity_RNA_Granularity","CP"
"1311",2.1599577379028,"Tetrandrine",1.42320676427338,2.45697774095596,"rep2","cells_Spatial_Neighbors","CP"
"1312",0.0379543488786646,"Tetrandrine",0.0192123977569259,0.0911225025887075,"rep2","cells_NumberOfNeighbors_Neighbors","CP"
"1313",0.167619455539163,"Tetrandrine",0.118293385100107,0.238504913232599,"rep2","cells_SubcellularOrganization_RadialDistribution","CP"
"1314",1.80203084910533,"Tetrandrine",1.29970128902191,2.47198926765028,"rep2","cytoplasm_Morphology_AreaShape","CP"
"1315",1.22129694219793,"Tetrandrine",1.18616694705617,1.24802174177878,"rep2","cytoplasm_AGP_Texture","CP"
"1316",0.618172730929163,"Tetrandrine",0.268948996111251,1.5261095593596,"rep2","cytoplasm_Granularity_DNA_Granularity","CP"
"1317",2.20057254047492,"Tetrandrine",1.84785784372565,2.56549790587454,"rep2","cytoplasm_ER_Texture","CP"
"1318",1.22301287611904,"Tetrandrine",1.15072717184564,1.31530418535351,"rep2","cytoplasm_Mito_Texture","CP"
"1319",1.93858013049226,"Tetrandrine",1.69718120617538,2.24640537547723,"rep2","cytoplasm_Granularity_RNA_Granularity","CP"
"1320",0.730697168096935,"Tetrandrine",0.629268955362551,0.839011792731636,"rep2","cytoplasm_SubcellularOrganization_RadialDistribution","CP"
"1321",7.52222124901518,"Tetrandrine",7.20463058675583,8.091137184955,"rep2","nuclei_Granularity_ER_Granularity","CP"
"1322",7.32584382339092,"Tetrandrine",5.13001455558308,12.8665969078381,"rep2","nuclei_Granularity_Mito_Granularity","CP"
"1323",6.64673249563882,"Tetrandrine",6.1217350771151,7.30695056214156,"rep2","nuclei_Granularity_RNA_Granularity","CP"
"1324",0.730363649073789,"Tetrandrine",0.692380175735076,0.770504227990139,"rep2","nuclei_SubcellularOrganization_AGP_RadialDistribution","CP"
"1325",0.632153897785221,"Tetrandrine",0.606212716024036,0.659810457417333,"rep2","nuclei_SubcellularOrganization_Mito_RadialDistribution","CP"
"1326",18.9399378632426,"Berberine Chloride",9.04546375465853,42.3165475491201,"rep2","cells_AGP_Compactness","CP"
"1327",1.84809288895219,"Berberine Chloride",0.768355156355093,9.84833391294446,"rep2","cells_Granularity_DNA_Granularity","CP"
"1328",58.8693396821371,"Berberine Chloride",43.6647427043656,90.0628443631664,"rep2","cells_Granularity_ER_Granularity","CP"
"1329",23.288145269714,"Berberine Chloride",22.1268636046998,24.8581848354568,"rep2","cells_Granularity_Mito_Granularity","CP"
"1330",56.247374482152,"Berberine Chloride",41.0089167129981,90.6965348015915,"rep2","cells_Granularity_RNA_Granularity","CP"
"1331",7.45687909082671,"Berberine Chloride",6.85355153483029,8.07688031595588,"rep2","cells_SubcellularOrganization_RadialDistribution","CP"
"1332",41.3618786080015,"Berberine Chloride",32.7558585161024,56.0698783118621,"rep2","cytoplasm_Morphology_AreaShape","CP"
"1333",1.14537649022353,"Berberine Chloride",0.546067866269086,3.23612705585749,"rep2","cytoplasm_Granularity_DNA_Granularity","CP"
"1334",4.28897281251733,"Berberine Chloride",2.47554112658045,8.30305256023902,"rep2","cytoplasm_ER_Texture","CP"
"1335",44.3909654320217,"Berberine Chloride",35.9958910506095,58.7069476656675,"rep2","cytoplasm_Granularity_RNA_Granularity","CP"
"1336",7.30733768673284,"Berberine Chloride",6.50126247545475,8.17644513190544,"rep2","cytoplasm_SubcellularOrganization_RadialDistribution","CP"
"1337",54.0366390068735,"Berberine Chloride",34.7901448302784,126.283746352195,"rep2","nuclei_Granularity_ER_Granularity","CP"
"1338",89.0272572252299,"Berberine Chloride",65.937827927147,133.695631332156,"rep2","nuclei_Granularity_Mito_Granularity","CP"
"1339",14.7494578458025,"Berberine Chloride",13.289697364228,17.6740997487207,"rep2","nuclei_Granularity_RNA_Granularity","CP"
"1340",38.7569105320626,"Berberine Chloride",28.0552727969034,64.365878996143,"rep2","nuclei_SubcellularOrganization_Mito_RadialDistribution","CP"
"1341",9.95364994512318,"Fluphenazine",9.6870188285946,10.2790901333915,"rep2","cells_Granularity_AGP_Granularity","CP"
"1342",2.62067870853461,"Fluphenazine",1.74610217670339,5.58970102989669,"rep2","cells_Granularity_DNA_Granularity","CP"
"1343",7.91471135073197,"Fluphenazine",7.43270754625564,8.57493927426654,"rep2","cells_Granularity_ER_Granularity","CP"
"1344",5.75084711431175,"Fluphenazine",3.89167944502513,9.63197136971971,"rep2","cells_Granularity_Mito_Granularity","CP"
"1345",2.01411870390189,"Fluphenazine",1.50701590272513,2.9738633797476,"rep2","cells_Granularity_RNA_Granularity","CP"
"1346",0.0211843587397256,"Fluphenazine",0.0022046534731554,0.236154827115184,"rep2","cells_CenterMassIntensity_AGP_Location","CP"
"1347",0.0203821636314592,"Fluphenazine",0.00228999929367742,0.170430824866834,"rep2","cells_CenterMassIntensity_ER_Location","CP"
"1348",0.0184110368608971,"Fluphenazine",0.00147949338475819,0.172806072692269,"rep2","cells_CenterMassIntensity_Mito_Location","CP"
"1349",0.0201599780977057,"Fluphenazine",0.00223810808798934,0.187817660827883,"rep2","cells_CenterMassIntensity_RNA_Location","CP"
"1350",0.0197706277441257,"Fluphenazine",0.00275504342447985,0.199778416680514,"rep2","cells_MaxIntensity_AGP_Location","CP"
"1351",0.0284289481848013,"Fluphenazine",0.00267725505547461,0.355913680170465,"rep2","cells_MaxIntensity_ER_Location","CP"
"1352",0.0246102504475764,"Fluphenazine",0.00311768304499911,0.323185261453894,"rep2","cells_MaxIntensity_Mito_Location","CP"
"1353",0.0356831120627169,"Fluphenazine",0.0035906376033649,0.489471792386877,"rep2","cells_MaxIntensity_RNA_Location","CP"
"1354",0.130019347523465,"Fluphenazine",0.06741249666484,0.296190691441585,"rep2","cells_SubcellularOrganization_RadialDistribution","CP"
"1355",2.61629645113273,"Fluphenazine",1.70663407377434,4.66685718429452,"rep2","cytoplasm_Granularity_DNA_Granularity","CP"
"1356",1.81354953702816,"Fluphenazine",1.47734959675652,2.41578765524465,"rep2","cytoplasm_ER_Texture","CP"
"1357",2.80400505865641,"Fluphenazine",2.30577428963592,3.54200586626086,"rep2","cytoplasm_Mito_Texture","CP"
"1358",7.33254550074663,"Fluphenazine",6.91912193934739,7.94195963687034,"rep2","cytoplasm_Granularity_RNA_Granularity","CP"
"1359",0.0180584084776355,"Fluphenazine",0.00209780601183027,0.168520833245223,"rep2","cytoplasm_CenterMassIntensity_AGP_Location","CP"
"1360",0.0187258656336372,"Fluphenazine",0.00160250106630877,0.198983881857931,"rep2","cytoplasm_CenterMassIntensity_DNA_Location","CP"
"1361",0.0180193823398348,"Fluphenazine",0.00230743167735376,0.136061201396978,"rep2","cytoplasm_CenterMassIntensity_ER_Location","CP"
"1362",0.0175161059265855,"Fluphenazine",0.00228488150399964,0.153902827252233,"rep2","cytoplasm_CenterMassIntensity_Mito_Location","CP"
"1363",0.0186714151031306,"Fluphenazine",0.00239352511352192,0.156872295451678,"rep2","cytoplasm_CenterMassIntensity_RNA_Location","CP"
"1364",0.0183157434875014,"Fluphenazine",0.00174233642465753,0.186714296539296,"rep2","cytoplasm_Position_Location","CP"
"1365",0.0181812322552812,"Fluphenazine",0.00148049703578527,0.206882356855134,"rep2","cytoplasm_AGP_Intensity","CP"
"1366",0.0242848659399351,"Fluphenazine",0.00222356814988303,0.233651954175912,"rep2","cytoplasm_MaxIntensity_DNA_Location","CP"
"1367",0.030220239735872,"Fluphenazine",0.00245757993240983,0.368762630974823,"rep2","cytoplasm_ER_Intensity","CP"
"1368",0.0261147412639193,"Fluphenazine",0.00319834791551749,0.333992060181441,"rep2","cytoplasm_Mito_Intensity","CP"
"1369",0.040142020009121,"Fluphenazine",0.00423740965212721,0.508020413661657,"rep2","cytoplasm_MaxIntensity_RNA_Location","CP"
"1370",1.44592399717667,"Fluphenazine",1.2299408720549,1.86036408943884,"rep2","cytoplasm_SubcellularOrganization_RadialDistribution","CP"
"1371",7.13368021835988,"Fluphenazine",5.10522549368179,12.4237523699003,"rep2","nuclei_Granularity_DNA_Granularity","CP"
"1372",7.97798547969487,"Fluphenazine",7.73566553448592,8.26727004727782,"rep2","nuclei_Granularity_ER_Granularity","CP"
"1373",6.87752368707206,"Fluphenazine",6.67742106508923,7.17013608789366,"rep2","nuclei_Granularity_RNA_Granularity","CP"
"1374",0.0271140438349991,"Fluphenazine",0.00274372605528076,0.414266715621548,"rep2","nuclei_Position_Location","CP"
"1375",6.39335445357506,"Fluphenazine",4.54386985195167,10.7383379536922,"rep2","nuclei_SubcellularOrganization_AGP_RadialDistribution","CP"
"1376",7.39092229352345,"Fluphenazine",5.24689603711251,9.60460615106396,"rep2","nuclei_SubcellularOrganization_Mito_RadialDistribution","CP"
"1377",0.363985188201946,"Latrunculin B",0.3282310846876,0.40766778785896,"rep2","cells_AGP_Compactness","CP"
"1378",1.72408028164363,"Latrunculin B",1.2564490846714,2.83837709079593,"rep2","cells_position_position","CP"
"1379",0.248246678284251,"Latrunculin B",0.228879227429722,0.269147938993504,"rep2","cells_Granularity_Mito_Granularity","CP"
"1380",0.432092142321979,"Latrunculin B",0.374957382039075,0.50402465986003,"rep2","cells_Spatial_Neighbors","CP"
"1381",0.00874702417098542,"Latrunculin B",0.0065654059067879,0.0118253221819779,"rep2","cells_NumberOfNeighbors_Neighbors","CP"
"1382",1.0307686768433,"Latrunculin B",0.9347586752655,1.14613067055999,"rep2","cytoplasm_Morphology_AreaShape","CP"
"1383",1.73538111098866,"Latrunculin B",1.26290385824292,2.86017456325363,"rep2","cytoplasm_Position_AreaShape","CP"
"1384",0.436824665281532,"Latrunculin B",0.385991720947379,0.488622342298594,"rep2","nuclei__Shape_Morph","CP"
"1385",1.84010112780912,"Latrunculin B",1.37002178704128,2.96370301961262,"rep2","nuclei_position_position","CP"
"1386",0.545532984475129,"Latrunculin B",0.471982859716174,0.625827946857195,"rep2","nuclei_Spatial_Neighbors","CP"
"1387",0.608334054094619,"Latrunculin B",0.535013029215066,0.74499047619723,"rep2","nuclei_DNA_Radial","CP"
"1388",0.6414846757214,"Latrunculin B",0.592121079221112,0.697255031743261,"rep2","nuclei_SubcellularOrganization_Mito_RadialDistribution","CP"
"1389",0.0161268929333793,"Rapamycin",0.0116517474994327,0.0230611017361363,"rep2","cells_AGP_Compactness","CP"
"1390",8.3382778188826,"Rapamycin",5.89356739734568,16.0495453267121,"rep2","cells_position_position","CP"
"1391",0.0327784415483968,"Rapamycin",0.0189375495810425,0.0689461221578782,"rep2","cells_Granularity_DNA_Granularity","CP"
"1392",7.8201254484899,"Rapamycin",2.38979888070138,39.5506034009322,"rep2","cells_Granularity_Mito_Granularity","CP"
"1393",0.0598656841307515,"Rapamycin",0.03259016290446,0.127305540255341,"rep2","cells_Granularity_RNA_Granularity","CP"
"1394",6.87047380347176,"Rapamycin",5.05161594504694,11.8516795350644,"rep2","cells_CenterMassIntensity_AGP_Location","CP"
"1395",7.05099792257052,"Rapamycin",5.21458933461496,12.0718500698119,"rep2","cells_CenterMassIntensity_DNA_Location","CP"
"1396",6.80435877921549,"Rapamycin",5.00360407080052,11.7587912832423,"rep2","cells_CenterMassIntensity_ER_Location","CP"
"1397",6.69398777493795,"Rapamycin",4.95662409723014,11.4262504515509,"rep2","cells_CenterMassIntensity_Mito_Location","CP"
"1398",6.76337868653749,"Rapamycin",4.97620341903959,11.6650115796745,"rep2","cells_CenterMassIntensity_RNA_Location","CP"
"1399",6.35622546953578,"Rapamycin",4.67418865847717,10.9633465000566,"rep2","cells_MaxIntensity_AGP_Location","CP"
"1400",7.06201660292598,"Rapamycin",5.16551989738192,12.3802266891638,"rep2","cells_MaxIntensity_DNA_Location","CP"
"1401",6.99228994643381,"Rapamycin",4.93074073757897,13.5159407204545,"rep2","cells_MaxIntensity_ER_Location","CP"
"1402",6.94439315204776,"Rapamycin",4.93765344624463,13.2693206664878,"rep2","cells_MaxIntensity_Mito_Location","CP"
"1403",6.46176293509489,"Rapamycin",4.65017216723211,11.8281243197807,"rep2","cells_MaxIntensity_RNA_Location","CP"
"1404",1.43551260910634,"Rapamycin",0.732268867126025,1.78477950211461,"rep2","cells_NumberOfNeighbors_Neighbors","CP"
"1405",0.0712275058880887,"Rapamycin",0.0574505869855912,0.0903454377943397,"rep2","cells_SubcellularOrganization_RadialDistribution","CP"
"1406",0.0156840147734823,"Rapamycin",0.011056318971124,0.0232822008543805,"rep2","cytoplasm_Morphology_AreaShape","CP"
"1407",8.22715009671068,"Rapamycin",5.81922891686563,15.8187216687962,"rep2","cytoplasm_Position_AreaShape","CP"
"1408",0.113889159427428,"Rapamycin",0.0624809238056323,0.231308203917089,"rep2","cytoplasm_ER_Texture","CP"
"1409",2.36733487913932,"Rapamycin",1.56279107585946,3.94397014716821,"rep2","cytoplasm_Mito_Texture","CP"
"1410",6.41290346598837,"Rapamycin",4.7955488856941,10.5765900214648,"rep2","cytoplasm_CenterMassIntensity_AGP_Location","CP"
"1411",7.15661667458856,"Rapamycin",5.19984900036607,12.6613529726809,"rep2","cytoplasm_CenterMassIntensity_DNA_Location","CP"
"1412",6.34107682710066,"Rapamycin",4.70847559383098,10.7030721013468,"rep2","cytoplasm_CenterMassIntensity_ER_Location","CP"
"1413",6.27775164221047,"Rapamycin",4.70488255680025,10.3919545442076,"rep2","cytoplasm_CenterMassIntensity_Mito_Location","CP"
"1414",6.38701400812929,"Rapamycin",4.75144526533799,10.7367866895625,"rep2","cytoplasm_CenterMassIntensity_RNA_Location","CP"
"1415",6.58724846382001,"Rapamycin",4.86754326655606,11.1770446277556,"rep2","cytoplasm_Position_Location","CP"
"1416",6.42249978504271,"Rapamycin",4.74620650739655,10.9578221555956,"rep2","cytoplasm_AGP_Intensity","CP"
"1417",7.43132235781311,"Rapamycin",5.42636771583107,13.3007913180606,"rep2","cytoplasm_MaxIntensity_DNA_Location","CP"
"1418",6.82453460290671,"Rapamycin",4.77656068554107,13.1480757488211,"rep2","cytoplasm_ER_Intensity","CP"
"1419",6.95741250502654,"Rapamycin",4.98287606676039,13.2932234949405,"rep2","cytoplasm_Mito_Intensity","CP"
"1420",6.50263547696461,"Rapamycin",4.64998891862781,12.1094693665773,"rep2","cytoplasm_MaxIntensity_RNA_Location","CP"
"1421",8.63630767581548,"Rapamycin",6.28398510349279,15.2377019362245,"rep2","nuclei_position_position","CP"
"1422",0.0064610642665037,"Rapamycin",0.00143682917441527,0.0264481843498227,"rep2","nuclei_Granularity_AGP_Granularity","CP"
"1423",12.3757914010789,"Rapamycin",11.8642183301565,12.9468104423978,"rep2","nuclei_Granularity_DNA_Granularity","CP"
"1424",7.18151559580344,"Rapamycin",5.31798139166845,12.1975598364509,"rep2","nuclei_Position_Location","CP"
"1425",0.000242221307924407,"Rapamycin",0.000115512147695184,0.000455839036596816,"rep2","nuclei_SubcellularOrganization_ER_RadialDistribution","CP"
"1426",2.55371035228866,"Rapamycin",2.2096853355125,3.03540655728201,"rep2","nuclei_SubcellularOrganization_Mito_RadialDistribution","CP"
"1427",0.000349656865761054,"Rapamycin",0.000170527796173984,0.000659434760597873,"rep2","nuclei_RNA_Radial","CP"
"1428",0.000102430386676481,"5-Nitro-2-(3-phenylpropylamino)benzoic acid",2.50062007797582e-05,0.000381609328921553,"rep4","cells_Granularity_ER_Granularity","CP"
"1429",7.34659375440488e-05,"5-Nitro-2-(3-phenylpropylamino)benzoic acid",1.35277371253432e-05,0.00040195745130901,"rep4","cells_Granularity_RNA_Granularity","CP"
"1430",7.82885713433013,"5-Nitro-2-(3-phenylpropylamino)benzoic acid",5.79480218991845,11.6336519808438,"rep4","cells_MeanIntensity_ER_Intensity","CP"
"1431",19.4403449449861,"5-Nitro-2-(3-phenylpropylamino)benzoic acid",13.0887924351728,36.0293918853708,"rep4","cells_MinIntensity_ER_Intensity","CP"
"1432",59.9491212646978,"5-Nitro-2-(3-phenylpropylamino)benzoic acid",57.1178339190779,64.898653447738,"rep4","cells_MinIntensity_RNA_Intensity","CP"
"1433",0.339443259362912,"5-Nitro-2-(3-phenylpropylamino)benzoic acid",0.193967240593624,0.668188833260441,"rep4","cells_StdIntensity_AGP_Intensity","CP"
"1434",29.4043818323624,"5-Nitro-2-(3-phenylpropylamino)benzoic acid",22.4030856091587,42.3976094908297,"rep4","cells_AngularSecondMoment_ER_Texture","CP"
"1435",0.208025445831408,"5-Nitro-2-(3-phenylpropylamino)benzoic acid",0.0659694483101009,1.04919222578063,"rep4","cells_TextureCorrelation_AGP_Texture","CP"
"1436",50.2757234161456,"5-Nitro-2-(3-phenylpropylamino)benzoic acid",38.1221412460506,73.9971742602462,"rep4","cells_TextureCorrelation_Mito_Texture","CP"
"1437",29.7021590155502,"5-Nitro-2-(3-phenylpropylamino)benzoic acid",18.9716636733589,58.1078329062027,"rep4","cells_InfoMeas1_ER_Texture","CP"
"1438",61.6038666525614,"5-Nitro-2-(3-phenylpropylamino)benzoic acid",57.2441554059497,67.8514556110273,"rep4","cells_InfoMeas1_RNA_Texture","CP"
"1439",3.38072232654969,"5-Nitro-2-(3-phenylpropylamino)benzoic acid",0.901700254647019,26.468060274106,"rep4","cells_InfoMeas2_RNA_Texture","CP"
"1440",0.000114253253209569,"5-Nitro-2-(3-phenylpropylamino)benzoic acid",2.04117712970456e-05,0.000542170011680398,"rep4","cytoplasm_ER_Texture","CP"
"1441",5.43918592800783,"5-Nitro-2-(3-phenylpropylamino)benzoic acid",4.3741203089148,7.51257854798464,"rep4","cytoplasm_MeanIntensity_ER_Intensity","CP"
"1442",0.226498791080853,"5-Nitro-2-(3-phenylpropylamino)benzoic acid",0.0777709208663123,1.05880165192213,"rep4","cytoplasm_MeanIntensity_RNA_Intensity","CP"
"1443",19.497450280945,"5-Nitro-2-(3-phenylpropylamino)benzoic acid",13.1218575152341,36.1631422527961,"rep4","cytoplasm_MinIntensity_ER_Intensity","CP"
"1444",60.0542627856924,"5-Nitro-2-(3-phenylpropylamino)benzoic acid",57.2165238285327,64.9977614570047,"rep4","cytoplasm_MinIntensity_RNA_Intensity","CP"
"1445",19.0815166545498,"5-Nitro-2-(3-phenylpropylamino)benzoic acid",15.162973418584,25.551466589915,"rep4","cytoplasm_AngularSecondMoment_ER_Texture","CP"
"1446",35.7970859628926,"5-Nitro-2-(3-phenylpropylamino)benzoic acid",30.1778357550947,55.934581915635,"rep4","cytoplasm_AngularSecondMoment_RNA_Texture","CP"
"1447",45.3098257331917,"5-Nitro-2-(3-phenylpropylamino)benzoic acid",41.7251557920976,49.6870368652845,"rep4","cytoplasm_TextureCorrelation_AGP_Texture","CP"
"1448",25.3851931041273,"5-Nitro-2-(3-phenylpropylamino)benzoic acid",7.38515016818808,179.954477071403,"rep4","cytoplasm_DifferenceEntropy_AGP_Texture","CP"
"1449",0.58948217883375,"5-Nitro-2-(3-phenylpropylamino)benzoic acid",0.234986418329197,2.11144304136836,"rep4","cytoplasm_Entropy_AGP_Texture","CP"
"1450",56.5967829670198,"5-Nitro-2-(3-phenylpropylamino)benzoic acid",50.5632114244482,62.8630872783612,"rep4","cytoplasm_InfoMeas1_ER_Texture","CP"
"1451",32.8406039579071,"5-Nitro-2-(3-phenylpropylamino)benzoic acid",10.470859153217,186.208938781538,"rep4","cytoplasm_InfoMeas1_Mito_Texture","CP"
"1452",56.4966609943333,"5-Nitro-2-(3-phenylpropylamino)benzoic acid",54.0525014016382,59.6047925689976,"rep4","cytoplasm_InfoMeas1_RNA_Texture","CP"
"1453",2.02670285933265,"5-Nitro-2-(3-phenylpropylamino)benzoic acid",0.666031271600962,9.79422638617133,"rep4","cytoplasm_InfoMeas2_ER_Texture","CP"
"1454",48.5149510878728,"5-Nitro-2-(3-phenylpropylamino)benzoic acid",44.9823881497504,55.3570108021459,"rep4","cytoplasm_InfoMeas2_RNA_Texture","CP"
"1455",2.10915378085281,"5-Nitro-2-(3-phenylpropylamino)benzoic acid",0.767438596856999,8.06476370204978,"rep4","cytoplasm_InverseDifferenceMoment_AGP_Texture","CP"
"1456",0.541789529439943,"5-Nitro-2-(3-phenylpropylamino)benzoic acid",0.192872005712643,2.42827009423846,"rep4","cytoplasm_SumAverage_AGP_Texture","CP"
"1457",72.8738538696825,"5-Nitro-2-(3-phenylpropylamino)benzoic acid",50.1337495482893,132.689452798897,"rep4","cytoplasm_SumAverage_RNA_Texture","CP"
"1458",39.8716106089934,"5-Nitro-2-(3-phenylpropylamino)benzoic acid",37.1867232977937,43.7426648591663,"rep4","nuclei_MinIntensity_ER_Intensity","CP"
"1459",0.587657082628032,"5-Nitro-2-(3-phenylpropylamino)benzoic acid",0.224316199975644,2.18613897980112,"rep4","nuclei_MinIntensity_RNA_Intensity","CP"
"1460",4.62399298281731,"5-Nitro-2-(3-phenylpropylamino)benzoic acid",1.67698058733317,19.6446073487205,"rep4","nuclei_Spatial_Neighbors","CP"
"1461",63.0623811436082,"5-Nitro-2-(3-phenylpropylamino)benzoic acid",51.5088673602289,81.8836526572078,"rep4","nuclei_FractionAtDistance_Mito_RadialDistribution","CP"
"1462",53.3674367603612,"5-Nitro-2-(3-phenylpropylamino)benzoic acid",41.0204965473217,77.6825066994824,"rep4","nuclei_MeanFraction_DNA_RadialDistribution","CP"
"1463",40.4928538236332,"5-Nitro-2-(3-phenylpropylamino)benzoic acid",16.1261978678568,149.380031355142,"rep4","nuclei_MeanFraction_Mito_RadialDistribution","CP"
"1464",0.178491629465703,"5-Nitro-2-(3-phenylpropylamino)benzoic acid",0.0784806119878478,0.500568841513728,"rep4","nuclei_RadialCV_ER_RadialDistribution","CP"
"1465",1.51051792336907,"5-Nitro-2-(3-phenylpropylamino)benzoic acid",0.964768390401237,2.61765075992426,"rep4","nuclei_RadialCV_Mito_RadialDistribution","CP"
"1466",0.246358670365525,"5-Nitro-2-(3-phenylpropylamino)benzoic acid",0.098311453993427,0.828726842245418,"rep4","nuclei_RadialCV_RNA_RadialDistribution","CP"
"1467",51.3859903132185,"5-Nitro-2-(3-phenylpropylamino)benzoic acid",49.6564336016589,53.2512366046284,"rep4","nuclei_TextureCorrelation_AGP_Texture","CP"
"1468",43.9066994119664,"5-Nitro-2-(3-phenylpropylamino)benzoic acid",42.02915426166,45.984995468406,"rep4","nuclei_TextureCorrelation_DNA_Texture","CP"
"1469",15.1099936815997,"5-Nitro-2-(3-phenylpropylamino)benzoic acid",14.6854569900582,15.6696146042032,"rep4","nuclei_TextureCorrelation_ER_Texture","CP"
"1470",10.7909320288812,"5-Nitro-2-(3-phenylpropylamino)benzoic acid",8.25485057465931,15.4055153419849,"rep4","nuclei_TextureCorrelation_Mito_Texture","CP"
"1471",10.790794063875,"5-Nitro-2-(3-phenylpropylamino)benzoic acid",10.3963153459401,11.4283352375226,"rep4","nuclei_TextureCorrelation_RNA_Texture","CP"
"1472",0.321006274297888,"5-Nitro-2-(3-phenylpropylamino)benzoic acid",0.0978353318001982,1.77799595541711,"rep4","nuclei_InfoMeas2_Mito_Texture","CP"
"1473",1.36944591690545e-07,"Taxol (Paclitaxel)",1.36944591690545e-07,2.84909260092998e-06,"rep4","cells_IntegratedIntensity_ER_Intensity","CP"
"1474",17.0354222808574,"Taxol (Paclitaxel)",14.8378556533697,20.4434869699886,"rep4","cells_IntegratedIntensity_Mito_Intensity","CP"
"1475",1.45403633918492e-07,"Taxol (Paclitaxel)",1.45403633918492e-07,9.98998620607113e-07,"rep4","cells_IntegratedIntensity_RNA_Intensity","CP"
"1476",0.00402540635429484,"Taxol (Paclitaxel)",0.00247924846398845,0.0069953623658854,"rep4","cells_MeanIntensity_AGP_Intensity","CP"
"1477",0.043920880730801,"Taxol (Paclitaxel)",0.0190143885196341,0.126849364510055,"rep4","cells_MeanIntensity_RNA_Intensity","CP"
"1478",0.0349664750800878,"Taxol (Paclitaxel)",0.0165747874151062,0.0683081512495454,"rep4","cells_MinIntensity_AGP_Intensity","CP"
"1479",0.126427460846513,"Taxol (Paclitaxel)",0.103497942375297,0.242527671164677,"rep4","cells_MinIntensity_ER_Intensity","CP"
"1480",0.109197586514272,"Taxol (Paclitaxel)",0.0700420934212493,0.148225870232452,"rep4","cells_MinIntensity_RNA_Intensity","CP"
"1481",0.0262241524928008,"Taxol (Paclitaxel)",0.00571462574932286,0.120566473912897,"rep4","cells_Position_AGP_Location","CP"
"1482",0.0342740431748338,"Taxol (Paclitaxel)",0.0067424793016691,0.152359279702915,"rep4","cells_Position_DNA_Location","CP"
"1483",0.0363068774513072,"Taxol (Paclitaxel)",0.00782454321521908,0.143806200603615,"rep4","cells_Position_ER_Location","CP"
"1484",0.0305466818259494,"Taxol (Paclitaxel)",0.00717319666264325,0.123760510499738,"rep4","cells_Position_Mito_Location","CP"
"1485",0.0356871841311944,"Taxol (Paclitaxel)",0.00774822017687883,0.141608259018806,"rep4","cells_Position_RNA_Location","CP"
"1486",0.0329025365727472,"Taxol (Paclitaxel)",0.00689950414607531,0.136987874410232,"rep4","cells_MaxIntensity_AGP_Location","CP"
"1487",0.0436030347159377,"Taxol (Paclitaxel)",0.010023525371551,0.160131512986248,"rep4","cells_MaxIntensity_DNA_Location","CP"
"1488",0.0394016275442215,"Taxol (Paclitaxel)",0.00772782280659892,0.152291145251998,"rep4","cells_MaxIntensity_ER_Location","CP"
"1489",0.0270817548015406,"Taxol (Paclitaxel)",0.00557820517970412,0.128164137579908,"rep4","cells_MaxIntensity_Mito_Location","CP"
"1490",0.0347351679158394,"Taxol (Paclitaxel)",0.0065186283118566,0.146315312567379,"rep4","cells_MaxIntensity_RNA_Location","CP"
"1491",0.0372733272577496,"Taxol (Paclitaxel)",0.0349551907346594,0.039873088327953,"rep4","cells_Spatial_Neighbors","CP"
"1492",0.0102605317840952,"Taxol (Paclitaxel)",0.00786945012127409,0.0138246970459549,"rep4","cells_AngularSecondMoment_AGP_Texture","CP"
"1493",0.00858476024544382,"Taxol (Paclitaxel)",0.00593110297730458,0.0130009486738983,"rep4","cells_AngularSecondMoment_ER_Texture","CP"
"1494",0.0157254763438919,"Taxol (Paclitaxel)",0.0119743394395891,0.0214097127244187,"rep4","cells_AngularSecondMoment_Mito_Texture","CP"
"1495",0.0136871406903585,"Taxol (Paclitaxel)",0.00920974920856519,0.0215628015221901,"rep4","cells_AngularSecondMoment_RNA_Texture","CP"
"1496",11.1941250425871,"Taxol (Paclitaxel)",9.39843610084559,13.8230117108045,"rep4","cells_TextureCorrelation_ER_Texture","CP"
"1497",0.00344576045269929,"Taxol (Paclitaxel)",0.00177990619272429,0.00801239821561178,"rep4","cells_TextureCorrelation_Mito_Texture","CP"
"1498",9.48191883887892,"Taxol (Paclitaxel)",7.9740315497001,11.7196369780127,"rep4","cells_TextureCorrelation_RNA_Texture","CP"
"1499",7.77759165991534,"Taxol (Paclitaxel)",6.8910308323379,8.95111755658798,"rep4","cells_DifferenceEntropy_AGP_Texture","CP"
"1500",0.973931159373002,"Taxol (Paclitaxel)",0.462601166948277,2.48608721529898,"rep4","cells_DifferenceEntropy_RNA_Texture","CP"
"1501",0.36091027576907,"Taxol (Paclitaxel)",0.320992004890666,0.426753468402721,"rep4","cells_DifferenceVariance_AGP_Texture","CP"
"1502",0.272924257722557,"Taxol (Paclitaxel)",0.0836906102707291,0.89412517758467,"rep4","cells_DifferenceVariance_DNA_Texture","CP"
"1503",0.0406454424922316,"Taxol (Paclitaxel)",0.0121746492420812,0.0905266143203868,"rep4","cells_DifferenceVariance_ER_Texture","CP"
"1504",0.00690671194369822,"Taxol (Paclitaxel)",0.00224760349404213,0.0201391069377484,"rep4","cells_DifferenceVariance_Mito_Texture","CP"
"1505",3.20889278562531,"Taxol (Paclitaxel)",2.85596631540543,3.65439394599092,"rep4","cells_Entropy_AGP_Texture","CP"
"1506",7.88976890909359,"Taxol (Paclitaxel)",6.83686288443581,9.33085992793807,"rep4","cells_Entropy_ER_Texture","CP"
"1507",0.015235802182056,"Taxol (Paclitaxel)",0.0101924643205538,0.0237770912689758,"rep4","cells_Entropy_Mito_Texture","CP"
"1508",10.7791614875351,"Taxol (Paclitaxel)",9.01319187964586,13.3127421135732,"rep4","cells_Entropy_RNA_Texture","CP"
"1509",0.216047932102239,"Taxol (Paclitaxel)",0.0270824647163038,0.759650266434673,"rep4","cells_InfoMeas1_AGP_Texture","CP"
"1510",0.206543548599878,"Taxol (Paclitaxel)",0.161686694001885,0.270031952986732,"rep4","cells_InfoMeas1_ER_Texture","CP"
"1511",1.56363890923956,"Taxol (Paclitaxel)",1.30997926455634,2.05077023167994,"rep4","cells_InfoMeas1_RNA_Texture","CP"
"1512",0.0405108632411732,"Taxol (Paclitaxel)",0.011568237651361,0.108479194946534,"rep4","cells_InfoMeas2_AGP_Texture","CP"
"1513",0.00973407095002831,"Taxol (Paclitaxel)",0.00671694310081828,0.0153886312510353,"rep4","cells_InfoMeas2_Mito_Texture","CP"
"1514",0.134333737339943,"Taxol (Paclitaxel)",0.113496852565243,0.162712122318606,"rep4","cells_InverseDifferenceMoment_AGP_Texture","CP"
"1515",0.0370207864441774,"Taxol (Paclitaxel)",0.022669212572592,0.066234726162134,"rep4","cells_InverseDifferenceMoment_ER_Texture","CP"
"1516",0.000238558720123726,"Taxol (Paclitaxel)",5.82546664645411e-05,0.000841984503370526,"rep4","cells_InverseDifferenceMoment_Mito_Texture","CP"
"1517",0.0595374410710582,"Taxol (Paclitaxel)",0.0363544162256612,0.10681670483634,"rep4","cells_InverseDifferenceMoment_RNA_Texture","CP"
"1518",1.59106593453436,"Taxol (Paclitaxel)",1.07774711441091,2.53589848726169,"rep4","cells_SumAverage_AGP_Texture","CP"
"1519",43.7379009274534,"Taxol (Paclitaxel)",34.0377614785499,61.000417722738,"rep4","cells_SumAverage_ER_Texture","CP"
"1520",0.351889935483738,"Taxol (Paclitaxel)",0.230620118675903,0.562597432688353,"rep4","cells_SumAverage_Mito_Texture","CP"
"1521",68.3640844941804,"Taxol (Paclitaxel)",50.8483388414176,103.318882232545,"rep4","cells_SumAverage_RNA_Texture","CP"
"1522",4.21732199291578,"Taxol (Paclitaxel)",3.70237053772896,4.90647608505104,"rep4","cells_SumEntropy_AGP_Texture","CP"
"1523",0.151387903900783,"Taxol (Paclitaxel)",0.0800215021084298,0.330967288778972,"rep4","cells_SumEntropy_ER_Texture","CP"
"1524",0.0319401489452683,"Taxol (Paclitaxel)",0.0226694585685969,0.0469015919968473,"rep4","cells_SumEntropy_Mito_Texture","CP"
"1525",0.132821645029342,"Taxol (Paclitaxel)",0.0448703637129787,0.339975220909591,"rep4","cells_SumEntropy_RNA_Texture","CP"
"1526",65.6866682900057,"Taxol (Paclitaxel)",60.4330798600836,73.6970647121127,"rep4","cells_SumVariance_AGP_Texture","CP"
"1527",32.2448025635383,"Taxol (Paclitaxel)",29.4708161785851,35.430618361646,"rep4","cells_SumVariance_Mito_Texture","CP"
"1528",34.2805956026411,"Taxol (Paclitaxel)",29.8488156064907,38.5190831058917,"rep4","cells_Variance_Mito_Texture","CP"
"1529",0.00035297732399602,"Taxol (Paclitaxel)",0.00019842934933877,0.000651058782772484,"rep4","cytoplasm_IntegratedIntensity_ER_Intensity","CP"
"1530",2.24575322740991e-07,"Taxol (Paclitaxel)",2.24575322740991e-07,1.9618514086649e-06,"rep4","cytoplasm_IntegratedIntensity_RNA_Intensity","CP"
"1531",35.0536385200309,"Taxol (Paclitaxel)",31.4801521500955,52.9594917882354,"rep4","cytoplasm_MaxIntensity_AGP_Intensity","CP"
"1532",10.2912847154105,"Taxol (Paclitaxel)",9.59261144550211,11.3194945422759,"rep4","cytoplasm_MaxIntensity_Mito_Intensity","CP"
"1533",0.00954323154290583,"Taxol (Paclitaxel)",0.00587502776487744,0.0166069289522608,"rep4","cytoplasm_MeanIntensity_AGP_Intensity","CP"
"1534",0.00589647630018364,"Taxol (Paclitaxel)",0.00340105967672437,0.0111491961287009,"rep4","cytoplasm_MeanIntensity_Mito_Intensity","CP"
"1535",0.0350421861185592,"Taxol (Paclitaxel)",0.0166462879764639,0.0683161976988107,"rep4","cytoplasm_MinIntensity_AGP_Intensity","CP"
"1536",0.1264448094115,"Taxol (Paclitaxel)",0.103516087622911,0.242615815169055,"rep4","cytoplasm_MinIntensity_ER_Intensity","CP"
"1537",0.109437424751609,"Taxol (Paclitaxel)",0.070147424664775,0.148506949265798,"rep4","cytoplasm_MinIntensity_RNA_Intensity","CP"
"1538",3.03022603013467,"Taxol (Paclitaxel)",2.55431907814297,3.72359030641271,"rep4","cytoplasm_StdIntensity_AGP_Intensity","CP"
"1539",0.125464513934605,"Taxol (Paclitaxel)",0.0563346766471532,0.269584432924425,"rep4","cytoplasm_StdIntensity_ER_Intensity","CP"
"1540",0.130432868270005,"Taxol (Paclitaxel)",0.0759535453248067,0.240796708201439,"rep4","cytoplasm_StdIntensity_Mito_Intensity","CP"
"1541",0.123878815004775,"Taxol (Paclitaxel)",0.052904537500906,0.281836442578438,"rep4","cytoplasm_StdIntensity_RNA_Intensity","CP"
"1542",0.029825404189616,"Taxol (Paclitaxel)",0.0067799087764255,0.126279753048751,"rep4","cytoplasm_Position_AGP_Location","CP"
"1543",0.0264088706161772,"Taxol (Paclitaxel)",0.00576951712871845,0.120823502093823,"rep4","cytoplasm_Position_DNA_Location","CP"
"1544",0.028132101095103,"Taxol (Paclitaxel)",0.00641076292744683,0.122655789356932,"rep4","cytoplasm_Position_ER_Location","CP"
"1545",0.0333166192020968,"Taxol (Paclitaxel)",0.0076849339149178,0.136330236522712,"rep4","cytoplasm_Position_Mito_Location","CP"
"1546",0.0279842299688255,"Taxol (Paclitaxel)",0.00632492571627692,0.124255082316381,"rep4","cytoplasm_Position_RNA_Location","CP"
"1547",0.0296705853808537,"Taxol (Paclitaxel)",0.006801619880649,0.118354734734318,"rep4","cytoplasm_Position_Location","CP"
"1548",0.0415346130460216,"Taxol (Paclitaxel)",0.00851704769722414,0.15885313860524,"rep4","cytoplasm_AGP_Intensity","CP"
"1549",0.0275911159857193,"Taxol (Paclitaxel)",0.00504632856635591,0.152709487225387,"rep4","cytoplasm_MaxIntensity_DNA_Location","CP"
"1550",0.0419777976711063,"Taxol (Paclitaxel)",0.00758193438868338,0.164780152408948,"rep4","cytoplasm_ER_Intensity","CP"
"1551",0.0343049270203732,"Taxol (Paclitaxel)",0.00741287618597384,0.13211523022534,"rep4","cytoplasm_Mito_Intensity","CP"
"1552",0.0474481297377642,"Taxol (Paclitaxel)",0.00907086600350232,0.166618146369005,"rep4","cytoplasm_MaxIntensity_RNA_Location","CP"
"1553",2.61179831791893e-07,"Taxol (Paclitaxel)",2.61179831791893e-07,7.67259150661299e-07,"rep4","cytoplasm_FractionAtDistance_RadialDistribution","CP"
"1554",0.0120157829195395,"Taxol (Paclitaxel)",0.00666175265764173,0.0221637185197649,"rep4","cytoplasm_MeanFraction_RadialDistribution","CP"
"1555",0.00100168033100327,"Taxol (Paclitaxel)",0.000757657338675866,0.00134013059601286,"rep4","cytoplasm_AngularSecondMoment_AGP_Texture","CP"
"1556",1.25301930052423,"Taxol (Paclitaxel)",1.09404204591195,1.45335521076249,"rep4","cytoplasm_AngularSecondMoment_ER_Texture","CP"
"1557",2.64737634251296,"Taxol (Paclitaxel)",2.38997915975991,3.13943539848081,"rep4","cytoplasm_AngularSecondMoment_Mito_Texture","CP"
"1558",11.5224787840312,"Taxol (Paclitaxel)",9.64699840328805,13.6845117936916,"rep4","cytoplasm_AngularSecondMoment_RNA_Texture","CP"
"1559",0.0273421277147967,"Taxol (Paclitaxel)",0.0128351564947522,0.0529277890875477,"rep4","cytoplasm_TextureCorrelation_AGP_Texture","CP"
"1560",16.2785480538263,"Taxol (Paclitaxel)",13.5996825749797,20.223752046621,"rep4","cytoplasm_TextureCorrelation_ER_Texture","CP"
"1561",1.89605728446799,"Taxol (Paclitaxel)",1.33654436636123,2.8950796638315,"rep4","cytoplasm_TextureCorrelation_RNA_Texture","CP"
"1562",26.0282336300778,"Taxol (Paclitaxel)",23.1314006218149,30.9261861966769,"rep4","cytoplasm_DifferenceEntropy_AGP_Texture","CP"
"1563",36.9583653504528,"Taxol (Paclitaxel)",35.3117295652496,39.052825376695,"rep4","cytoplasm_DifferenceEntropy_ER_Texture","CP"
"1564",15.3600433124787,"Taxol (Paclitaxel)",9.34495148606373,20.8364843788522,"rep4","cytoplasm_DifferenceEntropy_Mito_Texture","CP"
"1565",37.0826791229636,"Taxol (Paclitaxel)",34.8773348814649,40.1212025297549,"rep4","cytoplasm_DifferenceEntropy_RNA_Texture","CP"
"1566",4.55289945375043,"Taxol (Paclitaxel)",4.09239394873906,5.14266185028647,"rep4","cytoplasm_DifferenceVariance_AGP_Texture","CP"
"1567",10.4236754160548,"Taxol (Paclitaxel)",9.14232297604607,12.1564055353254,"rep4","cytoplasm_DifferenceVariance_ER_Texture","CP"
"1568",16.7870975622336,"Taxol (Paclitaxel)",11.201756776119,21.0078384222645,"rep4","cytoplasm_DifferenceVariance_Mito_Texture","CP"
"1569",16.0459919786806,"Taxol (Paclitaxel)",13.2026913311261,20.4153880412366,"rep4","cytoplasm_DifferenceVariance_RNA_Texture","CP"
"1570",2.47189840027182,"Taxol (Paclitaxel)",2.22737984904339,2.79519207383479,"rep4","cytoplasm_Entropy_AGP_Texture","CP"
"1571",8.52352862861221,"Taxol (Paclitaxel)",7.92539397735004,9.26215126097574,"rep4","cytoplasm_Entropy_ER_Texture","CP"
"1572",12.4344621314446,"Taxol (Paclitaxel)",10.3848724346521,14.5005134799831,"rep4","cytoplasm_Entropy_Mito_Texture","CP"
"1573",7.24796852717138,"Taxol (Paclitaxel)",6.53030861185931,8.2152067909208,"rep4","cytoplasm_Entropy_RNA_Texture","CP"
"1574",0.336431351864168,"Taxol (Paclitaxel)",0.145545495737443,0.401880670173662,"rep4","cytoplasm_InfoMeas1_AGP_Texture","CP"
"1575",0.0115541710812812,"Taxol (Paclitaxel)",0.00644483517871725,0.0204788329560825,"rep4","cytoplasm_InfoMeas1_DNA_Texture","CP"
"1576",6.43018249011253,"Taxol (Paclitaxel)",5.51700034601778,7.4709070126177,"rep4","cytoplasm_InfoMeas1_ER_Texture","CP"
"1577",0.217958536964898,"Taxol (Paclitaxel)",0.126778356710905,0.416924300760985,"rep4","cytoplasm_InfoMeas1_Mito_Texture","CP"
"1578",5.13745499685401,"Taxol (Paclitaxel)",4.57045897604616,5.87021568896561,"rep4","cytoplasm_InfoMeas1_RNA_Texture","CP"
"1579",0.131815243899617,"Taxol (Paclitaxel)",0.0988190006076032,0.169823907238315,"rep4","cytoplasm_InfoMeas2_AGP_Texture","CP"
"1580",0.0323390834289049,"Taxol (Paclitaxel)",0.0278931364340395,0.0381594800708379,"rep4","cytoplasm_InfoMeas2_Mito_Texture","CP"
"1581",0.137113305655876,"Taxol (Paclitaxel)",0.0687534568624866,0.327541198111639,"rep4","cytoplasm_InfoMeas2_RNA_Texture","CP"
"1582",0.0373231071166757,"Taxol (Paclitaxel)",0.0299796269703123,0.048306959868626,"rep4","cytoplasm_InverseDifferenceMoment_AGP_Texture","CP"
"1583",7.75794073645997,"Taxol (Paclitaxel)",6.96633464053695,8.7293978543104,"rep4","cytoplasm_InverseDifferenceMoment_ER_Texture","CP"
"1584",13.4001992683722,"Taxol (Paclitaxel)",10.8476479696429,16.2621773569669,"rep4","cytoplasm_InverseDifferenceMoment_Mito_Texture","CP"
"1585",8.74345820700391,"Taxol (Paclitaxel)",7.9232638960443,9.75732624835667,"rep4","cytoplasm_InverseDifferenceMoment_RNA_Texture","CP"
"1586",0.295067060967519,"Taxol (Paclitaxel)",0.177919687931641,0.541251477755911,"rep4","cytoplasm_SumAverage_AGP_Texture","CP"
"1587",67.8251262135824,"Taxol (Paclitaxel)",61.7858204014811,75.432696875372,"rep4","cytoplasm_SumAverage_ER_Texture","CP"
"1588",14.2610616214631,"Taxol (Paclitaxel)",10.5809254028721,18.7122284966117,"rep4","cytoplasm_SumAverage_Mito_Texture","CP"
"1589",24.4452406298817,"Taxol (Paclitaxel)",12.1909689157005,62.8262408820879,"rep4","cytoplasm_SumAverage_RNA_Texture","CP"
"1590",0.135814925320047,"Taxol (Paclitaxel)",0.117678096324042,0.161270482376298,"rep4","cytoplasm_SumEntropy_AGP_Texture","CP"
"1591",11.3396962065629,"Taxol (Paclitaxel)",10.5821521498137,12.2645899949495,"rep4","cytoplasm_SumEntropy_ER_Texture","CP"
"1592",12.325601646428,"Taxol (Paclitaxel)",10.5184152448056,14.2852328426875,"rep4","cytoplasm_SumEntropy_Mito_Texture","CP"
"1593",16.9739079754462,"Taxol (Paclitaxel)",15.9426998283351,18.521606252007,"rep4","cytoplasm_SumEntropy_RNA_Texture","CP"
"1594",35.7846311086947,"Taxol (Paclitaxel)",31.4281991999523,41.47340573971,"rep4","cytoplasm_SumVariance_Mito_Texture","CP"
"1595",2.65805802155377e-08,"Taxol (Paclitaxel)",2.65805802155377e-08,8.5637279542638e-08,"rep4","nuclei_Granularity_RNA_Granularity","CP"
"1596",0.711121109223211,"Taxol (Paclitaxel)",0.6752170711022,0.757600601378969,"rep4","nuclei_IntegratedIntensity_Mito_Intensity","CP"
"1597",31.093551907728,"Taxol (Paclitaxel)",24.4141552216511,42.6209218640161,"rep4","nuclei_MaxIntensity_AGP_Intensity","CP"
"1598",0.172516451095651,"Taxol (Paclitaxel)",0.0716665734580364,0.450935898199416,"rep4","nuclei_MaxIntensity_Mito_Intensity","CP"
"1599",0.0243739541963231,"Taxol (Paclitaxel)",0.011185325930385,0.0643805773997878,"rep4","nuclei_MeanIntensity_AGP_Intensity","CP"
"1600",0.182662517405965,"Taxol (Paclitaxel)",0.0399118822835036,0.538595302582538,"rep4","nuclei_MeanIntensity_ER_Intensity","CP"
"1601",0.0296579487836053,"Taxol (Paclitaxel)",0.0180743800624104,0.0534688914626714,"rep4","nuclei_MeanIntensity_Mito_Intensity","CP"
"1602",0.149142845581121,"Taxol (Paclitaxel)",0.0961841314405107,0.241168646519878,"rep4","nuclei_MeanIntensity_RNA_Intensity","CP"
"1603",0.172091908512804,"Taxol (Paclitaxel)",0.102029557500441,0.299594869464303,"rep4","nuclei_MinIntensity_ER_Intensity","CP"
"1604",2.24722104448416,"Taxol (Paclitaxel)",1.94245114391396,3.19019182355988,"rep4","nuclei_MinIntensity_Mito_Intensity","CP"
"1605",0.133300334849833,"Taxol (Paclitaxel)",0.0866132565845482,0.238144969496176,"rep4","nuclei_MinIntensity_RNA_Intensity","CP"
"1606",0.0265001543639081,"Taxol (Paclitaxel)",0.0117555109425981,0.052347002814225,"rep4","nuclei_StdIntensity_AGP_Intensity","CP"
"1607",0.170155597911412,"Taxol (Paclitaxel)",0.0187205710070581,0.51778827612892,"rep4","nuclei_StdIntensity_ER_Intensity","CP"
"1608",0.0544500592266125,"Taxol (Paclitaxel)",0.0237736178404131,0.111347761013617,"rep4","nuclei_StdIntensity_Mito_Intensity","CP"
"1609",0.0515267537810347,"Taxol (Paclitaxel)",0.00992275492455672,0.199588623958219,"rep4","nuclei_Position_Location","CP"
"1610",0.00158355052685833,"Taxol (Paclitaxel)",0.00128984727797154,0.0019300552679057,"rep4","nuclei_Spatial_Neighbors","CP"
"1611",0.0290381839589802,"Taxol (Paclitaxel)",0.0082715618818465,0.0813574309910885,"rep4","nuclei_FractionAtDistance_DNA_RadialDistribution","CP"
"1612",0.11528758049465,"Taxol (Paclitaxel)",0.0763004267730159,0.197696271895821,"rep4","nuclei_MeanFraction_DNA_RadialDistribution","CP"
"1613",0.0628018607823691,"Taxol (Paclitaxel)",0.0269752587166084,0.120662663547785,"rep4","nuclei_RadialCV_AGP_RadialDistribution","CP"
"1614",0.0261191546385696,"Taxol (Paclitaxel)",0.0142783022360963,0.0476584943924859,"rep4","nuclei_AngularSecondMoment_AGP_Texture","CP"
"1615",0.00943779747093508,"Taxol (Paclitaxel)",0.00437052610338199,0.0167331099518914,"rep4","nuclei_AngularSecondMoment_ER_Texture","CP"
"1616",0.0080197762923998,"Taxol (Paclitaxel)",0.00578587423018264,0.0107195156420321,"rep4","nuclei_AngularSecondMoment_Mito_Texture","CP"
"1617",0.0078831020030572,"Taxol (Paclitaxel)",0.00204882942829836,0.0149487148865736,"rep4","nuclei_AngularSecondMoment_RNA_Texture","CP"
"1618",46.3939305096741,"Taxol (Paclitaxel)",35.3816399531182,66.509038474483,"rep4","nuclei_Contrast_AGP_Texture","CP"
"1619",0.0160244893628961,"Taxol (Paclitaxel)",0.0081151756860255,0.0271839294783017,"rep4","nuclei_TextureCorrelation_AGP_Texture","CP"
"1620",0.00386655081726738,"Taxol (Paclitaxel)",0.00218683035590668,0.0061428510875712,"rep4","nuclei_TextureCorrelation_DNA_Texture","CP"
"1621",2.45255060878663e-08,"Taxol (Paclitaxel)",2.45255060878663e-08,1.91100204219113e-07,"rep4","nuclei_TextureCorrelation_Mito_Texture","CP"
"1622",0.017175956660631,"Taxol (Paclitaxel)",0.00910815667736227,0.0367026616207037,"rep4","nuclei_DifferenceEntropy_AGP_Texture","CP"
"1623",0.0106903335647646,"Taxol (Paclitaxel)",0.00632583439790386,0.0198776214465197,"rep4","nuclei_DifferenceVariance_AGP_Texture","CP"
"1624",0.010295290428369,"Taxol (Paclitaxel)",0.00485058660012109,0.0165169331526053,"rep4","nuclei_DifferenceVariance_Mito_Texture","CP"
"1625",0.0191047944722186,"Taxol (Paclitaxel)",0.0087328284305674,0.0411173180985203,"rep4","nuclei_Entropy_AGP_Texture","CP"
"1626",0.0111481597888055,"Taxol (Paclitaxel)",0.00368414759097525,0.0243640659615453,"rep4","nuclei_Entropy_ER_Texture","CP"
"1627",0.0624630310131904,"Taxol (Paclitaxel)",0.0521982546154546,0.0789463584717105,"rep4","nuclei_Entropy_Mito_Texture","CP"
"1628",0.0771653397910937,"Taxol (Paclitaxel)",0.0455526319205336,0.128295303324235,"rep4","nuclei_InfoMeas1_AGP_Texture","CP"
"1629",29.4215722648162,"Taxol (Paclitaxel)",27.5857676313198,32.0392819376169,"rep4","nuclei_InfoMeas1_Mito_Texture","CP"
"1630",0.018857738349733,"Taxol (Paclitaxel)",0.0116146326627008,0.029862299695247,"rep4","nuclei_InfoMeas2_AGP_Texture","CP"
"1631",0.00472298342507471,"Taxol (Paclitaxel)",0.00344117327347847,0.00677923833416514,"rep4","nuclei_InfoMeas2_Mito_Texture","CP"
"1632",0.0244412235609442,"Taxol (Paclitaxel)",0.0113768736973638,0.048693170344185,"rep4","nuclei_InverseDifferenceMoment_AGP_Texture","CP"
"1633",0.00626253543404412,"Taxol (Paclitaxel)",0.00322706576824472,0.0102110487986179,"rep4","nuclei_InverseDifferenceMoment_Mito_Texture","CP"
"1634",0.104773667212118,"Taxol (Paclitaxel)",0.046169357133891,0.301452239192341,"rep4","nuclei_SumAverage_AGP_Texture","CP"
"1635",0.220445107527455,"Taxol (Paclitaxel)",0.0265842022605201,0.746332869890359,"rep4","nuclei_SumAverage_ER_Texture","CP"
"1636",0.0452964074513576,"Taxol (Paclitaxel)",0.0271946915245985,0.0812562374411018,"rep4","nuclei_SumAverage_Mito_Texture","CP"
"1637",0.0232521055321565,"Taxol (Paclitaxel)",0.012634086149071,0.04231020736616,"rep4","nuclei_SumEntropy_AGP_Texture","CP"
"1638",0.0162246267703548,"Taxol (Paclitaxel)",0.00549111651324496,0.036060926174501,"rep4","nuclei_SumEntropy_ER_Texture","CP"
"1639",0.00979396562997389,"Taxol (Paclitaxel)",0.00621945116912632,0.0148305181029918,"rep4","nuclei_SumEntropy_Mito_Texture","CP"
"1640",0.0159328809853105,"Taxol (Paclitaxel)",0.0039310495065392,0.0377005131977081,"rep4","nuclei_SumEntropy_RNA_Texture","CP"
"1641",25.8233820688018,"Taxol (Paclitaxel)",20.4170863621482,34.7949172675006,"rep4","nuclei_SumVariance_AGP_Texture","CP"
"1642",0.124084589999286,"Taxol (Paclitaxel)",0.0486721948942228,0.274715898190708,"rep4","nuclei_SumVariance_Mito_Texture","CP"
"1643",30.7176198139952,"Taxol (Paclitaxel)",24.0690512502992,41.8116286586156,"rep4","nuclei_Variance_AGP_Texture","CP"
"1644",0.10599157437105,"Taxol (Paclitaxel)",0.0297725798289971,0.249181505999158,"rep4","nuclei_Variance_Mito_Texture","CP"
"1645",0.0224259268792771,"Sorbitol",0.00674007253625953,0.0723572063652851,"rep4","cells_IntegratedIntensity_AGP_Intensity","CP"
"1646",0.00820697296627792,"Sorbitol",0.00445920332632041,0.0176192404835487,"rep4","cells_IntegratedIntensity_DNA_Intensity","CP"
"1647",0.0138515214459987,"Sorbitol",0.00332076181993998,0.0422488748400058,"rep4","cells_IntegratedIntensity_ER_Intensity","CP"
"1648",0.0098209965812753,"Sorbitol",0.00261760120982823,0.0281969076514462,"rep4","cells_IntegratedIntensity_RNA_Intensity","CP"
"1649",0.498817353042001,"Sorbitol",0.147644857371817,3.18835343180504,"rep4","cells_AngularSecondMoment_DNA_Texture","CP"
"1650",0.00916741366249113,"Sorbitol",0.00326153130595808,0.0219009370106913,"rep4","cytoplasm_IntegratedIntensity_DNA_Intensity","CP"
"1651",0.567236952164916,"Sorbitol",0.198906091516722,1.80777452518937,"rep4","cytoplasm_TextureCorrelation_AGP_Texture","CP"
"1652",16.3063686068455,"Sorbitol",5.76668416156313,74.6390435361303,"rep4","nuclei_FractionAtDistance_ER_RadialDistribution","CP"
"1653",0.023289436796493,"Sorbitol",0.00513583856221594,0.10606075116066,"rep4","nuclei_AngularSecondMoment_DNA_Texture","CP"
"1654",0.00297472867518552,"Staurosporine",0.00273688430501947,0.00337479255084162,"rep4","cells_IntegratedIntensity_AGP_Intensity","CP"
"1655",4.32461236614955e-05,"Staurosporine",1.78042895662321e-05,0.000128492904492099,"rep4","cells_IntegratedIntensity_DNA_Intensity","CP"
"1656",2.43416522994429e-06,"Staurosporine",2.43416522994429e-06,5.10476566479918e-06,"rep4","cells_IntegratedIntensity_ER_Intensity","CP"
"1657",0.00417398752807606,"Staurosporine",0.00400182305014523,0.00442656448640336,"rep4","cells_IntegratedIntensity_Mito_Intensity","CP"
"1658",2.34265069591207e-05,"Staurosporine",1.64663118085671e-05,3.66656087809939e-05,"rep4","cells_IntegratedIntensity_RNA_Intensity","CP"
"1659",0.0157298853049277,"Staurosporine",0.0119848309770094,0.0201096206398095,"rep4","cells_MaxIntensity_ER_Intensity","CP"
"1660",0.0328788237063332,"Staurosporine",0.0248921145963393,0.0383582045389178,"rep4","cells_MaxIntensity_Mito_Intensity","CP"
"1661",0.00169970542154501,"Staurosporine",0.00153220052196284,0.0019704048437509,"rep4","cells_MaxIntensity_RNA_Intensity","CP"
"1662",0.00284944334970055,"Staurosporine",0.00213914019602307,0.00375877011072381,"rep4","cells_MeanIntensity_AGP_Intensity","CP"
"1663",0.00328437511081896,"Staurosporine",0.00284960017725821,0.00446072646919815,"rep4","cells_MeanIntensity_DNA_Intensity","CP"
"1664",0.0305835741109327,"Staurosporine",0.0243040850750561,0.0416524640584316,"rep4","cells_MeanIntensity_ER_Intensity","CP"
"1665",0.0226048198015605,"Staurosporine",0.0165454191827783,0.0291822811482221,"rep4","cells_MeanIntensity_RNA_Intensity","CP"
"1666",0.00254148512212938,"Staurosporine",0.00162456488172232,0.00398769858734889,"rep4","cells_MinIntensity_AGP_Intensity","CP"
"1667",0.0461511612037107,"Staurosporine",0.0349050729299353,0.0672319850181196,"rep4","cells_MinIntensity_DNA_Intensity","CP"
"1668",0.00117216763299835,"Staurosporine",0.000657965453735255,0.00180987281336787,"rep4","cells_MinIntensity_ER_Intensity","CP"
"1669",0.0180079002681667,"Staurosporine",0.0142273165683358,0.0239435451246431,"rep4","cells_MinIntensity_Mito_Intensity","CP"
"1670",0.00096854689818708,"Staurosporine",0.000582694047897251,0.00148580802822827,"rep4","cells_MinIntensity_RNA_Intensity","CP"
"1671",0.00173325309720028,"Staurosporine",0.00130285587964061,0.0023676663424852,"rep4","cells_StdIntensity_DNA_Intensity","CP"
"1672",0.0224077401692981,"Staurosporine",0.0181774291124281,0.0267435137312723,"rep4","cells_StdIntensity_ER_Intensity","CP"
"1673",0.0281388882818656,"Staurosporine",0.0235791250029712,0.0326105601617864,"rep4","cells_StdIntensity_Mito_Intensity","CP"
"1674",0.0228949787319759,"Staurosporine",0.016910367791816,0.0289072049846691,"rep4","cells_StdIntensity_RNA_Intensity","CP"
"1675",0.00104398718857236,"Staurosporine",0.000996103139498344,0.00110502234482236,"rep4","cells_Spatial_Neighbors","CP"
"1676",0.00297585591600679,"Staurosporine",0.00274089752464155,0.00339155067249573,"rep4","cells_FractionAtDistance_RadialDistribution","CP"
"1677",6.18230025340062e-07,"Staurosporine",6.18230025340062e-07,6.18230025340062e-07,"rep4","cells_RadialCV_RadialDistribution","CP"
"1678",0.00439831219930821,"Staurosporine",0.00195080463298505,0.00851112930853999,"rep4","cells_AngularSecondMoment_AGP_Texture","CP"
"1679",0.0180712722111306,"Staurosporine",0.0152088410961386,0.0212310498340282,"rep4","cells_AngularSecondMoment_DNA_Texture","CP"
"1680",0.0642048614667125,"Staurosporine",0.040909306794182,0.0705201085807724,"rep4","cells_AngularSecondMoment_ER_Texture","CP"
"1681",0.0303040953422162,"Staurosporine",0.0256655239163755,0.0354749395017458,"rep4","cells_AngularSecondMoment_Mito_Texture","CP"
"1682",0.0388238888419471,"Staurosporine",0.0282686491605286,0.0466262634784633,"rep4","cells_AngularSecondMoment_RNA_Texture","CP"
"1683",0.0679659988187707,"Staurosporine",0.0492320916594785,0.0955989609710451,"rep4","cells_Contrast_AGP_Texture","CP"
"1684",0.100256250613544,"Staurosporine",0.0963041761963985,0.105200302671613,"rep4","cells_Contrast_ER_Texture","CP"
"1685",0.0041620275466019,"Staurosporine",0.00358995161737526,0.00525575812263039,"rep4","cells_Contrast_Mito_Texture","CP"
"1686",0.0837346162369932,"Staurosporine",0.0742387055964996,0.09337329765324,"rep4","cells_Contrast_RNA_Texture","CP"
"1687",0.0204032474766329,"Staurosporine",0.0173840398445056,0.0242983022603866,"rep4","cells_TextureCorrelation_AGP_Texture","CP"
"1688",0.0446412788731712,"Staurosporine",0.0366324943261088,0.0469948013561347,"rep4","cells_TextureCorrelation_DNA_Texture","CP"
"1689",0.0439441098063058,"Staurosporine",0.0414403345422909,0.0470346522635978,"rep4","cells_TextureCorrelation_ER_Texture","CP"
"1690",0.0003668073640244,"Staurosporine",0.000341061923449345,0.0003668073640244,"rep4","cells_TextureCorrelation_Mito_Texture","CP"
"1691",0.0522738515251895,"Staurosporine",0.0503486517076359,0.0544528079125021,"rep4","cells_TextureCorrelation_RNA_Texture","CP"
"1692",0.0499521121916931,"Staurosporine",0.0373186372356495,0.0619030768322184,"rep4","cells_DifferenceEntropy_AGP_Texture","CP"
"1693",0.0832516288511758,"Staurosporine",0.0797692705271926,0.0870581718566212,"rep4","cells_DifferenceEntropy_DNA_Texture","CP"
"1694",0.0446911574905547,"Staurosporine",0.040578784503553,0.048288940729232,"rep4","cells_DifferenceEntropy_ER_Texture","CP"
"1695",0.0366619616173653,"Staurosporine",0.024291410452976,0.0426216856963855,"rep4","cells_DifferenceEntropy_Mito_Texture","CP"
"1696",0.0409178711140445,"Staurosporine",0.0347362463519994,0.0469906558901173,"rep4","cells_DifferenceEntropy_RNA_Texture","CP"
"1697",0.0255605894401889,"Staurosporine",0.0192216896230355,0.0328822192771831,"rep4","cells_DifferenceVariance_AGP_Texture","CP"
"1698",0.0518621499411437,"Staurosporine",0.0461055092258474,0.0551453887407246,"rep4","cells_DifferenceVariance_DNA_Texture","CP"
"1699",0.0275031905975712,"Staurosporine",0.0222077592160257,0.032249611565444,"rep4","cells_DifferenceVariance_ER_Texture","CP"
"1700",0.0339647994461466,"Staurosporine",0.0272444669726866,0.0408274523430336,"rep4","cells_DifferenceVariance_Mito_Texture","CP"
"1701",0.0311229612531571,"Staurosporine",0.0235089504196967,0.0373941847537893,"rep4","cells_DifferenceVariance_RNA_Texture","CP"
"1702",0.0161561354035743,"Staurosporine",0.0126708462797722,0.0211450604366757,"rep4","cells_Entropy_AGP_Texture","CP"
"1703",0.0527260856385928,"Staurosporine",0.0499793431232767,0.0555109099101101,"rep4","cells_Entropy_DNA_Texture","CP"
"1704",0.0559147870652112,"Staurosporine",0.0366759965079763,0.0618832313401003,"rep4","cells_Entropy_ER_Texture","CP"
"1705",0.0337914439290148,"Staurosporine",0.026485461522928,0.0410082364262997,"rep4","cells_Entropy_Mito_Texture","CP"
"1706",0.0478492841501147,"Staurosporine",0.0307007422419882,0.0572845576856104,"rep4","cells_Entropy_RNA_Texture","CP"
"1707",0.0309811342867895,"Staurosporine",0.0252323456151228,0.0391902407752058,"rep4","cells_InfoMeas1_AGP_Texture","CP"
"1708",0.0266530439071499,"Staurosporine",0.0243985399657311,0.0292345422743197,"rep4","cells_InfoMeas1_DNA_Texture","CP"
"1709",0.0236599690608123,"Staurosporine",0.0204152757491197,0.0270617164647656,"rep4","cells_InfoMeas1_ER_Texture","CP"
"1710",0.00377310217992912,"Staurosporine",0.00321332906721189,0.00459636849561419,"rep4","cells_InfoMeas1_Mito_Texture","CP"
"1711",0.0218881243054908,"Staurosporine",0.01910191153244,0.0250440454336531,"rep4","cells_InfoMeas1_RNA_Texture","CP"
"1712",0.0309406616972724,"Staurosporine",0.0260795131933929,0.0400743833943486,"rep4","cells_InfoMeas2_AGP_Texture","CP"
"1713",0.0301166254983537,"Staurosporine",0.0254835832017429,0.036267071690894,"rep4","cells_InfoMeas2_DNA_Texture","CP"
"1714",0.0182772888444914,"Staurosporine",0.0151819689386286,0.0215894928219872,"rep4","cells_InfoMeas2_ER_Texture","CP"
"1715",0.0223552221420297,"Staurosporine",0.0178981245653624,0.0326851912772086,"rep4","cells_InfoMeas2_Mito_Texture","CP"
"1716",0.015808665513962,"Staurosporine",0.0136229469343319,0.0183840738379853,"rep4","cells_InfoMeas2_RNA_Texture","CP"
"1717",0.0387191384827014,"Staurosporine",0.0283134131314271,0.0502878175349951,"rep4","cells_InverseDifferenceMoment_AGP_Texture","CP"
"1718",0.0646040650137657,"Staurosporine",0.0598934461532009,0.0693031910120603,"rep4","cells_InverseDifferenceMoment_DNA_Texture","CP"
"1719",0.0622627697153919,"Staurosporine",0.0553372351323211,0.067406229024722,"rep4","cells_InverseDifferenceMoment_ER_Texture","CP"
"1720",0.0357492800242579,"Staurosporine",0.0298035236030791,0.041865600814899,"rep4","cells_InverseDifferenceMoment_Mito_Texture","CP"
"1721",0.0567455838872237,"Staurosporine",0.0512868954970848,0.0619096815432453,"rep4","cells_InverseDifferenceMoment_RNA_Texture","CP"
"1722",0.0659487677979342,"Staurosporine",0.0491236427370349,0.077948588545249,"rep4","cells_SumAverage_DNA_Texture","CP"
"1723",0.0846093643144368,"Staurosporine",0.0395537061744794,0.0974836926093341,"rep4","cells_SumAverage_ER_Texture","CP"
"1724",0.0654518403700291,"Staurosporine",0.0323623370890277,0.0834378788027458,"rep4","cells_SumAverage_RNA_Texture","CP"
"1725",0.0155477191849028,"Staurosporine",0.0116860580570399,0.0214378567073178,"rep4","cells_SumEntropy_AGP_Texture","CP"
"1726",0.0645653605205755,"Staurosporine",0.0616416201173842,0.0672454789633733,"rep4","cells_SumEntropy_DNA_Texture","CP"
"1727",0.0520036967795686,"Staurosporine",0.0359046254210172,0.0580362883321376,"rep4","cells_SumEntropy_ER_Texture","CP"
"1728",0.0338689556813304,"Staurosporine",0.0258766408502176,0.0427162735569014,"rep4","cells_SumEntropy_Mito_Texture","CP"
"1729",0.042939537427501,"Staurosporine",0.0304676138139762,0.0645296280089062,"rep4","cells_SumEntropy_RNA_Texture","CP"
"1730",0.0495471178497461,"Staurosporine",0.0339729333391278,0.07337214646677,"rep4","cells_SumVariance_AGP_Texture","CP"
"1731",0.0415207213501643,"Staurosporine",0.0382704272819726,0.0441609740120754,"rep4","cells_SumVariance_ER_Texture","CP"
"1732",0.0744592462620688,"Staurosporine",0.0649620200280184,0.101002268552056,"rep4","cells_SumVariance_Mito_Texture","CP"
"1733",0.0368708477757492,"Staurosporine",0.0293825988526125,0.0523681863429991,"rep4","cells_SumVariance_RNA_Texture","CP"
"1734",0.111661507730326,"Staurosporine",0.0490988329738783,0.129235905367638,"rep4","cells_Variance_AGP_Texture","CP"
"1735",0.0519864084876085,"Staurosporine",0.0492127903476615,0.054472656236737,"rep4","cells_Variance_ER_Texture","CP"
"1736",0.0686557807889021,"Staurosporine",0.0590033489382193,0.0781407744842803,"rep4","cells_Variance_Mito_Texture","CP"
"1737",0.0420924866105231,"Staurosporine",0.02801111055913,0.0555564366824972,"rep4","cells_Variance_RNA_Texture","CP"
"1738",0.00424027092131314,"Staurosporine",0.0037412544541044,0.00555518991855751,"rep4","cytoplasm_IntegratedIntensity_AGP_Intensity","CP"
"1739",6.35074156328875e-07,"Staurosporine",6.35074156328875e-07,1.06912874624225e-06,"rep4","cytoplasm_IntegratedIntensity_DNA_Intensity","CP"
"1740",1.9940370732441e-07,"Staurosporine",1.9940370732441e-07,1.02056414297546e-06,"rep4","cytoplasm_IntegratedIntensity_ER_Intensity","CP"
"1741",0.000920945262625347,"Staurosporine",0.000485806564855365,0.00200242569470544,"rep4","cytoplasm_IntegratedIntensity_Mito_Intensity","CP"
"1742",3.40748469552617e-06,"Staurosporine",3.40748469552617e-06,7.07347603076205e-06,"rep4","cytoplasm_IntegratedIntensity_RNA_Intensity","CP"
"1743",0.139906096321848,"Staurosporine",0.080380752859243,0.365071918887511,"rep4","cytoplasm_MaxIntensity_AGP_Intensity","CP"
"1744",0.0495479182959293,"Staurosporine",0.0372687628133596,0.0555040087097779,"rep4","cytoplasm_MaxIntensity_DNA_Intensity","CP"
"1745",0.0239888326858599,"Staurosporine",0.0182870972096572,0.0312770769154754,"rep4","cytoplasm_MaxIntensity_ER_Intensity","CP"
"1746",0.0465310477202112,"Staurosporine",0.0334230925735963,0.0546095999518815,"rep4","cytoplasm_MaxIntensity_Mito_Intensity","CP"
"1747",0.00212281641704214,"Staurosporine",0.00180467889526105,0.00269367228001852,"rep4","cytoplasm_MaxIntensity_RNA_Intensity","CP"
"1748",0.0033567136201041,"Staurosporine",0.00311515744088186,0.00368004961619775,"rep4","cytoplasm_MeanIntensity_AGP_Intensity","CP"
"1749",0.0538538296239103,"Staurosporine",0.0495496660112804,0.0588442206267593,"rep4","cytoplasm_MeanIntensity_DNA_Intensity","CP"
"1750",0.00382849933726778,"Staurosporine",0.00352171916522652,0.00448579617464144,"rep4","cytoplasm_MeanIntensity_ER_Intensity","CP"
"1751",0.00588139730523092,"Staurosporine",0.00454550683845145,0.00838401806944653,"rep4","cytoplasm_MeanIntensity_Mito_Intensity","CP"
"1752",0.00283383782268375,"Staurosporine",0.00168063731873229,0.00473730356070909,"rep4","cytoplasm_MeanIntensity_RNA_Intensity","CP"
"1753",0.00254815138484394,"Staurosporine",0.00162848132757768,0.00399181235400353,"rep4","cytoplasm_MinIntensity_AGP_Intensity","CP"
"1754",0.0461511612037107,"Staurosporine",0.0349050729299353,0.0672319850181196,"rep4","cytoplasm_MinIntensity_DNA_Intensity","CP"
"1755",0.00117409224047011,"Staurosporine",0.000658914738257039,0.00181129044249073,"rep4","cytoplasm_MinIntensity_ER_Intensity","CP"
"1756",0.0181064106414457,"Staurosporine",0.0142859288832596,0.0241552977682562,"rep4","cytoplasm_MinIntensity_Mito_Intensity","CP"
"1757",0.00097129252379854,"Staurosporine",0.000584162096358607,0.00148894458948903,"rep4","cytoplasm_MinIntensity_RNA_Intensity","CP"
"1758",0.00793423289578442,"Staurosporine",0.0041145801856697,0.0165456358167374,"rep4","cytoplasm_StdIntensity_AGP_Intensity","CP"
"1759",0.0039830149209575,"Staurosporine",0.00352924980456634,0.00480933317855804,"rep4","cytoplasm_StdIntensity_DNA_Intensity","CP"
"1760",0.0370861320912081,"Staurosporine",0.0310861232308993,0.0432564449074544,"rep4","cytoplasm_StdIntensity_ER_Intensity","CP"
"1761",0.042142205349962,"Staurosporine",0.0297569076251005,0.0513255068347776,"rep4","cytoplasm_StdIntensity_Mito_Intensity","CP"
"1762",0.0338876780460502,"Staurosporine",0.0232633003225891,0.0454030538795232,"rep4","cytoplasm_StdIntensity_RNA_Intensity","CP"
"1763",0.00114898454222636,"Staurosporine",0.000559944998625512,0.00214432639058798,"rep4","cytoplasm_FractionAtDistance_RadialDistribution","CP"
"1764",0.00337145901977964,"Staurosporine",0.00311860458839385,0.00375846754519978,"rep4","cytoplasm_MeanFraction_RadialDistribution","CP"
"1765",2.02314237459054e-06,"Staurosporine",2.02314237459054e-06,4.2666424612237e-06,"rep4","cytoplasm_RadialCV_RadialDistribution","CP"
"1766",0.000133699316452007,"Staurosporine",6.94629350170311e-05,0.000300059772563444,"rep4","cytoplasm_AngularSecondMoment_AGP_Texture","CP"
"1767",0.0282628771090912,"Staurosporine",0.0259046343248859,0.030687019417005,"rep4","cytoplasm_AngularSecondMoment_DNA_Texture","CP"
"1768",0.0676333691095286,"Staurosporine",0.0411681476641499,0.0750958826174576,"rep4","cytoplasm_AngularSecondMoment_ER_Texture","CP"
"1769",0.0327765544072724,"Staurosporine",0.0271986623279058,0.0382571311310531,"rep4","cytoplasm_AngularSecondMoment_Mito_Texture","CP"
"1770",0.0479172137280663,"Staurosporine",0.0299961354747377,0.0600785476119092,"rep4","cytoplasm_AngularSecondMoment_RNA_Texture","CP"
"1771",0.241939459116308,"Staurosporine",0.162956253580502,0.426095980594762,"rep4","cytoplasm_Contrast_AGP_Texture","CP"
"1772",0.06107322235437,"Staurosporine",0.0534684171607068,0.0712017271227802,"rep4","cytoplasm_Contrast_ER_Texture","CP"
"1773",0.0638157252164461,"Staurosporine",0.0513301863185359,0.0763823976414598,"rep4","cytoplasm_Contrast_Mito_Texture","CP"
"1774",0.0960340538991838,"Staurosporine",0.0870516224480599,0.10663018182147,"rep4","cytoplasm_Contrast_RNA_Texture","CP"
"1775",0.00018263085012875,"Staurosporine",0.000162405767472766,0.00018263085012875,"rep4","cytoplasm_TextureCorrelation_AGP_Texture","CP"
"1776",0.0369678672035142,"Staurosporine",0.0357414180396284,0.0380677329541899,"rep4","cytoplasm_TextureCorrelation_ER_Texture","CP"
"1777",0.0388388192603359,"Staurosporine",0.0362376959706272,0.0413349182562792,"rep4","cytoplasm_TextureCorrelation_Mito_Texture","CP"
"1778",0.0401532275908402,"Staurosporine",0.0385344185331361,0.0415712368829862,"rep4","cytoplasm_TextureCorrelation_RNA_Texture","CP"
"1779",0.0539426252476203,"Staurosporine",0.0354602178649161,0.0742633324460342,"rep4","cytoplasm_DifferenceEntropy_AGP_Texture","CP"
"1780",0.0496177165948838,"Staurosporine",0.0484106494028626,0.0507431311916478,"rep4","cytoplasm_DifferenceEntropy_DNA_Texture","CP"
"1781",0.0557883195241318,"Staurosporine",0.049447439092602,0.0611938262839007,"rep4","cytoplasm_DifferenceEntropy_ER_Texture","CP"
"1782",0.0450766753059482,"Staurosporine",0.0370967670454559,0.052936997751747,"rep4","cytoplasm_DifferenceEntropy_Mito_Texture","CP"
"1783",0.0531007889334856,"Staurosporine",0.0480780550513237,0.0583666430592099,"rep4","cytoplasm_DifferenceEntropy_RNA_Texture","CP"
"1784",0.00594364245070236,"Staurosporine",0.00376147317269498,0.00937876085527219,"rep4","cytoplasm_DifferenceVariance_AGP_Texture","CP"
"1785",0.0387955242195687,"Staurosporine",0.0368930945454841,0.0407172805545458,"rep4","cytoplasm_DifferenceVariance_DNA_Texture","CP"
"1786",0.0357190061084244,"Staurosporine",0.028441716843995,0.0412502481298942,"rep4","cytoplasm_DifferenceVariance_ER_Texture","CP"
"1787",0.0451002051067048,"Staurosporine",0.0340552134015187,0.0546055737943921,"rep4","cytoplasm_DifferenceVariance_Mito_Texture","CP"
"1788",0.0400651976397578,"Staurosporine",0.0287636657301287,0.0479964533751603,"rep4","cytoplasm_DifferenceVariance_RNA_Texture","CP"
"1789",0.0339858820387696,"Staurosporine",0.0249525959777091,0.0501606432419893,"rep4","cytoplasm_Entropy_AGP_Texture","CP"
"1790",0.0376565295989577,"Staurosporine",0.0356017987383082,0.0399327433851275,"rep4","cytoplasm_Entropy_DNA_Texture","CP"
"1791",0.0727194491937297,"Staurosporine",0.0424976309185162,0.0919710880304832,"rep4","cytoplasm_Entropy_ER_Texture","CP"
"1792",0.0392565675554194,"Staurosporine",0.0300203336855345,0.045927445731669,"rep4","cytoplasm_Entropy_Mito_Texture","CP"
"1793",0.0509832518358773,"Staurosporine",0.0314709452633954,0.0678647031960811,"rep4","cytoplasm_Entropy_RNA_Texture","CP"
"1794",0.046536040124726,"Staurosporine",0.036738061993567,0.0627617722133702,"rep4","cytoplasm_InfoMeas1_AGP_Texture","CP"
"1795",0.00330468095443215,"Staurosporine",0.00293926018461382,0.00372094252787119,"rep4","cytoplasm_InfoMeas1_DNA_Texture","CP"
"1796",0.00584801417673863,"Staurosporine",0.00541595055888983,0.00636226101589694,"rep4","cytoplasm_InfoMeas1_ER_Texture","CP"
"1797",0.00506824012034129,"Staurosporine",0.00413431217566176,0.00664348864836009,"rep4","cytoplasm_InfoMeas1_Mito_Texture","CP"
"1798",0.0272723783528446,"Staurosporine",0.0242338816719199,0.0305888181589322,"rep4","cytoplasm_InfoMeas1_RNA_Texture","CP"
"1799",0.031120473330991,"Staurosporine",0.0243891300318952,0.0441229186090217,"rep4","cytoplasm_InfoMeas2_AGP_Texture","CP"
"1800",0.0313810539369861,"Staurosporine",0.0279573749458663,0.0351252380028498,"rep4","cytoplasm_InfoMeas2_DNA_Texture","CP"
"1801",0.00351758510675458,"Staurosporine",0.00330783307897149,0.00370637415280265,"rep4","cytoplasm_InfoMeas2_ER_Texture","CP"
"1802",0.0275191105500086,"Staurosporine",0.0218498956412804,0.0384895473208381,"rep4","cytoplasm_InfoMeas2_Mito_Texture","CP"
"1803",0.00364499632626603,"Staurosporine",0.0033492347023836,0.00407606905271929,"rep4","cytoplasm_InfoMeas2_RNA_Texture","CP"
"1804",0.0416193726585589,"Staurosporine",0.0273213922310469,0.0526734561882613,"rep4","cytoplasm_InverseDifferenceMoment_AGP_Texture","CP"
"1805",0.0485701267821699,"Staurosporine",0.0463179430288543,0.0512109154489279,"rep4","cytoplasm_InverseDifferenceMoment_DNA_Texture","CP"
"1806",0.0822663945229508,"Staurosporine",0.0765314429641805,0.0869055119224715,"rep4","cytoplasm_InverseDifferenceMoment_ER_Texture","CP"
"1807",0.0410034719428923,"Staurosporine",0.0353267368223301,0.0465523918424728,"rep4","cytoplasm_InverseDifferenceMoment_Mito_Texture","CP"
"1808",0.065324304491314,"Staurosporine",0.0581346247645587,0.0725514941110916,"rep4","cytoplasm_InverseDifferenceMoment_RNA_Texture","CP"
"1809",0.0642066296972253,"Staurosporine",0.0620011501613158,0.0666369280050541,"rep4","cytoplasm_SumAverage_DNA_Texture","CP"
"1810",0.104865459568941,"Staurosporine",0.0692410540781251,0.113381969069706,"rep4","cytoplasm_SumAverage_ER_Texture","CP"
"1811",0.00551550458871106,"Staurosporine",0.00447264056657368,0.0071656565673571,"rep4","cytoplasm_SumAverage_Mito_Texture","CP"
"1812",0.0246351775172065,"Staurosporine",0.0201040989401939,0.0321200930940635,"rep4","cytoplasm_SumAverage_RNA_Texture","CP"
"1813",0.0278064386479568,"Staurosporine",0.0214655366538022,0.0367545444842077,"rep4","cytoplasm_SumEntropy_AGP_Texture","CP"
"1814",0.0371088231280439,"Staurosporine",0.0353523929510915,0.0390092612553596,"rep4","cytoplasm_SumEntropy_DNA_Texture","CP"
"1815",0.0699871877698801,"Staurosporine",0.0381892297936481,0.0797752066944017,"rep4","cytoplasm_SumEntropy_ER_Texture","CP"
"1816",0.0393115880877537,"Staurosporine",0.0292016816832515,0.0476344116039911,"rep4","cytoplasm_SumEntropy_Mito_Texture","CP"
"1817",0.0474941127448113,"Staurosporine",0.0276336949707454,0.0650130244527671,"rep4","cytoplasm_SumEntropy_RNA_Texture","CP"
"1818",0.0116147890864805,"Staurosporine",0.010767502441161,0.0139167899926886,"rep4","cytoplasm_SumVariance_DNA_Texture","CP"
"1819",0.0556829229154813,"Staurosporine",0.0422292986207752,0.0696618398051894,"rep4","cytoplasm_SumVariance_ER_Texture","CP"
"1820",0.0803590251306309,"Staurosporine",0.0642390528080475,0.0937252764962082,"rep4","cytoplasm_SumVariance_Mito_Texture","CP"
"1821",0.00939815251546094,"Staurosporine",0.00801349198093995,0.0113802304246589,"rep4","cytoplasm_SumVariance_RNA_Texture","CP"
"1822",0.333376687179187,"Staurosporine",0.212343911942707,0.669018324075043,"rep4","cytoplasm_Variance_AGP_Texture","CP"
"1823",0.0877457861254378,"Staurosporine",0.0791210251357162,0.0980967820048707,"rep4","cytoplasm_Variance_ER_Texture","CP"
"1824",0.0579461143665434,"Staurosporine",0.0481855897324967,0.0676472763626712,"rep4","cytoplasm_Variance_Mito_Texture","CP"
"1825",0.0592518915471717,"Staurosporine",0.0458117160759912,0.0746633315562089,"rep4","cytoplasm_Variance_RNA_Texture","CP"
"1826",0.021021158833932,"Staurosporine",0.0166176081539163,0.0277064445733043,"rep4","nuclei_IntegratedIntensity_AGP_Intensity","CP"
"1827",0.0019002903570431,"Staurosporine",0.00170649371039283,0.00230395573583155,"rep4","nuclei_IntegratedIntensity_ER_Intensity","CP"
"1828",0.0135102508952542,"Staurosporine",0.00995156502313353,0.0184750055266665,"rep4","nuclei_IntegratedIntensity_Mito_Intensity","CP"
"1829",0.00146632524125789,"Staurosporine",0.000885970309418391,0.00234348047679085,"rep4","nuclei_IntegratedIntensity_RNA_Intensity","CP"
"1830",0.0503002851943572,"Staurosporine",0.0303917463629086,0.120032098976048,"rep4","nuclei_MaxIntensity_AGP_Intensity","CP"
"1831",0.0572926194417348,"Staurosporine",0.0311636563456429,0.0629825939725024,"rep4","nuclei_MaxIntensity_DNA_Intensity","CP"
"1832",0.0256062874914267,"Staurosporine",0.0205994098327464,0.032899559216193,"rep4","nuclei_MaxIntensity_ER_Intensity","CP"
"1833",0.034079469787859,"Staurosporine",0.0242000992138989,0.0398838580227703,"rep4","nuclei_MaxIntensity_Mito_Intensity","CP"
"1834",0.0235816881184946,"Staurosporine",0.0181744462390233,0.0340182283719195,"rep4","nuclei_MaxIntensity_RNA_Intensity","CP"
"1835",0.0064782054102249,"Staurosporine",0.00555822953836679,0.0079770048950187,"rep4","nuclei_MeanIntensity_AGP_Intensity","CP"
"1836",0.0503092110205636,"Staurosporine",0.0376164965460602,0.0577749290888459,"rep4","nuclei_MeanIntensity_DNA_Intensity","CP"
"1837",0.0322949316398198,"Staurosporine",0.0245342593306405,0.0368852135958881,"rep4","nuclei_MeanIntensity_ER_Intensity","CP"
"1838",0.0313565491632622,"Staurosporine",0.0252333493394827,0.0374528865663501,"rep4","nuclei_MeanIntensity_Mito_Intensity","CP"
"1839",0.000352208897841229,"Staurosporine",4.37113352718069e-05,0.00120155610913535,"rep4","nuclei_MinIntensity_AGP_Intensity","CP"
"1840",0.00558557079122015,"Staurosporine",0.00479356646055048,0.00676141792951284,"rep4","nuclei_MinIntensity_DNA_Intensity","CP"
"1841",0.0368026624519226,"Staurosporine",0.0260491148644609,0.0570915685140241,"rep4","nuclei_MinIntensity_Mito_Intensity","CP"
"1842",0.0134602519144115,"Staurosporine",0.0126985540133766,0.014945037500041,"rep4","nuclei_StdIntensity_AGP_Intensity","CP"
"1843",0.0331754696268984,"Staurosporine",0.02026268438106,0.0383105205750012,"rep4","nuclei_StdIntensity_DNA_Intensity","CP"
"1844",0.0255413112518549,"Staurosporine",0.023053848244138,0.027962687059355,"rep4","nuclei_StdIntensity_ER_Intensity","CP"
"1845",0.0312329609406788,"Staurosporine",0.0275783522634996,0.041307512525485,"rep4","nuclei_StdIntensity_Mito_Intensity","CP"
"1846",0.0210000469150509,"Staurosporine",0.0183262723820853,0.0237519429468622,"rep4","nuclei_StdIntensity_RNA_Intensity","CP"
"1847",0.00102433630208105,"Staurosporine",0.00102433630208105,0.00108537145833105,"rep4","nuclei_Spatial_Neighbors","CP"
"1848",0.0376249198854247,"Staurosporine",0.0352596496319001,0.0402839948994727,"rep4","nuclei_FractionAtDistance_AGP_RadialDistribution","CP"
"1849",0.0541350629014969,"Staurosporine",0.0352905387014232,0.0613526953445305,"rep4","nuclei_FractionAtDistance_DNA_RadialDistribution","CP"
"1850",0.0171059143581725,"Staurosporine",0.0151623951481115,0.0194006943382024,"rep4","nuclei_FractionAtDistance_ER_RadialDistribution","CP"
"1851",0.0937212566539119,"Staurosporine",0.0914887468309915,0.0958918576125549,"rep4","nuclei_FractionAtDistance_Mito_RadialDistribution","CP"
"1852",0.0236235977137369,"Staurosporine",0.0206918706948777,0.0268997225570495,"rep4","nuclei_FractionAtDistance_RNA_RadialDistribution","CP"
"1853",0.0158066757365481,"Staurosporine",0.0152892126324063,0.0165512909276936,"rep4","nuclei_MeanFraction_AGP_RadialDistribution","CP"
"1854",0.0389812080115611,"Staurosporine",0.0302916763483703,0.0469773195125506,"rep4","nuclei_MeanFraction_DNA_RadialDistribution","CP"
"1855",0.0148597139381759,"Staurosporine",0.0130778741172217,0.0163671241136451,"rep4","nuclei_MeanFraction_ER_RadialDistribution","CP"
"1856",0.0358189005641403,"Staurosporine",0.0333459665427714,0.0385528181455343,"rep4","nuclei_MeanFraction_Mito_RadialDistribution","CP"
"1857",0.0138822862816725,"Staurosporine",0.0122919251440408,0.0153135296829254,"rep4","nuclei_MeanFraction_RNA_RadialDistribution","CP"
"1858",0.0262421716154203,"Staurosporine",0.0233798068996338,0.0292735373207169,"rep4","nuclei_RadialCV_AGP_RadialDistribution","CP"
"1859",0.00856352992633657,"Staurosporine",0.00842446071146866,0.00876928005281172,"rep4","nuclei_RadialCV_DNA_RadialDistribution","CP"
"1860",6.38569795955481e-05,"Staurosporine",2.50344167349651e-05,0.000150215623648881,"rep4","nuclei_RadialCV_ER_RadialDistribution","CP"
"1861",0.00331514226675004,"Staurosporine",0.00319236593298344,0.00351119290107046,"rep4","nuclei_RadialCV_Mito_RadialDistribution","CP"
"1862",0.000128842060842195,"Staurosporine",4.95664285203728e-05,0.000297597759228956,"rep4","nuclei_RadialCV_RNA_RadialDistribution","CP"
"1863",0.000511488395310668,"Staurosporine",0.000372175726381951,0.000691166095537485,"rep4","nuclei_AngularSecondMoment_AGP_Texture","CP"
"1864",3.82547579189755e-07,"Staurosporine",3.82547579189755e-07,1.10660109621437e-06,"rep4","nuclei_AngularSecondMoment_ER_Texture","CP"
"1865",0.0181181057601146,"Staurosporine",0.0162616551779973,0.0204515979357536,"rep4","nuclei_AngularSecondMoment_Mito_Texture","CP"
"1866",1.52450471420935e-05,"Staurosporine",1.15582666503283e-05,1.52450471420935e-05,"rep4","nuclei_AngularSecondMoment_RNA_Texture","CP"
"1867",0.014048672947272,"Staurosporine",0.0107975854608969,0.019924889433512,"rep4","nuclei_Contrast_AGP_Texture","CP"
"1868",0.0532915690174662,"Staurosporine",0.0460652340278636,0.0618518585618555,"rep4","nuclei_Contrast_ER_Texture","CP"
"1869",0.0432220899312179,"Staurosporine",0.0368297625866074,0.0502862974178925,"rep4","nuclei_Contrast_RNA_Texture","CP"
"1870",0.00161237329499201,"Staurosporine",0.00147185505218131,0.00184654970687362,"rep4","nuclei_TextureCorrelation_AGP_Texture","CP"
"1871",0.0318042083238571,"Staurosporine",0.029423753451189,0.0341734414009817,"rep4","nuclei_TextureCorrelation_DNA_Texture","CP"
"1872",0.0139583668525301,"Staurosporine",0.0116118029419782,0.0168659796174844,"rep4","nuclei_TextureCorrelation_ER_Texture","CP"
"1873",0.00147398278764385,"Staurosporine",0.00120469347221256,0.00176847347115045,"rep4","nuclei_TextureCorrelation_Mito_Texture","CP"
"1874",0.00141760603314311,"Staurosporine",0.00121999176655321,0.00162546881125523,"rep4","nuclei_TextureCorrelation_RNA_Texture","CP"
"1875",0.00714382373076696,"Staurosporine",0.00600246848741165,0.00865168208625021,"rep4","nuclei_DifferenceEntropy_AGP_Texture","CP"
"1876",0.0537419401733765,"Staurosporine",0.0366239925178289,0.0750998064425427,"rep4","nuclei_DifferenceEntropy_DNA_Texture","CP"
"1877",0.0160297535559664,"Staurosporine",0.0135981473650618,0.0187743084193328,"rep4","nuclei_DifferenceEntropy_ER_Texture","CP"
"1878",0.0170844217561409,"Staurosporine",0.0149819372402724,0.020672544027079,"rep4","nuclei_DifferenceEntropy_Mito_Texture","CP"
"1879",0.0148006008663961,"Staurosporine",0.012101980062755,0.0178742909090639,"rep4","nuclei_DifferenceEntropy_RNA_Texture","CP"
"1880",0.00507519181071035,"Staurosporine",0.00361587133723618,0.00712552810319941,"rep4","nuclei_DifferenceVariance_AGP_Texture","CP"
"1881",1.36219531116818e-06,"Staurosporine",1.36219531116818e-06,2.25813393113794e-06,"rep4","nuclei_DifferenceVariance_DNA_Texture","CP"
"1882",0.00222109081035475,"Staurosporine",0.00157757931279069,0.00307788299653534,"rep4","nuclei_DifferenceVariance_ER_Texture","CP"
"1883",0.0212939392777854,"Staurosporine",0.0188630344468949,0.024684678061624,"rep4","nuclei_DifferenceVariance_Mito_Texture","CP"
"1884",0.00330165416625238,"Staurosporine",0.00305138962828554,0.0036862043206788,"rep4","nuclei_DifferenceVariance_RNA_Texture","CP"
"1885",0.0243548229938581,"Staurosporine",0.0228512005500634,0.0259902581160475,"rep4","nuclei_Entropy_AGP_Texture","CP"
"1886",0.0142977507995375,"Staurosporine",0.0120107404752049,0.0172023099618862,"rep4","nuclei_Entropy_ER_Texture","CP"
"1887",0.0229836525585657,"Staurosporine",0.021405963073319,0.0253169185452662,"rep4","nuclei_Entropy_Mito_Texture","CP"
"1888",0.0142448834247807,"Staurosporine",0.0119423125509026,0.0169023481448909,"rep4","nuclei_Entropy_RNA_Texture","CP"
"1889",0.00557148744989144,"Staurosporine",0.00484758037916405,0.00637771028094534,"rep4","nuclei_InfoMeas1_AGP_Texture","CP"
"1890",0.081158731063755,"Staurosporine",0.0749688574769053,0.086679402787812,"rep4","nuclei_InfoMeas1_DNA_Texture","CP"
"1891",0.0374529209373796,"Staurosporine",0.033962321095751,0.0414974674110358,"rep4","nuclei_InfoMeas1_ER_Texture","CP"
"1892",0.0496067805812415,"Staurosporine",0.0354530916826077,0.0593331746465028,"rep4","nuclei_InfoMeas1_Mito_Texture","CP"
"1893",0.0330083393307832,"Staurosporine",0.0278751142825399,0.0388050170570098,"rep4","nuclei_InfoMeas1_RNA_Texture","CP"
"1894",0.0195463282796658,"Staurosporine",0.0178940733506386,0.0212920674027706,"rep4","nuclei_InfoMeas2_AGP_Texture","CP"
"1895",0.0564675690640205,"Staurosporine",0.0436782320698571,0.0603830671563723,"rep4","nuclei_InfoMeas2_DNA_Texture","CP"
"1896",0.0174340250955907,"Staurosporine",0.016388073764058,0.0184846729074811,"rep4","nuclei_InfoMeas2_ER_Texture","CP"
"1897",0.0234180433231096,"Staurosporine",0.0206142736635687,0.027145077145667,"rep4","nuclei_InfoMeas2_Mito_Texture","CP"
"1898",0.016763547431115,"Staurosporine",0.0153150757410836,0.018520754966729,"rep4","nuclei_InfoMeas2_RNA_Texture","CP"
"1899",0.0397083745324071,"Staurosporine",0.0347527715087129,0.0452016666394005,"rep4","nuclei_InverseDifferenceMoment_AGP_Texture","CP"
"1900",0.049023269753522,"Staurosporine",0.0355314876602076,0.0536249197554625,"rep4","nuclei_InverseDifferenceMoment_DNA_Texture","CP"
"1901",0.024017819656544,"Staurosporine",0.0217405324447969,0.0262905463964834,"rep4","nuclei_InverseDifferenceMoment_ER_Texture","CP"
"1902",0.0264421129294326,"Staurosporine",0.0241818091383569,0.0298722122495401,"rep4","nuclei_InverseDifferenceMoment_Mito_Texture","CP"
"1903",0.0224139022347613,"Staurosporine",0.020348873084856,0.0244606735157347,"rep4","nuclei_InverseDifferenceMoment_RNA_Texture","CP"
"1904",0.0210933619397113,"Staurosporine",0.0150000906771283,0.0362022011577959,"rep4","nuclei_SumAverage_AGP_Texture","CP"
"1905",0.0504053154012663,"Staurosporine",0.0291695980480832,0.0571985406243193,"rep4","nuclei_SumAverage_DNA_Texture","CP"
"1906",0.0325963758343657,"Staurosporine",0.0271729560330293,0.0364442618375718,"rep4","nuclei_SumAverage_ER_Texture","CP"
"1907",0.0319254407779078,"Staurosporine",0.0268153658458284,0.0373941038515834,"rep4","nuclei_SumAverage_Mito_Texture","CP"
"1908",0.0279262516364177,"Staurosporine",0.022596277912194,0.0318662944430313,"rep4","nuclei_SumAverage_RNA_Texture","CP"
"1909",0.0192663183897834,"Staurosporine",0.0179413969026943,0.0207508414187934,"rep4","nuclei_SumEntropy_AGP_Texture","CP"
"1910",0.0128885547070855,"Staurosporine",0.0110377211888807,0.0150471003453082,"rep4","nuclei_SumEntropy_ER_Texture","CP"
"1911",0.0140557674246972,"Staurosporine",0.0122475432844263,0.0168648947645591,"rep4","nuclei_SumEntropy_Mito_Texture","CP"
"1912",0.00257597143774743,"Staurosporine",0.0023855452306534,0.00280026806778812,"rep4","nuclei_SumEntropy_RNA_Texture","CP"
"1913",0.0216265636960521,"Staurosporine",0.0165584081109548,0.0302985166544869,"rep4","nuclei_SumVariance_AGP_Texture","CP"
"1914",0.0509681857017506,"Staurosporine",0.0440735752824447,0.0578572083886575,"rep4","nuclei_SumVariance_ER_Texture","CP"
"1915",0.042414262119169,"Staurosporine",0.0362451259316346,0.0487766676780985,"rep4","nuclei_SumVariance_RNA_Texture","CP"
"1916",0.0164036223153162,"Staurosporine",0.012539098838105,0.0234724434188191,"rep4","nuclei_Variance_AGP_Texture","CP"
"1917",0.0528592682703382,"Staurosporine",0.0461711206614317,0.0604509690385769,"rep4","nuclei_Variance_ER_Texture","CP"
"1918",0.0440757191360857,"Staurosporine",0.0396776311193616,0.0484947937681454,"rep4","nuclei_Variance_RNA_Texture","CP"
"1919",17.3427464480534,"Amperozide",16.5688373789394,18.172593781515,"rep4","cells_Granularity_AGP_Granularity","CP"
"1920",1.38015853758519,"Amperozide",1.30998553077303,1.47330097141682,"rep4","cells_Granularity_ER_Granularity","CP"
"1921",5.79100245278482,"Amperozide",5.67104436456736,6.09706902643427,"rep4","cells_Granularity_Mito_Granularity","CP"
"1922",1.54155336917531,"Amperozide",1.48349040684143,1.61334434964088,"rep4","cells_Granularity_RNA_Granularity","CP"
"1923",51.5782701039805,"Amperozide",50.4748480333863,52.882673123132,"rep4","cells_IntegratedIntensity_AGP_Intensity","CP"
"1924",8.3264124583304,"Amperozide",8.21099880921424,8.47359113930077,"rep4","cells_IntegratedIntensity_DNA_Intensity","CP"
"1925",30.6561920007788,"Amperozide",30.1460038198624,31.366378993176,"rep4","cells_IntegratedIntensity_ER_Intensity","CP"
"1926",0.000962817774825094,"Amperozide",0.00048195569289655,0.00204476228533321,"rep4","cells_IntegratedIntensity_Mito_Intensity","CP"
"1927",37.518029780209,"Amperozide",36.8665758727213,38.4769760702538,"rep4","cells_IntegratedIntensity_RNA_Intensity","CP"
"1928",1.47451836792895,"Amperozide",1.30745212221563,1.8826682592461,"rep4","cells_MaxIntensity_AGP_Intensity","CP"
"1929",54.2972307172677,"Amperozide",53.3113149997851,55.3183802562649,"rep4","cells_MaxIntensity_DNA_Intensity","CP"
"1930",26.8382394029457,"Amperozide",23.2670213855997,33.6852053041232,"rep4","cells_MaxIntensity_ER_Intensity","CP"
"1931",58.0705124820423,"Amperozide",57.0820797327863,59.1734007713449,"rep4","cells_MaxIntensity_Mito_Intensity","CP"
"1932",5.55616532186383,"Amperozide",4.98542133572062,6.29748761142091,"rep4","cells_MaxIntensity_RNA_Intensity","CP"
"1933",2.05314409517359,"Amperozide",1.92052986269588,2.34323024904102,"rep4","cells_MeanIntensity_AGP_Intensity","CP"
"1934",53.6776235360518,"Amperozide",53.3898763974015,53.9638174420042,"rep4","cells_MeanIntensity_DNA_Intensity","CP"
"1935",20.2101697922844,"Amperozide",19.0891170300418,21.2424299170528,"rep4","cells_MeanIntensity_ER_Intensity","CP"
"1936",14.4994044242435,"Amperozide",13.5661898946699,15.8373417263731,"rep4","cells_MeanIntensity_Mito_Intensity","CP"
"1937",17.3909859378931,"Amperozide",15.9136678917017,18.8632686102669,"rep4","cells_MeanIntensity_RNA_Intensity","CP"
"1938",2.48402937720888,"Amperozide",1.6659220888854,3.53926803292572,"rep4","cells_MinIntensity_AGP_Intensity","CP"
"1939",0.124519258317374,"Amperozide",0.0391960608668094,0.636103728148603,"rep4","cells_MinIntensity_DNA_Intensity","CP"
"1940",74.2048961299139,"Amperozide",70.5062736601021,76.9571908555971,"rep4","cells_MinIntensity_ER_Intensity","CP"
"1941",75.7555550822337,"Amperozide",73.4746740566543,77.2563869688774,"rep4","cells_MinIntensity_RNA_Intensity","CP"
"1942",3.75955267051253,"Amperozide",3.19013778818612,4.66928467169885,"rep4","cells_StdIntensity_AGP_Intensity","CP"
"1943",41.5772288407975,"Amperozide",40.6300675397231,42.5372271764391,"rep4","cells_StdIntensity_DNA_Intensity","CP"
"1944",26.5656186827956,"Amperozide",24.2996090417018,30.9376840946755,"rep4","cells_StdIntensity_ER_Intensity","CP"
"1945",50.3785160804824,"Amperozide",48.0661780512929,51.7464123072113,"rep4","cells_StdIntensity_Mito_Intensity","CP"
"1946",23.1300164436324,"Amperozide",20.7610297871214,27.4329395984029,"rep4","cells_StdIntensity_RNA_Intensity","CP"
"1947",5.04767385316462,"Amperozide",4.87568184321055,5.22671799291231,"rep4","cells_Spatial_Neighbors","CP"
"1948",16.9353049227241,"Amperozide",15.0863432434451,19.7041661773739,"rep4","cells_FractionAtDistance_RadialDistribution","CP"
"1949",15.805120024813,"Amperozide",14.4634536879411,17.6974475823044,"rep4","cells_MeanFraction_RadialDistribution","CP"
"1950",0.0103857468612119,"Amperozide",0.00960730506171076,0.0113118507480926,"rep4","cells_RadialCV_RadialDistribution","CP"
"1951",2.40346937213835,"Amperozide",2.22119008711667,2.61954128025934,"rep4","cells_AngularSecondMoment_AGP_Texture","CP"
"1952",3.90744239545628,"Amperozide",1.13017650637305,26.8449964031815,"rep4","cells_AngularSecondMoment_DNA_Texture","CP"
"1953",12.514713683425,"Amperozide",11.7400965304813,13.2863664814877,"rep4","cells_AngularSecondMoment_ER_Texture","CP"
"1954",2.15464040377992,"Amperozide",2.03176791054275,2.29797148292168,"rep4","cells_AngularSecondMoment_RNA_Texture","CP"
"1955",41.0881541932835,"Amperozide",39.5134119106398,43.2120464401207,"rep4","cells_Contrast_AGP_Texture","CP"
"1956",79.5667917570881,"Amperozide",78.8886180337348,80.3961049936995,"rep4","cells_Contrast_DNA_Texture","CP"
"1957",72.3974200775355,"Amperozide",70.8804381436936,73.7187206179636,"rep4","cells_Contrast_ER_Texture","CP"
"1958",12.8997993280502,"Amperozide",9.29842513466348,16.4409294374171,"rep4","cells_TextureCorrelation_AGP_Texture","CP"
"1959",65.2612475257827,"Amperozide",64.9172180718896,65.5098813565209,"rep4","cells_TextureCorrelation_DNA_Texture","CP"
"1960",45.6911893835422,"Amperozide",44.9534725230643,46.7360519371158,"rep4","cells_TextureCorrelation_ER_Texture","CP"
"1961",37.1685562066501,"Amperozide",35.7872711862874,40.6058114208108,"rep4","cells_TextureCorrelation_Mito_Texture","CP"
"1962",41.745465471795,"Amperozide",41.32867667354,42.1766206601576,"rep4","cells_TextureCorrelation_RNA_Texture","CP"
"1963",7.43359277082643,"Amperozide",7.17565484205824,7.73675609160141,"rep4","cells_DifferenceEntropy_AGP_Texture","CP"
"1964",49.5370881937281,"Amperozide",49.2650313737649,49.7965114389969,"rep4","cells_DifferenceEntropy_DNA_Texture","CP"
"1965",27.1165708040194,"Amperozide",26.6163185759694,27.5180615517992,"rep4","cells_DifferenceEntropy_ER_Texture","CP"
"1966",0.0947911786559628,"Amperozide",0.0307215058155913,0.451887747760101,"rep4","cells_DifferenceEntropy_Mito_Texture","CP"
"1967",26.0153847528441,"Amperozide",25.2459303947728,26.9157871037845,"rep4","cells_DifferenceEntropy_RNA_Texture","CP"
"1968",2.55242105251444,"Amperozide",2.36319679377647,2.77677549555664,"rep4","cells_DifferenceVariance_AGP_Texture","CP"
"1969",39.5649552307952,"Amperozide",38.9765868486682,40.1070494342796,"rep4","cells_DifferenceVariance_DNA_Texture","CP"
"1970",25.32878257438,"Amperozide",24.4702958380927,26.1882734309101,"rep4","cells_DifferenceVariance_ER_Texture","CP"
"1971",13.7929656903276,"Amperozide",13.154728925872,14.6339649572536,"rep4","cells_DifferenceVariance_RNA_Texture","CP"
"1972",4.23941022615894,"Amperozide",3.89239529659737,4.72967109887831,"rep4","cells_Entropy_AGP_Texture","CP"
"1973",56.7514677182125,"Amperozide",55.9375387753185,57.7266257960793,"rep4","cells_Entropy_DNA_Texture","CP"
"1974",20.9455611463977,"Amperozide",19.8724349770512,21.8567545866006,"rep4","cells_Entropy_ER_Texture","CP"
"1975",0.0385791054956108,"Amperozide",0.0138459507409539,0.154097969381537,"rep4","cells_Entropy_Mito_Texture","CP"
"1976",20.2904022316681,"Amperozide",18.2612473977132,22.7171879604481,"rep4","cells_Entropy_RNA_Texture","CP"
"1977",89.0813086185347,"Amperozide",88.2081394090809,89.9001253572149,"rep4","cells_InfoMeas1_AGP_Texture","CP"
"1978",50.140713181998,"Amperozide",47.3275087344367,52.4278764595439,"rep4","cells_InfoMeas1_DNA_Texture","CP"
"1979",19.5238028492739,"Amperozide",18.8301537196318,20.1548060623302,"rep4","cells_InfoMeas1_ER_Texture","CP"
"1980",35.7757444387304,"Amperozide",28.8529662859014,39.2958588144756,"rep4","cells_InfoMeas1_Mito_Texture","CP"
"1981",21.9520147915969,"Amperozide",20.8763779612578,23.6040754773133,"rep4","cells_InfoMeas1_RNA_Texture","CP"
"1982",33.8577629177354,"Amperozide",32.7240091986116,35.1311737037055,"rep4","cells_InfoMeas2_AGP_Texture","CP"
"1983",69.0536506740166,"Amperozide",68.2630079147516,69.9212850309292,"rep4","cells_InfoMeas2_DNA_Texture","CP"
"1984",27.4467496367907,"Amperozide",25.8884692033647,28.4595586267105,"rep4","cells_InfoMeas2_ER_Texture","CP"
"1985",4.40438848537038,"Amperozide",3.56339396694759,5.66098711321158,"rep4","cells_InfoMeas2_Mito_Texture","CP"
"1986",27.8766961889356,"Amperozide",25.0797533708291,31.5745198004715,"rep4","cells_InfoMeas2_RNA_Texture","CP"
"1987",8.69530796410331,"Amperozide",8.29863333762341,9.24325865829305,"rep4","cells_InverseDifferenceMoment_AGP_Texture","CP"
"1988",58.8144165158529,"Amperozide",58.0351171214117,59.7488891178363,"rep4","cells_InverseDifferenceMoment_DNA_Texture","CP"
"1989",23.4826213383136,"Amperozide",22.9025787895487,24.0038705433389,"rep4","cells_InverseDifferenceMoment_ER_Texture","CP"
"1990",18.0616506232354,"Amperozide",15.1609029289168,20.625435931223,"rep4","cells_InverseDifferenceMoment_Mito_Texture","CP"
"1991",21.1634924804885,"Amperozide",20.5006963969036,21.9018886045968,"rep4","cells_InverseDifferenceMoment_RNA_Texture","CP"
"1992",2.66473914708144,"Amperozide",2.04248636218195,3.7599361749954,"rep4","cells_SumAverage_AGP_Texture","CP"
"1993",58.8014608188928,"Amperozide",58.0659669351819,59.5730299277557,"rep4","cells_SumAverage_DNA_Texture","CP"
"1994",29.385837666509,"Amperozide",26.4985530521347,31.6102443572572,"rep4","cells_SumAverage_ER_Texture","CP"
"1995",26.4233878479155,"Amperozide",24.1392376742856,31.1543191488967,"rep4","cells_SumAverage_RNA_Texture","CP"
"1996",3.79513731711296,"Amperozide",3.54713595596573,4.14482712186536,"rep4","cells_SumEntropy_AGP_Texture","CP"
"1997",56.2114411674716,"Amperozide",55.3060689872271,57.03229609974,"rep4","cells_SumEntropy_DNA_Texture","CP"
"1998",12.4346980143725,"Amperozide",11.4078277175107,13.2472056314083,"rep4","cells_SumEntropy_ER_Texture","CP"
"1999",2.93325727001695,"Amperozide",2.51923677773451,3.48063348773421,"rep4","cells_SumEntropy_RNA_Texture","CP"
"2000",32.8893287066431,"Amperozide",30.9802092816225,35.5115708952136,"rep4","cells_SumVariance_AGP_Texture","CP"
"2001",67.8584137961727,"Amperozide",67.166879441053,68.9159827000752,"rep4","cells_SumVariance_DNA_Texture","CP"
"2002",46.4151225733227,"Amperozide",43.8432110884215,51.173396390146,"rep4","cells_SumVariance_RNA_Texture","CP"
"2003",35.5936888940785,"Amperozide",33.8892266908337,37.8009936826931,"rep4","cells_Variance_AGP_Texture","CP"
"2004",70.151317944576,"Amperozide",68.8684100623468,71.1490369653,"rep4","cells_Variance_DNA_Texture","CP"
"2005",58.4772528148997,"Amperozide",58.0653664374755,58.9751149240966,"rep4","cells_Variance_RNA_Texture","CP"
"2006",13.8390378074337,"Amperozide",13.5779462063906,14.1465656300211,"rep4","cytoplasm_AGP_Texture","CP"
"2007",2.76664393731154,"Amperozide",2.61118084699533,2.90835101622508,"rep4","cytoplasm_Mito_Texture","CP"
"2008",1.8433235095202,"Amperozide",1.77746619819945,1.91333567941962,"rep4","cytoplasm_Granularity_RNA_Granularity","CP"
"2009",0.097211574167206,"Amperozide",0.0339649125093401,0.414713462899399,"rep4","cytoplasm_IntegratedIntensity_AGP_Intensity","CP"
"2010",0.00920868606698035,"Amperozide",0.00540657658909148,0.0171291507764569,"rep4","cytoplasm_IntegratedIntensity_DNA_Intensity","CP"
"2011",11.4110669025845,"Amperozide",11.008291227896,11.9148215030765,"rep4","cytoplasm_IntegratedIntensity_ER_Intensity","CP"
"2012",22.3402565305988,"Amperozide",21.9086282132429,22.8455867734831,"rep4","cytoplasm_IntegratedIntensity_RNA_Intensity","CP"
"2013",10.1288681153607,"Amperozide",8.77157908941625,23.6472896200633,"rep4","cytoplasm_MaxIntensity_AGP_Intensity","CP"
"2014",37.0124066240846,"Amperozide",36.327770166473,37.8106875776619,"rep4","cytoplasm_MaxIntensity_DNA_Intensity","CP"
"2015",51.718477173836,"Amperozide",46.249801270315,55.1986719266425,"rep4","cytoplasm_MaxIntensity_ER_Intensity","CP"
"2016",16.4971435097188,"Amperozide",10.1604566091731,32.2341520374921,"rep4","cytoplasm_MaxIntensity_RNA_Intensity","CP"
"2017",1.45943134616422,"Amperozide",1.28555787731479,1.72310002154928,"rep4","cytoplasm_MeanIntensity_AGP_Intensity","CP"
"2018",66.8169563873805,"Amperozide",65.3722065872679,68.8388438764105,"rep4","cytoplasm_MeanIntensity_DNA_Intensity","CP"
"2019",24.1955766907619,"Amperozide",22.1151550444201,28.3338635866244,"rep4","cytoplasm_MeanIntensity_ER_Intensity","CP"
"2020",18.2870196030914,"Amperozide",16.5861060105624,20.002368358906,"rep4","cytoplasm_MeanIntensity_RNA_Intensity","CP"
"2021",2.47775814936787,"Amperozide",1.65848825375969,3.53571140157897,"rep4","cytoplasm_MinIntensity_AGP_Intensity","CP"
"2022",0.124519258317374,"Amperozide",0.0391960608668094,0.636103728148603,"rep4","cytoplasm_MinIntensity_DNA_Intensity","CP"
"2023",74.2480287161078,"Amperozide",70.5366560225424,76.9972074716229,"rep4","cytoplasm_MinIntensity_ER_Intensity","CP"
"2024",75.6666856037737,"Amperozide",73.3782430156518,77.1789720528787,"rep4","cytoplasm_MinIntensity_RNA_Intensity","CP"
"2025",3.86268915084887,"Amperozide",2.84798797638998,5.99886310716098,"rep4","cytoplasm_StdIntensity_AGP_Intensity","CP"
"2026",44.063676584521,"Amperozide",42.8484080174333,44.6686004385341,"rep4","cytoplasm_StdIntensity_DNA_Intensity","CP"
"2027",35.198089985795,"Amperozide",33.1783847518849,37.0858684066286,"rep4","cytoplasm_StdIntensity_ER_Intensity","CP"
"2028",25.7131471972168,"Amperozide",25.2601519247544,26.3774795337327,"rep4","cytoplasm_StdIntensity_RNA_Intensity","CP"
"2029",10.6574996905649,"Amperozide",10.498945317022,10.8297157431159,"rep4","cytoplasm_FractionAtDistance_RadialDistribution","CP"
"2030",12.9302728917764,"Amperozide",12.6082995982561,13.2463796202202,"rep4","cytoplasm_MeanFraction_RadialDistribution","CP"
"2031",22.9119859779187,"Amperozide",21.7841136507512,24.9479673575039,"rep4","cytoplasm_RadialCV_RadialDistribution","CP"
"2032",2.21943029607776,"Amperozide",2.05980655583936,2.41311836944545,"rep4","cytoplasm_AngularSecondMoment_AGP_Texture","CP"
"2033",76.7277094638455,"Amperozide",76.0296110106781,77.73067276111,"rep4","cytoplasm_AngularSecondMoment_DNA_Texture","CP"
"2034",13.1086685580463,"Amperozide",12.3906588579611,13.8100219850704,"rep4","cytoplasm_AngularSecondMoment_ER_Texture","CP"
"2035",0.00732029601700617,"Amperozide",0.00351760996543354,0.0186523177859651,"rep4","cytoplasm_AngularSecondMoment_Mito_Texture","CP"
"2036",11.1684102807713,"Amperozide",10.4658704381261,11.8856197779827,"rep4","cytoplasm_AngularSecondMoment_RNA_Texture","CP"
"2037",59.0772887253035,"Amperozide",56.2860343138418,63.5784644376584,"rep4","cytoplasm_Contrast_AGP_Texture","CP"
"2038",68.8120820791615,"Amperozide",68.4397095195375,69.1770090737686,"rep4","cytoplasm_Contrast_DNA_Texture","CP"
"2039",69.2430939577752,"Amperozide",68.096614400869,70.3392575988261,"rep4","cytoplasm_Contrast_ER_Texture","CP"
"2040",1.16909904934942,"Amperozide",0.939573111267405,1.4651141134098,"rep4","cytoplasm_TextureCorrelation_AGP_Texture","CP"
"2041",0.00744601118106472,"Amperozide",0.00591966550651562,0.00989123740252706,"rep4","cytoplasm_TextureCorrelation_DNA_Texture","CP"
"2042",50.2324687260083,"Amperozide",50.0385433833957,50.4528638606576,"rep4","cytoplasm_TextureCorrelation_ER_Texture","CP"
"2043",51.9265015833842,"Amperozide",51.4926347691629,52.6519278143477,"rep4","cytoplasm_TextureCorrelation_Mito_Texture","CP"
"2044",54.0489148621402,"Amperozide",53.6145999117576,54.4767130077631,"rep4","cytoplasm_TextureCorrelation_RNA_Texture","CP"
"2045",4.2104034659446,"Amperozide",3.98250232677493,4.49472820005627,"rep4","cytoplasm_DifferenceEntropy_AGP_Texture","CP"
"2046",63.4936586982218,"Amperozide",63.102137877052,63.8885931708835,"rep4","cytoplasm_DifferenceEntropy_DNA_Texture","CP"
"2047",20.0303234269496,"Amperozide",19.8171519765814,20.2602328867809,"rep4","cytoplasm_DifferenceEntropy_ER_Texture","CP"
"2048",0.040061840241106,"Amperozide",0.0134166399097626,0.177068165632355,"rep4","cytoplasm_DifferenceEntropy_Mito_Texture","CP"
"2049",21.7517676364662,"Amperozide",20.92930185205,22.6314235826092,"rep4","cytoplasm_DifferenceEntropy_RNA_Texture","CP"
"2050",6.37198892888469,"Amperozide",5.49076802209901,7.31925232038936,"rep4","cytoplasm_DifferenceVariance_AGP_Texture","CP"
"2051",52.2807706631986,"Amperozide",51.721876103033,52.9458293577161,"rep4","cytoplasm_DifferenceVariance_DNA_Texture","CP"
"2052",20.8837548534325,"Amperozide",20.13895814984,21.6298387401215,"rep4","cytoplasm_DifferenceVariance_ER_Texture","CP"
"2053",18.5012091760255,"Amperozide",17.3223121487707,19.772208896585,"rep4","cytoplasm_DifferenceVariance_RNA_Texture","CP"
"2054",1.70667379768746,"Amperozide",1.5068484225356,2.05202213536878,"rep4","cytoplasm_Entropy_AGP_Texture","CP"
"2055",70.5929650046789,"Amperozide",69.9869075624176,71.1682204583656,"rep4","cytoplasm_Entropy_DNA_Texture","CP"
"2056",20.1547409875064,"Amperozide",19.1463019745361,21.4124682128297,"rep4","cytoplasm_Entropy_ER_Texture","CP"
"2057",4.21711744282122,"Amperozide",2.92117607158981,6.47761969214346,"rep4","cytoplasm_Entropy_Mito_Texture","CP"
"2058",15.1714965774732,"Amperozide",14.1460769291582,16.279065288212,"rep4","cytoplasm_Entropy_RNA_Texture","CP"
"2059",81.2892938770116,"Amperozide",79.00231265774,84.0569467555314,"rep4","cytoplasm_InfoMeas1_AGP_Texture","CP"
"2060",37.1558951670308,"Amperozide",35.1830314661473,39.0642230628572,"rep4","cytoplasm_InfoMeas1_DNA_Texture","CP"
"2061",19.3244156069324,"Amperozide",18.9898314196552,19.639999805037,"rep4","cytoplasm_InfoMeas1_ER_Texture","CP"
"2062",33.4801729558755,"Amperozide",32.0349515821092,34.9174971311174,"rep4","cytoplasm_InfoMeas1_Mito_Texture","CP"
"2063",19.813785203757,"Amperozide",19.3430643169032,20.4357783535368,"rep4","cytoplasm_InfoMeas1_RNA_Texture","CP"
"2064",6.64996260794594,"Amperozide",6.3455238670555,7.0217420464841,"rep4","cytoplasm_InfoMeas2_AGP_Texture","CP"
"2065",64.8948025663216,"Amperozide",64.5371217097777,65.2376156268402,"rep4","cytoplasm_InfoMeas2_DNA_Texture","CP"
"2066",24.2116631538925,"Amperozide",23.6802237857912,24.8138697301215,"rep4","cytoplasm_InfoMeas2_ER_Texture","CP"
"2067",7.62620139029138,"Amperozide",7.02915295489514,8.41563448740339,"rep4","cytoplasm_InfoMeas2_Mito_Texture","CP"
"2068",33.8292319687935,"Amperozide",33.1204367319639,34.4999867895488,"rep4","cytoplasm_InfoMeas2_RNA_Texture","CP"
"2069",5.93054053428338,"Amperozide",5.56608431087429,6.36982256602249,"rep4","cytoplasm_InverseDifferenceMoment_AGP_Texture","CP"
"2070",75.233168816694,"Amperozide",74.4432421081045,76.4605172816354,"rep4","cytoplasm_InverseDifferenceMoment_DNA_Texture","CP"
"2071",19.7682583260142,"Amperozide",19.3919569180818,20.1959819931263,"rep4","cytoplasm_InverseDifferenceMoment_ER_Texture","CP"
"2072",13.9466591999756,"Amperozide",12.918439855851,16.2504640815904,"rep4","cytoplasm_InverseDifferenceMoment_Mito_Texture","CP"
"2073",18.3247077100487,"Amperozide",17.7876183864923,18.8943023334533,"rep4","cytoplasm_InverseDifferenceMoment_RNA_Texture","CP"
"2074",3.62915726849512,"Amperozide",2.94224048604801,4.84557791313305,"rep4","cytoplasm_SumAverage_AGP_Texture","CP"
"2075",75.4425790715868,"Amperozide",74.3444091723428,76.4795981301406,"rep4","cytoplasm_SumAverage_DNA_Texture","CP"
"2076",28.8098534300401,"Amperozide",27.6383847361993,30.6630283131572,"rep4","cytoplasm_SumAverage_ER_Texture","CP"
"2077",23.9028335068882,"Amperozide",22.3700426427336,26.4321221926799,"rep4","cytoplasm_SumAverage_RNA_Texture","CP"
"2078",2.45193095697412,"Amperozide",2.1501680339118,2.92952884151566,"rep4","cytoplasm_SumEntropy_AGP_Texture","CP"
"2079",67.4831861796913,"Amperozide",67.0390301030651,67.9267455583487,"rep4","cytoplasm_SumEntropy_DNA_Texture","CP"
"2080",17.1243209319237,"Amperozide",15.799495977568,18.4760211252946,"rep4","cytoplasm_SumEntropy_ER_Texture","CP"
"2081",0.0209701751786151,"Amperozide",0.00688268557005256,0.0866188995222609,"rep4","cytoplasm_SumEntropy_Mito_Texture","CP"
"2082",11.4502258773883,"Amperozide",10.6257363106776,12.3413528427541,"rep4","cytoplasm_SumEntropy_RNA_Texture","CP"
"2083",54.0410367195818,"Amperozide",40.309247109934,87.269501661216,"rep4","cytoplasm_SumVariance_AGP_Texture","CP"
"2084",68.9422787690386,"Amperozide",68.4956352509541,69.4588108766274,"rep4","cytoplasm_SumVariance_DNA_Texture","CP"
"2085",37.327059049912,"Amperozide",34.7267555945932,39.7984110613771,"rep4","cytoplasm_SumVariance_ER_Texture","CP"
"2086",26.717036516385,"Amperozide",23.8553955869469,32.2266534144222,"rep4","cytoplasm_SumVariance_RNA_Texture","CP"
"2087",56.5026484354445,"Amperozide",50.2784219734803,68.8590685049951,"rep4","cytoplasm_Variance_AGP_Texture","CP"
"2088",69.5232923552395,"Amperozide",69.1031047336075,69.9777358218375,"rep4","cytoplasm_Variance_DNA_Texture","CP"
"2089",33.4798420962867,"Amperozide",30.9591092612164,42.2074571555411,"rep4","cytoplasm_Variance_RNA_Texture","CP"
"2090",22.0227918521284,"Amperozide",21.439919815483,22.6193503222985,"rep4","nuclei_Granularity_AGP_Granularity","CP"
"2091",13.5070088535508,"Amperozide",12.4410639965791,14.7811479740806,"rep4","nuclei_Granularity_DNA_Granularity","CP"
"2092",2.32411274684881,"Amperozide",2.24011089569529,2.42325516388017,"rep4","nuclei_Granularity_ER_Granularity","CP"
"2093",31.4894231742081,"Amperozide",30.8963410638421,32.2143320490998,"rep4","nuclei_Granularity_Mito_Granularity","CP"
"2094",2.80217881259456,"Amperozide",2.71779686922339,2.89874657762873,"rep4","nuclei_Granularity_RNA_Granularity","CP"
"2095",0.272244051129796,"Amperozide",0.19880510184525,0.405631341237194,"rep4","nuclei_IntegratedIntensity_AGP_Intensity","CP"
"2096",19.4502812042889,"Amperozide",17.2811433819433,22.9213575415484,"rep4","nuclei_IntegratedIntensity_ER_Intensity","CP"
"2097",18.1119816148646,"Amperozide",15.9163479834538,21.4741515199536,"rep4","nuclei_IntegratedIntensity_RNA_Intensity","CP"
"2098",2.50326913763657,"Amperozide",1.34277312173941,5.20121619767971,"rep4","nuclei_MaxIntensity_AGP_Intensity","CP"
"2099",57.3262670878707,"Amperozide",56.1891436557899,58.2407936434154,"rep4","nuclei_MaxIntensity_DNA_Intensity","CP"
"2100",43.9939814900147,"Amperozide",33.220644773638,53.1490006369742,"rep4","nuclei_MaxIntensity_ER_Intensity","CP"
"2101",38.1672412824635,"Amperozide",29.6555701226972,51.0297319674969,"rep4","nuclei_MaxIntensity_RNA_Intensity","CP"
"2102",1.66906070176307,"Amperozide",1.34687567566279,2.13810550934407,"rep4","nuclei_MeanIntensity_AGP_Intensity","CP"
"2103",42.5445365883499,"Amperozide",40.4080897805371,44.096264449124,"rep4","nuclei_MeanIntensity_DNA_Intensity","CP"
"2104",26.2233469461888,"Amperozide",22.2901931259695,31.9488423174097,"rep4","nuclei_MeanIntensity_ER_Intensity","CP"
"2105",20.0388957283694,"Amperozide",18.1775048519624,23.0698716954255,"rep4","nuclei_MeanIntensity_RNA_Intensity","CP"
"2106",2.11779335684186,"Amperozide",1.92374724532152,2.48626958277016,"rep4","nuclei_MinIntensity_AGP_Intensity","CP"
"2107",56.8048476914793,"Amperozide",55.8982591121421,57.9361786827489,"rep4","nuclei_MinIntensity_DNA_Intensity","CP"
"2108",1.68306560209871,"Amperozide",1.56469136044622,1.87913524908947,"rep4","nuclei_MinIntensity_ER_Intensity","CP"
"2109",1.69829533841167,"Amperozide",1.57273186369524,1.90134376786723,"rep4","nuclei_MinIntensity_RNA_Intensity","CP"
"2110",4.7082950706152,"Amperozide",4.17100394468175,5.43800513619328,"rep4","nuclei_StdIntensity_AGP_Intensity","CP"
"2111",12.7278334729789,"Amperozide",12.3940577978959,13.5930528967083,"rep4","nuclei_StdIntensity_DNA_Intensity","CP"
"2112",69.0782501023264,"Amperozide",68.344054329147,69.8717483645456,"rep4","nuclei_StdIntensity_ER_Intensity","CP"
"2113",68.2446934076728,"Amperozide",66.6682029248221,70.5047859435413,"rep4","nuclei_StdIntensity_RNA_Intensity","CP"
"2114",16.878510847899,"Amperozide",16.5199883021799,17.3348900761371,"rep4","nuclei_Spatial_Neighbors","CP"
"2115",43.2434812832017,"Amperozide",42.7159237796875,43.789987530438,"rep4","nuclei_FractionAtDistance_AGP_RadialDistribution","CP"
"2116",62.2589607600812,"Amperozide",61.5998456243915,63.0783303688059,"rep4","nuclei_FractionAtDistance_DNA_RadialDistribution","CP"
"2117",1.62063750093653,"Amperozide",1.51844505150636,1.77847066007848,"rep4","nuclei_FractionAtDistance_ER_RadialDistribution","CP"
"2118",85.1298719459698,"Amperozide",84.5535694423163,85.6817255602224,"rep4","nuclei_FractionAtDistance_Mito_RadialDistribution","CP"
"2119",1.67437098295325,"Amperozide",1.53477631018346,1.90771081925768,"rep4","nuclei_FractionAtDistance_RNA_RadialDistribution","CP"
"2120",51.3185794798458,"Amperozide",50.7941816282012,52.014917551755,"rep4","nuclei_MeanFraction_AGP_RadialDistribution","CP"
"2121",20.5514777009158,"Amperozide",20.2939124857388,20.8128367563559,"rep4","nuclei_MeanFraction_DNA_RadialDistribution","CP"
"2122",0.00619964264203,"Amperozide",0.0029627972667195,0.0155420566382484,"rep4","nuclei_MeanFraction_ER_RadialDistribution","CP"
"2123",0.00866500340297566,"Amperozide",0.00452508214394683,0.0192148494869551,"rep4","nuclei_MeanFraction_RNA_RadialDistribution","CP"
"2124",95.8693288118882,"Amperozide",95.8111269667108,95.9297631569036,"rep4","nuclei_RadialCV_DNA_RadialDistribution","CP"
"2125",6.56268139911828,"Amperozide",2.56897670849268,23.6015599020923,"rep4","nuclei_RadialCV_Mito_RadialDistribution","CP"
"2126",0.04280227746177,"Amperozide",0.00922891359210517,0.130753360837343,"rep4","nuclei_RadialCV_RNA_RadialDistribution","CP"
"2127",6.66309195345499,"Amperozide",6.13317444857466,7.31058219604889,"rep4","nuclei_AngularSecondMoment_AGP_Texture","CP"
"2128",25.1326375866995,"Amperozide",24.4143219219131,25.964242401887,"rep4","nuclei_AngularSecondMoment_DNA_Texture","CP"
"2129",12.1873987216216,"Amperozide",11.7962282554903,12.6254666510135,"rep4","nuclei_AngularSecondMoment_ER_Texture","CP"
"2130",10.1163948587675,"Amperozide",9.60492911262218,10.7717013827552,"rep4","nuclei_AngularSecondMoment_RNA_Texture","CP"
"2131",71.766806809614,"Amperozide",71.1765277072803,72.8149543477479,"rep4","nuclei_Contrast_DNA_Texture","CP"
"2132",10.0657640486619,"Amperozide",9.88809914662321,10.2386116557498,"rep4","nuclei_TextureCorrelation_AGP_Texture","CP"
"2133",4.20953739044609,"Amperozide",4.12343298541992,4.28189585804746,"rep4","nuclei_TextureCorrelation_DNA_Texture","CP"
"2134",1.38195490038194,"Amperozide",1.28929575708034,1.4835487375429,"rep4","nuclei_TextureCorrelation_ER_Texture","CP"
"2135",16.5551311634685,"Amperozide",16.0824858074135,17.0141969213706,"rep4","nuclei_TextureCorrelation_Mito_Texture","CP"
"2136",5.51157322295297,"Amperozide",5.04901820725853,6.02781774833785,"rep4","nuclei_TextureCorrelation_RNA_Texture","CP"
"2137",14.2852207565732,"Amperozide",13.3592482943186,15.513812412431,"rep4","nuclei_DifferenceEntropy_AGP_Texture","CP"
"2138",54.092881406566,"Amperozide",53.8443872859806,54.3722670029575,"rep4","nuclei_DifferenceEntropy_DNA_Texture","CP"
"2139",37.6525232226047,"Amperozide",36.514306465901,38.812688699963,"rep4","nuclei_DifferenceEntropy_ER_Texture","CP"
"2140",1.65034892768859,"Amperozide",0.487507507632409,10.6054911137348,"rep4","nuclei_DifferenceEntropy_Mito_Texture","CP"
"2141",34.9368887403425,"Amperozide",33.0929855458462,36.7574608994978,"rep4","nuclei_DifferenceEntropy_RNA_Texture","CP"
"2142",3.36102112658154,"Amperozide",3.00121408172221,3.8420381860963,"rep4","nuclei_DifferenceVariance_AGP_Texture","CP"
"2143",22.1749017357101,"Amperozide",21.6205095013393,22.6782970872178,"rep4","nuclei_DifferenceVariance_DNA_Texture","CP"
"2144",22.0741229032548,"Amperozide",21.1610047353369,23.0600757667709,"rep4","nuclei_DifferenceVariance_ER_Texture","CP"
"2145",11.5860847910144,"Amperozide",10.9532518062471,12.4915891104386,"rep4","nuclei_DifferenceVariance_RNA_Texture","CP"
"2146",4.02550324519452,"Amperozide",3.73320448798581,4.33900606602082,"rep4","nuclei_Entropy_AGP_Texture","CP"
"2147",11.7838595854377,"Amperozide",11.3782487510077,12.2394534142416,"rep4","nuclei_Entropy_DNA_Texture","CP"
"2148",25.6780530278507,"Amperozide",23.8826333334835,26.7762700288902,"rep4","nuclei_Entropy_ER_Texture","CP"
"2149",1.18799547611411,"Amperozide",0.399952183541427,5.76168750847749,"rep4","nuclei_Entropy_Mito_Texture","CP"
"2150",33.306172933916,"Amperozide",30.32028195427,36.5825812002069,"rep4","nuclei_Entropy_RNA_Texture","CP"
"2151",63.617331713163,"Amperozide",63.018286091913,64.2833297447618,"rep4","nuclei_InfoMeas1_AGP_Texture","CP"
"2152",79.1742451120281,"Amperozide",78.3577591087349,79.9458647289992,"rep4","nuclei_InfoMeas1_ER_Texture","CP"
"2153",90.3547625117335,"Amperozide",87.9848026729952,93.9755175147859,"rep4","nuclei_InfoMeas1_Mito_Texture","CP"
"2154",79.5846050321789,"Amperozide",78.8231071693601,80.2087941778876,"rep4","nuclei_InfoMeas1_RNA_Texture","CP"
"2155",25.2242810755144,"Amperozide",25.0374238845634,25.418043644509,"rep4","nuclei_InfoMeas2_AGP_Texture","CP"
"2156",73.6122278250168,"Amperozide",73.2048130261509,73.8661464593326,"rep4","nuclei_InfoMeas2_DNA_Texture","CP"
"2157",63.0770786740077,"Amperozide",62.9169274640069,63.3106671288322,"rep4","nuclei_InfoMeas2_ER_Texture","CP"
"2158",0.504146914749274,"Amperozide",0.16594451491131,2.46191675186383,"rep4","nuclei_InfoMeas2_Mito_Texture","CP"
"2159",64.9586852942038,"Amperozide",64.6599561017646,65.2131691119804,"rep4","nuclei_InfoMeas2_RNA_Texture","CP"
"2160",19.4911749376717,"Amperozide",18.977208162811,20.0510866657759,"rep4","nuclei_InverseDifferenceMoment_AGP_Texture","CP"
"2161",48.9619591478648,"Amperozide",48.5092332284696,49.3780837916724,"rep4","nuclei_InverseDifferenceMoment_DNA_Texture","CP"
"2162",31.9429742173706,"Amperozide",31.3248204685775,32.5697997701913,"rep4","nuclei_InverseDifferenceMoment_ER_Texture","CP"
"2163",63.8195303219204,"Amperozide",60.5405188004754,68.0862354305648,"rep4","nuclei_InverseDifferenceMoment_Mito_Texture","CP"
"2164",31.3793469387866,"Amperozide",30.6240873325097,33.0284781171467,"rep4","nuclei_InverseDifferenceMoment_RNA_Texture","CP"
"2165",2.63135669660897,"Amperozide",1.97642086528397,3.80195750340639,"rep4","nuclei_SumAverage_AGP_Texture","CP"
"2166",51.8007944965157,"Amperozide",50.0707332640465,52.8228192563052,"rep4","nuclei_SumAverage_DNA_Texture","CP"
"2167",16.3631851103794,"Amperozide",15.3180619079873,17.6309843064581,"rep4","nuclei_SumAverage_ER_Texture","CP"
"2168",5.14091828765811,"Amperozide",3.95738936371198,7.12126176909765,"rep4","nuclei_SumAverage_RNA_Texture","CP"
"2169",2.81707938862079,"Amperozide",2.43020454557338,3.27824618451443,"rep4","nuclei_SumEntropy_AGP_Texture","CP"
"2170",9.87432164115038,"Amperozide",9.10036785146818,10.818750297104,"rep4","nuclei_SumEntropy_DNA_Texture","CP"
"2171",34.6369992408382,"Amperozide",32.7513191746992,36.1153651283054,"rep4","nuclei_SumEntropy_ER_Texture","CP"
"2172",42.6801214841077,"Amperozide",40.2034221842531,45.548932792704,"rep4","nuclei_SumEntropy_RNA_Texture","CP"
"2173",43.1259202729986,"Amperozide",42.3638908368393,43.9937525965248,"rep4","nuclei_SumVariance_DNA_Texture","CP"
"2174",59.8819678781086,"Amperozide",59.3622592070515,60.5466137078213,"rep4","nuclei_Variance_DNA_Texture","CP"
"2175",7.0896771134629,"Berberine Chloride",6.56483777378781,7.6740855990094,"rep4","cells_Granularity_Mito_Granularity","CP"
"2176",0.00551345256299121,"Berberine Chloride",0.00437381685911262,0.00708617035257526,"rep4","cells_IntegratedIntensity_DNA_Intensity","CP"
"2177",0.116558469078563,"Berberine Chloride",0.028627860569672,0.34153399841945,"rep4","cells_IntegratedIntensity_ER_Intensity","CP"
"2178",2.07171110897332,"Berberine Chloride",1.82666198095225,2.42712397289053,"rep4","cells_IntegratedIntensity_Mito_Intensity","CP"
"2179",0.21214762840298,"Berberine Chloride",0.0734519135450302,0.545798981101473,"rep4","cells_IntegratedIntensity_RNA_Intensity","CP"
"2180",7.46702533049005,"Berberine Chloride",7.14768304846707,7.81870829383682,"rep4","cells_MaxIntensity_Mito_Intensity","CP"
"2181",5.62294129151512,"Berberine Chloride",4.72315425886743,6.77768263196315,"rep4","cells_MeanIntensity_DNA_Intensity","CP"
"2182",28.4850307132237,"Berberine Chloride",18.3428638905113,61.7616122824597,"rep4","cells_MeanIntensity_ER_Intensity","CP"
"2183",20.4533246430526,"Berberine Chloride",19.1219941688526,22.4001339539171,"rep4","cells_MeanIntensity_Mito_Intensity","CP"
"2184",5.98404250353146,"Berberine Chloride",2.62899561724366,20.2594377288629,"rep4","cells_MinIntensity_DNA_Intensity","CP"
"2185",24.4520096734829,"Berberine Chloride",16.8241742473691,41.1501205809623,"rep4","cells_MinIntensity_ER_Intensity","CP"
"2186",0.010354245304486,"Berberine Chloride",0.00536391279231757,0.0233935178910111,"rep4","cells_MinIntensity_Mito_Intensity","CP"
"2187",21.4246474917959,"Berberine Chloride",15.2767830897446,33.9161738090966,"rep4","cells_MinIntensity_RNA_Intensity","CP"
"2188",4.25210673265536,"Berberine Chloride",2.63048988900044,7.37142022840013,"rep4","cells_StdIntensity_DNA_Intensity","CP"
"2189",10.9144161617455,"Berberine Chloride",10.4971103466632,11.3024191392669,"rep4","cells_StdIntensity_Mito_Intensity","CP"
"2190",0.946941187449629,"Berberine Chloride",0.0572313674960971,3.93998889595718,"rep4","cells_StdIntensity_RNA_Intensity","CP"
"2191",0.0198836138559781,"Berberine Chloride",0.0106217949140731,0.0428609925381356,"rep4","cells_Position_AGP_Location","CP"
"2192",0.0187990702673121,"Berberine Chloride",0.0100568031016036,0.0406159155896493,"rep4","cells_Position_DNA_Location","CP"
"2193",0.0213429375030218,"Berberine Chloride",0.0113610249334529,0.0460571812754461,"rep4","cells_Position_ER_Location","CP"
"2194",0.0206129135813847,"Berberine Chloride",0.0109700565344801,0.0444226727785995,"rep4","cells_Position_Mito_Location","CP"
"2195",0.0216445199529134,"Berberine Chloride",0.0114675315704176,0.0470437664234244,"rep4","cells_Position_RNA_Location","CP"
"2196",0.0216168866563434,"Berberine Chloride",0.0117698991579384,0.0497997582123003,"rep4","cells_MaxIntensity_AGP_Location","CP"
"2197",0.0196216726356753,"Berberine Chloride",0.0104865112076843,0.0423796835358017,"rep4","cells_MaxIntensity_DNA_Location","CP"
"2198",0.00113525782640842,"Berberine Chloride",0.000203136241169151,0.00578193115641989,"rep4","cells_MaxIntensity_ER_Location","CP"
"2199",0.00147129432470475,"Berberine Chloride",0.000278697478729152,0.00750386490583737,"rep4","cells_MaxIntensity_RNA_Location","CP"
"2200",3.55634384809056,"Berberine Chloride",3.31527245074362,3.81849394224433,"rep4","cells_FractionAtDistance_RadialDistribution","CP"
"2201",0.336975737291173,"Berberine Chloride",0.306941290355952,0.376354654886464,"rep4","cells_MeanFraction_RadialDistribution","CP"
"2202",0.319014083644559,"Berberine Chloride",0.271537467937119,0.378531793006004,"rep4","cells_RadialCV_RadialDistribution","CP"
"2203",2.00327234701169,"Berberine Chloride",1.08044059217774,3.02673834191649,"rep4","cells_AngularSecondMoment_AGP_Texture","CP"
"2204",4.55919087903802,"Berberine Chloride",3.99052937274538,5.98296726690899,"rep4","cells_AngularSecondMoment_DNA_Texture","CP"
"2205",1.23322328825672,"Berberine Chloride",0.477336733301942,3.28168337982648,"rep4","cells_AngularSecondMoment_Mito_Texture","CP"
"2206",24.5852696449681,"Berberine Chloride",23.8235075774731,25.4174413920837,"rep4","cells_Contrast_Mito_Texture","CP"
"2207",0.341777976137309,"Berberine Chloride",0.334017550243417,0.350058010499175,"rep4","cells_TextureCorrelation_Mito_Texture","CP"
"2208",3.3385348481819,"Berberine Chloride",1.57494622974378,3.69842714141943,"rep4","cells_DifferenceEntropy_DNA_Texture","CP"
"2209",69.8349800965346,"Berberine Chloride",66.4492082041591,73.9081786541312,"rep4","cells_DifferenceEntropy_Mito_Texture","CP"
"2210",0.944222929345957,"Berberine Chloride",0.0919877023811163,3.42015575218651,"rep4","cells_DifferenceVariance_AGP_Texture","CP"
"2211",0.310670081083197,"Berberine Chloride",0.19565721621149,0.5188276165188,"rep4","cells_DifferenceVariance_DNA_Texture","CP"
"2212",25.1073278274134,"Berberine Chloride",24.7433649302366,25.4452979047264,"rep4","cells_DifferenceVariance_Mito_Texture","CP"
"2213",0.56509902437515,"Berberine Chloride",0.0883581804572627,2.77426598089381,"rep4","cells_DifferenceVariance_RNA_Texture","CP"
"2214",3.01461360930554,"Berberine Chloride",1.39292274207714,4.10113780083469,"rep4","cells_Entropy_AGP_Texture","CP"
"2215",1.49850323204749,"Berberine Chloride",1.00912763791346,2.3475852280796,"rep4","cells_Entropy_DNA_Texture","CP"
"2216",14.2298548977713,"Berberine Chloride",12.245200056181,21.5129607913572,"rep4","cells_InfoMeas1_DNA_Texture","CP"
"2217",2.85467213579301,"Berberine Chloride",2.75455661893462,2.94646027889426,"rep4","cells_InfoMeas1_Mito_Texture","CP"
"2218",0.250148528316215,"Berberine Chloride",0.192940119559484,0.327117709522008,"rep4","cells_InfoMeas2_DNA_Texture","CP"
"2219",11.2906506006342,"Berberine Chloride",10.7157149581656,11.8896139760377,"rep4","cells_InfoMeas2_Mito_Texture","CP"
"2220",7.48293588045677,"Berberine Chloride",5.12533074423298,11.5918503238839,"rep4","cells_InverseDifferenceMoment_DNA_Texture","CP"
"2221",28.4461505671259,"Berberine Chloride",21.9075881866775,38.2396962476171,"rep4","cells_SumAverage_DNA_Texture","CP"
"2222",45.1652851452509,"Berberine Chloride",43.2959635209057,47.3061409327954,"rep4","cells_SumAverage_Mito_Texture","CP"
"2223",1.62558528282488,"Berberine Chloride",1.11766442071539,2.4816057877194,"rep4","cells_SumEntropy_DNA_Texture","CP"
"2224",88.3778601548803,"Berberine Chloride",83.0083642983001,96.7629540199068,"rep4","cells_SumEntropy_Mito_Texture","CP"
"2225",1.61229513735822,"Berberine Chloride",0.406110181817184,7.41841137207709,"rep4","cells_SumEntropy_RNA_Texture","CP"
"2226",21.6486759978161,"Berberine Chloride",20.7478253924998,22.3830975846625,"rep4","cells_SumVariance_Mito_Texture","CP"
"2227",22.4976477082437,"Berberine Chloride",21.570928188772,23.373457965173,"rep4","cells_Variance_Mito_Texture","CP"
"2228",8.11272432186431e-05,"Berberine Chloride",5.20371103737908e-05,0.000152984177140317,"rep4","cytoplasm_Granularity_DNA_Granularity","CP"
"2229",4.09495579231083,"Berberine Chloride",3.71549879274399,4.47001003942066,"rep4","cytoplasm_Mito_Texture","CP"
"2230",0.000126542251732938,"Berberine Chloride",6.01670163326668e-05,0.000289561749670422,"rep4","cytoplasm_IntegratedIntensity_DNA_Intensity","CP"
"2231",2.04937041413147,"Berberine Chloride",1.84365345746378,2.35084342721963,"rep4","cytoplasm_IntegratedIntensity_Mito_Intensity","CP"
"2232",0.0277009212978868,"Berberine Chloride",0.00729580293929515,0.12898120336285,"rep4","cytoplasm_IntegratedIntensity_RNA_Intensity","CP"
"2233",2.21767899874051,"Berberine Chloride",1.35006779638884,3.19566877889816,"rep4","cytoplasm_MaxIntensity_DNA_Intensity","CP"
"2234",11.1762192134295,"Berberine Chloride",10.6354372828656,11.7154465939208,"rep4","cytoplasm_MaxIntensity_Mito_Intensity","CP"
"2235",0.909202022848403,"Berberine Chloride",0.143635150498987,4.23704735786771,"rep4","cytoplasm_MaxIntensity_RNA_Intensity","CP"
"2236",23.695584277826,"Berberine Chloride",22.2458350068225,25.3553865864884,"rep4","cytoplasm_MeanIntensity_Mito_Intensity","CP"
"2237",5.98404250353146,"Berberine Chloride",2.62899561724366,20.2594377288629,"rep4","cytoplasm_MinIntensity_DNA_Intensity","CP"
"2238",24.4707517035026,"Berberine Chloride",16.8420579873641,41.1615886013367,"rep4","cytoplasm_MinIntensity_ER_Intensity","CP"
"2239",0.0106017512444832,"Berberine Chloride",0.00545848845420515,0.0239762864485309,"rep4","cytoplasm_MinIntensity_Mito_Intensity","CP"
"2240",21.4753451282863,"Berberine Chloride",15.3111383558696,34.0070780071374,"rep4","cytoplasm_MinIntensity_RNA_Intensity","CP"
"2241",2.09639858280324,"Berberine Chloride",1.35255333004707,3.37912635702744,"rep4","cytoplasm_StdIntensity_DNA_Intensity","CP"
"2242",12.9481328095199,"Berberine Chloride",12.4725286893462,13.373996861026,"rep4","cytoplasm_StdIntensity_Mito_Intensity","CP"
"2243",0.000682079019674874,"Berberine Chloride",0.000100062988135079,0.0039509590928471,"rep4","cytoplasm_Position_AGP_Location","CP"
"2244",0.000801630219551591,"Berberine Chloride",0.00014253571062006,0.00407828917019563,"rep4","cytoplasm_Position_DNA_Location","CP"
"2245",0.0206843074178876,"Berberine Chloride",0.010921339100285,0.0453302654652605,"rep4","cytoplasm_Position_ER_Location","CP"
"2246",0.000717807822423714,"Berberine Chloride",0.000112166512463199,0.00400351805985504,"rep4","cytoplasm_Position_Mito_Location","CP"
"2247",0.020381884767472,"Berberine Chloride",0.010754177572078,0.0442612880090764,"rep4","cytoplasm_Position_RNA_Location","CP"
"2248",0.000595802903125473,"Berberine Chloride",8.21195955389485e-05,0.00353611805874243,"rep4","cytoplasm_Position_Location","CP"
"2249",0.0213883370088648,"Berberine Chloride",0.0115170067442184,0.0454780444482301,"rep4","cytoplasm_AGP_Intensity","CP"
"2250",0.0234598894903499,"Berberine Chloride",0.0121599283200068,0.0528260832769529,"rep4","cytoplasm_MaxIntensity_DNA_Location","CP"
"2251",0.00115373916618352,"Berberine Chloride",0.000205234474546094,0.00593130959915873,"rep4","cytoplasm_ER_Intensity","CP"
"2252",0.0016463039343607,"Berberine Chloride",0.000316273157315668,0.00785165170368996,"rep4","cytoplasm_MaxIntensity_RNA_Location","CP"
"2253",1.05345755247014,"Berberine Chloride",0.873328232545582,1.51065838630676,"rep4","cytoplasm_FractionAtDistance_RadialDistribution","CP"
"2254",0.323814212174911,"Berberine Chloride",0.30567365805055,0.350646732960247,"rep4","cytoplasm_MeanFraction_RadialDistribution","CP"
"2255",2.53278672876488,"Berberine Chloride",2.35780776218422,2.71668088208607,"rep4","cytoplasm_RadialCV_RadialDistribution","CP"
"2256",29.3787737180136,"Berberine Chloride",14.7222372219242,38.7939919532494,"rep4","cytoplasm_AngularSecondMoment_DNA_Texture","CP"
"2257",1.39454370277975,"Berberine Chloride",1.15245093595355,3.02927357456493,"rep4","cytoplasm_AngularSecondMoment_Mito_Texture","CP"
"2258",24.1213040759765,"Berberine Chloride",23.4689645525936,24.8875908532673,"rep4","cytoplasm_Contrast_Mito_Texture","CP"
"2259",22.8943789283042,"Berberine Chloride",8.51512945659511,87.6925752471654,"rep4","cytoplasm_TextureCorrelation_AGP_Texture","CP"
"2260",9.5959920969761e-05,"Berberine Chloride",2.99340025341497e-05,0.00027674169959061,"rep4","cytoplasm_TextureCorrelation_DNA_Texture","CP"
"2261",7.0628284633815,"Berberine Chloride",6.51770256262041,7.79896771714926,"rep4","cytoplasm_TextureCorrelation_Mito_Texture","CP"
"2262",24.9199443161333,"Berberine Chloride",20.4721176238342,42.7001309115544,"rep4","cytoplasm_DifferenceEntropy_DNA_Texture","CP"
"2263",72.7460615434784,"Berberine Chloride",68.1849545580254,78.6145904162327,"rep4","cytoplasm_DifferenceEntropy_Mito_Texture","CP"
"2264",0.0979660917630087,"Berberine Chloride",0.0648581240294493,0.155030543091664,"rep4","cytoplasm_DifferenceVariance_DNA_Texture","CP"
"2265",22.2783531152075,"Berberine Chloride",21.8396090027838,22.7127136590384,"rep4","cytoplasm_DifferenceVariance_Mito_Texture","CP"
"2266",0.489282555069578,"Berberine Chloride",0.0708947520944018,2.43318031253876,"rep4","cytoplasm_DifferenceVariance_RNA_Texture","CP"
"2267",35.440575106719,"Berberine Chloride",15.5277063698135,42.8845225176025,"rep4","cytoplasm_Entropy_DNA_Texture","CP"
"2268",1.28179990621046,"Berberine Chloride",0.617721687381394,3.22687267176183,"rep4","cytoplasm_InfoMeas1_DNA_Texture","CP"
"2269",1.90486125321056,"Berberine Chloride",1.79365166206881,2.01262810308307,"rep4","cytoplasm_InfoMeas1_Mito_Texture","CP"
"2270",0.393482000652931,"Berberine Chloride",0.067837401455881,1.65043725145275,"rep4","cytoplasm_InfoMeas2_ER_Texture","CP"
"2271",9.28516223942688,"Berberine Chloride",8.75215030718119,9.80450756981785,"rep4","cytoplasm_InfoMeas2_Mito_Texture","CP"
"2272",0.584985933260575,"Berberine Chloride",0.170824147634288,2.03023749110733,"rep4","cytoplasm_InfoMeas2_RNA_Texture","CP"
"2273",28.3345974832412,"Berberine Chloride",26.608931578888,30.5190318176653,"rep4","cytoplasm_InverseDifferenceMoment_Mito_Texture","CP"
"2274",38.4398863582024,"Berberine Chloride",36.3787747623471,40.7694217503616,"rep4","cytoplasm_SumAverage_Mito_Texture","CP"
"2275",29.5217020009535,"Berberine Chloride",14.3956277808112,38.7339254919291,"rep4","cytoplasm_SumEntropy_DNA_Texture","CP"
"2276",20.7811023554904,"Berberine Chloride",19.8501554645854,21.7484294792867,"rep4","cytoplasm_SumVariance_Mito_Texture","CP"
"2277",23.9672059545425,"Berberine Chloride",23.2267902207629,24.7754076411275,"rep4","cytoplasm_Variance_Mito_Texture","CP"
"2278",0.0708990125515194,"Berberine Chloride",0.057454632968269,0.0890236575776276,"rep4","nuclei_Granularity_DNA_Granularity","CP"
"2279",0.0220025300975785,"Berberine Chloride",0.0051081274422912,0.0725931523864448,"rep4","nuclei_Granularity_ER_Granularity","CP"
"2280",0.532944517238466,"Berberine Chloride",0.459818791135668,0.61756295981754,"rep4","nuclei_Granularity_Mito_Granularity","CP"
"2281",0.000285552955264237,"Berberine Chloride",5.62210805118985e-05,0.00142665878863823,"rep4","nuclei_Granularity_RNA_Granularity","CP"
"2282",0.0238700328362737,"Berberine Chloride",0.0179452649653229,0.0327955371299831,"rep4","nuclei_IntegratedIntensity_DNA_Intensity","CP"
"2283",7.61882816215987,"Berberine Chloride",6.87704321735101,8.52838211387928,"rep4","nuclei_IntegratedIntensity_Mito_Intensity","CP"
"2284",0.130049782334145,"Berberine Chloride",0.0156805874290367,0.634275561010164,"rep4","nuclei_IntegratedIntensity_RNA_Intensity","CP"
"2285",3.24125596890277,"Berberine Chloride",1.88640907434023,4.23581204513894,"rep4","nuclei_MaxIntensity_DNA_Intensity","CP"
"2286",14.9669781965302,"Berberine Chloride",14.601923128981,15.3103508847167,"rep4","nuclei_MaxIntensity_Mito_Intensity","CP"
"2287",1.58264929714032,"Berberine Chloride",1.03703738462329,2.51832536693755,"rep4","nuclei_MeanIntensity_DNA_Intensity","CP"
"2288",47.1212493734189,"Berberine Chloride",40.2386865165291,52.6014388536336,"rep4","nuclei_MeanIntensity_Mito_Intensity","CP"
"2289",1.37120022012794,"Berberine Chloride",1.1207276190969,1.71295885273184,"rep4","nuclei_MinIntensity_DNA_Intensity","CP"
"2290",27.9232806428973,"Berberine Chloride",21.9290595345589,38.130108965574,"rep4","nuclei_MinIntensity_Mito_Intensity","CP"
"2291",0.437032804356657,"Berberine Chloride",0.208383616354975,0.942850736429156,"rep4","nuclei_StdIntensity_DNA_Intensity","CP"
"2292",24.455051348222,"Berberine Chloride",23.9814156034793,24.9369316309409,"rep4","nuclei_StdIntensity_Mito_Intensity","CP"
"2293",0.0169134609147719,"Berberine Chloride",0.00923686990018005,0.0355575437152034,"rep4","nuclei_Position_Location","CP"
"2294",11.1455472785483,"Berberine Chloride",5.26625333370967,29.1632315865421,"rep4","nuclei_FractionAtDistance_AGP_RadialDistribution","CP"
"2295",47.9085523729118,"Berberine Chloride",41.3727349074015,56.0271137988716,"rep4","nuclei_FractionAtDistance_DNA_RadialDistribution","CP"
"2296",1.16939940896225,"Berberine Chloride",0.580368608251811,2.69198310926667,"rep4","nuclei_FractionAtDistance_ER_RadialDistribution","CP"
"2297",26.9954256287412,"Berberine Chloride",26.0577737244325,28.002586363872,"rep4","nuclei_FractionAtDistance_Mito_RadialDistribution","CP"
"2298",0.920635747820809,"Berberine Chloride",0.483382425214917,1.98325473341589,"rep4","nuclei_FractionAtDistance_RNA_RadialDistribution","CP"
"2299",12.3689740685289,"Berberine Chloride",5.95179189342577,31.0514907394768,"rep4","nuclei_MeanFraction_DNA_RadialDistribution","CP"
"2300",7.85983755446257,"Berberine Chloride",2.20790375037626,29.1132042732167,"rep4","nuclei_MeanFraction_ER_RadialDistribution","CP"
"2301",28.0819033268705,"Berberine Chloride",25.1455325036191,32.8673165312557,"rep4","nuclei_MeanFraction_Mito_RadialDistribution","CP"
"2302",7.52016054388983,"Berberine Chloride",2.45710706633346,29.8615374214011,"rep4","nuclei_MeanFraction_RNA_RadialDistribution","CP"
"2303",0.187662453629439,"Berberine Chloride",0.0711428802580478,0.72836859041834,"rep4","nuclei_RadialCV_ER_RadialDistribution","CP"
"2304",16.119349704373,"Berberine Chloride",15.3086728360835,17.003138114953,"rep4","nuclei_RadialCV_Mito_RadialDistribution","CP"
"2305",12.3165735010858,"Berberine Chloride",8.47529610155736,20.8292030773024,"rep4","nuclei_RadialCV_RNA_RadialDistribution","CP"
"2306",0.162792997077569,"Berberine Chloride",0.103420062314127,0.263488445275452,"rep4","nuclei_AngularSecondMoment_DNA_Texture","CP"
"2307",32.4110325807816,"Berberine Chloride",30.7467602588404,35.1841875570719,"rep4","nuclei_Contrast_Mito_Texture","CP"
"2308",44.5475135417367,"Berberine Chloride",33.1007280660343,67.9881430655036,"rep4","nuclei_TextureCorrelation_AGP_Texture","CP"
"2309",8.85115318834031,"Berberine Chloride",7.82617183673732,10.0873249666667,"rep4","nuclei_TextureCorrelation_DNA_Texture","CP"
"2310",0.112156895296465,"Berberine Chloride",0.0632266888788571,0.218037033049526,"rep4","nuclei_TextureCorrelation_ER_Texture","CP"
"2311",0.685242352375305,"Berberine Chloride",0.657709867912401,0.722028060227183,"rep4","nuclei_TextureCorrelation_Mito_Texture","CP"
"2312",0.118548258531529,"Berberine Chloride",0.0703358286484737,0.228811476724833,"rep4","nuclei_TextureCorrelation_RNA_Texture","CP"
"2313",1.96006977476799,"Berberine Chloride",1.23739767609098,3.20614389144688,"rep4","nuclei_DifferenceEntropy_DNA_Texture","CP"
"2314",0.244814629338682,"Berberine Chloride",0.157479089860992,0.387006852542735,"rep4","nuclei_DifferenceVariance_DNA_Texture","CP"
"2315",18.5526822981674,"Berberine Chloride",17.6302294577972,19.5000307122383,"rep4","nuclei_DifferenceVariance_Mito_Texture","CP"
"2316",0.902373695911983,"Berberine Chloride",0.205236284203095,4.46561011007396,"rep4","nuclei_DifferenceVariance_RNA_Texture","CP"
"2317",0.154706538463751,"Berberine Chloride",0.101959055469518,0.238606181855063,"rep4","nuclei_Entropy_DNA_Texture","CP"
"2318",37.7722534017789,"Berberine Chloride",33.6152077440737,42.3397283763044,"rep4","nuclei_InfoMeas1_Mito_Texture","CP"
"2319",8.60556518243179,"Berberine Chloride",6.74362672825853,11.2748047347661,"rep4","nuclei_InfoMeas2_DNA_Texture","CP"
"2320",50.0932204269837,"Berberine Chloride",47.4080614618894,53.1807992014335,"rep4","nuclei_InfoMeas2_Mito_Texture","CP"
"2321",0.673481034840278,"Berberine Chloride",0.432000791145587,1.07124640261275,"rep4","nuclei_InverseDifferenceMoment_DNA_Texture","CP"
"2322",5.01933472127277,"Berberine Chloride",3.86405126832272,6.69977097447314,"rep4","nuclei_SumAverage_DNA_Texture","CP"
"2323",0.00605630940169455,"Berberine Chloride",0.00433819185155526,0.00866177338948829,"rep4","nuclei_SumEntropy_DNA_Texture","CP"
"2324",1.52160991527136,"Berberine Chloride",1.03049407332717,2.27830040068693,"rep4","nuclei_SumVariance_DNA_Texture","CP"
"2325",33.7029301026164,"Berberine Chloride",31.6850700379663,37.6710825473081,"rep4","nuclei_SumVariance_Mito_Texture","CP"
"2326",33.8771137618813,"Berberine Chloride",31.8387092891518,37.8913509546562,"rep4","nuclei_Variance_Mito_Texture","CP"
"2327",0.000527544117931951,"Tetrandrine",0.000414838891161907,0.000615071346019607,"rep4","cells_Size_AreaShape","CP"
"2328",0.000211051526764365,"Tetrandrine",0.0001809256702759,0.000258238468617859,"rep4","cells_Granularity_DNA_Granularity","CP"
"2329",0.0394665169232708,"Tetrandrine",0.0385174157588633,0.0404971358107959,"rep4","cells_Granularity_ER_Granularity","CP"
"2330",0.00446322754464563,"Tetrandrine",0.00363620548325525,0.00555773412724891,"rep4","cells_Granularity_Mito_Granularity","CP"
"2331",0.015920413970736,"Tetrandrine",0.0151461154101266,0.0168136949909353,"rep4","cells_Granularity_RNA_Granularity","CP"
"2332",1.94716036372321,"Tetrandrine",1.89523173854674,2.00580502667202,"rep4","cells_IntegratedIntensity_AGP_Intensity","CP"
"2333",0.0146824076075393,"Tetrandrine",0.0138776514238446,0.0158467284084445,"rep4","cells_IntegratedIntensity_DNA_Intensity","CP"
"2334",0.103925629003446,"Tetrandrine",0.100075601922963,0.108672279835159,"rep4","cells_IntegratedIntensity_ER_Intensity","CP"
"2335",4.70111308470376,"Tetrandrine",4.64611283349205,4.78193841241088,"rep4","cells_IntegratedIntensity_Mito_Intensity","CP"
"2336",0.317075913844805,"Tetrandrine",0.298172657829908,0.3399168820077,"rep4","cells_IntegratedIntensity_RNA_Intensity","CP"
"2337",0.290419708446011,"Tetrandrine",0.238963363595493,0.357647114123269,"rep4","cells_MaxIntensity_DNA_Intensity","CP"
"2338",1.54771330147038,"Tetrandrine",1.4548047597235,1.89443529509877,"rep4","cells_MaxIntensity_ER_Intensity","CP"
"2339",1.94981621408971,"Tetrandrine",1.91992792575292,1.99710433568733,"rep4","cells_MaxIntensity_Mito_Intensity","CP"
"2340",1.64314851329172,"Tetrandrine",1.57585164431511,1.90939821928525,"rep4","cells_MaxIntensity_RNA_Intensity","CP"
"2341",0.0737224225452286,"Tetrandrine",0.0609358922053788,0.0896978270839866,"rep4","cells_MeanIntensity_AGP_Intensity","CP"
"2342",2.38389434725983,"Tetrandrine",2.35661518996497,2.40773218067613,"rep4","cells_MeanIntensity_DNA_Intensity","CP"
"2343",1.44047396918986,"Tetrandrine",1.29959033509805,1.59779944811174,"rep4","cells_MeanIntensity_ER_Intensity","CP"
"2344",1.16924190256073,"Tetrandrine",1.15631764127647,1.18207781929099,"rep4","cells_MeanIntensity_Mito_Intensity","CP"
"2345",1.24158429109805,"Tetrandrine",1.10922109361027,1.40816639840262,"rep4","cells_MeanIntensity_RNA_Intensity","CP"
"2346",0.311713801778734,"Tetrandrine",0.295616250960136,0.332799319824234,"rep4","cells_MinIntensity_AGP_Intensity","CP"
"2347",1.16792470408817,"Tetrandrine",0.984537811777511,1.47725968171864,"rep4","cells_MinIntensity_DNA_Intensity","CP"
"2348",0.195016738358549,"Tetrandrine",0.140287222863069,0.290886399440641,"rep4","cells_MinIntensity_ER_Intensity","CP"
"2349",3.63858284168768,"Tetrandrine",2.55527947233691,5.68125915929833,"rep4","cells_MinIntensity_Mito_Intensity","CP"
"2350",0.121567623606753,"Tetrandrine",0.0828105196680144,0.185420746141626,"rep4","cells_MinIntensity_RNA_Intensity","CP"
"2351",0.0461886837721033,"Tetrandrine",0.0447138926744721,0.0480009794752444,"rep4","cells_StdIntensity_AGP_Intensity","CP"
"2352",0.887976454565352,"Tetrandrine",0.776009168314634,1.01767959118726,"rep4","cells_StdIntensity_DNA_Intensity","CP"
"2353",1.64944105186061,"Tetrandrine",1.6050961299587,1.70480334371423,"rep4","cells_StdIntensity_ER_Intensity","CP"
"2354",0.867646817056639,"Tetrandrine",0.849837202692985,0.887318907988787,"rep4","cells_StdIntensity_Mito_Intensity","CP"
"2355",1.64484408040321,"Tetrandrine",1.60397515446598,1.70018301678799,"rep4","cells_StdIntensity_RNA_Intensity","CP"
"2356",0.00223051590344531,"Tetrandrine",0.00104410944010897,0.00608995685512944,"rep4","cells_Position_AGP_Location","CP"
"2357",0.00245165353214891,"Tetrandrine",0.00106517223802561,0.00724838649539808,"rep4","cells_Position_DNA_Location","CP"
"2358",0.00230109980675741,"Tetrandrine",0.00100940731455048,0.00638520004273551,"rep4","cells_Position_ER_Location","CP"
"2359",0.00228271277185855,"Tetrandrine",0.00100255952490841,0.00632390354114829,"rep4","cells_Position_Mito_Location","CP"
"2360",0.00226147274512066,"Tetrandrine",0.000994638795529706,0.00630007881805765,"rep4","cells_Position_RNA_Location","CP"
"2361",0.00240952652063567,"Tetrandrine",0.00110941206090572,0.00635869684628794,"rep4","cells_MaxIntensity_AGP_Location","CP"
"2362",0.00509633141672067,"Tetrandrine",0.00245493082326912,0.0132737840765776,"rep4","cells_MaxIntensity_DNA_Location","CP"
"2363",0.00258933316196504,"Tetrandrine",0.00111571532412901,0.00727683340329907,"rep4","cells_MaxIntensity_ER_Location","CP"
"2364",0.00194093425227165,"Tetrandrine",0.000785452771811306,0.00624692827722814,"rep4","cells_MaxIntensity_Mito_Location","CP"
"2365",0.0042295900804115,"Tetrandrine",0.00213028573384876,0.0104751544653557,"rep4","cells_MaxIntensity_RNA_Location","CP"
"2366",0.606062334971081,"Tetrandrine",0.489354628182377,0.702893382788436,"rep4","cells_Spatial_Neighbors","CP"
"2367",0.0496385696706615,"Tetrandrine",0.0461966002179503,0.053452825648831,"rep4","cells_FractionAtDistance_RadialDistribution","CP"
"2368",0.0650648335424648,"Tetrandrine",0.0627482743693914,0.0681874568435922,"rep4","cells_MeanFraction_RadialDistribution","CP"
"2369",0.000513636846358626,"Tetrandrine",0.000438065195640935,0.000513636846358626,"rep4","cells_RadialCV_RadialDistribution","CP"
"2370",0.202288204036969,"Tetrandrine",0.168531544089143,0.244413278940995,"rep4","cells_AngularSecondMoment_AGP_Texture","CP"
"2371",0.400190119119951,"Tetrandrine",0.327452190113863,0.493734195841047,"rep4","cells_AngularSecondMoment_DNA_Texture","CP"
"2372",0.791483902130535,"Tetrandrine",0.75456269845915,0.833350577591765,"rep4","cells_AngularSecondMoment_ER_Texture","CP"
"2373",1.28766749180964,"Tetrandrine",1.24848241771801,1.32984718609344,"rep4","cells_AngularSecondMoment_Mito_Texture","CP"
"2374",1.1801594715486,"Tetrandrine",1.12152839505494,1.25449616262392,"rep4","cells_AngularSecondMoment_RNA_Texture","CP"
"2375",2.65637274127563,"Tetrandrine",2.61823097626809,2.70222190632633,"rep4","cells_Contrast_DNA_Texture","CP"
"2376",5.60533073223985,"Tetrandrine",5.58940111730801,5.62185665640155,"rep4","cells_Contrast_Mito_Texture","CP"
"2377",0.0346326114065718,"Tetrandrine",0.0200779129286124,0.0606766315744547,"rep4","cells_TextureCorrelation_AGP_Texture","CP"
"2378",11.7914502094613,"Tetrandrine",11.7258504721735,11.8576521623557,"rep4","cells_TextureCorrelation_DNA_Texture","CP"
"2379",0.88406867052936,"Tetrandrine",0.860001669507419,0.912016313860112,"rep4","cells_TextureCorrelation_ER_Texture","CP"
"2380",0.729200585711303,"Tetrandrine",0.697520646450574,0.766987762236943,"rep4","cells_TextureCorrelation_Mito_Texture","CP"
"2381",0.82094469062288,"Tetrandrine",0.796801982795797,0.854697508324244,"rep4","cells_TextureCorrelation_RNA_Texture","CP"
"2382",0.61357971156108,"Tetrandrine",0.562049410799563,0.672078570568587,"rep4","cells_DifferenceEntropy_AGP_Texture","CP"
"2383",10.64644006559,"Tetrandrine",10.6163522777408,10.6822815276311,"rep4","cells_DifferenceEntropy_DNA_Texture","CP"
"2384",5.55128491772726,"Tetrandrine",5.47662080495835,5.60939153590477,"rep4","cells_DifferenceEntropy_ER_Texture","CP"
"2385",0.709310637337533,"Tetrandrine",0.678606645967939,0.745501267008152,"rep4","cells_DifferenceEntropy_Mito_Texture","CP"
"2386",6.76451113285359,"Tetrandrine",6.67581866487018,6.90836116762623,"rep4","cells_DifferenceEntropy_RNA_Texture","CP"
"2387",0.42852808901849,"Tetrandrine",0.390634498503654,0.471162507017233,"rep4","cells_DifferenceVariance_AGP_Texture","CP"
"2388",5.24979783905563,"Tetrandrine",5.18251609379724,5.33690251823063,"rep4","cells_DifferenceVariance_DNA_Texture","CP"
"2389",3.35737763279325,"Tetrandrine",3.28558617165911,3.42752292647811,"rep4","cells_DifferenceVariance_ER_Texture","CP"
"2390",0.674629551881454,"Tetrandrine",0.63495217382761,0.720555176701548,"rep4","cells_DifferenceVariance_Mito_Texture","CP"
"2391",5.33912592224454,"Tetrandrine",5.19654125835862,5.48796873018522,"rep4","cells_DifferenceVariance_RNA_Texture","CP"
"2392",0.37568952356278,"Tetrandrine",0.314742854897904,0.447096772086173,"rep4","cells_Entropy_AGP_Texture","CP"
"2393",6.62918971555933,"Tetrandrine",6.45191469483753,6.88570008919478,"rep4","cells_Entropy_DNA_Texture","CP"
"2394",2.43329686502851,"Tetrandrine",2.24558503929242,2.48906872670471,"rep4","cells_Entropy_ER_Texture","CP"
"2395",0.800026370283259,"Tetrandrine",0.783355465774604,0.825754434225045,"rep4","cells_Entropy_Mito_Texture","CP"
"2396",3.58950599782895,"Tetrandrine",3.46329640001665,3.71405456379057,"rep4","cells_Entropy_RNA_Texture","CP"
"2397",0.569818779680668,"Tetrandrine",0.508536628799069,0.64064542849627,"rep4","cells_InfoMeas1_AGP_Texture","CP"
"2398",1.0178969473719,"Tetrandrine",0.889128892278912,1.20378293744631,"rep4","cells_InfoMeas1_DNA_Texture","CP"
"2399",0.602432923237153,"Tetrandrine",0.541443375186759,0.675375576907389,"rep4","cells_InfoMeas1_ER_Texture","CP"
"2400",1.32359507100624,"Tetrandrine",1.29496212906861,1.35558902258232,"rep4","cells_InfoMeas1_Mito_Texture","CP"
"2401",0.520783793615894,"Tetrandrine",0.472603014134931,0.578486650837798,"rep4","cells_InfoMeas1_RNA_Texture","CP"
"2402",0.455249675709013,"Tetrandrine",0.407417238337284,0.516282187793905,"rep4","cells_InfoMeas2_AGP_Texture","CP"
"2403",11.9403330243378,"Tetrandrine",11.8502622575142,12.3344859578259,"rep4","cells_InfoMeas2_DNA_Texture","CP"
"2404",1.07198365252791,"Tetrandrine",0.905139983986356,1.29387407938612,"rep4","cells_InfoMeas2_ER_Texture","CP"
"2405",1.00213863654813,"Tetrandrine",0.964681933251801,1.04661345294509,"rep4","cells_InfoMeas2_Mito_Texture","CP"
"2406",1.09873615672401,"Tetrandrine",0.918846388297303,1.31453542322999,"rep4","cells_InfoMeas2_RNA_Texture","CP"
"2407",0.12993186162585,"Tetrandrine",0.123080999629722,0.137679749192572,"rep4","cells_InverseDifferenceMoment_AGP_Texture","CP"
"2408",6.82243873506366,"Tetrandrine",6.68107656477128,7.21630824772644,"rep4","cells_InverseDifferenceMoment_DNA_Texture","CP"
"2409",1.59795663195973,"Tetrandrine",1.56507662661371,1.62745658069809,"rep4","cells_InverseDifferenceMoment_ER_Texture","CP"
"2410",1.01319244244424,"Tetrandrine",0.974337524553534,1.07279074308779,"rep4","cells_InverseDifferenceMoment_Mito_Texture","CP"
"2411",2.1336794588441,"Tetrandrine",2.08955977366167,2.18656264787315,"rep4","cells_InverseDifferenceMoment_RNA_Texture","CP"
"2412",0.635805141298774,"Tetrandrine",0.498410895005098,0.819061148000221,"rep4","cells_SumAverage_AGP_Texture","CP"
"2413",15.4566828740868,"Tetrandrine",15.353938662317,15.5502588385487,"rep4","cells_SumAverage_DNA_Texture","CP"
"2414",1.92758312282437,"Tetrandrine",1.7611991392537,2.1106777594486,"rep4","cells_SumAverage_ER_Texture","CP"
"2415",1.39414446045532,"Tetrandrine",1.35304591514157,1.42459872911046,"rep4","cells_SumAverage_Mito_Texture","CP"
"2416",1.32220790746827,"Tetrandrine",1.12531865011956,1.54487793150713,"rep4","cells_SumAverage_RNA_Texture","CP"
"2417",0.439643837567511,"Tetrandrine",0.377066005409406,0.513920279578196,"rep4","cells_SumEntropy_AGP_Texture","CP"
"2418",7.29313534832612,"Tetrandrine",7.09156346648946,7.49504322245641,"rep4","cells_SumEntropy_DNA_Texture","CP"
"2419",7.22749536475483,"Tetrandrine",7.0857065850337,7.34277045636181,"rep4","cells_SumEntropy_ER_Texture","CP"
"2420",0.760479756355519,"Tetrandrine",0.735454261794814,0.786933714467563,"rep4","cells_SumEntropy_Mito_Texture","CP"
"2421",13.1615292126813,"Tetrandrine",12.7823264396425,13.537935140549,"rep4","cells_SumEntropy_RNA_Texture","CP"
"2422",29.4896103896269,"Tetrandrine",29.4642723958047,29.5157933486903,"rep4","cells_SumVariance_DNA_Texture","CP"
"2423",2.48591454618292,"Tetrandrine",2.44079875540376,2.52597803552245,"rep4","cells_SumVariance_Mito_Texture","CP"
"2424",21.3794343286398,"Tetrandrine",21.2834336700466,21.5206058667987,"rep4","cells_Variance_DNA_Texture","CP"
"2425",3.06446913623643,"Tetrandrine",2.96561741668789,3.10935979814036,"rep4","cells_Variance_Mito_Texture","CP"
"2426",0.000290253035249063,"Tetrandrine",0.000253323032483271,0.000290253035249063,"rep4","cytoplasm_Size_AreaShape","CP"
"2427",0.111767323798313,"Tetrandrine",0.0938708927659918,0.133844418072041,"rep4","cytoplasm_ER_Texture","CP"
"2428",0.170616630180091,"Tetrandrine",0.149144955417551,0.195127754869318,"rep4","cytoplasm_Granularity_RNA_Granularity","CP"
"2429",1.31769411717198,"Tetrandrine",1.03328787131817,1.92720228053209,"rep4","cytoplasm_IntegratedIntensity_AGP_Intensity","CP"
"2430",0.00103858244023421,"Tetrandrine",0.000851089498406902,0.00134429978244202,"rep4","cytoplasm_IntegratedIntensity_DNA_Intensity","CP"
"2431",0.475184074409829,"Tetrandrine",0.401285406947456,0.569785465556625,"rep4","cytoplasm_IntegratedIntensity_ER_Intensity","CP"
"2432",0.403971042427303,"Tetrandrine",0.356307163277517,0.475553430963406,"rep4","cytoplasm_IntegratedIntensity_RNA_Intensity","CP"
"2433",30.0319193652628,"Tetrandrine",29.9970328793596,30.0745010550777,"rep4","cytoplasm_MaxIntensity_DNA_Intensity","CP"
"2434",23.347822119016,"Tetrandrine",21.8436658263396,25.4105542974649,"rep4","cytoplasm_MaxIntensity_ER_Intensity","CP"
"2435",3.27228368061563,"Tetrandrine",3.07447009423162,3.43176185218408,"rep4","cytoplasm_MaxIntensity_Mito_Intensity","CP"
"2436",9.54586589691402,"Tetrandrine",9.46117238857418,9.63296019411169,"rep4","cytoplasm_MeanIntensity_DNA_Intensity","CP"
"2437",0.94801698536578,"Tetrandrine",0.830765748314154,1.10773189503766,"rep4","cytoplasm_MeanIntensity_ER_Intensity","CP"
"2438",0.370203531804892,"Tetrandrine",0.324582502785521,0.41352141098216,"rep4","cytoplasm_MeanIntensity_Mito_Intensity","CP"
"2439",0.231494133983181,"Tetrandrine",0.177229790243073,0.316583521401162,"rep4","cytoplasm_MeanIntensity_RNA_Intensity","CP"
"2440",0.319257829685277,"Tetrandrine",0.302360378847093,0.341458318456327,"rep4","cytoplasm_MinIntensity_AGP_Intensity","CP"
"2441",1.16792470408817,"Tetrandrine",0.984537811777511,1.47725968171864,"rep4","cytoplasm_MinIntensity_DNA_Intensity","CP"
"2442",0.194091289951967,"Tetrandrine",0.139514902107663,0.289736392288801,"rep4","cytoplasm_MinIntensity_ER_Intensity","CP"
"2443",3.6049782549769,"Tetrandrine",2.53506494565437,5.61010187306182,"rep4","cytoplasm_MinIntensity_Mito_Intensity","CP"
"2444",0.1203581367555,"Tetrandrine",0.0818854665489435,0.183871251994595,"rep4","cytoplasm_MinIntensity_RNA_Intensity","CP"
"2445",0.805779225272092,"Tetrandrine",0.769529639740259,0.848410955311221,"rep4","cytoplasm_StdIntensity_AGP_Intensity","CP"
"2446",15.4994676762429,"Tetrandrine",15.4642860840206,15.5350508587581,"rep4","cytoplasm_StdIntensity_DNA_Intensity","CP"
"2447",15.1593517625915,"Tetrandrine",15.0430361725326,15.2738085063012,"rep4","cytoplasm_StdIntensity_ER_Intensity","CP"
"2448",1.30533817074025,"Tetrandrine",1.27905289832995,1.3484289900538,"rep4","cytoplasm_StdIntensity_Mito_Intensity","CP"
"2449",19.8940077832054,"Tetrandrine",19.6709058378698,20.1038577980608,"rep4","cytoplasm_StdIntensity_RNA_Intensity","CP"
"2450",0.00222362690790787,"Tetrandrine",0.000980497471879221,0.0060695519809892,"rep4","cytoplasm_Position_AGP_Location","CP"
"2451",0.00215367025951024,"Tetrandrine",0.000954261075410046,0.00583277611986512,"rep4","cytoplasm_Position_DNA_Location","CP"
"2452",0.00227713291054368,"Tetrandrine",0.00100047979524372,0.00633025596673079,"rep4","cytoplasm_Position_ER_Location","CP"
"2453",0.00225416836143485,"Tetrandrine",0.000991912279264122,0.00628747224564712,"rep4","cytoplasm_Position_Mito_Location","CP"
"2454",0.00227368463029379,"Tetrandrine",0.000999194163944021,0.00635094867666322,"rep4","cytoplasm_Position_RNA_Location","CP"
"2455",0.00222891162878299,"Tetrandrine",0.0010435094729246,0.00600880448607965,"rep4","cytoplasm_Position_Location","CP"
"2456",0.00227642153229572,"Tetrandrine",0.00105658349038436,0.00599377943444057,"rep4","cytoplasm_AGP_Intensity","CP"
"2457",0.00234611422338342,"Tetrandrine",0.0009800435965024,0.0073976284508495,"rep4","cytoplasm_MaxIntensity_DNA_Location","CP"
"2458",0.00250607091813786,"Tetrandrine",0.0010851993246131,0.00690979726920908,"rep4","cytoplasm_ER_Intensity","CP"
"2459",0.0020751124005233,"Tetrandrine",0.000830167621697985,0.00663923749652841,"rep4","cytoplasm_Mito_Intensity","CP"
"2460",0.00414549771056342,"Tetrandrine",0.00205765166574916,0.010451103614707,"rep4","cytoplasm_MaxIntensity_RNA_Location","CP"
"2461",0.628929524241679,"Tetrandrine",0.621361146292402,0.637101705375161,"rep4","cytoplasm_FractionAtDistance_RadialDistribution","CP"
"2462",0.0865994893811632,"Tetrandrine",0.0836020872213793,0.0911058357903131,"rep4","cytoplasm_MeanFraction_RadialDistribution","CP"
"2463",0.692962350950655,"Tetrandrine",0.545320483381653,0.859762837703075,"rep4","cytoplasm_RadialCV_RadialDistribution","CP"
"2464",0.375979618716838,"Tetrandrine",0.350134650084625,0.403350690458517,"rep4","cytoplasm_AngularSecondMoment_AGP_Texture","CP"
"2465",6.26395294383299,"Tetrandrine",6.10324975404658,6.47719001143235,"rep4","cytoplasm_AngularSecondMoment_DNA_Texture","CP"
"2466",0.211825667507736,"Tetrandrine",0.18232880193602,0.250189226493406,"rep4","cytoplasm_AngularSecondMoment_ER_Texture","CP"
"2467",0.699753848492816,"Tetrandrine",0.646305812263246,0.759761336752244,"rep4","cytoplasm_AngularSecondMoment_Mito_Texture","CP"
"2468",0.229892646310621,"Tetrandrine",0.18947113200521,0.283386504939795,"rep4","cytoplasm_AngularSecondMoment_RNA_Texture","CP"
"2469",19.2589863254768,"Tetrandrine",19.1859367225078,19.2899190285564,"rep4","cytoplasm_Contrast_DNA_Texture","CP"
"2470",2.86782089220839,"Tetrandrine",2.85684658714364,2.88017975207965,"rep4","cytoplasm_Contrast_Mito_Texture","CP"
"2471",0.787689595915088,"Tetrandrine",0.764496477909292,0.815243447667113,"rep4","cytoplasm_TextureCorrelation_AGP_Texture","CP"
"2472",1.85616917143473,"Tetrandrine",1.78843116599154,1.91590145985409,"rep4","cytoplasm_TextureCorrelation_ER_Texture","CP"
"2473",3.69529577475528,"Tetrandrine",3.56446874552959,3.84689914237791,"rep4","cytoplasm_TextureCorrelation_Mito_Texture","CP"
"2474",2.476080552538,"Tetrandrine",2.35123037838963,2.61314965830959,"rep4","cytoplasm_TextureCorrelation_RNA_Texture","CP"
"2475",0.640762409210477,"Tetrandrine",0.579130659413655,0.696299899616298,"rep4","cytoplasm_DifferenceEntropy_AGP_Texture","CP"
"2476",12.2560663838869,"Tetrandrine",12.2089095052315,12.2793769688234,"rep4","cytoplasm_DifferenceEntropy_DNA_Texture","CP"
"2477",1.92591473526087,"Tetrandrine",1.87075304898185,1.96858470649699,"rep4","cytoplasm_DifferenceEntropy_ER_Texture","CP"
"2478",0.343248144465068,"Tetrandrine",0.324150533432617,0.367866584580402,"rep4","cytoplasm_DifferenceEntropy_Mito_Texture","CP"
"2479",2.34733349202157,"Tetrandrine",2.26233122573993,2.42186515137838,"rep4","cytoplasm_DifferenceEntropy_RNA_Texture","CP"
"2480",0.310894994939094,"Tetrandrine",0.29102546252624,0.330654183465599,"rep4","cytoplasm_DifferenceVariance_AGP_Texture","CP"
"2481",15.1831266883277,"Tetrandrine",14.9527840656751,15.8424953327618,"rep4","cytoplasm_DifferenceVariance_DNA_Texture","CP"
"2482",1.22047642053526,"Tetrandrine",1.16798559589191,1.27721435593448,"rep4","cytoplasm_DifferenceVariance_ER_Texture","CP"
"2483",0.70261114233909,"Tetrandrine",0.624893392997204,0.788484161188614,"rep4","cytoplasm_DifferenceVariance_Mito_Texture","CP"
"2484",1.9125484163923,"Tetrandrine",1.78916854137774,2.05449911823804,"rep4","cytoplasm_DifferenceVariance_RNA_Texture","CP"
"2485",0.0672218600452831,"Tetrandrine",0.0658295670558272,0.068793879603301,"rep4","cytoplasm_Entropy_AGP_Texture","CP"
"2486",11.4106841924362,"Tetrandrine",11.3096495841256,11.5149856241272,"rep4","cytoplasm_Entropy_DNA_Texture","CP"
"2487",0.183888215844282,"Tetrandrine",0.162543258805078,0.209218657611966,"rep4","cytoplasm_Entropy_ER_Texture","CP"
"2488",0.438918574687185,"Tetrandrine",0.394381055354562,0.487579818653406,"rep4","cytoplasm_Entropy_Mito_Texture","CP"
"2489",0.14290987503044,"Tetrandrine",0.111434078902738,0.182375289319464,"rep4","cytoplasm_Entropy_RNA_Texture","CP"
"2490",1.11298061213779,"Tetrandrine",1.04630996497686,1.189535691647,"rep4","cytoplasm_InfoMeas1_AGP_Texture","CP"
"2491",9.24830939392882,"Tetrandrine",9.04780782737502,9.50208451085027,"rep4","cytoplasm_InfoMeas1_DNA_Texture","CP"
"2492",0.193077975466781,"Tetrandrine",0.1678410955161,0.225413790944536,"rep4","cytoplasm_InfoMeas1_ER_Texture","CP"
"2493",0.339885015824576,"Tetrandrine",0.313293945559429,0.395625212823738,"rep4","cytoplasm_InfoMeas1_Mito_Texture","CP"
"2494",0.590312205999307,"Tetrandrine",0.532837504941831,0.661847130099713,"rep4","cytoplasm_InfoMeas1_RNA_Texture","CP"
"2495",0.94836160748036,"Tetrandrine",0.92601214448079,0.971800277631568,"rep4","cytoplasm_InfoMeas2_AGP_Texture","CP"
"2496",10.4706556626642,"Tetrandrine",10.0787066083152,10.5639335692181,"rep4","cytoplasm_InfoMeas2_DNA_Texture","CP"
"2497",0.365217645109672,"Tetrandrine",0.329354452633473,0.405737295093231,"rep4","cytoplasm_InfoMeas2_ER_Texture","CP"
"2498",0.242764521778002,"Tetrandrine",0.208472033118593,0.27564004371991,"rep4","cytoplasm_InfoMeas2_Mito_Texture","CP"
"2499",0.26134142832689,"Tetrandrine",0.212871715601205,0.329776648362119,"rep4","cytoplasm_InfoMeas2_RNA_Texture","CP"
"2500",0.532797886732158,"Tetrandrine",0.493948665305418,0.578091918382135,"rep4","cytoplasm_InverseDifferenceMoment_AGP_Texture","CP"
"2501",14.1502606124632,"Tetrandrine",13.9680323307078,14.3961745725923,"rep4","cytoplasm_InverseDifferenceMoment_DNA_Texture","CP"
"2502",0.494272390793064,"Tetrandrine",0.471863032289083,0.520215275426481,"rep4","cytoplasm_InverseDifferenceMoment_ER_Texture","CP"
"2503",0.535810966183785,"Tetrandrine",0.496544660460115,0.580508950245626,"rep4","cytoplasm_InverseDifferenceMoment_Mito_Texture","CP"
"2504",0.571634320577837,"Tetrandrine",0.497251075759033,0.620305906511379,"rep4","cytoplasm_InverseDifferenceMoment_RNA_Texture","CP"
"2505",0.651400035976755,"Tetrandrine",0.577668150006277,0.790180328210264,"rep4","cytoplasm_SumAverage_ER_Texture","CP"
"2506",0.279294136472342,"Tetrandrine",0.239552143294397,0.31512430760116,"rep4","cytoplasm_SumAverage_Mito_Texture","CP"
"2507",1.11989806082214,"Tetrandrine",0.933077644232792,1.38369384386399,"rep4","cytoplasm_SumAverage_RNA_Texture","CP"
"2508",0.633607981281915,"Tetrandrine",0.554730829071834,0.698485269573595,"rep4","cytoplasm_SumEntropy_AGP_Texture","CP"
"2509",10.4282992682918,"Tetrandrine",10.3701418265419,10.4858882384737,"rep4","cytoplasm_SumEntropy_DNA_Texture","CP"
"2510",0.656742201303954,"Tetrandrine",0.582432653684046,0.736768984285836,"rep4","cytoplasm_SumEntropy_ER_Texture","CP"
"2511",0.258134297379157,"Tetrandrine",0.233168515201231,0.284426022800558,"rep4","cytoplasm_SumEntropy_Mito_Texture","CP"
"2512",0.11522148656283,"Tetrandrine",0.0877549286105063,0.151973074480172,"rep4","cytoplasm_SumEntropy_RNA_Texture","CP"
"2513",30.1193972344159,"Tetrandrine",30.09975721911,30.1289341457786,"rep4","cytoplasm_SumVariance_DNA_Texture","CP"
"2514",18.7420452319006,"Tetrandrine",18.4639238327265,19.0579124510301,"rep4","cytoplasm_SumVariance_ER_Texture","CP"
"2515",1.39504298607404,"Tetrandrine",1.35453762678793,1.44235278471201,"rep4","cytoplasm_SumVariance_Mito_Texture","CP"
"2516",18.5542475074519,"Tetrandrine",17.6370019082574,19.7407670323647,"rep4","cytoplasm_SumVariance_RNA_Texture","CP"
"2517",27.4293315514647,"Tetrandrine",27.3925037403917,27.4653195987355,"rep4","cytoplasm_Variance_DNA_Texture","CP"
"2518",18.5711738962285,"Tetrandrine",18.1760765373071,18.9524463953993,"rep4","cytoplasm_Variance_ER_Texture","CP"
"2519",1.66228660516527,"Tetrandrine",1.6314670040727,1.68959957023986,"rep4","cytoplasm_Variance_Mito_Texture","CP"
"2520",20.9309545796852,"Tetrandrine",20.6769378739851,21.1953154992343,"rep4","cytoplasm_Variance_RNA_Texture","CP"
"2521",0.330791425451475,"Tetrandrine",0.276848403255753,0.406513099033154,"rep4","nuclei_Size_AreaShape","CP"
"2522",0.000138553903532257,"Tetrandrine",0.000112038360332949,0.000138553903532257,"rep4","nuclei_Granularity_AGP_Granularity","CP"
"2523",0.438820954099636,"Tetrandrine",0.417818956086748,0.467846811431238,"rep4","nuclei_Granularity_DNA_Granularity","CP"
"2524",0.206830610532035,"Tetrandrine",0.201192972507274,0.21446903514471,"rep4","nuclei_Granularity_ER_Granularity","CP"
"2525",0.425676126072745,"Tetrandrine",0.369234168321554,0.464960660638789,"rep4","nuclei_Granularity_Mito_Granularity","CP"
"2526",0.145085888934896,"Tetrandrine",0.14099226620137,0.150627002994184,"rep4","nuclei_Granularity_RNA_Granularity","CP"
"2527",0.20176417858485,"Tetrandrine",0.162933621064192,0.251060860160997,"rep4","nuclei_IntegratedIntensity_AGP_Intensity","CP"
"2528",0.0347061263876453,"Tetrandrine",0.0150054314581809,0.101603656794825,"rep4","nuclei_IntegratedIntensity_DNA_Intensity","CP"
"2529",0.0446051943477021,"Tetrandrine",0.0398767127972642,0.050663752401351,"rep4","nuclei_IntegratedIntensity_ER_Intensity","CP"
"2530",8.36680114444969,"Tetrandrine",8.27084506671093,8.45753349538518,"rep4","nuclei_IntegratedIntensity_Mito_Intensity","CP"
"2531",0.125376505747302,"Tetrandrine",0.11442519384926,0.141303073651839,"rep4","nuclei_IntegratedIntensity_RNA_Intensity","CP"
"2532",28.7173150301958,"Tetrandrine",28.7054541040276,28.7316128329994,"rep4","nuclei_MaxIntensity_DNA_Intensity","CP"
"2533",24.6738265707312,"Tetrandrine",23.8465094560707,25.5920202721504,"rep4","nuclei_MaxIntensity_ER_Intensity","CP"
"2534",2.69737164665477,"Tetrandrine",2.53124791302713,2.79953898068599,"rep4","nuclei_MaxIntensity_Mito_Intensity","CP"
"2535",0.22061167403563,"Tetrandrine",0.175342056863457,0.278850009603646,"rep4","nuclei_MeanIntensity_AGP_Intensity","CP"
"2536",15.4503880563464,"Tetrandrine",15.3953394508888,15.5219675015438,"rep4","nuclei_MeanIntensity_DNA_Intensity","CP"
"2537",15.8555420036483,"Tetrandrine",15.5268495541906,16.21669700179,"rep4","nuclei_MeanIntensity_ER_Intensity","CP"
"2538",9.34968820375408,"Tetrandrine",9.3037773936798,9.42605940045673,"rep4","nuclei_MeanIntensity_Mito_Intensity","CP"
"2539",4.59296522038359,"Tetrandrine",4.41944546308927,4.82903911545024,"rep4","nuclei_MeanIntensity_RNA_Intensity","CP"
"2540",10.2635787234461,"Tetrandrine",10.1601735682373,10.4171116749426,"rep4","nuclei_MinIntensity_DNA_Intensity","CP"
"2541",10.8000298086686,"Tetrandrine",10.3383514832795,12.3257560420093,"rep4","nuclei_MinIntensity_ER_Intensity","CP"
"2542",10.0283567316976,"Tetrandrine",9.90197031160375,10.1466270772783,"rep4","nuclei_MinIntensity_Mito_Intensity","CP"
"2543",9.98725163218599,"Tetrandrine",9.79078358337077,10.2082416357084,"rep4","nuclei_MinIntensity_RNA_Intensity","CP"
"2544",5.97738239700158,"Tetrandrine",5.8795881307187,6.14178657622547,"rep4","nuclei_StdIntensity_DNA_Intensity","CP"
"2545",26.6547321391519,"Tetrandrine",26.5544001708712,26.7377493276682,"rep4","nuclei_StdIntensity_ER_Intensity","CP"
"2546",2.30521812788494,"Tetrandrine",2.04130011315745,2.3579158718271,"rep4","nuclei_StdIntensity_Mito_Intensity","CP"
"2547",0.00243314003863596,"Tetrandrine",0.00105834347070937,0.007040630022231,"rep4","nuclei_Position_Location","CP"
"2548",4.46347241734321,"Tetrandrine",4.3634372113923,4.54032715718474,"rep4","nuclei_Spatial_Neighbors","CP"
"2549",0.272774051284432,"Tetrandrine",0.0961727821873701,1.06331706837997,"rep4","nuclei_FractionAtDistance_AGP_RadialDistribution","CP"
"2550",6.57953235332484,"Tetrandrine",5.911542145398,7.06214381032584,"rep4","nuclei_FractionAtDistance_ER_RadialDistribution","CP"
"2551",0.165136774536173,"Tetrandrine",0.0547800024295056,0.449950477226142,"rep4","nuclei_FractionAtDistance_Mito_RadialDistribution","CP"
"2552",8.07616751086379,"Tetrandrine",6.98568830232261,8.5570604856278,"rep4","nuclei_FractionAtDistance_RNA_RadialDistribution","CP"
"2553",0.121658045229261,"Tetrandrine",0.116952240028166,0.127630882515346,"rep4","nuclei_MeanFraction_AGP_RadialDistribution","CP"
"2554",14.9349366522219,"Tetrandrine",14.8809013992199,15.1119796048564,"rep4","nuclei_MeanFraction_DNA_RadialDistribution","CP"
"2555",1.23936556491878,"Tetrandrine",0.903647909165781,1.87924591647524,"rep4","nuclei_MeanFraction_ER_RadialDistribution","CP"
"2556",0.017332101047301,"Tetrandrine",0.010329997782109,0.0358589680807105,"rep4","nuclei_MeanFraction_Mito_RadialDistribution","CP"
"2557",3.4417419072706,"Tetrandrine",3.08898880654238,4.36997807058023,"rep4","nuclei_MeanFraction_RNA_RadialDistribution","CP"
"2558",3.09660664746318,"Tetrandrine",2.80465950747488,3.26886842710372,"rep4","nuclei_RadialCV_AGP_RadialDistribution","CP"
"2559",16.1006424833399,"Tetrandrine",16.0511105079387,16.2749313967828,"rep4","nuclei_RadialCV_DNA_RadialDistribution","CP"
"2560",1.89788698397579,"Tetrandrine",1.76414997161912,2.04383378503292,"rep4","nuclei_RadialCV_ER_RadialDistribution","CP"
"2561",0.0484691650186385,"Tetrandrine",0.0459197986872484,0.0510331871490005,"rep4","nuclei_RadialCV_Mito_RadialDistribution","CP"
"2562",2.59072969125052,"Tetrandrine",2.45738281071305,2.76984689077111,"rep4","nuclei_RadialCV_RNA_RadialDistribution","CP"
"2563",0.919244032552133,"Tetrandrine",0.829914392212084,1.02553139788834,"rep4","nuclei_AngularSecondMoment_AGP_Texture","CP"
"2564",0.111454274497332,"Tetrandrine",0.0996626436438125,0.127555167318857,"rep4","nuclei_AngularSecondMoment_DNA_Texture","CP"
"2565",19.0928193783154,"Tetrandrine",18.9308517614423,19.2704096896282,"rep4","nuclei_AngularSecondMoment_ER_Texture","CP"
"2566",21.6201299737203,"Tetrandrine",21.4676436318941,21.7664862593746,"rep4","nuclei_AngularSecondMoment_RNA_Texture","CP"
"2567",0.476525272810152,"Tetrandrine",0.463952162866496,0.488921892579669,"rep4","nuclei_Contrast_AGP_Texture","CP"
"2568",30.143696056349,"Tetrandrine",30.1051563724847,30.1834454671416,"rep4","nuclei_Contrast_DNA_Texture","CP"
"2569",13.8617017565924,"Tetrandrine",13.7571193727354,14.2388271793619,"rep4","nuclei_Contrast_Mito_Texture","CP"
"2570",0.3627158533567,"Tetrandrine",0.309034053642886,0.427453727289647,"rep4","nuclei_TextureCorrelation_AGP_Texture","CP"
"2571",2.14727160729319,"Tetrandrine",2.11984015724771,2.19029019735968,"rep4","nuclei_TextureCorrelation_DNA_Texture","CP"
"2572",5.43314569796334,"Tetrandrine",5.33536416364934,5.57959398137715,"rep4","nuclei_TextureCorrelation_ER_Texture","CP"
"2573",3.39386622542608,"Tetrandrine",3.35426006224885,3.43418499381045,"rep4","nuclei_TextureCorrelation_Mito_Texture","CP"
"2574",4.27633925908057,"Tetrandrine",4.21038358654678,4.35033617130846,"rep4","nuclei_TextureCorrelation_RNA_Texture","CP"
"2575",0.50276375364645,"Tetrandrine",0.481677203554562,0.525329451475788,"rep4","nuclei_DifferenceEntropy_AGP_Texture","CP"
"2576",20.936663194154,"Tetrandrine",20.8874741697803,20.9865471191393,"rep4","nuclei_DifferenceEntropy_DNA_Texture","CP"
"2577",24.1828780714882,"Tetrandrine",24.061506212816,24.2852773780987,"rep4","nuclei_DifferenceEntropy_ER_Texture","CP"
"2578",6.18074371017248,"Tetrandrine",6.14888076669189,6.21238171724726,"rep4","nuclei_DifferenceEntropy_Mito_Texture","CP"
"2579",22.1145158994315,"Tetrandrine",21.9766141580271,22.2639144374917,"rep4","nuclei_DifferenceEntropy_RNA_Texture","CP"
"2580",0.167291431432674,"Tetrandrine",0.141259138225671,0.200619097828516,"rep4","nuclei_DifferenceVariance_AGP_Texture","CP"
"2581",6.97074288893991,"Tetrandrine",6.84874132830989,7.11554767343226,"rep4","nuclei_DifferenceVariance_DNA_Texture","CP"
"2582",15.6285227598833,"Tetrandrine",15.4626137934804,15.7834924761588,"rep4","nuclei_DifferenceVariance_ER_Texture","CP"
"2583",3.72251192649419,"Tetrandrine",3.63952356817442,3.82568197362228,"rep4","nuclei_DifferenceVariance_Mito_Texture","CP"
"2584",21.0559556231511,"Tetrandrine",20.8426721157141,21.2855067725776,"rep4","nuclei_DifferenceVariance_RNA_Texture","CP"
"2585",0.324764774036996,"Tetrandrine",0.279509363105113,0.385891139939281,"rep4","nuclei_Entropy_AGP_Texture","CP"
"2586",1.48370312866714,"Tetrandrine",1.38816346190233,1.59949070995521,"rep4","nuclei_Entropy_DNA_Texture","CP"
"2587",25.8320047523114,"Tetrandrine",25.7481504665035,25.9768827384105,"rep4","nuclei_Entropy_ER_Texture","CP"
"2588",9.87230020824611,"Tetrandrine",9.76782698102961,9.94927169979732,"rep4","nuclei_Entropy_Mito_Texture","CP"
"2589",23.960808983671,"Tetrandrine",23.8124437486971,24.0774816946846,"rep4","nuclei_Entropy_RNA_Texture","CP"
"2590",2.81427868358819,"Tetrandrine",2.79339117830243,2.83773550676067,"rep4","nuclei_InfoMeas1_AGP_Texture","CP"
"2591",3.92922248865965,"Tetrandrine",3.87569502577435,3.97406627250744,"rep4","nuclei_InfoMeas1_ER_Texture","CP"
"2592",8.24398724116989,"Tetrandrine",8.21804538788683,8.27908068772758,"rep4","nuclei_InfoMeas1_Mito_Texture","CP"
"2593",3.50837164306047,"Tetrandrine",3.48094470505355,3.53432126711769,"rep4","nuclei_InfoMeas1_RNA_Texture","CP"
"2594",0.521977009021866,"Tetrandrine",0.507270457730694,0.535936649080321,"rep4","nuclei_InfoMeas2_AGP_Texture","CP"
"2595",14.0519440011718,"Tetrandrine",14.0005296952374,14.2046251546383,"rep4","nuclei_InfoMeas2_DNA_Texture","CP"
"2596",23.3829937153818,"Tetrandrine",23.3545156044473,23.4305896426847,"rep4","nuclei_InfoMeas2_ER_Texture","CP"
"2597",4.47744475531904,"Tetrandrine",4.43770787440956,4.60078551779481,"rep4","nuclei_InfoMeas2_Mito_Texture","CP"
"2598",24.0455398234244,"Tetrandrine",23.9938214145382,24.155632340171,"rep4","nuclei_InfoMeas2_RNA_Texture","CP"
"2599",2.23833783558363,"Tetrandrine",2.20329487740316,2.27127968908708,"rep4","nuclei_InverseDifferenceMoment_AGP_Texture","CP"
"2600",13.5978482639057,"Tetrandrine",13.5304592317691,13.6864903321153,"rep4","nuclei_InverseDifferenceMoment_DNA_Texture","CP"
"2601",28.2031356433198,"Tetrandrine",28.1455257032381,28.2565138473398,"rep4","nuclei_InverseDifferenceMoment_ER_Texture","CP"
"2602",12.4732758712196,"Tetrandrine",12.441947812301,12.4972625382415,"rep4","nuclei_InverseDifferenceMoment_Mito_Texture","CP"
"2603",24.6057730184767,"Tetrandrine",24.4686431775528,24.6900516191389,"rep4","nuclei_InverseDifferenceMoment_RNA_Texture","CP"
"2604",1.74576440979424,"Tetrandrine",1.67276550636742,1.83532746037344,"rep4","nuclei_SumAverage_AGP_Texture","CP"
"2605",16.1422553139194,"Tetrandrine",16.0862558700578,16.2002746836437,"rep4","nuclei_SumAverage_DNA_Texture","CP"
"2606",23.9755942410106,"Tetrandrine",23.8789587984485,24.0688497734465,"rep4","nuclei_SumAverage_ER_Texture","CP"
"2607",28.7621469570665,"Tetrandrine",28.7451327102,28.7689526144535,"rep4","nuclei_SumAverage_Mito_Texture","CP"
"2608",18.7517084161064,"Tetrandrine",18.3475982137935,19.2637010113812,"rep4","nuclei_SumAverage_RNA_Texture","CP"
"2609",0.131853245351977,"Tetrandrine",0.113131675209708,0.155558162129086,"rep4","nuclei_SumEntropy_AGP_Texture","CP"
"2610",2.35324288478194,"Tetrandrine",2.15751259647567,2.5367112702136,"rep4","nuclei_SumEntropy_DNA_Texture","CP"
"2611",29.508876367922,"Tetrandrine",29.4662570352757,29.5933474132363,"rep4","nuclei_SumEntropy_ER_Texture","CP"
"2612",6.99717946520204,"Tetrandrine",6.8362948710016,7.0927617447349,"rep4","nuclei_SumEntropy_Mito_Texture","CP"
"2613",25.2971408976835,"Tetrandrine",25.0475533053728,25.5132841283043,"rep4","nuclei_SumEntropy_RNA_Texture","CP"
"2614",0.758411137542503,"Tetrandrine",0.730356417165893,0.78819888849709,"rep4","nuclei_SumVariance_AGP_Texture","CP"
"2615",14.5528402366223,"Tetrandrine",14.4463627207813,14.6652126678584,"rep4","nuclei_SumVariance_DNA_Texture","CP"
"2616",12.6004354751497,"Tetrandrine",12.5367431249049,12.6646602071064,"rep4","nuclei_SumVariance_Mito_Texture","CP"
"2617",0.585921729449603,"Tetrandrine",0.562272509435162,0.604593880681249,"rep4","nuclei_Variance_AGP_Texture","CP"
"2618",25.7674929468409,"Tetrandrine",25.6954817269564,26.019974610888,"rep4","nuclei_Variance_DNA_Texture","CP"
"2619",13.3435618807817,"Tetrandrine",13.2568328975831,13.4385945257771,"rep4","nuclei_Variance_Mito_Texture","CP"
"2620",3.1954631292111,"Fluphenazine",2.80403201017062,3.46461067921536,"rep4","cells_Size_AreaShape","CP"
"2621",5.161302198264,"Fluphenazine",4.9404205248429,5.56738043100265,"rep4","cells_Granularity_AGP_Granularity","CP"
"2622",3.08116168538876,"Fluphenazine",2.84845100264335,3.22094432548451,"rep4","cells_Granularity_ER_Granularity","CP"
"2623",3.60405157997704,"Fluphenazine",3.44785469329299,3.72714221302156,"rep4","cells_Granularity_Mito_Granularity","CP"
"2624",3.82443323573602,"Fluphenazine",3.37994893991117,4.27596150327913,"rep4","cells_IntegratedIntensity_AGP_Intensity","CP"
"2625",0.34827617175411,"Fluphenazine",0.341873857817412,0.355047387448782,"rep4","cells_IntegratedIntensity_DNA_Intensity","CP"
"2626",0.203145620963051,"Fluphenazine",0.188568478073566,0.227656367748688,"rep4","cells_IntegratedIntensity_ER_Intensity","CP"
"2627",0.238637625662469,"Fluphenazine",0.220499289266387,0.263112781245026,"rep4","cells_IntegratedIntensity_Mito_Intensity","CP"
"2628",0.206413749018006,"Fluphenazine",0.191172900613118,0.230598430957575,"rep4","cells_IntegratedIntensity_RNA_Intensity","CP"
"2629",0.547051051744252,"Fluphenazine",0.514627633081713,0.603538119750733,"rep4","cells_MaxIntensity_AGP_Intensity","CP"
"2630",10.3538321314675,"Fluphenazine",9.16178975520206,12.0864506617842,"rep4","cells_MaxIntensity_DNA_Intensity","CP"
"2631",9.5104264150254,"Fluphenazine",8.03064089791742,11.4616947876682,"rep4","cells_MaxIntensity_ER_Intensity","CP"
"2632",0.467750242529237,"Fluphenazine",0.439383503755256,0.514571694187509,"rep4","cells_MaxIntensity_Mito_Intensity","CP"
"2633",7.1307593684354,"Fluphenazine",6.12372087079701,8.61890644400971,"rep4","cells_MaxIntensity_RNA_Intensity","CP"
"2634",6.45110283264564,"Fluphenazine",5.49803076399478,7.86668865632373,"rep4","cells_MeanIntensity_AGP_Intensity","CP"
"2635",12.9165262438146,"Fluphenazine",11.1755637171612,13.2411055946575,"rep4","cells_MeanIntensity_DNA_Intensity","CP"
"2636",9.45228777749173,"Fluphenazine",7.99702996803896,11.4481614463507,"rep4","cells_MeanIntensity_ER_Intensity","CP"
"2637",0.0104347063685663,"Fluphenazine",0.00740671060196611,0.0158332628577651,"rep4","cells_MeanIntensity_Mito_Intensity","CP"
"2638",8.03693725786096,"Fluphenazine",7.0145918099841,9.74646030161126,"rep4","cells_MeanIntensity_RNA_Intensity","CP"
"2639",8.9895066887918,"Fluphenazine",7.64668199465753,11.1505694261102,"rep4","cells_MinIntensity_AGP_Intensity","CP"
"2640",9.3405307494728,"Fluphenazine",7.8712151100744,11.4615168936841,"rep4","cells_MinIntensity_DNA_Intensity","CP"
"2641",1.41495085613097,"Fluphenazine",1.23336407466595,1.76325833066042,"rep4","cells_MinIntensity_ER_Intensity","CP"
"2642",1.02476794514317,"Fluphenazine",0.919212215479724,1.20670806963415,"rep4","cells_MinIntensity_RNA_Intensity","CP"
"2643",7.44564159822786,"Fluphenazine",6.2587511571436,9.2990482115962,"rep4","cells_StdIntensity_AGP_Intensity","CP"
"2644",11.0271420987862,"Fluphenazine",9.89230346642956,12.7537271951847,"rep4","cells_StdIntensity_DNA_Intensity","CP"
"2645",11.0583183426677,"Fluphenazine",9.4605511465009,12.9415446275707,"rep4","cells_StdIntensity_ER_Intensity","CP"
"2646",4.56545199395064,"Fluphenazine",3.98705843779047,5.22925622417287,"rep4","cells_StdIntensity_Mito_Intensity","CP"
"2647",9.50881747281252,"Fluphenazine",8.23753889583469,11.9357177154895,"rep4","cells_StdIntensity_RNA_Intensity","CP"
"2648",0.849617854608079,"Fluphenazine",0.833120879229677,0.868037929245353,"rep4","cells_Position_AGP_Location","CP"
"2649",0.80853940256484,"Fluphenazine",0.790367334323595,0.829108542972087,"rep4","cells_Position_DNA_Location","CP"
"2650",0.860125772331609,"Fluphenazine",0.843082520143451,0.879122580489549,"rep4","cells_Position_ER_Location","CP"
"2651",0.85223057751831,"Fluphenazine",0.835777165762832,0.87043476781283,"rep4","cells_Position_Mito_Location","CP"
"2652",0.860950253118521,"Fluphenazine",0.844087052791934,0.879712989938709,"rep4","cells_Position_RNA_Location","CP"
"2653",0.739310344857981,"Fluphenazine",0.725594865601254,0.754097507451457,"rep4","cells_MaxIntensity_AGP_Location","CP"
"2654",0.184681141684198,"Fluphenazine",0.181220103823607,0.18856503965371,"rep4","cells_MaxIntensity_DNA_Location","CP"
"2655",0.884303203395751,"Fluphenazine",0.867849766675845,0.902681151002618,"rep4","cells_MaxIntensity_ER_Location","CP"
"2656",0.770592803827299,"Fluphenazine",0.755207673568133,0.787498471758265,"rep4","cells_MaxIntensity_Mito_Location","CP"
"2657",0.911736101843509,"Fluphenazine",0.894718219944947,0.930635295353446,"rep4","cells_MaxIntensity_RNA_Location","CP"
"2658",2.13052314029886,"Fluphenazine",1.98431799175868,2.26267665828497,"rep4","cells_Spatial_Neighbors","CP"
"2659",2.46913302094931,"Fluphenazine",2.45460763750317,2.48401661584283,"rep4","cells_FractionAtDistance_RadialDistribution","CP"
"2660",1.71332247767717,"Fluphenazine",1.69420309340369,1.73259165913123,"rep4","cells_MeanFraction_RadialDistribution","CP"
"2661",0.862040973821187,"Fluphenazine",0.743317990903189,1.07618494875136,"rep4","cells_AngularSecondMoment_AGP_Texture","CP"
"2662",11.196794535317,"Fluphenazine",9.4684695997826,13.3572915390337,"rep4","cells_AngularSecondMoment_DNA_Texture","CP"
"2663",8.13536675564816,"Fluphenazine",7.57071762683591,8.53724664835313,"rep4","cells_AngularSecondMoment_ER_Texture","CP"
"2664",0.0847483348438157,"Fluphenazine",0.043188473400708,0.211187376526732,"rep4","cells_AngularSecondMoment_Mito_Texture","CP"
"2665",8.09058799408581,"Fluphenazine",7.31268056115045,8.62042193198431,"rep4","cells_AngularSecondMoment_RNA_Texture","CP"
"2666",11.7080965397519,"Fluphenazine",10.4248475980066,20.3569844275265,"rep4","cells_Contrast_AGP_Texture","CP"
"2667",16.3225752326129,"Fluphenazine",13.3812882653726,16.8606020849836,"rep4","cells_Contrast_DNA_Texture","CP"
"2668",13.7733390667185,"Fluphenazine",13.4443320634766,13.9469059729687,"rep4","cells_Contrast_ER_Texture","CP"
"2669",14.1237443284442,"Fluphenazine",13.7586409743709,14.3421195720465,"rep4","cells_Contrast_RNA_Texture","CP"
"2670",3.63572663013109,"Fluphenazine",3.512233926957,3.76103804138013,"rep4","cells_TextureCorrelation_AGP_Texture","CP"
"2671",15.6577797923674,"Fluphenazine",15.4179619258344,15.9231821405602,"rep4","cells_TextureCorrelation_DNA_Texture","CP"
"2672",12.2235898948068,"Fluphenazine",12.1662804792987,12.2861413531341,"rep4","cells_TextureCorrelation_ER_Texture","CP"
"2673",8.67914615619839,"Fluphenazine",8.00697383032746,9.80466383322411,"rep4","cells_TextureCorrelation_Mito_Texture","CP"
"2674",12.1553765682666,"Fluphenazine",12.0783621969839,12.2271846938573,"rep4","cells_TextureCorrelation_RNA_Texture","CP"
"2675",7.04002413702934,"Fluphenazine",6.39324604099414,7.88378183979983,"rep4","cells_DifferenceEntropy_AGP_Texture","CP"
"2676",14.7148701597783,"Fluphenazine",12.2241693743313,15.2511906493966,"rep4","cells_DifferenceEntropy_DNA_Texture","CP"
"2677",11.6650884705428,"Fluphenazine",10.3498446953169,13.4076969776821,"rep4","cells_DifferenceEntropy_ER_Texture","CP"
"2678",0.39060566762385,"Fluphenazine",0.10958874290053,2.80420180538708,"rep4","cells_DifferenceEntropy_Mito_Texture","CP"
"2679",11.0903349431713,"Fluphenazine",9.64922135903308,13.1682470270488,"rep4","cells_DifferenceEntropy_RNA_Texture","CP"
"2680",3.02948928758568,"Fluphenazine",2.60878726713577,3.47006702315888,"rep4","cells_DifferenceVariance_AGP_Texture","CP"
"2681",12.8451346748737,"Fluphenazine",11.1368304444901,16.23958473294,"rep4","cells_DifferenceVariance_DNA_Texture","CP"
"2682",10.4833724443686,"Fluphenazine",9.01573658517104,12.6735138289077,"rep4","cells_DifferenceVariance_ER_Texture","CP"
"2683",10.1179865852026,"Fluphenazine",8.62147752211076,12.3913397402312,"rep4","cells_DifferenceVariance_RNA_Texture","CP"
"2684",4.58878466011823,"Fluphenazine",3.7685782671657,5.58923557130867,"rep4","cells_Entropy_AGP_Texture","CP"
"2685",14.2118090964297,"Fluphenazine",12.6565798122953,14.6073692747033,"rep4","cells_Entropy_DNA_Texture","CP"
"2686",10.4326195783724,"Fluphenazine",10.2931639457982,10.5479651206977,"rep4","cells_Entropy_ER_Texture","CP"
"2687",0.152713934883771,"Fluphenazine",0.0561151747834259,0.675058449032699,"rep4","cells_Entropy_Mito_Texture","CP"
"2688",10.0546094591384,"Fluphenazine",9.39107041891413,10.3883068003676,"rep4","cells_Entropy_RNA_Texture","CP"
"2689",13.6949323998792,"Fluphenazine",13.6252692185557,13.7617522629272,"rep4","cells_InfoMeas1_AGP_Texture","CP"
"2690",12.4623885646474,"Fluphenazine",9.9329542362188,13.7979446177043,"rep4","cells_InfoMeas1_DNA_Texture","CP"
"2691",8.07308507252401,"Fluphenazine",7.44954010838244,9.24832759106534,"rep4","cells_InfoMeas1_ER_Texture","CP"
"2692",10.3831222612001,"Fluphenazine",10.3104284705496,10.4520890318689,"rep4","cells_InfoMeas1_Mito_Texture","CP"
"2693",8.09133321911396,"Fluphenazine",7.50623728066218,9.17651433347521,"rep4","cells_InfoMeas1_RNA_Texture","CP"
"2694",14.8694025131104,"Fluphenazine",11.6065914521007,15.8025152263393,"rep4","cells_InfoMeas2_AGP_Texture","CP"
"2695",12.676333467118,"Fluphenazine",12.6402734589801,12.7154337456357,"rep4","cells_InfoMeas2_DNA_Texture","CP"
"2696",8.68750165171122,"Fluphenazine",8.5352750521897,8.80901840009627,"rep4","cells_InfoMeas2_ER_Texture","CP"
"2697",7.74714543090626,"Fluphenazine",7.56313776318241,7.91262949909797,"rep4","cells_InfoMeas2_Mito_Texture","CP"
"2698",8.66125787810378,"Fluphenazine",8.58214214955832,8.77257194445012,"rep4","cells_InfoMeas2_RNA_Texture","CP"
"2699",7.71247726468362,"Fluphenazine",6.94365406016569,8.89915142758157,"rep4","cells_InverseDifferenceMoment_AGP_Texture","CP"
"2700",14.8811345064727,"Fluphenazine",14.8285256459065,14.9356717836916,"rep4","cells_InverseDifferenceMoment_DNA_Texture","CP"
"2701",10.7335949912372,"Fluphenazine",9.55981376599622,12.6612459169752,"rep4","cells_InverseDifferenceMoment_ER_Texture","CP"
"2702",6.05716343511412,"Fluphenazine",5.62624558610647,6.55536332522438,"rep4","cells_InverseDifferenceMoment_Mito_Texture","CP"
"2703",10.8259476880327,"Fluphenazine",9.43053104910704,12.8517117185997,"rep4","cells_InverseDifferenceMoment_RNA_Texture","CP"
"2704",2.10799740027532,"Fluphenazine",1.84317465749895,2.71608834504603,"rep4","cells_SumAverage_AGP_Texture","CP"
"2705",14.4183513337213,"Fluphenazine",13.6954918613128,14.7164224952515,"rep4","cells_SumAverage_DNA_Texture","CP"
"2706",13.3221369496267,"Fluphenazine",10.9332448048369,14.8573863851012,"rep4","cells_SumAverage_ER_Texture","CP"
"2707",12.5556387836651,"Fluphenazine",12.3848368245012,12.7135600315774,"rep4","cells_SumAverage_RNA_Texture","CP"
"2708",7.30932391156533,"Fluphenazine",6.32592954966294,8.64365223886152,"rep4","cells_SumEntropy_AGP_Texture","CP"
"2709",14.4080383504096,"Fluphenazine",11.8704490007728,14.9160830588756,"rep4","cells_SumEntropy_DNA_Texture","CP"
"2710",9.94297343140729,"Fluphenazine",8.59092482513695,11.8888954669845,"rep4","cells_SumEntropy_ER_Texture","CP"
"2711",9.39681750302011,"Fluphenazine",7.93581890143348,11.4083634640927,"rep4","cells_SumEntropy_RNA_Texture","CP"
"2712",12.7936325491087,"Fluphenazine",10.9001070584546,19.8751363335492,"rep4","cells_SumVariance_AGP_Texture","CP"
"2713",16.3407618079182,"Fluphenazine",11.8726733418402,17.8692549508458,"rep4","cells_SumVariance_DNA_Texture","CP"
"2714",12.9645344309777,"Fluphenazine",12.8494748610705,13.2194666304561,"rep4","cells_SumVariance_ER_Texture","CP"
"2715",12.117801491282,"Fluphenazine",11.5415830944395,12.6257361350773,"rep4","cells_SumVariance_RNA_Texture","CP"
"2716",12.5273949598288,"Fluphenazine",10.8346625371609,21.1696206481636,"rep4","cells_Variance_AGP_Texture","CP"
"2717",1.56888540246715,"Fluphenazine",1.55404180747079,1.58927070462852,"rep4","cells_Variance_DNA_Texture","CP"
"2718",13.6182307819958,"Fluphenazine",13.4311782949689,13.7666586473232,"rep4","cells_Variance_ER_Texture","CP"
"2719",14.3167324770258,"Fluphenazine",13.8925886284251,14.5379103501213,"rep4","cells_Variance_RNA_Texture","CP"
"2720",3.2618606245949,"Fluphenazine",3.08761701570694,3.44749127312523,"rep4","cytoplasm_Size_AreaShape","CP"
"2721",4.54457483934429,"Fluphenazine",4.49588719321225,4.59267617873296,"rep4","cytoplasm_AGP_Texture","CP"
"2722",1.94421966444762,"Fluphenazine",1.85008010589244,2.04504250111922,"rep4","cytoplasm_ER_Texture","CP"
"2723",3.6154455518341,"Fluphenazine",3.51370880220219,3.71774996846997,"rep4","cytoplasm_Mito_Texture","CP"
"2724",1.20342529097467,"Fluphenazine",1.16428762413824,1.24450980216757,"rep4","cytoplasm_Granularity_RNA_Granularity","CP"
"2725",7.87420011594922,"Fluphenazine",6.95000116169898,9.40161184268817,"rep4","cytoplasm_IntegratedIntensity_AGP_Intensity","CP"
"2726",5.16244958852897,"Fluphenazine",5.0361270215774,5.28999477882419,"rep4","cytoplasm_IntegratedIntensity_DNA_Intensity","CP"
"2727",0.207135460241568,"Fluphenazine",0.194059525854188,0.226898481996435,"rep4","cytoplasm_IntegratedIntensity_ER_Intensity","CP"
"2728",0.293987679684557,"Fluphenazine",0.269810341848002,0.328096212236782,"rep4","cytoplasm_IntegratedIntensity_Mito_Intensity","CP"
"2729",0.197628444839863,"Fluphenazine",0.184835704174836,0.21690386965092,"rep4","cytoplasm_IntegratedIntensity_RNA_Intensity","CP"
"2730",5.13694064563185,"Fluphenazine",4.52589747836367,6.14578978761903,"rep4","cytoplasm_MaxIntensity_AGP_Intensity","CP"
"2731",11.2323270717949,"Fluphenazine",9.36397236333729,13.9887209286502,"rep4","cytoplasm_MaxIntensity_DNA_Intensity","CP"
"2732",13.4197689327034,"Fluphenazine",10.1504369374797,15.1498579898962,"rep4","cytoplasm_MaxIntensity_ER_Intensity","CP"
"2733",10.3404917314275,"Fluphenazine",8.72663111714999,12.6771606891671,"rep4","cytoplasm_MaxIntensity_RNA_Intensity","CP"
"2734",0.44437381640145,"Fluphenazine",0.409643035360395,0.510395436820508,"rep4","cytoplasm_MeanIntensity_AGP_Intensity","CP"
"2735",13.6106461303044,"Fluphenazine",13.3895230678838,13.7839874747336,"rep4","cytoplasm_MeanIntensity_DNA_Intensity","CP"
"2736",8.20810443978672,"Fluphenazine",7.50183895891488,8.5738181821232,"rep4","cytoplasm_MeanIntensity_ER_Intensity","CP"
"2737",6.45460054038622,"Fluphenazine",5.78083617573777,7.62599282546246,"rep4","cytoplasm_MeanIntensity_RNA_Intensity","CP"
"2738",8.95979456918826,"Fluphenazine",7.62498004614362,11.1143779364899,"rep4","cytoplasm_MinIntensity_AGP_Intensity","CP"
"2739",9.3405307494728,"Fluphenazine",7.8712151100744,11.4615168936841,"rep4","cytoplasm_MinIntensity_DNA_Intensity","CP"
"2740",1.41609833746476,"Fluphenazine",1.23480614527565,1.76542356600242,"rep4","cytoplasm_MinIntensity_ER_Intensity","CP"
"2741",1.0288606474685,"Fluphenazine",0.922473537542763,1.21267405590523,"rep4","cytoplasm_MinIntensity_RNA_Intensity","CP"
"2742",6.21823304947314,"Fluphenazine",5.6493616667036,7.02916080947304,"rep4","cytoplasm_StdIntensity_AGP_Intensity","CP"
"2743",14.4288905415293,"Fluphenazine",11.0991369426603,15.8412355337723,"rep4","cytoplasm_StdIntensity_DNA_Intensity","CP"
"2744",12.3118609702858,"Fluphenazine",10.6045555131425,14.4054827609413,"rep4","cytoplasm_StdIntensity_ER_Intensity","CP"
"2745",11.3741774475937,"Fluphenazine",9.63129823714037,13.782711921525,"rep4","cytoplasm_StdIntensity_RNA_Intensity","CP"
"2746",0.95384398597155,"Fluphenazine",0.937779041295282,0.97150958908237,"rep4","cytoplasm_Position_AGP_Location","CP"
"2747",0.836072134896448,"Fluphenazine",0.818788226840965,0.8553440064342,"rep4","cytoplasm_Position_DNA_Location","CP"
"2748",0.913845565747577,"Fluphenazine",0.897777945762607,0.931676857388225,"rep4","cytoplasm_Position_ER_Location","CP"
"2749",0.950857368157843,"Fluphenazine",0.934468015191648,0.969057625430111,"rep4","cytoplasm_Position_Mito_Location","CP"
"2750",0.914183210498252,"Fluphenazine",0.898087720675516,0.932006634072792,"rep4","cytoplasm_Position_RNA_Location","CP"
"2751",0.940661809224951,"Fluphenazine",0.924120898894932,0.95911599549779,"rep4","cytoplasm_Position_Location","CP"
"2752",0.961029942554365,"Fluphenazine",0.943865742723566,0.980109549342496,"rep4","cytoplasm_AGP_Intensity","CP"
"2753",0.778475764238199,"Fluphenazine",0.763666476677086,0.794806342593423,"rep4","cytoplasm_MaxIntensity_DNA_Location","CP"
"2754",0.959475545222509,"Fluphenazine",0.942593654816705,0.978302657640221,"rep4","cytoplasm_ER_Intensity","CP"
"2755",0.957382420678525,"Fluphenazine",0.940212033901101,0.976422090671911,"rep4","cytoplasm_Mito_Intensity","CP"
"2756",0.95215234240525,"Fluphenazine",0.934915147772214,0.971401479197797,"rep4","cytoplasm_MaxIntensity_RNA_Location","CP"
"2757",1.86726441506685,"Fluphenazine",1.74657738785972,1.98832785730882,"rep4","cytoplasm_FractionAtDistance_RadialDistribution","CP"
"2758",5.38684646745075,"Fluphenazine",5.0132702427129,5.92313920700975,"rep4","cytoplasm_MeanFraction_RadialDistribution","CP"
"2759",9.67191581392817,"Fluphenazine",8.05419772000447,11.7060025390137,"rep4","cytoplasm_RadialCV_RadialDistribution","CP"
"2760",0.0241889177038888,"Fluphenazine",0.0145795619873253,0.0448727822890137,"rep4","cytoplasm_AngularSecondMoment_AGP_Texture","CP"
"2761",14.118457108646,"Fluphenazine",13.0831337513206,14.4171280342525,"rep4","cytoplasm_AngularSecondMoment_DNA_Texture","CP"
"2762",3.62181166066565,"Fluphenazine",3.38967722912182,3.85977368903715,"rep4","cytoplasm_AngularSecondMoment_ER_Texture","CP"
"2763",0.0360292521566989,"Fluphenazine",0.0154262364439284,0.11516725826614,"rep4","cytoplasm_AngularSecondMoment_Mito_Texture","CP"
"2764",3.3837608367041,"Fluphenazine",3.13888693334263,3.64266185929202,"rep4","cytoplasm_AngularSecondMoment_RNA_Texture","CP"
"2765",11.7697671044098,"Fluphenazine",10.5152710573721,21.2323688318936,"rep4","cytoplasm_Contrast_AGP_Texture","CP"
"2766",15.1848365664366,"Fluphenazine",12.6760932487597,15.6753354068892,"rep4","cytoplasm_Contrast_DNA_Texture","CP"
"2767",13.9321500680016,"Fluphenazine",13.65273458027,14.1302385741967,"rep4","cytoplasm_Contrast_ER_Texture","CP"
"2768",14.1060299075478,"Fluphenazine",12.5406443496554,14.3491428282658,"rep4","cytoplasm_Contrast_RNA_Texture","CP"
"2769",5.99967625890407,"Fluphenazine",5.50751683656261,6.5956239665122,"rep4","cytoplasm_TextureCorrelation_AGP_Texture","CP"
"2770",14.2261274696126,"Fluphenazine",13.6972453047358,14.5303130473603,"rep4","cytoplasm_TextureCorrelation_ER_Texture","CP"
"2771",14.1657348505063,"Fluphenazine",13.7257705395622,14.3763048323886,"rep4","cytoplasm_TextureCorrelation_Mito_Texture","CP"
"2772",14.1225659866839,"Fluphenazine",12.4275496361329,14.4336832088429,"rep4","cytoplasm_TextureCorrelation_RNA_Texture","CP"
"2773",4.49385765860131,"Fluphenazine",4.02842986694046,5.07994560982838,"rep4","cytoplasm_DifferenceEntropy_AGP_Texture","CP"
"2774",14.614267936401,"Fluphenazine",14.1800252414768,14.8582498210101,"rep4","cytoplasm_DifferenceEntropy_DNA_Texture","CP"
"2775",9.9606301868542,"Fluphenazine",9.05570083097709,11.6703445980291,"rep4","cytoplasm_DifferenceEntropy_ER_Texture","CP"
"2776",9.81841553791828,"Fluphenazine",8.53984299701179,10.9498637011942,"rep4","cytoplasm_DifferenceEntropy_RNA_Texture","CP"
"2777",0.575421665593137,"Fluphenazine",0.538198227873972,0.623637870270001,"rep4","cytoplasm_DifferenceVariance_AGP_Texture","CP"
"2778",14.4602260540395,"Fluphenazine",11.5272572406226,15.9412724607117,"rep4","cytoplasm_DifferenceVariance_DNA_Texture","CP"
"2779",9.02232471287055,"Fluphenazine",7.96379058940955,10.7137995316043,"rep4","cytoplasm_DifferenceVariance_ER_Texture","CP"
"2780",9.2714140175396,"Fluphenazine",7.95318671131244,11.3432188554291,"rep4","cytoplasm_DifferenceVariance_RNA_Texture","CP"
"2781",0.688859302689005,"Fluphenazine",0.117178502973158,1.97581190332632,"rep4","cytoplasm_Entropy_AGP_Texture","CP"
"2782",14.065868119111,"Fluphenazine",12.570169987902,14.654016167875,"rep4","cytoplasm_Entropy_DNA_Texture","CP"
"2783",2.25095889856366,"Fluphenazine",2.1765284020282,2.32382333780866,"rep4","cytoplasm_Entropy_ER_Texture","CP"
"2784",2.97241558140719,"Fluphenazine",2.84691574642411,3.10779488045046,"rep4","cytoplasm_Entropy_RNA_Texture","CP"
"2785",12.2546739287671,"Fluphenazine",11.2977722202108,13.4648173683531,"rep4","cytoplasm_InfoMeas1_AGP_Texture","CP"
"2786",9.97997305110711,"Fluphenazine",8.7157381385299,11.7115264285246,"rep4","cytoplasm_InfoMeas1_DNA_Texture","CP"
"2787",8.91394184437812,"Fluphenazine",8.21215468253549,10.3079934107852,"rep4","cytoplasm_InfoMeas1_ER_Texture","CP"
"2788",11.9185696850099,"Fluphenazine",11.8140857312391,12.0330975583133,"rep4","cytoplasm_InfoMeas1_Mito_Texture","CP"
"2789",8.882422162644,"Fluphenazine",8.27622063879594,10.0246466479472,"rep4","cytoplasm_InfoMeas1_RNA_Texture","CP"
"2790",6.85141557727644,"Fluphenazine",6.5452017660817,7.13797410199513,"rep4","cytoplasm_InfoMeas2_AGP_Texture","CP"
"2791",14.2870921858313,"Fluphenazine",14.1810700780323,14.3973329925428,"rep4","cytoplasm_InfoMeas2_DNA_Texture","CP"
"2792",10.556192937749,"Fluphenazine",9.04836559607314,12.5423846859567,"rep4","cytoplasm_InfoMeas2_ER_Texture","CP"
"2793",8.81024612177633,"Fluphenazine",8.54417073518582,9.09121085449067,"rep4","cytoplasm_InfoMeas2_Mito_Texture","CP"
"2794",11.0838250368298,"Fluphenazine",9.35835675754479,13.1669991776028,"rep4","cytoplasm_InfoMeas2_RNA_Texture","CP"
"2795",6.27235887232156,"Fluphenazine",5.71612688149356,6.96602436408918,"rep4","cytoplasm_InverseDifferenceMoment_AGP_Texture","CP"
"2796",13.7998528294129,"Fluphenazine",13.4157052485298,14.1434204658121,"rep4","cytoplasm_InverseDifferenceMoment_DNA_Texture","CP"
"2797",8.65004044773922,"Fluphenazine",8.14844351462892,9.40847912342943,"rep4","cytoplasm_InverseDifferenceMoment_ER_Texture","CP"
"2798",2.44939247195477,"Fluphenazine",2.12098968668991,2.81148665081476,"rep4","cytoplasm_InverseDifferenceMoment_Mito_Texture","CP"
"2799",8.96284175014385,"Fluphenazine",8.13179956590819,10.3367539662597,"rep4","cytoplasm_InverseDifferenceMoment_RNA_Texture","CP"
"2800",2.0218554179032,"Fluphenazine",0.45757886067458,25.508410731764,"rep4","cytoplasm_SumAverage_AGP_Texture","CP"
"2801",13.9836740378386,"Fluphenazine",13.5420536699482,14.2124178366955,"rep4","cytoplasm_SumAverage_DNA_Texture","CP"
"2802",10.8733014731036,"Fluphenazine",9.9534912783124,12.6513350411891,"rep4","cytoplasm_SumAverage_ER_Texture","CP"
"2803",10.4891762858235,"Fluphenazine",9.22886911434745,12.5820086155131,"rep4","cytoplasm_SumAverage_RNA_Texture","CP"
"2804",3.21597167587903,"Fluphenazine",2.47674115987173,4.49961346117946,"rep4","cytoplasm_SumEntropy_AGP_Texture","CP"
"2805",14.2494618970392,"Fluphenazine",11.9751460975424,14.6920175600538,"rep4","cytoplasm_SumEntropy_DNA_Texture","CP"
"2806",5.58934444331433,"Fluphenazine",5.36047351794243,5.86177081302909,"rep4","cytoplasm_SumEntropy_ER_Texture","CP"
"2807",4.61390968693451,"Fluphenazine",4.25012138017914,5.06945827668234,"rep4","cytoplasm_SumEntropy_RNA_Texture","CP"
"2808",11.9294578470625,"Fluphenazine",10.5166248268205,25.5472726554588,"rep4","cytoplasm_SumVariance_AGP_Texture","CP"
"2809",15.4202232152768,"Fluphenazine",13.3076718370698,15.835511066218,"rep4","cytoplasm_SumVariance_DNA_Texture","CP"
"2810",11.3982083144533,"Fluphenazine",10.8594351472747,11.8329214250834,"rep4","cytoplasm_SumVariance_ER_Texture","CP"
"2811",9.94490225665169,"Fluphenazine",8.67485388941815,12.167973446473,"rep4","cytoplasm_SumVariance_RNA_Texture","CP"
"2812",11.7742060747708,"Fluphenazine",10.5056222200867,23.1855064413287,"rep4","cytoplasm_Variance_AGP_Texture","CP"
"2813",0.73920427059249,"Fluphenazine",0.729056256176481,0.760371870527487,"rep4","cytoplasm_Variance_DNA_Texture","CP"
"2814",13.5963298612641,"Fluphenazine",11.6995047747132,14.0238265027332,"rep4","cytoplasm_Variance_ER_Texture","CP"
"2815",11.6438217348744,"Fluphenazine",10.2584349934645,14.6535031091527,"rep4","cytoplasm_Variance_RNA_Texture","CP"
"2816",0.448293276556173,"Fluphenazine",0.423360888268354,0.47379849222196,"rep4","nuclei_Size_AreaShape","CP"
"2817",6.49203508618459,"Fluphenazine",5.98171814158079,7.31128810307351,"rep4","nuclei_Granularity_AGP_Granularity","CP"
"2818",4.14133664155316,"Fluphenazine",4.0270354757654,4.24639863080603,"rep4","nuclei_Granularity_DNA_Granularity","CP"
"2819",3.72019146868832,"Fluphenazine",3.36768537520621,4.07624228494218,"rep4","nuclei_Granularity_ER_Granularity","CP"
"2820",3.87020435640639,"Fluphenazine",3.77057384045678,3.97290207404373,"rep4","nuclei_Granularity_Mito_Granularity","CP"
"2821",3.33632201279686,"Fluphenazine",3.22175088846965,3.4534805177155,"rep4","nuclei_Granularity_RNA_Granularity","CP"
"2822",2.88621312313222,"Fluphenazine",2.63908697385152,3.12520354432403,"rep4","nuclei_IntegratedIntensity_AGP_Intensity","CP"
"2823",4.4987981353662,"Fluphenazine",4.37707598043625,4.6468270267261,"rep4","nuclei_IntegratedIntensity_DNA_Intensity","CP"
"2824",0.352550856150407,"Fluphenazine",0.337886497650638,0.371959095360047,"rep4","nuclei_IntegratedIntensity_ER_Intensity","CP"
"2825",0.770565958045785,"Fluphenazine",0.669073196597255,0.961878582973654,"rep4","nuclei_IntegratedIntensity_Mito_Intensity","CP"
"2826",0.29065120512432,"Fluphenazine",0.257085408360391,0.327839917774188,"rep4","nuclei_IntegratedIntensity_RNA_Intensity","CP"
"2827",2.14719120230905,"Fluphenazine",1.96704155800438,2.48425133807228,"rep4","nuclei_MaxIntensity_AGP_Intensity","CP"
"2828",13.0360359765607,"Fluphenazine",10.8607781727296,17.8452605994549,"rep4","nuclei_MaxIntensity_DNA_Intensity","CP"
"2829",13.527099361661,"Fluphenazine",10.4421508660496,15.0251523865602,"rep4","nuclei_MaxIntensity_ER_Intensity","CP"
"2830",10.7335565526151,"Fluphenazine",8.95673140953459,13.3318780942624,"rep4","nuclei_MaxIntensity_RNA_Intensity","CP"
"2831",6.65657339327098,"Fluphenazine",5.29223821861529,8.73780607517611,"rep4","nuclei_MeanIntensity_AGP_Intensity","CP"
"2832",11.4724753435326,"Fluphenazine",9.58559458028502,14.108447371159,"rep4","nuclei_MeanIntensity_DNA_Intensity","CP"
"2833",14.0151021186424,"Fluphenazine",13.7094790024353,14.3741594001428,"rep4","nuclei_MeanIntensity_ER_Intensity","CP"
"2834",8.18742177204432,"Fluphenazine",7.07437716063464,10.214090810777,"rep4","nuclei_MeanIntensity_RNA_Intensity","CP"
"2835",8.08498772981013,"Fluphenazine",7.20529071821471,9.4461504917005,"rep4","nuclei_MinIntensity_AGP_Intensity","CP"
"2836",10.2571589971993,"Fluphenazine",8.73579254928192,12.6553415977047,"rep4","nuclei_MinIntensity_DNA_Intensity","CP"
"2837",9.51287768787705,"Fluphenazine",8.41857469103389,11.3018922601836,"rep4","nuclei_MinIntensity_ER_Intensity","CP"
"2838",8.37954598990062,"Fluphenazine",7.57469627307519,9.68947331233766,"rep4","nuclei_MinIntensity_RNA_Intensity","CP"
"2839",8.71967283441916,"Fluphenazine",8.03923838969615,10.2166205589487,"rep4","nuclei_StdIntensity_AGP_Intensity","CP"
"2840",7.42077466082774,"Fluphenazine",6.56047569183036,8.97952282923236,"rep4","nuclei_StdIntensity_DNA_Intensity","CP"
"2841",14.0032494440888,"Fluphenazine",13.809261930322,14.1433476334373,"rep4","nuclei_StdIntensity_ER_Intensity","CP"
"2842",13.8791071702031,"Fluphenazine",12.3286804081356,14.1381941112029,"rep4","nuclei_StdIntensity_RNA_Intensity","CP"
"2843",0.139398902031258,"Fluphenazine",0.136489065326365,0.142614384188477,"rep4","nuclei_Position_Location","CP"
"2844",1.71549487408866,"Fluphenazine",1.65778614410648,1.76833614667793,"rep4","nuclei_Spatial_Neighbors","CP"
"2845",15.113856395229,"Fluphenazine",11.3889123589652,16.5407367532762,"rep4","nuclei_FractionAtDistance_AGP_RadialDistribution","CP"
"2846",14.0307798109399,"Fluphenazine",11.7319314463264,14.9856659914765,"rep4","nuclei_FractionAtDistance_DNA_RadialDistribution","CP"
"2847",7.31595131739457,"Fluphenazine",6.52593617136128,8.04795350953144,"rep4","nuclei_FractionAtDistance_ER_RadialDistribution","CP"
"2848",9.89370506531153,"Fluphenazine",9.85313612492153,9.94012058089247,"rep4","nuclei_FractionAtDistance_Mito_RadialDistribution","CP"
"2849",7.88899877770683,"Fluphenazine",7.24020669506974,8.94068989221473,"rep4","nuclei_FractionAtDistance_RNA_RadialDistribution","CP"
"2850",13.514535517998,"Fluphenazine",10.9614678371321,15.9078038495876,"rep4","nuclei_MeanFraction_AGP_RadialDistribution","CP"
"2851",7.89940891716021,"Fluphenazine",7.38897752631312,8.54217246640565,"rep4","nuclei_MeanFraction_DNA_RadialDistribution","CP"
"2852",5.59987009795603,"Fluphenazine",5.28438238758822,5.96975731235492,"rep4","nuclei_MeanFraction_ER_RadialDistribution","CP"
"2853",3.98057590926721,"Fluphenazine",3.91069229125996,4.06592807687512,"rep4","nuclei_MeanFraction_Mito_RadialDistribution","CP"
"2854",6.62612188773441,"Fluphenazine",6.46136689083329,6.79111220214422,"rep4","nuclei_MeanFraction_RNA_RadialDistribution","CP"
"2855",13.3610771534317,"Fluphenazine",13.3014964903344,13.4172226039055,"rep4","nuclei_RadialCV_AGP_RadialDistribution","CP"
"2856",20.4145826665265,"Fluphenazine",13.871807918502,22.8566921952526,"rep4","nuclei_RadialCV_DNA_RadialDistribution","CP"
"2857",8.33632495723278,"Fluphenazine",7.16989291617874,10.1834994007593,"rep4","nuclei_RadialCV_ER_RadialDistribution","CP"
"2858",10.6541859198567,"Fluphenazine",9.86867983790512,13.2896793525896,"rep4","nuclei_RadialCV_Mito_RadialDistribution","CP"
"2859",8.71480421571727,"Fluphenazine",7.43203043213498,10.4905210937935,"rep4","nuclei_RadialCV_RNA_RadialDistribution","CP"
"2860",12.5709367471758,"Fluphenazine",9.78826638906529,15.7055946260553,"rep4","nuclei_AngularSecondMoment_AGP_Texture","CP"
"2861",9.91558516544857,"Fluphenazine",8.45823180003491,11.9710465921846,"rep4","nuclei_AngularSecondMoment_DNA_Texture","CP"
"2862",10.0236347111292,"Fluphenazine",8.92094574665813,12.0561672072659,"rep4","nuclei_AngularSecondMoment_ER_Texture","CP"
"2863",0.297387015716129,"Fluphenazine",0.215159887608322,0.428517316387631,"rep4","nuclei_AngularSecondMoment_Mito_Texture","CP"
"2864",9.09372261985333,"Fluphenazine",7.91474528587562,10.9391178003534,"rep4","nuclei_AngularSecondMoment_RNA_Texture","CP"
"2865",14.8281712030025,"Fluphenazine",12.1073693945439,15.339697513206,"rep4","nuclei_Contrast_AGP_Texture","CP"
"2866",13.4976145848061,"Fluphenazine",12.0816263781331,14.090909735649,"rep4","nuclei_Contrast_DNA_Texture","CP"
"2867",13.8370823599712,"Fluphenazine",13.635210567898,13.9693994435738,"rep4","nuclei_Contrast_ER_Texture","CP"
"2868",14.0804930810638,"Fluphenazine",13.8832349873596,14.2824486651657,"rep4","nuclei_Contrast_RNA_Texture","CP"
"2869",8.84577122561928,"Fluphenazine",8.23802242818168,10.1093607354691,"rep4","nuclei_TextureCorrelation_AGP_Texture","CP"
"2870",7.80945752719983,"Fluphenazine",7.46154885445317,8.27569864115969,"rep4","nuclei_TextureCorrelation_DNA_Texture","CP"
"2871",6.45080376956951,"Fluphenazine",6.26292066792786,6.66631874265478,"rep4","nuclei_TextureCorrelation_ER_Texture","CP"
"2872",7.26930970752476,"Fluphenazine",6.96054965188135,7.59337823883185,"rep4","nuclei_TextureCorrelation_Mito_Texture","CP"
"2873",6.98137646735839,"Fluphenazine",6.68217322628131,7.37362056527301,"rep4","nuclei_TextureCorrelation_RNA_Texture","CP"
"2874",11.2996319536047,"Fluphenazine",9.64559626381891,13.6126067985359,"rep4","nuclei_DifferenceEntropy_AGP_Texture","CP"
"2875",12.7585579237348,"Fluphenazine",10.6464384460484,16.421241042785,"rep4","nuclei_DifferenceEntropy_DNA_Texture","CP"
"2876",13.9520167084174,"Fluphenazine",11.1932493307211,15.0425976953878,"rep4","nuclei_DifferenceEntropy_ER_Texture","CP"
"2877",10.3440974452084,"Fluphenazine",8.00289249685705,15.1913730443519,"rep4","nuclei_DifferenceEntropy_Mito_Texture","CP"
"2878",12.7519012669255,"Fluphenazine",10.614994582156,15.1230560076798,"rep4","nuclei_DifferenceEntropy_RNA_Texture","CP"
"2879",9.02194194719795,"Fluphenazine",7.5201598133224,11.1088055042217,"rep4","nuclei_DifferenceVariance_AGP_Texture","CP"
"2880",11.2461897803212,"Fluphenazine",9.33797796719021,13.4844940221355,"rep4","nuclei_DifferenceVariance_DNA_Texture","CP"
"2881",10.8695179751759,"Fluphenazine",9.55648521571594,13.242892577825,"rep4","nuclei_DifferenceVariance_ER_Texture","CP"
"2882",9.7990000282801,"Fluphenazine",8.60521864507658,11.9421037921161,"rep4","nuclei_DifferenceVariance_RNA_Texture","CP"
"2883",10.0424268765441,"Fluphenazine",9.73370807901592,10.3218566928064,"rep4","nuclei_Entropy_AGP_Texture","CP"
"2884",6.14729002073115,"Fluphenazine",5.68803555143013,6.51229325424197,"rep4","nuclei_Entropy_DNA_Texture","CP"
"2885",11.7904792985143,"Fluphenazine",10.3640090381102,14.0454956233249,"rep4","nuclei_Entropy_ER_Texture","CP"
"2886",6.58531046906793,"Fluphenazine",6.06656906798295,7.22777806885206,"rep4","nuclei_Entropy_Mito_Texture","CP"
"2887",11.0951582155177,"Fluphenazine",9.71934212307834,13.3396306139056,"rep4","nuclei_Entropy_RNA_Texture","CP"
"2888",14.1776605900865,"Fluphenazine",12.0081664965744,14.6213889597874,"rep4","nuclei_InfoMeas1_AGP_Texture","CP"
"2889",16.1264949782775,"Fluphenazine",12.7221962587469,17.0192868234543,"rep4","nuclei_InfoMeas1_DNA_Texture","CP"
"2890",13.9922739842878,"Fluphenazine",13.1533280817299,14.6947290663878,"rep4","nuclei_InfoMeas1_ER_Texture","CP"
"2891",16.3927159107974,"Fluphenazine",12.2699886957487,19.2958605888615,"rep4","nuclei_InfoMeas1_Mito_Texture","CP"
"2892",14.1966162875894,"Fluphenazine",13.9867574055829,14.3094975966093,"rep4","nuclei_InfoMeas1_RNA_Texture","CP"
"2893",10.7693162051171,"Fluphenazine",10.0150549392106,12.0873933321936,"rep4","nuclei_InfoMeas2_AGP_Texture","CP"
"2894",15.131782603336,"Fluphenazine",12.1917055792981,16.0919051122315,"rep4","nuclei_InfoMeas2_DNA_Texture","CP"
"2895",14.5344431059356,"Fluphenazine",12.2671311351066,15.154880786104,"rep4","nuclei_InfoMeas2_ER_Texture","CP"
"2896",9.89654244567654,"Fluphenazine",8.42221236346126,12.3576351804768,"rep4","nuclei_InfoMeas2_Mito_Texture","CP"
"2897",14.4095626395932,"Fluphenazine",12.0109998431985,15.1407325513763,"rep4","nuclei_InfoMeas2_RNA_Texture","CP"
"2898",13.8957927182713,"Fluphenazine",10.9060682824713,16.3505644254346,"rep4","nuclei_InverseDifferenceMoment_AGP_Texture","CP"
"2899",12.4925401129844,"Fluphenazine",10.2833486219747,15.0511926040294,"rep4","nuclei_InverseDifferenceMoment_DNA_Texture","CP"
"2900",13.362935626182,"Fluphenazine",11.1950263076752,15.5823427887157,"rep4","nuclei_InverseDifferenceMoment_ER_Texture","CP"
"2901",13.7769001455014,"Fluphenazine",13.1909727533606,14.3501201614853,"rep4","nuclei_InverseDifferenceMoment_Mito_Texture","CP"
"2902",12.2626578658194,"Fluphenazine",10.7716489045825,14.488574810482,"rep4","nuclei_InverseDifferenceMoment_RNA_Texture","CP"
"2903",11.9391245587255,"Fluphenazine",9.94841191552836,14.591061122398,"rep4","nuclei_SumAverage_DNA_Texture","CP"
"2904",13.9481971592872,"Fluphenazine",13.8298213192116,14.0531682130184,"rep4","nuclei_SumAverage_ER_Texture","CP"
"2905",9.29632170377941,"Fluphenazine",9.03843264933304,9.50796022186701,"rep4","nuclei_SumAverage_RNA_Texture","CP"
"2906",9.51467555355518,"Fluphenazine",8.04956452081063,11.5158365317641,"rep4","nuclei_SumEntropy_AGP_Texture","CP"
"2907",6.77780562268869,"Fluphenazine",6.49704231901407,7.02445315660561,"rep4","nuclei_SumEntropy_DNA_Texture","CP"
"2908",12.8761719002344,"Fluphenazine",10.947770802723,14.7837362403576,"rep4","nuclei_SumEntropy_ER_Texture","CP"
"2909",2.55386040006545,"Fluphenazine",1.80557695272215,3.89930100945738,"rep4","nuclei_SumEntropy_Mito_Texture","CP"
"2910",12.0553673028973,"Fluphenazine",10.3150278564814,14.145949054903,"rep4","nuclei_SumEntropy_RNA_Texture","CP"
"2911",14.7689866137125,"Fluphenazine",14.3791787821116,14.9926098332051,"rep4","nuclei_SumVariance_AGP_Texture","CP"
"2912",10.0154801249119,"Fluphenazine",8.47394158876076,12.2529793812893,"rep4","nuclei_SumVariance_DNA_Texture","CP"
"2913",13.5183283997663,"Fluphenazine",13.4359112609766,13.8073146611389,"rep4","nuclei_SumVariance_ER_Texture","CP"
"2914",13.7465186121666,"Fluphenazine",13.6268123859034,13.8393810197778,"rep4","nuclei_SumVariance_RNA_Texture","CP"
"2915",13.2616236311814,"Fluphenazine",13.1188338466451,13.4139412668954,"rep4","nuclei_Variance_AGP_Texture","CP"
"2916",12.2283318550428,"Fluphenazine",10.3050990387511,14.3332044213721,"rep4","nuclei_Variance_DNA_Texture","CP"
"2917",13.7271118200898,"Fluphenazine",13.6057085994516,13.8373723320911,"rep4","nuclei_Variance_ER_Texture","CP"
"2918",13.6249262809845,"Fluphenazine",13.3637043968109,13.8805105969054,"rep4","nuclei_Variance_RNA_Texture","CP"
